country_iso3,year,var,value,indicator
AUS,2000,articles,23495.94,IP.JRN.ARTC.SC
AUS,2001,articles,23969.95,IP.JRN.ARTC.SC
AUS,2002,articles,24379.72,IP.JRN.ARTC.SC
AUS,2003,articles,25663.77,IP.JRN.ARTC.SC
AUS,2004,articles,27795.58,IP.JRN.ARTC.SC
AUS,2005,articles,31769.37,IP.JRN.ARTC.SC
AUS,2006,articles,33996.09,IP.JRN.ARTC.SC
AUS,2007,articles,35801.05,IP.JRN.ARTC.SC
AUS,2008,articles,37194.51,IP.JRN.ARTC.SC
AUS,2009,articles,38978.93,IP.JRN.ARTC.SC
AUS,2010,articles,41460.13,IP.JRN.ARTC.SC
AUS,2011,articles,44899.9,IP.JRN.ARTC.SC
AUS,2012,articles,46285.11,IP.JRN.ARTC.SC
AUS,2013,articles,50403.4,IP.JRN.ARTC.SC
AUS,2014,articles,52133.71,IP.JRN.ARTC.SC
AUS,2015,articles,53536.9,IP.JRN.ARTC.SC
AUS,2016,articles,54562.89,IP.JRN.ARTC.SC
AUS,2017,articles,54671.54,IP.JRN.ARTC.SC
AUS,2018,articles,55784.76,IP.JRN.ARTC.SC
AUS,2019,articles,57313.1,IP.JRN.ARTC.SC
AUS,2020,articles,57901.21,IP.JRN.ARTC.SC
AUS,2021,articles,60308.46,IP.JRN.ARTC.SC
AUS,2022,articles,58183.41,IP.JRN.ARTC.SC
AUS,2023,articles,54589.08,IP.JRN.ARTC.SC
AUT,2000,articles,6614.6,IP.JRN.ARTC.SC
AUT,2001,articles,7073.06,IP.JRN.ARTC.SC
AUT,2002,articles,7506.29,IP.JRN.ARTC.SC
AUT,2003,articles,7877.35,IP.JRN.ARTC.SC
AUT,2004,articles,8025.15,IP.JRN.ARTC.SC
AUT,2005,articles,8898.66,IP.JRN.ARTC.SC
AUT,2006,articles,9065.21,IP.JRN.ARTC.SC
AUT,2007,articles,9787.57,IP.JRN.ARTC.SC
AUT,2008,articles,10193.32,IP.JRN.ARTC.SC
AUT,2009,articles,10723.83,IP.JRN.ARTC.SC
AUT,2010,articles,10965.93,IP.JRN.ARTC.SC
AUT,2011,articles,11627.54,IP.JRN.ARTC.SC
AUT,2012,articles,11976.12,IP.JRN.ARTC.SC
AUT,2013,articles,12202.11,IP.JRN.ARTC.SC
AUT,2014,articles,12373.89,IP.JRN.ARTC.SC
AUT,2015,articles,12946.63,IP.JRN.ARTC.SC
AUT,2016,articles,12789.07,IP.JRN.ARTC.SC
AUT,2017,articles,12859.58,IP.JRN.ARTC.SC
AUT,2018,articles,12801.87,IP.JRN.ARTC.SC
AUT,2019,articles,13266.8,IP.JRN.ARTC.SC
AUT,2020,articles,13440.62,IP.JRN.ARTC.SC
AUT,2021,articles,14370.95,IP.JRN.ARTC.SC
AUT,2022,articles,14103.32,IP.JRN.ARTC.SC
AUT,2023,articles,13845.8,IP.JRN.ARTC.SC
BEL,2000,articles,9593.02,IP.JRN.ARTC.SC
BEL,2001,articles,9951.02,IP.JRN.ARTC.SC
BEL,2002,articles,10213.35,IP.JRN.ARTC.SC
BEL,2003,articles,10754.81,IP.JRN.ARTC.SC
BEL,2004,articles,11404.57,IP.JRN.ARTC.SC
BEL,2005,articles,12640.32,IP.JRN.ARTC.SC
BEL,2006,articles,12855.64,IP.JRN.ARTC.SC
BEL,2007,articles,13465.32,IP.JRN.ARTC.SC
BEL,2008,articles,14086.19,IP.JRN.ARTC.SC
BEL,2009,articles,14617.7,IP.JRN.ARTC.SC
BEL,2010,articles,14844.6,IP.JRN.ARTC.SC
BEL,2011,articles,15359.79,IP.JRN.ARTC.SC
BEL,2012,articles,16090.89,IP.JRN.ARTC.SC
BEL,2013,articles,16396.54,IP.JRN.ARTC.SC
BEL,2014,articles,16668.98,IP.JRN.ARTC.SC
BEL,2015,articles,16490.59,IP.JRN.ARTC.SC
BEL,2016,articles,16559.77,IP.JRN.ARTC.SC
BEL,2017,articles,16085.55,IP.JRN.ARTC.SC
BEL,2018,articles,16199.65,IP.JRN.ARTC.SC
BEL,2019,articles,16216.59,IP.JRN.ARTC.SC
BEL,2020,articles,16602.95,IP.JRN.ARTC.SC
BEL,2021,articles,17845.94,IP.JRN.ARTC.SC
BEL,2022,articles,17124.05,IP.JRN.ARTC.SC
BEL,2023,articles,16816.32,IP.JRN.ARTC.SC
CAN,2000,articles,34252.57,IP.JRN.ARTC.SC
CAN,2001,articles,33653.44,IP.JRN.ARTC.SC
CAN,2002,articles,36419.65,IP.JRN.ARTC.SC
CAN,2003,articles,38377.14,IP.JRN.ARTC.SC
CAN,2004,articles,42306.26,IP.JRN.ARTC.SC
CAN,2005,articles,47389.28,IP.JRN.ARTC.SC
CAN,2006,articles,50033.51,IP.JRN.ARTC.SC
CAN,2007,articles,51356.88,IP.JRN.ARTC.SC
CAN,2008,articles,53099.7,IP.JRN.ARTC.SC
CAN,2009,articles,55233.35,IP.JRN.ARTC.SC
CAN,2010,articles,56042.72,IP.JRN.ARTC.SC
CAN,2011,articles,57031.1,IP.JRN.ARTC.SC
CAN,2012,articles,59027.18,IP.JRN.ARTC.SC
CAN,2013,articles,59395.91,IP.JRN.ARTC.SC
CAN,2014,articles,59960.13,IP.JRN.ARTC.SC
CAN,2015,articles,60588.44,IP.JRN.ARTC.SC
CAN,2016,articles,60472.16,IP.JRN.ARTC.SC
CAN,2017,articles,61097.54,IP.JRN.ARTC.SC
CAN,2018,articles,62472.64,IP.JRN.ARTC.SC
CAN,2019,articles,63284.54,IP.JRN.ARTC.SC
CAN,2020,articles,64548.83,IP.JRN.ARTC.SC
CAN,2021,articles,68647.82,IP.JRN.ARTC.SC
CAN,2022,articles,66751.03,IP.JRN.ARTC.SC
CAN,2023,articles,63719.9,IP.JRN.ARTC.SC
CHE,2000,articles,12621.43,IP.JRN.ARTC.SC
CHE,2001,articles,12297.66,IP.JRN.ARTC.SC
CHE,2002,articles,12349.83,IP.JRN.ARTC.SC
CHE,2003,articles,13010.86,IP.JRN.ARTC.SC
CHE,2004,articles,13974.28,IP.JRN.ARTC.SC
CHE,2005,articles,15283.36,IP.JRN.ARTC.SC
CHE,2006,articles,16311.16,IP.JRN.ARTC.SC
CHE,2007,articles,16591.72,IP.JRN.ARTC.SC
CHE,2008,articles,16913.76,IP.JRN.ARTC.SC
CHE,2009,articles,17533.1,IP.JRN.ARTC.SC
CHE,2010,articles,18178.37,IP.JRN.ARTC.SC
CHE,2011,articles,19357.4,IP.JRN.ARTC.SC
CHE,2012,articles,20375.28,IP.JRN.ARTC.SC
CHE,2013,articles,21320.48,IP.JRN.ARTC.SC
CHE,2014,articles,21607.98,IP.JRN.ARTC.SC
CHE,2015,articles,21749.37,IP.JRN.ARTC.SC
CHE,2016,articles,22041.04,IP.JRN.ARTC.SC
CHE,2017,articles,22610.58,IP.JRN.ARTC.SC
CHE,2018,articles,22272.17,IP.JRN.ARTC.SC
CHE,2019,articles,22460.04,IP.JRN.ARTC.SC
CHE,2020,articles,23197.82,IP.JRN.ARTC.SC
CHE,2021,articles,24649.1,IP.JRN.ARTC.SC
CHE,2022,articles,23935.67,IP.JRN.ARTC.SC
CHE,2023,articles,22803.86,IP.JRN.ARTC.SC
CHL,2000,articles,1552.28,IP.JRN.ARTC.SC
CHL,2001,articles,1646.31,IP.JRN.ARTC.SC
CHL,2002,articles,2039.46,IP.JRN.ARTC.SC
CHL,2003,articles,2092.94,IP.JRN.ARTC.SC
CHL,2004,articles,2239.56,IP.JRN.ARTC.SC
CHL,2005,articles,2518.15,IP.JRN.ARTC.SC
CHL,2006,articles,3102.29,IP.JRN.ARTC.SC
CHL,2007,articles,3236.19,IP.JRN.ARTC.SC
CHL,2008,articles,3664.19,IP.JRN.ARTC.SC
CHL,2009,articles,3837.94,IP.JRN.ARTC.SC
CHL,2010,articles,4090.43,IP.JRN.ARTC.SC
CHL,2011,articles,4386.74,IP.JRN.ARTC.SC
CHL,2012,articles,4871.85,IP.JRN.ARTC.SC
CHL,2013,articles,4894.72,IP.JRN.ARTC.SC
CHL,2014,articles,5580.79,IP.JRN.ARTC.SC
CHL,2015,articles,5788.72,IP.JRN.ARTC.SC
CHL,2016,articles,6371.23,IP.JRN.ARTC.SC
CHL,2017,articles,6637.65,IP.JRN.ARTC.SC
CHL,2018,articles,7148.06,IP.JRN.ARTC.SC
CHL,2019,articles,7479.71,IP.JRN.ARTC.SC
CHL,2020,articles,8380.99,IP.JRN.ARTC.SC
CHL,2021,articles,9319.43,IP.JRN.ARTC.SC
CHL,2022,articles,8443.63,IP.JRN.ARTC.SC
CHL,2023,articles,8573.42,IP.JRN.ARTC.SC
CHN,2000,articles,53284.78,IP.JRN.ARTC.SC
CHN,2001,articles,70675.54,IP.JRN.ARTC.SC
CHN,2002,articles,74939.98,IP.JRN.ARTC.SC
CHN,2003,articles,87585.89,IP.JRN.ARTC.SC
CHN,2004,articles,120909.26,IP.JRN.ARTC.SC
CHN,2005,articles,165261.51,IP.JRN.ARTC.SC
CHN,2006,articles,192021.09,IP.JRN.ARTC.SC
CHN,2007,articles,212955.37,IP.JRN.ARTC.SC
CHN,2008,articles,246969.98,IP.JRN.ARTC.SC
CHN,2009,articles,284471.05,IP.JRN.ARTC.SC
CHN,2010,articles,307848.3,IP.JRN.ARTC.SC
CHN,2011,articles,320967.39,IP.JRN.ARTC.SC
CHN,2012,articles,326400.8,IP.JRN.ARTC.SC
CHN,2013,articles,351525.76,IP.JRN.ARTC.SC
CHN,2014,articles,379465.82,IP.JRN.ARTC.SC
CHN,2015,articles,401135.63,IP.JRN.ARTC.SC
CHN,2016,articles,430349.69,IP.JRN.ARTC.SC
CHN,2017,articles,464153.83,IP.JRN.ARTC.SC
CHN,2018,articles,513575.22,IP.JRN.ARTC.SC
CHN,2019,articles,608625.08,IP.JRN.ARTC.SC
CHN,2020,articles,671731.01,IP.JRN.ARTC.SC
CHN,2021,articles,756203.38,IP.JRN.ARTC.SC
CHN,2022,articles,885962.5,IP.JRN.ARTC.SC
CHN,2023,articles,932711.93,IP.JRN.ARTC.SC
COL,2000,articles,535.48,IP.JRN.ARTC.SC
COL,2001,articles,533.64,IP.JRN.ARTC.SC
COL,2002,articles,661.11,IP.JRN.ARTC.SC
COL,2003,articles,704.63,IP.JRN.ARTC.SC
COL,2004,articles,851.27,IP.JRN.ARTC.SC
COL,2005,articles,979.32,IP.JRN.ARTC.SC
COL,2006,articles,1427.44,IP.JRN.ARTC.SC
COL,2007,articles,1534.79,IP.JRN.ARTC.SC
COL,2008,articles,2284.87,IP.JRN.ARTC.SC
COL,2009,articles,2642.71,IP.JRN.ARTC.SC
COL,2010,articles,3053.85,IP.JRN.ARTC.SC
COL,2011,articles,3380.05,IP.JRN.ARTC.SC
COL,2012,articles,3956.72,IP.JRN.ARTC.SC
COL,2013,articles,4325.67,IP.JRN.ARTC.SC
COL,2014,articles,4795.16,IP.JRN.ARTC.SC
COL,2015,articles,5115.5,IP.JRN.ARTC.SC
COL,2016,articles,5994.92,IP.JRN.ARTC.SC
COL,2017,articles,6280.16,IP.JRN.ARTC.SC
COL,2018,articles,6922.39,IP.JRN.ARTC.SC
COL,2019,articles,7968.21,IP.JRN.ARTC.SC
COL,2020,articles,8888.34,IP.JRN.ARTC.SC
COL,2021,articles,9491.15,IP.JRN.ARTC.SC
COL,2022,articles,9305.41,IP.JRN.ARTC.SC
COL,2023,articles,9183.73,IP.JRN.ARTC.SC
CRI,2000,articles,121.83,IP.JRN.ARTC.SC
CRI,2001,articles,169.1,IP.JRN.ARTC.SC
CRI,2002,articles,158.82,IP.JRN.ARTC.SC
CRI,2003,articles,153.49,IP.JRN.ARTC.SC
CRI,2004,articles,216.46,IP.JRN.ARTC.SC
CRI,2005,articles,218.98,IP.JRN.ARTC.SC
CRI,2006,articles,223.94,IP.JRN.ARTC.SC
CRI,2007,articles,229.25,IP.JRN.ARTC.SC
CRI,2008,articles,241.93,IP.JRN.ARTC.SC
CRI,2009,articles,250.78,IP.JRN.ARTC.SC
CRI,2010,articles,266.9,IP.JRN.ARTC.SC
CRI,2011,articles,261.64,IP.JRN.ARTC.SC
CRI,2012,articles,307.76,IP.JRN.ARTC.SC
CRI,2013,articles,267.38,IP.JRN.ARTC.SC
CRI,2014,articles,355.37,IP.JRN.ARTC.SC
CRI,2015,articles,352.19,IP.JRN.ARTC.SC
CRI,2016,articles,421.06,IP.JRN.ARTC.SC
CRI,2017,articles,476.71,IP.JRN.ARTC.SC
CRI,2018,articles,524.03,IP.JRN.ARTC.SC
CRI,2019,articles,613.85,IP.JRN.ARTC.SC
CRI,2020,articles,711.16,IP.JRN.ARTC.SC
CRI,2021,articles,750.58,IP.JRN.ARTC.SC
CRI,2022,articles,725.44,IP.JRN.ARTC.SC
CRI,2023,articles,660.82,IP.JRN.ARTC.SC
CZE,2000,articles,5330.3,IP.JRN.ARTC.SC
CZE,2001,articles,5742.18,IP.JRN.ARTC.SC
CZE,2002,articles,5903.09,IP.JRN.ARTC.SC
CZE,2003,articles,6304.97,IP.JRN.ARTC.SC
CZE,2004,articles,6900.25,IP.JRN.ARTC.SC
CZE,2005,articles,7781.87,IP.JRN.ARTC.SC
CZE,2006,articles,8669.02,IP.JRN.ARTC.SC
CZE,2007,articles,9867.85,IP.JRN.ARTC.SC
CZE,2008,articles,10543.25,IP.JRN.ARTC.SC
CZE,2009,articles,10863.36,IP.JRN.ARTC.SC
CZE,2010,articles,12179.18,IP.JRN.ARTC.SC
CZE,2011,articles,13149.06,IP.JRN.ARTC.SC
CZE,2012,articles,13278.75,IP.JRN.ARTC.SC
CZE,2013,articles,13416.35,IP.JRN.ARTC.SC
CZE,2014,articles,14570.1,IP.JRN.ARTC.SC
CZE,2015,articles,16003.41,IP.JRN.ARTC.SC
CZE,2016,articles,15999.74,IP.JRN.ARTC.SC
CZE,2017,articles,15989.25,IP.JRN.ARTC.SC
CZE,2018,articles,15425.94,IP.JRN.ARTC.SC
CZE,2019,articles,15715.77,IP.JRN.ARTC.SC
CZE,2020,articles,14605.57,IP.JRN.ARTC.SC
CZE,2021,articles,14812.42,IP.JRN.ARTC.SC
CZE,2022,articles,14098.3,IP.JRN.ARTC.SC
CZE,2023,articles,13409.42,IP.JRN.ARTC.SC
DEU,2000,articles,69738.56,IP.JRN.ARTC.SC
DEU,2001,articles,71531.01,IP.JRN.ARTC.SC
DEU,2002,articles,71323.34,IP.JRN.ARTC.SC
DEU,2003,articles,72707.07,IP.JRN.ARTC.SC
DEU,2004,articles,75359.86,IP.JRN.ARTC.SC
DEU,2005,articles,83684.8,IP.JRN.ARTC.SC
DEU,2006,articles,85556.91,IP.JRN.ARTC.SC
DEU,2007,articles,88428.04,IP.JRN.ARTC.SC
DEU,2008,articles,91145.74,IP.JRN.ARTC.SC
DEU,2009,articles,94182.88,IP.JRN.ARTC.SC
DEU,2010,articles,96129.0,IP.JRN.ARTC.SC
DEU,2011,articles,99232.97,IP.JRN.ARTC.SC
DEU,2012,articles,103761.07,IP.JRN.ARTC.SC
DEU,2013,articles,104396.2,IP.JRN.ARTC.SC
DEU,2014,articles,105531.83,IP.JRN.ARTC.SC
DEU,2015,articles,106776.31,IP.JRN.ARTC.SC
DEU,2016,articles,108936.51,IP.JRN.ARTC.SC
DEU,2017,articles,109775.28,IP.JRN.ARTC.SC
DEU,2018,articles,109110.06,IP.JRN.ARTC.SC
DEU,2019,articles,110381.76,IP.JRN.ARTC.SC
DEU,2020,articles,109197.76,IP.JRN.ARTC.SC
DEU,2021,articles,117127.47,IP.JRN.ARTC.SC
DEU,2022,articles,112300.79,IP.JRN.ARTC.SC
DEU,2023,articles,108782.34,IP.JRN.ARTC.SC
DNK,2000,articles,7180.91,IP.JRN.ARTC.SC
DNK,2001,articles,7158.33,IP.JRN.ARTC.SC
DNK,2002,articles,7098.38,IP.JRN.ARTC.SC
DNK,2003,articles,7398.61,IP.JRN.ARTC.SC
DNK,2004,articles,7667.34,IP.JRN.ARTC.SC
DNK,2005,articles,8211.31,IP.JRN.ARTC.SC
DNK,2006,articles,8446.72,IP.JRN.ARTC.SC
DNK,2007,articles,8732.7,IP.JRN.ARTC.SC
DNK,2008,articles,9091.63,IP.JRN.ARTC.SC
DNK,2009,articles,9715.23,IP.JRN.ARTC.SC
DNK,2010,articles,10220.94,IP.JRN.ARTC.SC
DNK,2011,articles,11358.68,IP.JRN.ARTC.SC
DNK,2012,articles,12292.72,IP.JRN.ARTC.SC
DNK,2013,articles,12814.35,IP.JRN.ARTC.SC
DNK,2014,articles,13905.44,IP.JRN.ARTC.SC
DNK,2015,articles,14232.36,IP.JRN.ARTC.SC
DNK,2016,articles,14258.86,IP.JRN.ARTC.SC
DNK,2017,articles,14543.37,IP.JRN.ARTC.SC
DNK,2018,articles,14575.72,IP.JRN.ARTC.SC
DNK,2019,articles,14795.84,IP.JRN.ARTC.SC
DNK,2020,articles,15124.46,IP.JRN.ARTC.SC
DNK,2021,articles,15879.3,IP.JRN.ARTC.SC
DNK,2022,articles,15700.65,IP.JRN.ARTC.SC
DNK,2023,articles,15603.08,IP.JRN.ARTC.SC
ESP,2000,articles,25000.67,IP.JRN.ARTC.SC
ESP,2001,articles,26457.11,IP.JRN.ARTC.SC
ESP,2002,articles,27972.42,IP.JRN.ARTC.SC
ESP,2003,articles,29227.36,IP.JRN.ARTC.SC
ESP,2004,articles,31741.7,IP.JRN.ARTC.SC
ESP,2005,articles,35806.51,IP.JRN.ARTC.SC
ESP,2006,articles,39136.41,IP.JRN.ARTC.SC
ESP,2007,articles,41935.29,IP.JRN.ARTC.SC
ESP,2008,articles,43683.36,IP.JRN.ARTC.SC
ESP,2009,articles,46669.4,IP.JRN.ARTC.SC
ESP,2010,articles,48292.23,IP.JRN.ARTC.SC
ESP,2011,articles,51182.7,IP.JRN.ARTC.SC
ESP,2012,articles,53300.35,IP.JRN.ARTC.SC
ESP,2013,articles,53214.96,IP.JRN.ARTC.SC
ESP,2014,articles,54348.74,IP.JRN.ARTC.SC
ESP,2015,articles,53300.4,IP.JRN.ARTC.SC
ESP,2016,articles,53890.2,IP.JRN.ARTC.SC
ESP,2017,articles,53940.53,IP.JRN.ARTC.SC
ESP,2018,articles,54675.87,IP.JRN.ARTC.SC
ESP,2019,articles,57221.5,IP.JRN.ARTC.SC
ESP,2020,articles,60134.98,IP.JRN.ARTC.SC
ESP,2021,articles,63622.32,IP.JRN.ARTC.SC
ESP,2022,articles,61269.93,IP.JRN.ARTC.SC
ESP,2023,articles,60303.76,IP.JRN.ARTC.SC
EST,2000,articles,464.97,IP.JRN.ARTC.SC
EST,2001,articles,516.3,IP.JRN.ARTC.SC
EST,2002,articles,516.78,IP.JRN.ARTC.SC
EST,2003,articles,568.35,IP.JRN.ARTC.SC
EST,2004,articles,637.14,IP.JRN.ARTC.SC
EST,2005,articles,718.13,IP.JRN.ARTC.SC
EST,2006,articles,896.68,IP.JRN.ARTC.SC
EST,2007,articles,1072.01,IP.JRN.ARTC.SC
EST,2008,articles,1120.64,IP.JRN.ARTC.SC
EST,2009,articles,1148.82,IP.JRN.ARTC.SC
EST,2010,articles,1399.91,IP.JRN.ARTC.SC
EST,2011,articles,1374.15,IP.JRN.ARTC.SC
EST,2012,articles,1474.31,IP.JRN.ARTC.SC
EST,2013,articles,1427.92,IP.JRN.ARTC.SC
EST,2014,articles,1651.41,IP.JRN.ARTC.SC
EST,2015,articles,1530.69,IP.JRN.ARTC.SC
EST,2016,articles,1551.31,IP.JRN.ARTC.SC
EST,2017,articles,1562.61,IP.JRN.ARTC.SC
EST,2018,articles,1504.36,IP.JRN.ARTC.SC
EST,2019,articles,1639.1,IP.JRN.ARTC.SC
EST,2020,articles,1722.9,IP.JRN.ARTC.SC
EST,2021,articles,1765.86,IP.JRN.ARTC.SC
EST,2022,articles,1791.71,IP.JRN.ARTC.SC
EST,2023,articles,1753.58,IP.JRN.ARTC.SC
FIN,2000,articles,7504.8,IP.JRN.ARTC.SC
FIN,2001,articles,7767.57,IP.JRN.ARTC.SC
FIN,2002,articles,7880.92,IP.JRN.ARTC.SC
FIN,2003,articles,8049.95,IP.JRN.ARTC.SC
FIN,2004,articles,8775.08,IP.JRN.ARTC.SC
FIN,2005,articles,9175.15,IP.JRN.ARTC.SC
FIN,2006,articles,9421.22,IP.JRN.ARTC.SC
FIN,2007,articles,9353.52,IP.JRN.ARTC.SC
FIN,2008,articles,9555.11,IP.JRN.ARTC.SC
FIN,2009,articles,9931.81,IP.JRN.ARTC.SC
FIN,2010,articles,9979.37,IP.JRN.ARTC.SC
FIN,2011,articles,10250.43,IP.JRN.ARTC.SC
FIN,2012,articles,10479.48,IP.JRN.ARTC.SC
FIN,2013,articles,10714.78,IP.JRN.ARTC.SC
FIN,2014,articles,11089.54,IP.JRN.ARTC.SC
FIN,2015,articles,10992.47,IP.JRN.ARTC.SC
FIN,2016,articles,11169.41,IP.JRN.ARTC.SC
FIN,2017,articles,10919.92,IP.JRN.ARTC.SC
FIN,2018,articles,10966.86,IP.JRN.ARTC.SC
FIN,2019,articles,11071.51,IP.JRN.ARTC.SC
FIN,2020,articles,11048.28,IP.JRN.ARTC.SC
FIN,2021,articles,11446.35,IP.JRN.ARTC.SC
FIN,2022,articles,11543.1,IP.JRN.ARTC.SC
FIN,2023,articles,11224.2,IP.JRN.ARTC.SC
FRA,2000,articles,50006.98,IP.JRN.ARTC.SC
FRA,2001,articles,50801.94,IP.JRN.ARTC.SC
FRA,2002,articles,50708.18,IP.JRN.ARTC.SC
FRA,2003,articles,52092.2,IP.JRN.ARTC.SC
FRA,2004,articles,53582.82,IP.JRN.ARTC.SC
FRA,2005,articles,57905.0,IP.JRN.ARTC.SC
FRA,2006,articles,60693.39,IP.JRN.ARTC.SC
FRA,2007,articles,61455.44,IP.JRN.ARTC.SC
FRA,2008,articles,64067.01,IP.JRN.ARTC.SC
FRA,2009,articles,66255.51,IP.JRN.ARTC.SC
FRA,2010,articles,66841.36,IP.JRN.ARTC.SC
FRA,2011,articles,68818.9,IP.JRN.ARTC.SC
FRA,2012,articles,70407.27,IP.JRN.ARTC.SC
FRA,2013,articles,71475.21,IP.JRN.ARTC.SC
FRA,2014,articles,71223.41,IP.JRN.ARTC.SC
FRA,2015,articles,70877.24,IP.JRN.ARTC.SC
FRA,2016,articles,70242.04,IP.JRN.ARTC.SC
FRA,2017,articles,69138.49,IP.JRN.ARTC.SC
FRA,2018,articles,67117.57,IP.JRN.ARTC.SC
FRA,2019,articles,66167.74,IP.JRN.ARTC.SC
FRA,2020,articles,65600.63,IP.JRN.ARTC.SC
FRA,2021,articles,67690.4,IP.JRN.ARTC.SC
FRA,2022,articles,65197.8,IP.JRN.ARTC.SC
FRA,2023,articles,62180.46,IP.JRN.ARTC.SC
GBR,2000,articles,77969.06,IP.JRN.ARTC.SC
GBR,2001,articles,74398.12,IP.JRN.ARTC.SC
GBR,2002,articles,74893.72,IP.JRN.ARTC.SC
GBR,2003,articles,76100.41,IP.JRN.ARTC.SC
GBR,2004,articles,79860.76,IP.JRN.ARTC.SC
GBR,2005,articles,84953.36,IP.JRN.ARTC.SC
GBR,2006,articles,88295.14,IP.JRN.ARTC.SC
GBR,2007,articles,90882.75,IP.JRN.ARTC.SC
GBR,2008,articles,90802.2,IP.JRN.ARTC.SC
GBR,2009,articles,92979.48,IP.JRN.ARTC.SC
GBR,2010,articles,93217.93,IP.JRN.ARTC.SC
GBR,2011,articles,94938.06,IP.JRN.ARTC.SC
GBR,2012,articles,97119.29,IP.JRN.ARTC.SC
GBR,2013,articles,98612.77,IP.JRN.ARTC.SC
GBR,2014,articles,97947.22,IP.JRN.ARTC.SC
GBR,2015,articles,99583.05,IP.JRN.ARTC.SC
GBR,2016,articles,100099.61,IP.JRN.ARTC.SC
GBR,2017,articles,100863.84,IP.JRN.ARTC.SC
GBR,2018,articles,101075.46,IP.JRN.ARTC.SC
GBR,2019,articles,102035.76,IP.JRN.ARTC.SC
GBR,2020,articles,103341.82,IP.JRN.ARTC.SC
GBR,2021,articles,108095.52,IP.JRN.ARTC.SC
GBR,2022,articles,101776.16,IP.JRN.ARTC.SC
GBR,2023,articles,97535.98,IP.JRN.ARTC.SC
GRC,2000,articles,5285.59,IP.JRN.ARTC.SC
GRC,2001,articles,5720.28,IP.JRN.ARTC.SC
GRC,2002,articles,6351.52,IP.JRN.ARTC.SC
GRC,2003,articles,6746.49,IP.JRN.ARTC.SC
GRC,2004,articles,7898.46,IP.JRN.ARTC.SC
GRC,2005,articles,9097.85,IP.JRN.ARTC.SC
GRC,2006,articles,10579.37,IP.JRN.ARTC.SC
GRC,2007,articles,11031.89,IP.JRN.ARTC.SC
GRC,2008,articles,11696.43,IP.JRN.ARTC.SC
GRC,2009,articles,11887.11,IP.JRN.ARTC.SC
GRC,2010,articles,11790.75,IP.JRN.ARTC.SC
GRC,2011,articles,11757.51,IP.JRN.ARTC.SC
GRC,2012,articles,11665.85,IP.JRN.ARTC.SC
GRC,2013,articles,11564.91,IP.JRN.ARTC.SC
GRC,2014,articles,11308.55,IP.JRN.ARTC.SC
GRC,2015,articles,11079.51,IP.JRN.ARTC.SC
GRC,2016,articles,10988.04,IP.JRN.ARTC.SC
GRC,2017,articles,10931.52,IP.JRN.ARTC.SC
GRC,2018,articles,11031.66,IP.JRN.ARTC.SC
GRC,2019,articles,11389.86,IP.JRN.ARTC.SC
GRC,2020,articles,12102.88,IP.JRN.ARTC.SC
GRC,2021,articles,13776.67,IP.JRN.ARTC.SC
GRC,2022,articles,13922.21,IP.JRN.ARTC.SC
GRC,2023,articles,13551.59,IP.JRN.ARTC.SC
HUN,2000,articles,4411.53,IP.JRN.ARTC.SC
HUN,2001,articles,4347.95,IP.JRN.ARTC.SC
HUN,2002,articles,4606.1,IP.JRN.ARTC.SC
HUN,2003,articles,4625.02,IP.JRN.ARTC.SC
HUN,2004,articles,4836.51,IP.JRN.ARTC.SC
HUN,2005,articles,5548.39,IP.JRN.ARTC.SC
HUN,2006,articles,5578.29,IP.JRN.ARTC.SC
HUN,2007,articles,5833.47,IP.JRN.ARTC.SC
HUN,2008,articles,6390.33,IP.JRN.ARTC.SC
HUN,2009,articles,5936.75,IP.JRN.ARTC.SC
HUN,2010,articles,5777.46,IP.JRN.ARTC.SC
HUN,2011,articles,6289.26,IP.JRN.ARTC.SC
HUN,2012,articles,6380.49,IP.JRN.ARTC.SC
HUN,2013,articles,6153.78,IP.JRN.ARTC.SC
HUN,2014,articles,6494.0,IP.JRN.ARTC.SC
HUN,2015,articles,6389.48,IP.JRN.ARTC.SC
HUN,2016,articles,6351.5,IP.JRN.ARTC.SC
HUN,2017,articles,6645.92,IP.JRN.ARTC.SC
HUN,2018,articles,6658.99,IP.JRN.ARTC.SC
HUN,2019,articles,7035.03,IP.JRN.ARTC.SC
HUN,2020,articles,7350.5,IP.JRN.ARTC.SC
HUN,2021,articles,7822.44,IP.JRN.ARTC.SC
HUN,2022,articles,8168.57,IP.JRN.ARTC.SC
HUN,2023,articles,8260.49,IP.JRN.ARTC.SC
IRL,2000,articles,2607.75,IP.JRN.ARTC.SC
IRL,2001,articles,2776.33,IP.JRN.ARTC.SC
IRL,2002,articles,3024.54,IP.JRN.ARTC.SC
IRL,2003,articles,3138.42,IP.JRN.ARTC.SC
IRL,2004,articles,3841.3,IP.JRN.ARTC.SC
IRL,2005,articles,4729.92,IP.JRN.ARTC.SC
IRL,2006,articles,4861.37,IP.JRN.ARTC.SC
IRL,2007,articles,5439.34,IP.JRN.ARTC.SC
IRL,2008,articles,5654.58,IP.JRN.ARTC.SC
IRL,2009,articles,6264.34,IP.JRN.ARTC.SC
IRL,2010,articles,6876.15,IP.JRN.ARTC.SC
IRL,2011,articles,7117.2,IP.JRN.ARTC.SC
IRL,2012,articles,6962.1,IP.JRN.ARTC.SC
IRL,2013,articles,7005.24,IP.JRN.ARTC.SC
IRL,2014,articles,7091.25,IP.JRN.ARTC.SC
IRL,2015,articles,6808.89,IP.JRN.ARTC.SC
IRL,2016,articles,7093.78,IP.JRN.ARTC.SC
IRL,2017,articles,7205.05,IP.JRN.ARTC.SC
IRL,2018,articles,7397.98,IP.JRN.ARTC.SC
IRL,2019,articles,7763.57,IP.JRN.ARTC.SC
IRL,2020,articles,8400.81,IP.JRN.ARTC.SC
IRL,2021,articles,9216.71,IP.JRN.ARTC.SC
IRL,2022,articles,8811.1,IP.JRN.ARTC.SC
IRL,2023,articles,8719.61,IP.JRN.ARTC.SC
ISL,2000,articles,220.1,IP.JRN.ARTC.SC
ISL,2001,articles,239.09,IP.JRN.ARTC.SC
ISL,2002,articles,305.6,IP.JRN.ARTC.SC
ISL,2003,articles,261.37,IP.JRN.ARTC.SC
ISL,2004,articles,307.44,IP.JRN.ARTC.SC
ISL,2005,articles,362.42,IP.JRN.ARTC.SC
ISL,2006,articles,381.47,IP.JRN.ARTC.SC
ISL,2007,articles,381.5,IP.JRN.ARTC.SC
ISL,2008,articles,413.32,IP.JRN.ARTC.SC
ISL,2009,articles,478.27,IP.JRN.ARTC.SC
ISL,2010,articles,564.28,IP.JRN.ARTC.SC
ISL,2011,articles,551.32,IP.JRN.ARTC.SC
ISL,2012,articles,635.44,IP.JRN.ARTC.SC
ISL,2013,articles,582.73,IP.JRN.ARTC.SC
ISL,2014,articles,582.52,IP.JRN.ARTC.SC
ISL,2015,articles,608.81,IP.JRN.ARTC.SC
ISL,2016,articles,656.03,IP.JRN.ARTC.SC
ISL,2017,articles,625.46,IP.JRN.ARTC.SC
ISL,2018,articles,702.76,IP.JRN.ARTC.SC
ISL,2019,articles,665.65,IP.JRN.ARTC.SC
ISL,2020,articles,673.35,IP.JRN.ARTC.SC
ISL,2021,articles,725.0,IP.JRN.ARTC.SC
ISL,2022,articles,746.67,IP.JRN.ARTC.SC
ISL,2023,articles,715.97,IP.JRN.ARTC.SC
ISR,2000,articles,9345.74,IP.JRN.ARTC.SC
ISR,2001,articles,9369.95,IP.JRN.ARTC.SC
ISR,2002,articles,9660.07,IP.JRN.ARTC.SC
ISR,2003,articles,9852.03,IP.JRN.ARTC.SC
ISR,2004,articles,10389.88,IP.JRN.ARTC.SC
ISR,2005,articles,10503.36,IP.JRN.ARTC.SC
ISR,2006,articles,11166.64,IP.JRN.ARTC.SC
ISR,2007,articles,11158.24,IP.JRN.ARTC.SC
ISR,2008,articles,11300.99,IP.JRN.ARTC.SC
ISR,2009,articles,11144.24,IP.JRN.ARTC.SC
ISR,2010,articles,10840.85,IP.JRN.ARTC.SC
ISR,2011,articles,11145.96,IP.JRN.ARTC.SC
ISR,2012,articles,11499.08,IP.JRN.ARTC.SC
ISR,2013,articles,11269.87,IP.JRN.ARTC.SC
ISR,2014,articles,11944.3,IP.JRN.ARTC.SC
ISR,2015,articles,12102.22,IP.JRN.ARTC.SC
ISR,2016,articles,12363.13,IP.JRN.ARTC.SC
ISR,2017,articles,12385.3,IP.JRN.ARTC.SC
ISR,2018,articles,12684.14,IP.JRN.ARTC.SC
ISR,2019,articles,12946.3,IP.JRN.ARTC.SC
ISR,2020,articles,13366.53,IP.JRN.ARTC.SC
ISR,2021,articles,14633.85,IP.JRN.ARTC.SC
ISR,2022,articles,14331.79,IP.JRN.ARTC.SC
ISR,2023,articles,13844.24,IP.JRN.ARTC.SC
ITA,2000,articles,36209.65,IP.JRN.ARTC.SC
ITA,2001,articles,37419.9,IP.JRN.ARTC.SC
ITA,2002,articles,38985.91,IP.JRN.ARTC.SC
ITA,2003,articles,42292.76,IP.JRN.ARTC.SC
ITA,2004,articles,44324.39,IP.JRN.ARTC.SC
ITA,2005,articles,47758.26,IP.JRN.ARTC.SC
ITA,2006,articles,50510.85,IP.JRN.ARTC.SC
ITA,2007,articles,53839.81,IP.JRN.ARTC.SC
ITA,2008,articles,55717.83,IP.JRN.ARTC.SC
ITA,2009,articles,57761.05,IP.JRN.ARTC.SC
ITA,2010,articles,57848.57,IP.JRN.ARTC.SC
ITA,2011,articles,59651.73,IP.JRN.ARTC.SC
ITA,2012,articles,63135.68,IP.JRN.ARTC.SC
ITA,2013,articles,66220.78,IP.JRN.ARTC.SC
ITA,2014,articles,67444.12,IP.JRN.ARTC.SC
ITA,2015,articles,69382.56,IP.JRN.ARTC.SC
ITA,2016,articles,69301.08,IP.JRN.ARTC.SC
ITA,2017,articles,70101.05,IP.JRN.ARTC.SC
ITA,2018,articles,71037.79,IP.JRN.ARTC.SC
ITA,2019,articles,73935.81,IP.JRN.ARTC.SC
ITA,2020,articles,80141.63,IP.JRN.ARTC.SC
ITA,2021,articles,85699.51,IP.JRN.ARTC.SC
ITA,2022,articles,83236.9,IP.JRN.ARTC.SC
ITA,2023,articles,82770.89,IP.JRN.ARTC.SC
JPN,2000,articles,96607.21,IP.JRN.ARTC.SC
JPN,2001,articles,96102.98,IP.JRN.ARTC.SC
JPN,2002,articles,98708.49,IP.JRN.ARTC.SC
JPN,2003,articles,101127.66,IP.JRN.ARTC.SC
JPN,2004,articles,103608.39,IP.JRN.ARTC.SC
JPN,2005,articles,111936.4,IP.JRN.ARTC.SC
JPN,2006,articles,112743.45,IP.JRN.ARTC.SC
JPN,2007,articles,108597.61,IP.JRN.ARTC.SC
JPN,2008,articles,106636.97,IP.JRN.ARTC.SC
JPN,2009,articles,107477.28,IP.JRN.ARTC.SC
JPN,2010,articles,107213.21,IP.JRN.ARTC.SC
JPN,2011,articles,109048.37,IP.JRN.ARTC.SC
JPN,2012,articles,107470.11,IP.JRN.ARTC.SC
JPN,2013,articles,106967.6,IP.JRN.ARTC.SC
JPN,2014,articles,103354.33,IP.JRN.ARTC.SC
JPN,2015,articles,100597.44,IP.JRN.ARTC.SC
JPN,2016,articles,101166.54,IP.JRN.ARTC.SC
JPN,2017,articles,101854.44,IP.JRN.ARTC.SC
JPN,2018,articles,101998.64,IP.JRN.ARTC.SC
JPN,2019,articles,100156.22,IP.JRN.ARTC.SC
JPN,2020,articles,100403.47,IP.JRN.ARTC.SC
JPN,2021,articles,106309.76,IP.JRN.ARTC.SC
JPN,2022,articles,102422.96,IP.JRN.ARTC.SC
JPN,2023,articles,96543.44,IP.JRN.ARTC.SC
KOR,2000,articles,15875.05,IP.JRN.ARTC.SC
KOR,2001,articles,18435.81,IP.JRN.ARTC.SC
KOR,2002,articles,20150.89,IP.JRN.ARTC.SC
KOR,2003,articles,23773.21,IP.JRN.ARTC.SC
KOR,2004,articles,27625.82,IP.JRN.ARTC.SC
KOR,2005,articles,32032.77,IP.JRN.ARTC.SC
KOR,2006,articles,37086.16,IP.JRN.ARTC.SC
KOR,2007,articles,41128.89,IP.JRN.ARTC.SC
KOR,2008,articles,43712.38,IP.JRN.ARTC.SC
KOR,2009,articles,45734.84,IP.JRN.ARTC.SC
KOR,2010,articles,50064.7,IP.JRN.ARTC.SC
KOR,2011,articles,53291.76,IP.JRN.ARTC.SC
KOR,2012,articles,55711.68,IP.JRN.ARTC.SC
KOR,2013,articles,56751.39,IP.JRN.ARTC.SC
KOR,2014,articles,59378.7,IP.JRN.ARTC.SC
KOR,2015,articles,61888.47,IP.JRN.ARTC.SC
KOR,2016,articles,61914.97,IP.JRN.ARTC.SC
KOR,2017,articles,62977.5,IP.JRN.ARTC.SC
KOR,2018,articles,64793.42,IP.JRN.ARTC.SC
KOR,2019,articles,67687.84,IP.JRN.ARTC.SC
KOR,2020,articles,69089.86,IP.JRN.ARTC.SC
KOR,2021,articles,72352.13,IP.JRN.ARTC.SC
KOR,2022,articles,71998.13,IP.JRN.ARTC.SC
KOR,2023,articles,71724.33,IP.JRN.ARTC.SC
LTU,2000,articles,598.97,IP.JRN.ARTC.SC
LTU,2001,articles,638.61,IP.JRN.ARTC.SC
LTU,2002,articles,1014.27,IP.JRN.ARTC.SC
LTU,2003,articles,963.16,IP.JRN.ARTC.SC
LTU,2004,articles,1295.75,IP.JRN.ARTC.SC
LTU,2005,articles,1587.29,IP.JRN.ARTC.SC
LTU,2006,articles,1846.33,IP.JRN.ARTC.SC
LTU,2007,articles,1764.9,IP.JRN.ARTC.SC
LTU,2008,articles,2394.19,IP.JRN.ARTC.SC
LTU,2009,articles,2198.13,IP.JRN.ARTC.SC
LTU,2010,articles,2253.58,IP.JRN.ARTC.SC
LTU,2011,articles,2348.1,IP.JRN.ARTC.SC
LTU,2012,articles,2149.74,IP.JRN.ARTC.SC
LTU,2013,articles,2164.09,IP.JRN.ARTC.SC
LTU,2014,articles,2294.99,IP.JRN.ARTC.SC
LTU,2015,articles,2341.54,IP.JRN.ARTC.SC
LTU,2016,articles,2207.1,IP.JRN.ARTC.SC
LTU,2017,articles,2264.63,IP.JRN.ARTC.SC
LTU,2018,articles,2191.66,IP.JRN.ARTC.SC
LTU,2019,articles,2454.63,IP.JRN.ARTC.SC
LTU,2020,articles,2594.05,IP.JRN.ARTC.SC
LTU,2021,articles,2694.9,IP.JRN.ARTC.SC
LTU,2022,articles,2698.05,IP.JRN.ARTC.SC
LTU,2023,articles,2673.09,IP.JRN.ARTC.SC
LUX,2000,articles,65.28,IP.JRN.ARTC.SC
LUX,2001,articles,67.06,IP.JRN.ARTC.SC
LUX,2002,articles,83.08,IP.JRN.ARTC.SC
LUX,2003,articles,88.93,IP.JRN.ARTC.SC
LUX,2004,articles,154.78,IP.JRN.ARTC.SC
LUX,2005,articles,163.39,IP.JRN.ARTC.SC
LUX,2006,articles,203.72,IP.JRN.ARTC.SC
LUX,2007,articles,229.15,IP.JRN.ARTC.SC
LUX,2008,articles,321.72,IP.JRN.ARTC.SC
LUX,2009,articles,395.32,IP.JRN.ARTC.SC
LUX,2010,articles,448.35,IP.JRN.ARTC.SC
LUX,2011,articles,587.97,IP.JRN.ARTC.SC
LUX,2012,articles,587.38,IP.JRN.ARTC.SC
LUX,2013,articles,759.01,IP.JRN.ARTC.SC
LUX,2014,articles,870.55,IP.JRN.ARTC.SC
LUX,2015,articles,806.07,IP.JRN.ARTC.SC
LUX,2016,articles,875.81,IP.JRN.ARTC.SC
LUX,2017,articles,833.15,IP.JRN.ARTC.SC
LUX,2018,articles,891.22,IP.JRN.ARTC.SC
LUX,2019,articles,930.55,IP.JRN.ARTC.SC
LUX,2020,articles,962.87,IP.JRN.ARTC.SC
LUX,2021,articles,1048.94,IP.JRN.ARTC.SC
LUX,2022,articles,1158.62,IP.JRN.ARTC.SC
LUX,2023,articles,1175.75,IP.JRN.ARTC.SC
LVA,2000,articles,292.69,IP.JRN.ARTC.SC
LVA,2001,articles,355.23,IP.JRN.ARTC.SC
LVA,2002,articles,372.25,IP.JRN.ARTC.SC
LVA,2003,articles,294.77,IP.JRN.ARTC.SC
LVA,2004,articles,306.25,IP.JRN.ARTC.SC
LVA,2005,articles,460.53,IP.JRN.ARTC.SC
LVA,2006,articles,404.35,IP.JRN.ARTC.SC
LVA,2007,articles,481.13,IP.JRN.ARTC.SC
LVA,2008,articles,642.74,IP.JRN.ARTC.SC
LVA,2009,articles,706.98,IP.JRN.ARTC.SC
LVA,2010,articles,801.35,IP.JRN.ARTC.SC
LVA,2011,articles,1264.06,IP.JRN.ARTC.SC
LVA,2012,articles,1132.91,IP.JRN.ARTC.SC
LVA,2013,articles,1177.8,IP.JRN.ARTC.SC
LVA,2014,articles,1147.12,IP.JRN.ARTC.SC
LVA,2015,articles,1384.1,IP.JRN.ARTC.SC
LVA,2016,articles,1328.07,IP.JRN.ARTC.SC
LVA,2017,articles,1540.52,IP.JRN.ARTC.SC
LVA,2018,articles,1448.65,IP.JRN.ARTC.SC
LVA,2019,articles,1561.47,IP.JRN.ARTC.SC
LVA,2020,articles,1506.0,IP.JRN.ARTC.SC
LVA,2021,articles,1786.29,IP.JRN.ARTC.SC
LVA,2022,articles,1655.62,IP.JRN.ARTC.SC
LVA,2023,articles,1736.07,IP.JRN.ARTC.SC
MEX,2000,articles,5026.99,IP.JRN.ARTC.SC
MEX,2001,articles,5434.53,IP.JRN.ARTC.SC
MEX,2002,articles,5935.23,IP.JRN.ARTC.SC
MEX,2003,articles,6710.84,IP.JRN.ARTC.SC
MEX,2004,articles,7334.54,IP.JRN.ARTC.SC
MEX,2005,articles,8248.11,IP.JRN.ARTC.SC
MEX,2006,articles,9308.28,IP.JRN.ARTC.SC
MEX,2007,articles,9423.59,IP.JRN.ARTC.SC
MEX,2008,articles,10137.66,IP.JRN.ARTC.SC
MEX,2009,articles,10375.0,IP.JRN.ARTC.SC
MEX,2010,articles,10963.14,IP.JRN.ARTC.SC
MEX,2011,articles,11391.82,IP.JRN.ARTC.SC
MEX,2012,articles,12152.39,IP.JRN.ARTC.SC
MEX,2013,articles,12677.19,IP.JRN.ARTC.SC
MEX,2014,articles,13541.76,IP.JRN.ARTC.SC
MEX,2015,articles,13741.34,IP.JRN.ARTC.SC
MEX,2016,articles,14497.26,IP.JRN.ARTC.SC
MEX,2017,articles,15397.11,IP.JRN.ARTC.SC
MEX,2018,articles,16402.64,IP.JRN.ARTC.SC
MEX,2019,articles,18006.46,IP.JRN.ARTC.SC
MEX,2020,articles,19332.61,IP.JRN.ARTC.SC
MEX,2021,articles,20345.96,IP.JRN.ARTC.SC
MEX,2022,articles,19740.68,IP.JRN.ARTC.SC
MEX,2023,articles,18981.87,IP.JRN.ARTC.SC
NLD,2000,articles,18865.25,IP.JRN.ARTC.SC
NLD,2001,articles,18769.03,IP.JRN.ARTC.SC
NLD,2002,articles,19456.24,IP.JRN.ARTC.SC
NLD,2003,articles,19997.24,IP.JRN.ARTC.SC
NLD,2004,articles,21434.75,IP.JRN.ARTC.SC
NLD,2005,articles,24084.4,IP.JRN.ARTC.SC
NLD,2006,articles,24738.7,IP.JRN.ARTC.SC
NLD,2007,articles,25566.6,IP.JRN.ARTC.SC
NLD,2008,articles,26450.2,IP.JRN.ARTC.SC
NLD,2009,articles,28320.87,IP.JRN.ARTC.SC
NLD,2010,articles,28946.69,IP.JRN.ARTC.SC
NLD,2011,articles,29811.51,IP.JRN.ARTC.SC
NLD,2012,articles,30760.85,IP.JRN.ARTC.SC
NLD,2013,articles,31332.15,IP.JRN.ARTC.SC
NLD,2014,articles,31445.39,IP.JRN.ARTC.SC
NLD,2015,articles,31291.69,IP.JRN.ARTC.SC
NLD,2016,articles,31097.01,IP.JRN.ARTC.SC
NLD,2017,articles,31234.91,IP.JRN.ARTC.SC
NLD,2018,articles,31506.82,IP.JRN.ARTC.SC
NLD,2019,articles,31471.58,IP.JRN.ARTC.SC
NLD,2020,articles,32236.56,IP.JRN.ARTC.SC
NLD,2021,articles,34144.24,IP.JRN.ARTC.SC
NLD,2022,articles,32878.0,IP.JRN.ARTC.SC
NLD,2023,articles,32207.08,IP.JRN.ARTC.SC
NOR,2000,articles,5063.27,IP.JRN.ARTC.SC
NOR,2001,articles,5159.27,IP.JRN.ARTC.SC
NOR,2002,articles,5064.81,IP.JRN.ARTC.SC
NOR,2003,articles,5207.27,IP.JRN.ARTC.SC
NOR,2004,articles,5687.47,IP.JRN.ARTC.SC
NOR,2005,articles,6672.86,IP.JRN.ARTC.SC
NOR,2006,articles,7115.86,IP.JRN.ARTC.SC
NOR,2007,articles,7668.95,IP.JRN.ARTC.SC
NOR,2008,articles,7843.74,IP.JRN.ARTC.SC
NOR,2009,articles,8824.89,IP.JRN.ARTC.SC
NOR,2010,articles,9027.46,IP.JRN.ARTC.SC
NOR,2011,articles,9654.65,IP.JRN.ARTC.SC
NOR,2012,articles,10258.36,IP.JRN.ARTC.SC
NOR,2013,articles,10322.4,IP.JRN.ARTC.SC
NOR,2014,articles,10554.7,IP.JRN.ARTC.SC
NOR,2015,articles,10602.45,IP.JRN.ARTC.SC
NOR,2016,articles,11289.44,IP.JRN.ARTC.SC
NOR,2017,articles,11939.18,IP.JRN.ARTC.SC
NOR,2018,articles,12225.59,IP.JRN.ARTC.SC
NOR,2019,articles,12508.85,IP.JRN.ARTC.SC
NOR,2020,articles,13284.78,IP.JRN.ARTC.SC
NOR,2021,articles,13802.78,IP.JRN.ARTC.SC
NOR,2022,articles,13494.16,IP.JRN.ARTC.SC
NOR,2023,articles,13756.15,IP.JRN.ARTC.SC
NZL,2000,articles,4324.72,IP.JRN.ARTC.SC
NZL,2001,articles,4412.78,IP.JRN.ARTC.SC
NZL,2002,articles,4407.95,IP.JRN.ARTC.SC
NZL,2003,articles,4512.04,IP.JRN.ARTC.SC
NZL,2004,articles,4899.55,IP.JRN.ARTC.SC
NZL,2005,articles,5428.53,IP.JRN.ARTC.SC
NZL,2006,articles,5731.31,IP.JRN.ARTC.SC
NZL,2007,articles,6102.53,IP.JRN.ARTC.SC
NZL,2008,articles,6384.18,IP.JRN.ARTC.SC
NZL,2009,articles,6639.58,IP.JRN.ARTC.SC
NZL,2010,articles,6905.71,IP.JRN.ARTC.SC
NZL,2011,articles,7614.89,IP.JRN.ARTC.SC
NZL,2012,articles,7698.06,IP.JRN.ARTC.SC
NZL,2013,articles,7748.63,IP.JRN.ARTC.SC
NZL,2014,articles,7916.65,IP.JRN.ARTC.SC
NZL,2015,articles,7818.58,IP.JRN.ARTC.SC
NZL,2016,articles,8115.78,IP.JRN.ARTC.SC
NZL,2017,articles,8183.78,IP.JRN.ARTC.SC
NZL,2018,articles,8256.6,IP.JRN.ARTC.SC
NZL,2019,articles,8678.86,IP.JRN.ARTC.SC
NZL,2020,articles,8679.94,IP.JRN.ARTC.SC
NZL,2021,articles,8960.04,IP.JRN.ARTC.SC
NZL,2022,articles,8700.7,IP.JRN.ARTC.SC
NZL,2023,articles,8096.23,IP.JRN.ARTC.SC
POL,2000,articles,12984.35,IP.JRN.ARTC.SC
POL,2001,articles,14359.62,IP.JRN.ARTC.SC
POL,2002,articles,15398.65,IP.JRN.ARTC.SC
POL,2003,articles,16433.78,IP.JRN.ARTC.SC
POL,2004,articles,18533.61,IP.JRN.ARTC.SC
POL,2005,articles,20000.44,IP.JRN.ARTC.SC
POL,2006,articles,21704.7,IP.JRN.ARTC.SC
POL,2007,articles,21623.06,IP.JRN.ARTC.SC
POL,2008,articles,23322.01,IP.JRN.ARTC.SC
POL,2009,articles,23151.69,IP.JRN.ARTC.SC
POL,2010,articles,24154.46,IP.JRN.ARTC.SC
POL,2011,articles,25005.19,IP.JRN.ARTC.SC
POL,2012,articles,27193.06,IP.JRN.ARTC.SC
POL,2013,articles,28952.29,IP.JRN.ARTC.SC
POL,2014,articles,30165.6,IP.JRN.ARTC.SC
POL,2015,articles,31619.76,IP.JRN.ARTC.SC
POL,2016,articles,33120.9,IP.JRN.ARTC.SC
POL,2017,articles,32725.15,IP.JRN.ARTC.SC
POL,2018,articles,33795.97,IP.JRN.ARTC.SC
POL,2019,articles,34149.03,IP.JRN.ARTC.SC
POL,2020,articles,34204.93,IP.JRN.ARTC.SC
POL,2021,articles,34667.25,IP.JRN.ARTC.SC
POL,2022,articles,31398.78,IP.JRN.ARTC.SC
POL,2023,articles,31218.47,IP.JRN.ARTC.SC
PRT,2000,articles,3328.54,IP.JRN.ARTC.SC
PRT,2001,articles,3822.28,IP.JRN.ARTC.SC
PRT,2002,articles,4060.77,IP.JRN.ARTC.SC
PRT,2003,articles,4647.61,IP.JRN.ARTC.SC
PRT,2004,articles,5204.05,IP.JRN.ARTC.SC
PRT,2005,articles,5939.35,IP.JRN.ARTC.SC
PRT,2006,articles,7192.66,IP.JRN.ARTC.SC
PRT,2007,articles,7602.06,IP.JRN.ARTC.SC
PRT,2008,articles,8625.13,IP.JRN.ARTC.SC
PRT,2009,articles,9383.38,IP.JRN.ARTC.SC
PRT,2010,articles,10420.59,IP.JRN.ARTC.SC
PRT,2011,articles,11710.58,IP.JRN.ARTC.SC
PRT,2012,articles,12733.76,IP.JRN.ARTC.SC
PRT,2013,articles,13594.38,IP.JRN.ARTC.SC
PRT,2014,articles,14102.86,IP.JRN.ARTC.SC
PRT,2015,articles,14401.12,IP.JRN.ARTC.SC
PRT,2016,articles,14038.15,IP.JRN.ARTC.SC
PRT,2017,articles,14109.14,IP.JRN.ARTC.SC
PRT,2018,articles,14381.18,IP.JRN.ARTC.SC
PRT,2019,articles,15862.54,IP.JRN.ARTC.SC
PRT,2020,articles,16428.64,IP.JRN.ARTC.SC
PRT,2021,articles,18387.68,IP.JRN.ARTC.SC
PRT,2022,articles,18212.56,IP.JRN.ARTC.SC
PRT,2023,articles,18225.29,IP.JRN.ARTC.SC
SVK,2000,articles,2108.08,IP.JRN.ARTC.SC
SVK,2001,articles,2093.67,IP.JRN.ARTC.SC
SVK,2002,articles,2060.15,IP.JRN.ARTC.SC
SVK,2003,articles,2107.26,IP.JRN.ARTC.SC
SVK,2004,articles,2250.91,IP.JRN.ARTC.SC
SVK,2005,articles,2470.43,IP.JRN.ARTC.SC
SVK,2006,articles,2548.88,IP.JRN.ARTC.SC
SVK,2007,articles,2769.93,IP.JRN.ARTC.SC
SVK,2008,articles,3243.86,IP.JRN.ARTC.SC
SVK,2009,articles,3036.69,IP.JRN.ARTC.SC
SVK,2010,articles,3473.56,IP.JRN.ARTC.SC
SVK,2011,articles,3745.76,IP.JRN.ARTC.SC
SVK,2012,articles,4097.25,IP.JRN.ARTC.SC
SVK,2013,articles,4247.53,IP.JRN.ARTC.SC
SVK,2014,articles,4798.34,IP.JRN.ARTC.SC
SVK,2015,articles,4905.86,IP.JRN.ARTC.SC
SVK,2016,articles,5291.75,IP.JRN.ARTC.SC
SVK,2017,articles,5464.05,IP.JRN.ARTC.SC
SVK,2018,articles,4974.73,IP.JRN.ARTC.SC
SVK,2019,articles,5499.66,IP.JRN.ARTC.SC
SVK,2020,articles,5161.36,IP.JRN.ARTC.SC
SVK,2021,articles,5150.0,IP.JRN.ARTC.SC
SVK,2022,articles,5067.03,IP.JRN.ARTC.SC
SVK,2023,articles,5332.18,IP.JRN.ARTC.SC
SVN,2000,articles,1717.04,IP.JRN.ARTC.SC
SVN,2001,articles,1679.44,IP.JRN.ARTC.SC
SVN,2002,articles,1822.49,IP.JRN.ARTC.SC
SVN,2003,articles,2148.58,IP.JRN.ARTC.SC
SVN,2004,articles,1918.44,IP.JRN.ARTC.SC
SVN,2005,articles,2331.3,IP.JRN.ARTC.SC
SVN,2006,articles,2355.5,IP.JRN.ARTC.SC
SVN,2007,articles,2696.54,IP.JRN.ARTC.SC
SVN,2008,articles,2984.34,IP.JRN.ARTC.SC
SVN,2009,articles,3153.62,IP.JRN.ARTC.SC
SVN,2010,articles,3143.3,IP.JRN.ARTC.SC
SVN,2011,articles,3554.32,IP.JRN.ARTC.SC
SVN,2012,articles,3445.48,IP.JRN.ARTC.SC
SVN,2013,articles,3472.87,IP.JRN.ARTC.SC
SVN,2014,articles,3375.52,IP.JRN.ARTC.SC
SVN,2015,articles,3503.69,IP.JRN.ARTC.SC
SVN,2016,articles,3360.12,IP.JRN.ARTC.SC
SVN,2017,articles,3373.97,IP.JRN.ARTC.SC
SVN,2018,articles,3237.85,IP.JRN.ARTC.SC
SVN,2019,articles,3531.2,IP.JRN.ARTC.SC
SVN,2020,articles,3692.85,IP.JRN.ARTC.SC
SVN,2021,articles,4058.0,IP.JRN.ARTC.SC
SVN,2022,articles,3741.92,IP.JRN.ARTC.SC
SVN,2023,articles,3567.56,IP.JRN.ARTC.SC
SWE,2000,articles,14569.85,IP.JRN.ARTC.SC
SWE,2001,articles,14742.17,IP.JRN.ARTC.SC
SWE,2002,articles,14561.38,IP.JRN.ARTC.SC
SWE,2003,articles,14685.93,IP.JRN.ARTC.SC
SWE,2004,articles,15154.19,IP.JRN.ARTC.SC
SWE,2005,articles,16312.47,IP.JRN.ARTC.SC
SWE,2006,articles,16547.35,IP.JRN.ARTC.SC
SWE,2007,articles,16444.85,IP.JRN.ARTC.SC
SWE,2008,articles,16376.65,IP.JRN.ARTC.SC
SWE,2009,articles,17476.17,IP.JRN.ARTC.SC
SWE,2010,articles,17767.95,IP.JRN.ARTC.SC
SWE,2011,articles,18275.09,IP.JRN.ARTC.SC
SWE,2012,articles,19205.78,IP.JRN.ARTC.SC
SWE,2013,articles,19860.59,IP.JRN.ARTC.SC
SWE,2014,articles,20762.61,IP.JRN.ARTC.SC
SWE,2015,articles,20900.35,IP.JRN.ARTC.SC
SWE,2016,articles,20912.37,IP.JRN.ARTC.SC
SWE,2017,articles,21054.18,IP.JRN.ARTC.SC
SWE,2018,articles,20850.05,IP.JRN.ARTC.SC
SWE,2019,articles,20887.94,IP.JRN.ARTC.SC
SWE,2020,articles,21153.6,IP.JRN.ARTC.SC
SWE,2021,articles,22021.79,IP.JRN.ARTC.SC
SWE,2022,articles,21514.5,IP.JRN.ARTC.SC
SWE,2023,articles,21243.62,IP.JRN.ARTC.SC
TUR,2000,articles,6815.4,IP.JRN.ARTC.SC
TUR,2001,articles,8591.94,IP.JRN.ARTC.SC
TUR,2002,articles,10753.14,IP.JRN.ARTC.SC
TUR,2003,articles,13328.67,IP.JRN.ARTC.SC
TUR,2004,articles,15815.19,IP.JRN.ARTC.SC
TUR,2005,articles,17567.87,IP.JRN.ARTC.SC
TUR,2006,articles,19233.96,IP.JRN.ARTC.SC
TUR,2007,articles,21310.74,IP.JRN.ARTC.SC
TUR,2008,articles,21554.79,IP.JRN.ARTC.SC
TUR,2009,articles,24237.19,IP.JRN.ARTC.SC
TUR,2010,articles,25490.49,IP.JRN.ARTC.SC
TUR,2011,articles,26110.64,IP.JRN.ARTC.SC
TUR,2012,articles,27089.09,IP.JRN.ARTC.SC
TUR,2013,articles,29125.39,IP.JRN.ARTC.SC
TUR,2014,articles,29587.09,IP.JRN.ARTC.SC
TUR,2015,articles,31418.18,IP.JRN.ARTC.SC
TUR,2016,articles,33734.0,IP.JRN.ARTC.SC
TUR,2017,articles,32262.33,IP.JRN.ARTC.SC
TUR,2018,articles,32298.1,IP.JRN.ARTC.SC
TUR,2019,articles,37204.76,IP.JRN.ARTC.SC
TUR,2020,articles,40758.58,IP.JRN.ARTC.SC
TUR,2021,articles,46843.54,IP.JRN.ARTC.SC
TUR,2022,articles,49827.29,IP.JRN.ARTC.SC
TUR,2023,articles,50180.49,IP.JRN.ARTC.SC
USA,2000,articles,306472.5,IP.JRN.ARTC.SC
USA,2001,articles,306733.89,IP.JRN.ARTC.SC
USA,2002,articles,321622.14,IP.JRN.ARTC.SC
USA,2003,articles,332537.09,IP.JRN.ARTC.SC
USA,2004,articles,356185.76,IP.JRN.ARTC.SC
USA,2005,articles,385012.19,IP.JRN.ARTC.SC
USA,2006,articles,387807.75,IP.JRN.ARTC.SC
USA,2007,articles,390236.82,IP.JRN.ARTC.SC
USA,2008,articles,392570.88,IP.JRN.ARTC.SC
USA,2009,articles,397790.4,IP.JRN.ARTC.SC
USA,2010,articles,407405.92,IP.JRN.ARTC.SC
USA,2011,articles,420413.97,IP.JRN.ARTC.SC
USA,2012,articles,425174.02,IP.JRN.ARTC.SC
USA,2013,articles,427372.54,IP.JRN.ARTC.SC
USA,2014,articles,428017.63,IP.JRN.ARTC.SC
USA,2015,articles,429258.44,IP.JRN.ARTC.SC
USA,2016,articles,431807.73,IP.JRN.ARTC.SC
USA,2017,articles,435377.24,IP.JRN.ARTC.SC
USA,2018,articles,441099.68,IP.JRN.ARTC.SC
USA,2019,articles,442656.75,IP.JRN.ARTC.SC
USA,2020,articles,453889.89,IP.JRN.ARTC.SC
USA,2021,articles,471378.18,IP.JRN.ARTC.SC
USA,2022,articles,447538.91,IP.JRN.ARTC.SC
USA,2023,articles,430843.27,IP.JRN.ARTC.SC
AUS,2000,gdp_deflator,47.3381671518075,NY.GDP.DEFL.ZS
AUS,2001,gdp_deflator,49.5351649042863,NY.GDP.DEFL.ZS
AUS,2002,gdp_deflator,50.9421149766866,NY.GDP.DEFL.ZS
AUS,2003,gdp_deflator,52.4640926927986,NY.GDP.DEFL.ZS
AUS,2004,gdp_deflator,54.159196452094,NY.GDP.DEFL.ZS
AUS,2005,gdp_deflator,56.2308075887598,NY.GDP.DEFL.ZS
AUS,2006,gdp_deflator,59.1051374906662,NY.GDP.DEFL.ZS
AUS,2007,gdp_deflator,62.05129575906,NY.GDP.DEFL.ZS
AUS,2008,gdp_deflator,64.8856168435935,NY.GDP.DEFL.ZS
AUS,2009,gdp_deflator,68.1244388076992,NY.GDP.DEFL.ZS
AUS,2010,gdp_deflator,68.9182164494048,NY.GDP.DEFL.ZS
AUS,2011,gdp_deflator,73.1903901704372,NY.GDP.DEFL.ZS
AUS,2012,gdp_deflator,74.5058309694268,NY.GDP.DEFL.ZS
AUS,2013,gdp_deflator,74.4080251953808,NY.GDP.DEFL.ZS
AUS,2014,gdp_deflator,75.4624096602889,NY.GDP.DEFL.ZS
AUS,2015,gdp_deflator,74.9889525144353,NY.GDP.DEFL.ZS
AUS,2016,gdp_deflator,74.4839637881886,NY.GDP.DEFL.ZS
AUS,2017,gdp_deflator,77.199823087594,NY.GDP.DEFL.ZS
AUS,2018,gdp_deflator,78.6250673484219,NY.GDP.DEFL.ZS
AUS,2019,gdp_deflator,81.3585466868567,NY.GDP.DEFL.ZS
AUS,2020,gdp_deflator,82.876562212235,NY.GDP.DEFL.ZS
AUS,2021,gdp_deflator,85.4131401626059,NY.GDP.DEFL.ZS
AUS,2022,gdp_deflator,91.5624970614141,NY.GDP.DEFL.ZS
AUS,2023,gdp_deflator,97.4769226346552,NY.GDP.DEFL.ZS
AUS,2024,gdp_deflator,100.0,NY.GDP.DEFL.ZS
AUT,2000,gdp_deflator,69.989256400729,NY.GDP.DEFL.ZS
AUT,2001,gdp_deflator,71.3451469170801,NY.GDP.DEFL.ZS
AUT,2002,gdp_deflator,72.1329509378888,NY.GDP.DEFL.ZS
AUT,2003,gdp_deflator,73.0468773689386,NY.GDP.DEFL.ZS
AUT,2004,gdp_deflator,74.3090996254643,NY.GDP.DEFL.ZS
AUT,2005,gdp_deflator,76.1905821350589,NY.GDP.DEFL.ZS
AUT,2006,gdp_deflator,77.7483899999477,NY.GDP.DEFL.ZS
AUT,2007,gdp_deflator,79.5049367407634,NY.GDP.DEFL.ZS
AUT,2008,gdp_deflator,81.0423958239972,NY.GDP.DEFL.ZS
AUT,2009,gdp_deflator,82.4520414231565,NY.GDP.DEFL.ZS
AUT,2010,gdp_deflator,83.186968373104,NY.GDP.DEFL.ZS
AUT,2011,gdp_deflator,84.700919154098,NY.GDP.DEFL.ZS
AUT,2012,gdp_deflator,86.4725784355943,NY.GDP.DEFL.ZS
AUT,2013,gdp_deflator,87.9501551699023,NY.GDP.DEFL.ZS
AUT,2014,gdp_deflator,89.7150897479378,NY.GDP.DEFL.ZS
AUT,2015,gdp_deflator,91.7719290280246,NY.GDP.DEFL.ZS
AUT,2016,gdp_deflator,93.4373608656494,NY.GDP.DEFL.ZS
AUT,2017,gdp_deflator,94.3486721777502,NY.GDP.DEFL.ZS
AUT,2018,gdp_deflator,96.0568359813149,NY.GDP.DEFL.ZS
AUT,2019,gdp_deflator,97.4724111917686,NY.GDP.DEFL.ZS
AUT,2020,gdp_deflator,100.0,NY.GDP.DEFL.ZS
AUT,2021,gdp_deflator,101.801872992703,NY.GDP.DEFL.ZS
AUT,2022,gdp_deflator,106.915820412682,NY.GDP.DEFL.ZS
AUT,2023,gdp_deflator,114.586723585234,NY.GDP.DEFL.ZS
AUT,2024,gdp_deflator,119.269668011096,NY.GDP.DEFL.ZS
BEL,2000,gdp_deflator,70.707905341972,NY.GDP.DEFL.ZS
BEL,2001,gdp_deflator,72.1099144997902,NY.GDP.DEFL.ZS
BEL,2002,gdp_deflator,73.2925157149708,NY.GDP.DEFL.ZS
BEL,2003,gdp_deflator,74.6485124728231,NY.GDP.DEFL.ZS
BEL,2004,gdp_deflator,76.078022984393,NY.GDP.DEFL.ZS
BEL,2005,gdp_deflator,77.6627839983968,NY.GDP.DEFL.ZS
BEL,2006,gdp_deflator,79.4216256406949,NY.GDP.DEFL.ZS
BEL,2007,gdp_deflator,80.9557959960184,NY.GDP.DEFL.ZS
BEL,2008,gdp_deflator,82.5011363918889,NY.GDP.DEFL.ZS
BEL,2009,gdp_deflator,83.1461477452248,NY.GDP.DEFL.ZS
BEL,2010,gdp_deflator,84.5622134834913,NY.GDP.DEFL.ZS
BEL,2011,gdp_deflator,86.5008205972889,NY.GDP.DEFL.ZS
BEL,2012,gdp_deflator,88.4088007042897,NY.GDP.DEFL.ZS
BEL,2013,gdp_deflator,89.6575658680975,NY.GDP.DEFL.ZS
BEL,2014,gdp_deflator,90.4110442322977,NY.GDP.DEFL.ZS
BEL,2015,gdp_deflator,91.4253101520778,NY.GDP.DEFL.ZS
BEL,2016,gdp_deflator,93.158084122665,NY.GDP.DEFL.ZS
BEL,2017,gdp_deflator,95.0055611847091,NY.GDP.DEFL.ZS
BEL,2018,gdp_deflator,96.6370749338723,NY.GDP.DEFL.ZS
BEL,2019,gdp_deflator,98.428958972066,NY.GDP.DEFL.ZS
BEL,2020,gdp_deflator,100.0,NY.GDP.DEFL.ZS
BEL,2021,gdp_deflator,102.69731875411,NY.GDP.DEFL.ZS
BEL,2022,gdp_deflator,109.577038066672,NY.GDP.DEFL.ZS
BEL,2023,gdp_deflator,115.612315481099,NY.GDP.DEFL.ZS
BEL,2024,gdp_deflator,117.786109235879,NY.GDP.DEFL.ZS
CAN,2000,gdp_deflator,68.9919934810995,NY.GDP.DEFL.ZS
CAN,2001,gdp_deflator,70.0777044542628,NY.GDP.DEFL.ZS
CAN,2002,gdp_deflator,70.9590669227928,NY.GDP.DEFL.ZS
CAN,2003,gdp_deflator,73.2650440182869,NY.GDP.DEFL.ZS
CAN,2004,gdp_deflator,75.6540607830062,NY.GDP.DEFL.ZS
CAN,2005,gdp_deflator,78.0125244491875,NY.GDP.DEFL.ZS
CAN,2006,gdp_deflator,80.0185096230125,NY.GDP.DEFL.ZS
CAN,2007,gdp_deflator,82.6579001279841,NY.GDP.DEFL.ZS
CAN,2008,gdp_deflator,85.9613788457203,NY.GDP.DEFL.ZS
CAN,2009,gdp_deflator,83.9628014231332,NY.GDP.DEFL.ZS
CAN,2010,gdp_deflator,86.3547436481875,NY.GDP.DEFL.ZS
CAN,2011,gdp_deflator,89.1566157755979,NY.GDP.DEFL.ZS
CAN,2012,gdp_deflator,90.2421354173179,NY.GDP.DEFL.ZS
CAN,2013,gdp_deflator,91.812690498657,NY.GDP.DEFL.ZS
CAN,2014,gdp_deflator,93.5957401942571,NY.GDP.DEFL.ZS
CAN,2015,gdp_deflator,92.7836557148371,NY.GDP.DEFL.ZS
CAN,2016,gdp_deflator,93.4488926316027,NY.GDP.DEFL.ZS
CAN,2017,gdp_deflator,95.8516065823406,NY.GDP.DEFL.ZS
CAN,2018,gdp_deflator,97.4340894997812,NY.GDP.DEFL.ZS
CAN,2019,gdp_deflator,98.9406147654841,NY.GDP.DEFL.ZS
CAN,2020,gdp_deflator,100.0,NY.GDP.DEFL.ZS
CAN,2021,gdp_deflator,107.784831962793,NY.GDP.DEFL.ZS
CAN,2022,gdp_deflator,116.281053016744,NY.GDP.DEFL.ZS
CAN,2023,gdp_deflator,118.077325120345,NY.GDP.DEFL.ZS
CAN,2024,gdp_deflator,121.303476324056,NY.GDP.DEFL.ZS
CHE,2000,gdp_deflator,93.0052358209331,NY.GDP.DEFL.ZS
CHE,2001,gdp_deflator,94.0206262337928,NY.GDP.DEFL.ZS
CHE,2002,gdp_deflator,93.5913526468611,NY.GDP.DEFL.ZS
CHE,2003,gdp_deflator,94.6942559681656,NY.GDP.DEFL.ZS
CHE,2004,gdp_deflator,95.1029081581182,NY.GDP.DEFL.ZS
CHE,2005,gdp_deflator,96.0072335389315,NY.GDP.DEFL.ZS
CHE,2006,gdp_deflator,98.0486483779483,NY.GDP.DEFL.ZS
CHE,2007,gdp_deflator,100.47082616688,NY.GDP.DEFL.ZS
CHE,2008,gdp_deflator,101.829547441849,NY.GDP.DEFL.ZS
CHE,2009,gdp_deflator,102.313356335665,NY.GDP.DEFL.ZS
CHE,2010,gdp_deflator,102.774751647306,NY.GDP.DEFL.ZS
CHE,2011,gdp_deflator,102.883893590977,NY.GDP.DEFL.ZS
CHE,2012,gdp_deflator,103.09208989467,NY.GDP.DEFL.ZS
CHE,2013,gdp_deflator,103.061357930943,NY.GDP.DEFL.ZS
CHE,2014,gdp_deflator,102.437842733836,NY.GDP.DEFL.ZS
CHE,2015,gdp_deflator,101.060065148007,NY.GDP.DEFL.ZS
CHE,2016,gdp_deflator,100.444278800262,NY.GDP.DEFL.ZS
CHE,2017,gdp_deflator,100.10773985415,NY.GDP.DEFL.ZS
CHE,2018,gdp_deflator,100.857772029829,NY.GDP.DEFL.ZS
CHE,2019,gdp_deflator,100.766660672356,NY.GDP.DEFL.ZS
CHE,2020,gdp_deflator,100.0,NY.GDP.DEFL.ZS
CHE,2021,gdp_deflator,101.934798216661,NY.GDP.DEFL.ZS
CHE,2022,gdp_deflator,105.045131988788,NY.GDP.DEFL.ZS
CHE,2023,gdp_deflator,106.026219577388,NY.GDP.DEFL.ZS
CHE,2024,gdp_deflator,107.05028769202,NY.GDP.DEFL.ZS
CHL,2000,gdp_deflator,44.1516781939175,NY.GDP.DEFL.ZS
CHL,2001,gdp_deflator,46.0401103652359,NY.GDP.DEFL.ZS
CHL,2002,gdp_deflator,47.5781540876278,NY.GDP.DEFL.ZS
CHL,2003,gdp_deflator,49.6241578683936,NY.GDP.DEFL.ZS
CHL,2004,gdp_deflator,53.110136707574,NY.GDP.DEFL.ZS
CHL,2005,gdp_deflator,56.8917459252081,NY.GDP.DEFL.ZS
CHL,2006,gdp_deflator,63.9178173345423,NY.GDP.DEFL.ZS
CHL,2007,gdp_deflator,67.1704397811562,NY.GDP.DEFL.ZS
CHL,2008,gdp_deflator,67.3794288488586,NY.GDP.DEFL.ZS
CHL,2009,gdp_deflator,69.7901267133679,NY.GDP.DEFL.ZS
CHL,2010,gdp_deflator,75.971746352399,NY.GDP.DEFL.ZS
CHL,2011,gdp_deflator,78.4488164363178,NY.GDP.DEFL.ZS
CHL,2012,gdp_deflator,79.0477470111836,NY.GDP.DEFL.ZS
CHL,2013,gdp_deflator,80.8348352428658,NY.GDP.DEFL.ZS
CHL,2014,gdp_deflator,85.5660105453844,NY.GDP.DEFL.ZS
CHL,2015,gdp_deflator,89.8052634772631,NY.GDP.DEFL.ZS
CHL,2016,gdp_deflator,93.9009726474457,NY.GDP.DEFL.ZS
CHL,2017,gdp_deflator,98.4346917898808,NY.GDP.DEFL.ZS
CHL,2018,gdp_deflator,100.0,NY.GDP.DEFL.ZS
CHL,2019,gdp_deflator,102.566359255182,NY.GDP.DEFL.ZS
CHL,2020,gdp_deflator,112.493412217237,NY.GDP.DEFL.ZS
CHL,2021,gdp_deflator,120.236335723061,NY.GDP.DEFL.ZS
CHL,2022,gdp_deflator,129.311197034701,NY.GDP.DEFL.ZS
CHL,2023,gdp_deflator,137.791840050804,NY.GDP.DEFL.ZS
CHL,2024,gdp_deflator,147.613384260837,NY.GDP.DEFL.ZS
CHN,2000,gdp_deflator,51.7044059777808,NY.GDP.DEFL.ZS
CHN,2001,gdp_deflator,52.842567183393,NY.GDP.DEFL.ZS
CHN,2002,gdp_deflator,53.1857599935978,NY.GDP.DEFL.ZS
CHN,2003,gdp_deflator,54.5934612843301,NY.GDP.DEFL.ZS
CHN,2004,gdp_deflator,58.4048647111259,NY.GDP.DEFL.ZS
CHN,2005,gdp_deflator,60.5968673141994,NY.GDP.DEFL.ZS
CHN,2006,gdp_deflator,63.032191980649,NY.GDP.DEFL.ZS
CHN,2007,gdp_deflator,68.019876896713,NY.GDP.DEFL.ZS
CHN,2008,gdp_deflator,73.3649005771448,NY.GDP.DEFL.ZS
CHN,2009,gdp_deflator,73.3024872499616,NY.GDP.DEFL.ZS
CHN,2010,gdp_deflator,78.3844659620355,NY.GDP.DEFL.ZS
CHN,2011,gdp_deflator,84.6672598000845,NY.GDP.DEFL.ZS
CHN,2012,gdp_deflator,86.7023402222195,NY.GDP.DEFL.ZS
CHN,2013,gdp_deflator,88.6949971691171,NY.GDP.DEFL.ZS
CHN,2014,gdp_deflator,89.6634855698566,NY.GDP.DEFL.ZS
CHN,2015,gdp_deflator,89.7841730948422,NY.GDP.DEFL.ZS
CHN,2016,gdp_deflator,91.1122745445833,NY.GDP.DEFL.ZS
CHN,2017,gdp_deflator,94.8898339756055,NY.GDP.DEFL.ZS
CHN,2018,gdp_deflator,98.1795156990859,NY.GDP.DEFL.ZS
CHN,2019,gdp_deflator,99.4721279847305,NY.GDP.DEFL.ZS
CHN,2020,gdp_deflator,100.0,NY.GDP.DEFL.ZS
CHN,2021,gdp_deflator,104.473573585036,NY.GDP.DEFL.ZS
CHN,2022,gdp_deflator,106.494724224688,NY.GDP.DEFL.ZS
CHN,2023,gdp_deflator,105.955009582089,NY.GDP.DEFL.ZS
CHN,2024,gdp_deflator,105.145443254183,NY.GDP.DEFL.ZS
COL,2000,gdp_deflator,48.4386000792737,NY.GDP.DEFL.ZS
COL,2001,gdp_deflator,51.5960451787335,NY.GDP.DEFL.ZS
COL,2002,gdp_deflator,54.6753954825322,NY.GDP.DEFL.ZS
COL,2003,gdp_deflator,58.409186355082,NY.GDP.DEFL.ZS
COL,2004,gdp_deflator,62.6631469099713,NY.GDP.DEFL.ZS
COL,2005,gdp_deflator,65.641649169763,NY.GDP.DEFL.ZS
COL,2006,gdp_deflator,69.4538935451873,NY.GDP.DEFL.ZS
COL,2007,gdp_deflator,73.0669085713019,NY.GDP.DEFL.ZS
COL,2008,gdp_deflator,78.6765349266072,NY.GDP.DEFL.ZS
COL,2009,gdp_deflator,81.8741266960053,NY.GDP.DEFL.ZS
COL,2010,gdp_deflator,84.9893228316444,NY.GDP.DEFL.ZS
COL,2011,gdp_deflator,90.4174237688204,NY.GDP.DEFL.ZS
COL,2012,gdp_deflator,93.6875101031044,NY.GDP.DEFL.ZS
COL,2013,gdp_deflator,95.4747646532672,NY.GDP.DEFL.ZS
COL,2014,gdp_deflator,97.6092294031774,NY.GDP.DEFL.ZS
COL,2015,gdp_deflator,100.0,NY.GDP.DEFL.ZS
COL,2016,gdp_deflator,105.148334305146,NY.GDP.DEFL.ZS
COL,2017,gdp_deflator,110.546372091236,NY.GDP.DEFL.ZS
COL,2018,gdp_deflator,115.665309926839,NY.GDP.DEFL.ZS
COL,2019,gdp_deflator,120.294953383022,NY.GDP.DEFL.ZS
COL,2020,gdp_deflator,122.077393324367,NY.GDP.DEFL.ZS
COL,2021,gdp_deflator,131.602009615523,NY.GDP.DEFL.ZS
COL,2022,gdp_deflator,151.243657823175,NY.GDP.DEFL.ZS
COL,2023,gdp_deflator,161.819985461486,NY.GDP.DEFL.ZS
COL,2024,gdp_deflator,172.107806205989,NY.GDP.DEFL.ZS
CRI,2000,gdp_deflator,23.433402238027,NY.GDP.DEFL.ZS
CRI,2001,gdp_deflator,25.7113490134415,NY.GDP.DEFL.ZS
CRI,2002,gdp_deflator,28.2276895110321,NY.GDP.DEFL.ZS
CRI,2003,gdp_deflator,31.2334403368535,NY.GDP.DEFL.ZS
CRI,2004,gdp_deflator,35.4032139171842,NY.GDP.DEFL.ZS
CRI,2005,gdp_deflator,40.0103492751263,NY.GDP.DEFL.ZS
CRI,2006,gdp_deflator,45.2054175391961,NY.GDP.DEFL.ZS
CRI,2007,gdp_deflator,49.9595744087798,NY.GDP.DEFL.ZS
CRI,2008,gdp_deflator,55.6668490933072,NY.GDP.DEFL.ZS
CRI,2009,gdp_deflator,61.0672742651324,NY.GDP.DEFL.ZS
CRI,2010,gdp_deflator,65.1153293573325,NY.GDP.DEFL.ZS
CRI,2011,gdp_deflator,68.1062231618565,NY.GDP.DEFL.ZS
CRI,2012,gdp_deflator,71.3301216653021,NY.GDP.DEFL.ZS
CRI,2013,gdp_deflator,74.6043251347898,NY.GDP.DEFL.ZS
CRI,2014,gdp_deflator,79.2349562143915,NY.GDP.DEFL.ZS
CRI,2015,gdp_deflator,82.3688695919513,NY.GDP.DEFL.ZS
CRI,2016,gdp_deflator,83.9822819203426,NY.GDP.DEFL.ZS
CRI,2017,gdp_deflator,86.383237598349,NY.GDP.DEFL.ZS
CRI,2018,gdp_deflator,88.2820585607208,NY.GDP.DEFL.ZS
CRI,2019,gdp_deflator,90.5484689931872,NY.GDP.DEFL.ZS
CRI,2020,gdp_deflator,91.2471069157662,NY.GDP.DEFL.ZS
CRI,2021,gdp_deflator,93.4551031044433,NY.GDP.DEFL.ZS
CRI,2022,gdp_deflator,100.0,NY.GDP.DEFL.ZS
CRI,2023,gdp_deflator,98.8829230669269,NY.GDP.DEFL.ZS
CRI,2024,gdp_deflator,99.4095535267289,NY.GDP.DEFL.ZS
CZE,2000,gdp_deflator,65.8549938733478,NY.GDP.DEFL.ZS
CZE,2001,gdp_deflator,69.1046595716087,NY.GDP.DEFL.ZS
CZE,2002,gdp_deflator,71.0397812015527,NY.GDP.DEFL.ZS
CZE,2003,gdp_deflator,72.0432046088171,NY.GDP.DEFL.ZS
CZE,2004,gdp_deflator,74.9660770997298,NY.GDP.DEFL.ZS
CZE,2005,gdp_deflator,75.0543880150086,NY.GDP.DEFL.ZS
CZE,2006,gdp_deflator,75.567189741234,NY.GDP.DEFL.ZS
CZE,2007,gdp_deflator,78.2580401790307,NY.GDP.DEFL.ZS
CZE,2008,gdp_deflator,79.843807224608,NY.GDP.DEFL.ZS
CZE,2009,gdp_deflator,81.9558242984015,NY.GDP.DEFL.ZS
CZE,2010,gdp_deflator,81.558235862026,NY.GDP.DEFL.ZS
CZE,2011,gdp_deflator,81.3778833490047,NY.GDP.DEFL.ZS
CZE,2012,gdp_deflator,82.4711057782036,NY.GDP.DEFL.ZS
CZE,2013,gdp_deflator,83.5197982868971,NY.GDP.DEFL.ZS
CZE,2014,gdp_deflator,85.7804419798355,NY.GDP.DEFL.ZS
CZE,2015,gdp_deflator,86.8394328104214,NY.GDP.DEFL.ZS
CZE,2016,gdp_deflator,88.1344118797827,NY.GDP.DEFL.ZS
CZE,2017,gdp_deflator,89.6182609086851,NY.GDP.DEFL.ZS
CZE,2018,gdp_deflator,92.1395450345647,NY.GDP.DEFL.ZS
CZE,2019,gdp_deflator,95.6789178699505,NY.GDP.DEFL.ZS
CZE,2020,gdp_deflator,100.0,NY.GDP.DEFL.ZS
CZE,2021,gdp_deflator,104.034426374972,NY.GDP.DEFL.ZS
CZE,2022,gdp_deflator,113.055356435532,NY.GDP.DEFL.ZS
CZE,2023,gdp_deflator,122.775731690565,NY.GDP.DEFL.ZS
CZE,2024,gdp_deflator,127.567030347472,NY.GDP.DEFL.ZS
DEU,2000,gdp_deflator,75.3557941623041,NY.GDP.DEFL.ZS
DEU,2001,gdp_deflator,76.4359350824322,NY.GDP.DEFL.ZS
DEU,2002,gdp_deflator,77.5819033845692,NY.GDP.DEFL.ZS
DEU,2003,gdp_deflator,78.6072659148563,NY.GDP.DEFL.ZS
DEU,2004,gdp_deflator,79.5154476261897,NY.GDP.DEFL.ZS
DEU,2005,gdp_deflator,79.9404797445523,NY.GDP.DEFL.ZS
DEU,2006,gdp_deflator,80.2893511490106,NY.GDP.DEFL.ZS
DEU,2007,gdp_deflator,81.7671045196017,NY.GDP.DEFL.ZS
DEU,2008,gdp_deflator,82.547782760842,NY.GDP.DEFL.ZS
DEU,2009,gdp_deflator,84.1764527217182,NY.GDP.DEFL.ZS
DEU,2010,gdp_deflator,84.7654858884764,NY.GDP.DEFL.ZS
DEU,2011,gdp_deflator,85.8078762615756,NY.GDP.DEFL.ZS
DEU,2012,gdp_deflator,87.0403658745051,NY.GDP.DEFL.ZS
DEU,2013,gdp_deflator,88.7774294826186,NY.GDP.DEFL.ZS
DEU,2014,gdp_deflator,90.4594991383741,NY.GDP.DEFL.ZS
DEU,2015,gdp_deflator,92.0375107259777,NY.GDP.DEFL.ZS
DEU,2016,gdp_deflator,93.191886466528,NY.GDP.DEFL.ZS
DEU,2017,gdp_deflator,94.5679711473989,NY.GDP.DEFL.ZS
DEU,2018,gdp_deflator,96.3372050564326,NY.GDP.DEFL.ZS
DEU,2019,gdp_deflator,98.272900066236,NY.GDP.DEFL.ZS
DEU,2020,gdp_deflator,100.0,NY.GDP.DEFL.ZS
DEU,2021,gdp_deflator,102.696778400829,NY.GDP.DEFL.ZS
DEU,2022,gdp_deflator,109.282886198775,NY.GDP.DEFL.ZS
DEU,2023,gdp_deflator,116.595139509914,NY.GDP.DEFL.ZS
DEU,2024,gdp_deflator,120.221571808551,NY.GDP.DEFL.ZS
DNK,2000,gdp_deflator,70.6650741328015,NY.GDP.DEFL.ZS
DNK,2001,gdp_deflator,72.4439589108133,NY.GDP.DEFL.ZS
DNK,2002,gdp_deflator,74.1748834568037,NY.GDP.DEFL.ZS
DNK,2003,gdp_deflator,75.2834535556671,NY.GDP.DEFL.ZS
DNK,2004,gdp_deflator,76.8530303047804,NY.GDP.DEFL.ZS
DNK,2005,gdp_deflator,79.0801913165055,NY.GDP.DEFL.ZS
DNK,2006,gdp_deflator,80.7318219347411,NY.GDP.DEFL.ZS
DNK,2007,gdp_deflator,82.6894180826353,NY.GDP.DEFL.ZS
DNK,2008,gdp_deflator,86.2072399538841,NY.GDP.DEFL.ZS
DNK,2009,gdp_deflator,86.7001291368113,NY.GDP.DEFL.ZS
DNK,2010,gdp_deflator,89.4631406927186,NY.GDP.DEFL.ZS
DNK,2011,gdp_deflator,90.0414128486929,NY.GDP.DEFL.ZS
DNK,2012,gdp_deflator,92.2094683543948,NY.GDP.DEFL.ZS
DNK,2013,gdp_deflator,92.9904007246024,NY.GDP.DEFL.ZS
DNK,2014,gdp_deflator,93.937699968998,NY.GDP.DEFL.ZS
DNK,2015,gdp_deflator,94.322001841369,NY.GDP.DEFL.ZS
DNK,2016,gdp_deflator,94.724297380394,NY.GDP.DEFL.ZS
DNK,2017,gdp_deflator,95.7668507562915,NY.GDP.DEFL.ZS
DNK,2018,gdp_deflator,96.3347694410901,NY.GDP.DEFL.ZS
DNK,2019,gdp_deflator,97.2507961543352,NY.GDP.DEFL.ZS
DNK,2020,gdp_deflator,100.0,NY.GDP.DEFL.ZS
DNK,2021,gdp_deflator,103.044354201347,NY.GDP.DEFL.ZS
DNK,2022,gdp_deflator,113.759329142143,NY.GDP.DEFL.ZS
DNK,2023,gdp_deflator,111.344780139553,NY.GDP.DEFL.ZS
DNK,2024,gdp_deflator,112.965353464471,NY.GDP.DEFL.ZS
ESP,2000,gdp_deflator,69.6416338391089,NY.GDP.DEFL.ZS
ESP,2001,gdp_deflator,72.5403368101658,NY.GDP.DEFL.ZS
ESP,2002,gdp_deflator,75.5084714183419,NY.GDP.DEFL.ZS
ESP,2003,gdp_deflator,78.5318047337278,NY.GDP.DEFL.ZS
ESP,2004,gdp_deflator,81.6037064517537,NY.GDP.DEFL.ZS
ESP,2005,gdp_deflator,85.0416081013475,NY.GDP.DEFL.ZS
ESP,2006,gdp_deflator,88.5049180847607,NY.GDP.DEFL.ZS
ESP,2007,gdp_deflator,91.6567854062431,NY.GDP.DEFL.ZS
ESP,2008,gdp_deflator,93.9042497963525,NY.GDP.DEFL.ZS
ESP,2009,gdp_deflator,94.1214344485906,NY.GDP.DEFL.ZS
ESP,2010,gdp_deflator,94.3970575218718,NY.GDP.DEFL.ZS
ESP,2011,gdp_deflator,94.2592767360777,NY.GDP.DEFL.ZS
ESP,2012,gdp_deflator,94.0679728283027,NY.GDP.DEFL.ZS
ESP,2013,gdp_deflator,94.4801551990007,NY.GDP.DEFL.ZS
ESP,2014,gdp_deflator,94.271649970964,NY.GDP.DEFL.ZS
ESP,2015,gdp_deflator,94.7924459860799,NY.GDP.DEFL.ZS
ESP,2016,gdp_deflator,95.1452469189149,NY.GDP.DEFL.ZS
ESP,2017,gdp_deflator,96.3421211464971,NY.GDP.DEFL.ZS
ESP,2018,gdp_deflator,97.4860438522988,NY.GDP.DEFL.ZS
ESP,2019,gdp_deflator,98.8787989204417,NY.GDP.DEFL.ZS
ESP,2020,gdp_deflator,100.0,NY.GDP.DEFL.ZS
ESP,2021,gdp_deflator,102.556112365016,NY.GDP.DEFL.ZS
ESP,2022,gdp_deflator,107.369931708733,NY.GDP.DEFL.ZS
ESP,2023,gdp_deflator,114.075403840339,NY.GDP.DEFL.ZS
ESP,2024,gdp_deflator,117.374880643264,NY.GDP.DEFL.ZS
EST,2000,gdp_deflator,42.0259168826362,NY.GDP.DEFL.ZS
EST,2001,gdp_deflator,44.9041535827077,NY.GDP.DEFL.ZS
EST,2002,gdp_deflator,47.0612943591685,NY.GDP.DEFL.ZS
EST,2003,gdp_deflator,48.8916895877854,NY.GDP.DEFL.ZS
EST,2004,gdp_deflator,51.1844453098802,NY.GDP.DEFL.ZS
EST,2005,gdp_deflator,54.2165577750372,NY.GDP.DEFL.ZS
EST,2006,gdp_deflator,59.0844660441024,NY.GDP.DEFL.ZS
EST,2007,gdp_deflator,66.3838588049349,NY.GDP.DEFL.ZS
EST,2008,gdp_deflator,70.8947143495688,NY.GDP.DEFL.ZS
EST,2009,gdp_deflator,70.6199072742011,NY.GDP.DEFL.ZS
EST,2010,gdp_deflator,71.9027445072323,NY.GDP.DEFL.ZS
EST,2011,gdp_deflator,75.8855631219665,NY.GDP.DEFL.ZS
EST,2012,gdp_deflator,79.0769531034296,NY.GDP.DEFL.ZS
EST,2013,gdp_deflator,82.3380501873219,NY.GDP.DEFL.ZS
EST,2014,gdp_deflator,84.6900720653938,NY.GDP.DEFL.ZS
EST,2015,gdp_deflator,85.7964962611494,NY.GDP.DEFL.ZS
EST,2016,gdp_deflator,87.8886666505325,NY.GDP.DEFL.ZS
EST,2017,gdp_deflator,91.1766682162675,NY.GDP.DEFL.ZS
EST,2018,gdp_deflator,95.5978928919907,NY.GDP.DEFL.ZS
EST,2019,gdp_deflator,99.2522942978791,NY.GDP.DEFL.ZS
EST,2020,gdp_deflator,100.0,NY.GDP.DEFL.ZS
EST,2021,gdp_deflator,104.291492700033,NY.GDP.DEFL.ZS
EST,2022,gdp_deflator,121.859195530305,NY.GDP.DEFL.ZS
EST,2023,gdp_deflator,132.382081625219,NY.GDP.DEFL.ZS
EST,2024,gdp_deflator,137.663920026726,NY.GDP.DEFL.ZS
FIN,2000,gdp_deflator,72.7308016288743,NY.GDP.DEFL.ZS
FIN,2001,gdp_deflator,75.1342863072009,NY.GDP.DEFL.ZS
FIN,2002,gdp_deflator,75.8429027390339,NY.GDP.DEFL.ZS
FIN,2003,gdp_deflator,75.9869913259963,NY.GDP.DEFL.ZS
FIN,2004,gdp_deflator,76.4446152235049,NY.GDP.DEFL.ZS
FIN,2005,gdp_deflator,77.1550718219089,NY.GDP.DEFL.ZS
FIN,2006,gdp_deflator,77.8650375265328,NY.GDP.DEFL.ZS
FIN,2007,gdp_deflator,80.0097507539653,NY.GDP.DEFL.ZS
FIN,2008,gdp_deflator,82.4401160744001,NY.GDP.DEFL.ZS
FIN,2009,gdp_deflator,83.9036141356558,NY.GDP.DEFL.ZS
FIN,2010,gdp_deflator,84.1963311464477,NY.GDP.DEFL.ZS
FIN,2011,gdp_deflator,86.3862174353177,NY.GDP.DEFL.ZS
FIN,2012,gdp_deflator,88.9305904548191,NY.GDP.DEFL.ZS
FIN,2013,gdp_deflator,91.2084534047575,NY.GDP.DEFL.ZS
FIN,2014,gdp_deflator,92.7085319460865,NY.GDP.DEFL.ZS
FIN,2015,gdp_deflator,94.2221863528743,NY.GDP.DEFL.ZS
FIN,2016,gdp_deflator,94.274192663407,NY.GDP.DEFL.ZS
FIN,2017,gdp_deflator,95.0623682171237,NY.GDP.DEFL.ZS
FIN,2018,gdp_deflator,96.951313571673,NY.GDP.DEFL.ZS
FIN,2019,gdp_deflator,98.3879953726235,NY.GDP.DEFL.ZS
FIN,2020,gdp_deflator,100.0,NY.GDP.DEFL.ZS
FIN,2021,gdp_deflator,102.492842024653,NY.GDP.DEFL.ZS
FIN,2022,gdp_deflator,108.819500454481,NY.GDP.DEFL.ZS
FIN,2023,gdp_deflator,113.08708696951,NY.GDP.DEFL.ZS
FIN,2024,gdp_deflator,113.898184161032,NY.GDP.DEFL.ZS
FRA,2000,gdp_deflator,75.7381971745127,NY.GDP.DEFL.ZS
FRA,2001,gdp_deflator,77.1790391039495,NY.GDP.DEFL.ZS
FRA,2002,gdp_deflator,78.772228969585,NY.GDP.DEFL.ZS
FRA,2003,gdp_deflator,80.1912157130637,NY.GDP.DEFL.ZS
FRA,2004,gdp_deflator,81.5012509359315,NY.GDP.DEFL.ZS
FRA,2005,gdp_deflator,83.1003897217882,NY.GDP.DEFL.ZS
FRA,2006,gdp_deflator,84.7602198965717,NY.GDP.DEFL.ZS
FRA,2007,gdp_deflator,86.781776741465,NY.GDP.DEFL.ZS
FRA,2008,gdp_deflator,88.7784511557395,NY.GDP.DEFL.ZS
FRA,2009,gdp_deflator,88.872521814014,NY.GDP.DEFL.ZS
FRA,2010,gdp_deflator,89.8407403246603,NY.GDP.DEFL.ZS
FRA,2011,gdp_deflator,90.6057147898678,NY.GDP.DEFL.ZS
FRA,2012,gdp_deflator,91.5861111187861,NY.GDP.DEFL.ZS
FRA,2013,gdp_deflator,92.2710614868023,NY.GDP.DEFL.ZS
FRA,2014,gdp_deflator,92.7977401424006,NY.GDP.DEFL.ZS
FRA,2015,gdp_deflator,93.8504749093193,NY.GDP.DEFL.ZS
FRA,2016,gdp_deflator,94.335924216755,NY.GDP.DEFL.ZS
FRA,2017,gdp_deflator,94.8890564538999,NY.GDP.DEFL.ZS
FRA,2018,gdp_deflator,95.9466835322152,NY.GDP.DEFL.ZS
FRA,2019,gdp_deflator,97.1081402840986,NY.GDP.DEFL.ZS
FRA,2020,gdp_deflator,100.0,NY.GDP.DEFL.ZS
FRA,2021,gdp_deflator,101.221816140734,NY.GDP.DEFL.ZS
FRA,2022,gdp_deflator,104.276877010323,NY.GDP.DEFL.ZS
FRA,2023,gdp_deflator,109.480568133252,NY.GDP.DEFL.ZS
FRA,2024,gdp_deflator,111.766084092775,NY.GDP.DEFL.ZS
GBR,2000,gdp_deflator,64.4537768617233,NY.GDP.DEFL.ZS
GBR,2001,gdp_deflator,65.557354667458,NY.GDP.DEFL.ZS
GBR,2002,gdp_deflator,66.9265866499357,NY.GDP.DEFL.ZS
GBR,2003,gdp_deflator,68.5226114764201,NY.GDP.DEFL.ZS
GBR,2004,gdp_deflator,70.3936485890577,NY.GDP.DEFL.ZS
GBR,2005,gdp_deflator,72.4097193466476,NY.GDP.DEFL.ZS
GBR,2006,gdp_deflator,74.6366990328632,NY.GDP.DEFL.ZS
GBR,2007,gdp_deflator,76.1245155236341,NY.GDP.DEFL.ZS
GBR,2008,gdp_deflator,78.6402065744694,NY.GDP.DEFL.ZS
GBR,2009,gdp_deflator,80.2188698743616,NY.GDP.DEFL.ZS
GBR,2010,gdp_deflator,81.2844743738279,NY.GDP.DEFL.ZS
GBR,2011,gdp_deflator,83.2970439721691,NY.GDP.DEFL.ZS
GBR,2012,gdp_deflator,84.5862894985228,NY.GDP.DEFL.ZS
GBR,2013,gdp_deflator,86.4108900194114,NY.GDP.DEFL.ZS
GBR,2014,gdp_deflator,87.7900213276968,NY.GDP.DEFL.ZS
GBR,2015,gdp_deflator,88.3774875721393,NY.GDP.DEFL.ZS
GBR,2016,gdp_deflator,89.911184784863,NY.GDP.DEFL.ZS
GBR,2017,gdp_deflator,91.2980898191242,NY.GDP.DEFL.ZS
GBR,2018,gdp_deflator,93.090057795961,NY.GDP.DEFL.ZS
GBR,2019,gdp_deflator,95.3813117700179,NY.GDP.DEFL.ZS
GBR,2020,gdp_deflator,100.0,NY.GDP.DEFL.ZS
GBR,2021,gdp_deflator,100.711756533859,NY.GDP.DEFL.ZS
GBR,2022,gdp_deflator,106.430816682767,NY.GDP.DEFL.ZS
GBR,2023,gdp_deflator,113.183760675263,NY.GDP.DEFL.ZS
GBR,2024,gdp_deflator,117.640854805902,NY.GDP.DEFL.ZS
GRC,2000,gdp_deflator,78.1586691144233,NY.GDP.DEFL.ZS
GRC,2001,gdp_deflator,80.8713118956389,NY.GDP.DEFL.ZS
GRC,2002,gdp_deflator,83.2599725939731,NY.GDP.DEFL.ZS
GRC,2003,gdp_deflator,86.2228522352232,NY.GDP.DEFL.ZS
GRC,2004,gdp_deflator,88.7826454999877,NY.GDP.DEFL.ZS
GRC,2005,gdp_deflator,90.4698867776271,NY.GDP.DEFL.ZS
GRC,2006,gdp_deflator,93.5137786948896,NY.GDP.DEFL.ZS
GRC,2007,gdp_deflator,96.6624846846638,NY.GDP.DEFL.ZS
GRC,2008,gdp_deflator,100.589773995993,NY.GDP.DEFL.ZS
GRC,2009,gdp_deflator,102.972176710734,NY.GDP.DEFL.ZS
GRC,2010,gdp_deflator,104.188196411618,NY.GDP.DEFL.ZS
GRC,2011,gdp_deflator,105.205758561532,NY.GDP.DEFL.ZS
GRC,2012,gdp_deflator,104.853771733192,NY.GDP.DEFL.ZS
GRC,2013,gdp_deflator,102.798300595601,NY.GDP.DEFL.ZS
GRC,2014,gdp_deflator,100.821001437819,NY.GDP.DEFL.ZS
GRC,2015,gdp_deflator,100.64481297452,NY.GDP.DEFL.ZS
GRC,2016,gdp_deflator,100.151692497107,NY.GDP.DEFL.ZS
GRC,2017,gdp_deflator,100.355614895143,NY.GDP.DEFL.ZS
GRC,2018,gdp_deflator,100.119979458447,NY.GDP.DEFL.ZS
GRC,2019,gdp_deflator,100.36528920845,NY.GDP.DEFL.ZS
GRC,2020,gdp_deflator,100.0,NY.GDP.DEFL.ZS
GRC,2021,gdp_deflator,101.39275644674,NY.GDP.DEFL.ZS
GRC,2022,gdp_deflator,107.765709367877,NY.GDP.DEFL.ZS
GRC,2023,gdp_deflator,114.52230794631,NY.GDP.DEFL.ZS
GRC,2024,gdp_deflator,118.197745742627,NY.GDP.DEFL.ZS
HUN,2000,gdp_deflator,42.2719532109579,NY.GDP.DEFL.ZS
HUN,2001,gdp_deflator,46.9335318496209,NY.GDP.DEFL.ZS
HUN,2002,gdp_deflator,50.710024539645,NY.GDP.DEFL.ZS
HUN,2003,gdp_deflator,53.4538524945474,NY.GDP.DEFL.ZS
HUN,2004,gdp_deflator,56.2028523518734,NY.GDP.DEFL.ZS
HUN,2005,gdp_deflator,57.6768866387418,NY.GDP.DEFL.ZS
HUN,2006,gdp_deflator,59.794953306412,NY.GDP.DEFL.ZS
HUN,2007,gdp_deflator,63.0477068664895,NY.GDP.DEFL.ZS
HUN,2008,gdp_deflator,66.073985204598,NY.GDP.DEFL.ZS
HUN,2009,gdp_deflator,68.8581274626942,NY.GDP.DEFL.ZS
HUN,2010,gdp_deflator,70.6010701221195,NY.GDP.DEFL.ZS
HUN,2011,gdp_deflator,71.9618772743046,NY.GDP.DEFL.ZS
HUN,2012,gdp_deflator,74.0323101015731,NY.GDP.DEFL.ZS
HUN,2013,gdp_deflator,76.1309851147943,NY.GDP.DEFL.ZS
HUN,2014,gdp_deflator,78.9403106632317,NY.GDP.DEFL.ZS
HUN,2015,gdp_deflator,81.1594474322558,NY.GDP.DEFL.ZS
HUN,2016,gdp_deflator,82.2328217670034,NY.GDP.DEFL.ZS
HUN,2017,gdp_deflator,85.5528015079503,NY.GDP.DEFL.ZS
HUN,2018,gdp_deflator,89.6981632218737,NY.GDP.DEFL.ZS
HUN,2019,gdp_deflator,93.9614599919338,NY.GDP.DEFL.ZS
HUN,2020,gdp_deflator,100.0,NY.GDP.DEFL.ZS
HUN,2021,gdp_deflator,106.166948922961,NY.GDP.DEFL.ZS
HUN,2022,gdp_deflator,120.996232575169,NY.GDP.DEFL.ZS
HUN,2023,gdp_deflator,139.136355801665,NY.GDP.DEFL.ZS
HUN,2024,gdp_deflator,149.682877681878,NY.GDP.DEFL.ZS
IRL,2000,gdp_deflator,71.5129107039557,NY.GDP.DEFL.ZS
IRL,2001,gdp_deflator,76.4184720112965,NY.GDP.DEFL.ZS
IRL,2002,gdp_deflator,80.3822245788239,NY.GDP.DEFL.ZS
IRL,2003,gdp_deflator,83.5265602386311,NY.GDP.DEFL.ZS
IRL,2004,gdp_deflator,83.9570033409643,NY.GDP.DEFL.ZS
IRL,2005,gdp_deflator,86.5371790594748,NY.GDP.DEFL.ZS
IRL,2006,gdp_deflator,89.496662181466,NY.GDP.DEFL.ZS
IRL,2007,gdp_deflator,90.5692689168943,NY.GDP.DEFL.ZS
IRL,2008,gdp_deflator,90.1123238866331,NY.GDP.DEFL.ZS
IRL,2009,gdp_deflator,85.9449906513371,NY.GDP.DEFL.ZS
IRL,2010,gdp_deflator,83.3933467207057,NY.GDP.DEFL.ZS
IRL,2011,gdp_deflator,84.951061102553,NY.GDP.DEFL.ZS
IRL,2012,gdp_deflator,87.0217254617412,NY.GDP.DEFL.ZS
IRL,2013,gdp_deflator,88.1853453021704,NY.GDP.DEFL.ZS
IRL,2014,gdp_deflator,88.4140192201743,NY.GDP.DEFL.ZS
IRL,2015,gdp_deflator,96.2986156850128,NY.GDP.DEFL.ZS
IRL,2016,gdp_deflator,96.4107698852688,NY.GDP.DEFL.ZS
IRL,2017,gdp_deflator,97.8511311932151,NY.GDP.DEFL.ZS
IRL,2018,gdp_deflator,98.7530425992657,NY.GDP.DEFL.ZS
IRL,2019,gdp_deflator,102.107697913788,NY.GDP.DEFL.ZS
IRL,2020,gdp_deflator,100.0,NY.GDP.DEFL.ZS
IRL,2021,gdp_deflator,101.048750976761,NY.GDP.DEFL.ZS
IRL,2022,gdp_deflator,109.136770999928,NY.GDP.DEFL.ZS
IRL,2023,gdp_deflator,112.839324949869,NY.GDP.DEFL.ZS
IRL,2024,gdp_deflator,117.9587419922,NY.GDP.DEFL.ZS
ISL,2000,gdp_deflator,37.8728914668364,NY.GDP.DEFL.ZS
ISL,2001,gdp_deflator,41.1589400936838,NY.GDP.DEFL.ZS
ISL,2002,gdp_deflator,43.5722011119945,NY.GDP.DEFL.ZS
ISL,2003,gdp_deflator,43.7854309130798,NY.GDP.DEFL.ZS
ISL,2004,gdp_deflator,44.9510386593481,NY.GDP.DEFL.ZS
ISL,2005,gdp_deflator,46.2733181526559,NY.GDP.DEFL.ZS
ISL,2006,gdp_deflator,50.2892515854645,NY.GDP.DEFL.ZS
ISL,2007,gdp_deflator,52.4538802110953,NY.GDP.DEFL.ZS
ISL,2008,gdp_deflator,58.8450121446015,NY.GDP.DEFL.ZS
ISL,2009,gdp_deflator,65.3345540198542,NY.GDP.DEFL.ZS
ISL,2010,gdp_deflator,69.615309717654,NY.GDP.DEFL.ZS
ISL,2011,gdp_deflator,72.0188887922866,NY.GDP.DEFL.ZS
ISL,2012,gdp_deflator,74.5448180722681,NY.GDP.DEFL.ZS
ISL,2013,gdp_deflator,76.4032130621949,NY.GDP.DEFL.ZS
ISL,2014,gdp_deflator,79.6216548400668,NY.GDP.DEFL.ZS
ISL,2015,gdp_deflator,84.9974144231353,NY.GDP.DEFL.ZS
ISL,2016,gdp_deflator,87.2913446191349,NY.GDP.DEFL.ZS
ISL,2017,gdp_deflator,88.6650884324646,NY.GDP.DEFL.ZS
ISL,2018,gdp_deflator,91.4178061598792,NY.GDP.DEFL.ZS
ISL,2019,gdp_deflator,95.8394927178108,NY.GDP.DEFL.ZS
ISL,2020,gdp_deflator,100.0,NY.GDP.DEFL.ZS
ISL,2021,gdp_deflator,106.148607651114,NY.GDP.DEFL.ZS
ISL,2022,gdp_deflator,115.524630414235,NY.GDP.DEFL.ZS
ISL,2023,gdp_deflator,121.864044264019,NY.GDP.DEFL.ZS
ISL,2024,gdp_deflator,129.242985895653,NY.GDP.DEFL.ZS
ISR,2000,gdp_deflator,74.3174884612052,NY.GDP.DEFL.ZS
ISR,2001,gdp_deflator,75.5987718988468,NY.GDP.DEFL.ZS
ISR,2002,gdp_deflator,79.1772260869487,NY.GDP.DEFL.ZS
ISR,2003,gdp_deflator,78.6638804194017,NY.GDP.DEFL.ZS
ISR,2004,gdp_deflator,78.8514106884636,NY.GDP.DEFL.ZS
ISR,2005,gdp_deflator,79.6709754076737,NY.GDP.DEFL.ZS
ISR,2006,gdp_deflator,80.6921219048519,NY.GDP.DEFL.ZS
ISR,2007,gdp_deflator,81.3281809810179,NY.GDP.DEFL.ZS
ISR,2008,gdp_deflator,82.4383107498317,NY.GDP.DEFL.ZS
ISR,2009,gdp_deflator,86.0927485295824,NY.GDP.DEFL.ZS
ISR,2010,gdp_deflator,87.1167593749545,NY.GDP.DEFL.ZS
ISR,2011,gdp_deflator,88.3760908609504,NY.GDP.DEFL.ZS
ISR,2012,gdp_deflator,91.4097495425383,NY.GDP.DEFL.ZS
ISR,2013,gdp_deflator,93.1312859690689,NY.GDP.DEFL.ZS
ISR,2014,gdp_deflator,93.8516244767406,NY.GDP.DEFL.ZS
ISR,2015,gdp_deflator,96.0654330848531,NY.GDP.DEFL.ZS
ISR,2016,gdp_deflator,96.2729401225217,NY.GDP.DEFL.ZS
ISR,2017,gdp_deflator,96.2451563468027,NY.GDP.DEFL.ZS
ISR,2018,gdp_deflator,96.9402358724344,NY.GDP.DEFL.ZS
ISR,2019,gdp_deflator,98.7860578753071,NY.GDP.DEFL.ZS
ISR,2020,gdp_deflator,100.0,NY.GDP.DEFL.ZS
ISR,2021,gdp_deflator,102.28740044336,NY.GDP.DEFL.ZS
ISR,2022,gdp_deflator,107.254671413052,NY.GDP.DEFL.ZS
ISR,2023,gdp_deflator,112.143793080151,NY.GDP.DEFL.ZS
ISR,2024,gdp_deflator,118.370584056677,NY.GDP.DEFL.ZS
ITA,2000,gdp_deflator,70.3117994735981,NY.GDP.DEFL.ZS
ITA,2001,gdp_deflator,72.4661387648346,NY.GDP.DEFL.ZS
ITA,2002,gdp_deflator,74.8611501763971,NY.GDP.DEFL.ZS
ITA,2003,gdp_deflator,77.2322007081547,NY.GDP.DEFL.ZS
ITA,2004,gdp_deflator,79.2632225596416,NY.GDP.DEFL.ZS
ITA,2005,gdp_deflator,80.9152302349763,NY.GDP.DEFL.ZS
ITA,2006,gdp_deflator,82.708223885627,NY.GDP.DEFL.ZS
ITA,2007,gdp_deflator,84.7484247970932,NY.GDP.DEFL.ZS
ITA,2008,gdp_deflator,86.7862811556124,NY.GDP.DEFL.ZS
ITA,2009,gdp_deflator,88.3245986714958,NY.GDP.DEFL.ZS
ITA,2010,gdp_deflator,88.8526381897957,NY.GDP.DEFL.ZS
ITA,2011,gdp_deflator,90.3887081237109,NY.GDP.DEFL.ZS
ITA,2012,gdp_deflator,91.9274672532375,NY.GDP.DEFL.ZS
ITA,2013,gdp_deflator,92.9623720044883,NY.GDP.DEFL.ZS
ITA,2014,gdp_deflator,93.801404551964,NY.GDP.DEFL.ZS
ITA,2015,gdp_deflator,94.5356598825873,NY.GDP.DEFL.ZS
ITA,2016,gdp_deflator,95.715627369582,NY.GDP.DEFL.ZS
ITA,2017,gdp_deflator,96.395037677377,NY.GDP.DEFL.ZS
ITA,2018,gdp_deflator,97.4270251334841,NY.GDP.DEFL.ZS
ITA,2019,gdp_deflator,98.44709281329,NY.GDP.DEFL.ZS
ITA,2020,gdp_deflator,100.0,NY.GDP.DEFL.ZS
ITA,2021,gdp_deflator,101.283321872926,NY.GDP.DEFL.ZS
ITA,2022,gdp_deflator,104.783024424308,NY.GDP.DEFL.ZS
ITA,2023,gdp_deflator,111.342446038979,NY.GDP.DEFL.ZS
ITA,2024,gdp_deflator,113.534122269155,NY.GDP.DEFL.ZS
JPN,2000,gdp_deflator,108.631928666631,NY.GDP.DEFL.ZS
JPN,2001,gdp_deflator,107.535575371169,NY.GDP.DEFL.ZS
JPN,2002,gdp_deflator,106.039903891341,NY.GDP.DEFL.ZS
JPN,2003,gdp_deflator,104.168261683526,NY.GDP.DEFL.ZS
JPN,2004,gdp_deflator,102.863635158623,NY.GDP.DEFL.ZS
JPN,2005,gdp_deflator,101.516633975017,NY.GDP.DEFL.ZS
JPN,2006,gdp_deflator,100.562507609805,NY.GDP.DEFL.ZS
JPN,2007,gdp_deflator,99.5863541206732,NY.GDP.DEFL.ZS
JPN,2008,gdp_deflator,98.6866259224364,NY.GDP.DEFL.ZS
JPN,2009,gdp_deflator,98.2275064634293,NY.GDP.DEFL.ZS
JPN,2010,gdp_deflator,96.3616291531291,NY.GDP.DEFL.ZS
JPN,2011,gdp_deflator,94.8520921157718,NY.GDP.DEFL.ZS
JPN,2012,gdp_deflator,94.1019971609959,NY.GDP.DEFL.ZS
JPN,2013,gdp_deflator,93.9344882922901,NY.GDP.DEFL.ZS
JPN,2014,gdp_deflator,95.562895987198,NY.GDP.DEFL.ZS
JPN,2015,gdp_deflator,97.5432632233626,NY.GDP.DEFL.ZS
JPN,2016,gdp_deflator,98.1140602852573,NY.GDP.DEFL.ZS
JPN,2017,gdp_deflator,98.1353315160988,NY.GDP.DEFL.ZS
JPN,2018,gdp_deflator,98.0183258646232,NY.GDP.DEFL.ZS
JPN,2019,gdp_deflator,98.7853942704497,NY.GDP.DEFL.ZS
JPN,2020,gdp_deflator,100.0,NY.GDP.DEFL.ZS
JPN,2021,gdp_deflator,99.9557539623753,NY.GDP.DEFL.ZS
JPN,2022,gdp_deflator,100.591027245651,NY.GDP.DEFL.ZS
JPN,2023,gdp_deflator,105.186995520129,NY.GDP.DEFL.ZS
JPN,2024,gdp_deflator,108.554052559848,NY.GDP.DEFL.ZS
KOR,2000,gdp_deflator,67.6890692285431,NY.GDP.DEFL.ZS
KOR,2001,gdp_deflator,70.0856822344375,NY.GDP.DEFL.ZS
KOR,2002,gdp_deflator,72.1950241675327,NY.GDP.DEFL.ZS
KOR,2003,gdp_deflator,74.7685914082885,NY.GDP.DEFL.ZS
KOR,2004,gdp_deflator,77.2066700593696,NY.GDP.DEFL.ZS
KOR,2005,gdp_deflator,78.0852311236939,NY.GDP.DEFL.ZS
KOR,2006,gdp_deflator,77.9577961881717,NY.GDP.DEFL.ZS
KOR,2007,gdp_deflator,79.9153400170038,NY.GDP.DEFL.ZS
KOR,2008,gdp_deflator,82.2640127046398,NY.GDP.DEFL.ZS
KOR,2009,gdp_deflator,85.1446530301067,NY.GDP.DEFL.ZS
KOR,2010,gdp_deflator,87.4596600887961,NY.GDP.DEFL.ZS
KOR,2011,gdp_deflator,88.574996543707,NY.GDP.DEFL.ZS
KOR,2012,gdp_deflator,89.7194589335156,NY.GDP.DEFL.ZS
KOR,2013,gdp_deflator,90.6857718875055,NY.GDP.DEFL.ZS
KOR,2014,gdp_deflator,91.6391387820936,NY.GDP.DEFL.ZS
KOR,2015,gdp_deflator,94.597674478002,NY.GDP.DEFL.ZS
KOR,2016,gdp_deflator,96.548710224339,NY.GDP.DEFL.ZS
KOR,2017,gdp_deflator,98.4978551044644,NY.GDP.DEFL.ZS
KOR,2018,gdp_deflator,99.0559262947421,NY.GDP.DEFL.ZS
KOR,2019,gdp_deflator,98.4376085392717,NY.GDP.DEFL.ZS
KOR,2020,gdp_deflator,100.0,NY.GDP.DEFL.ZS
KOR,2021,gdp_deflator,103.18051786298,NY.GDP.DEFL.ZS
KOR,2022,gdp_deflator,105.045867184315,NY.GDP.DEFL.ZS
KOR,2023,gdp_deflator,107.187224223523,NY.GDP.DEFL.ZS
KOR,2024,gdp_deflator,111.545882684705,NY.GDP.DEFL.ZS
LTU,2000,gdp_deflator,58.414194352898,NY.GDP.DEFL.ZS
LTU,2001,gdp_deflator,58.2294667233707,NY.GDP.DEFL.ZS
LTU,2002,gdp_deflator,58.4129789777754,NY.GDP.DEFL.ZS
LTU,2003,gdp_deflator,57.9384663741822,NY.GDP.DEFL.ZS
LTU,2004,gdp_deflator,59.7468107300895,NY.GDP.DEFL.ZS
LTU,2005,gdp_deflator,63.5545649089062,NY.GDP.DEFL.ZS
LTU,2006,gdp_deflator,67.6761219798138,NY.GDP.DEFL.ZS
LTU,2007,gdp_deflator,73.7074910676766,NY.GDP.DEFL.ZS
LTU,2008,gdp_deflator,80.8689690744837,NY.GDP.DEFL.ZS
LTU,2009,gdp_deflator,78.3704960027744,NY.GDP.DEFL.ZS
LTU,2010,gdp_deflator,80.0332996720228,NY.GDP.DEFL.ZS
LTU,2011,gdp_deflator,84.5329951045238,NY.GDP.DEFL.ZS
LTU,2012,gdp_deflator,86.6506995793246,NY.GDP.DEFL.ZS
LTU,2013,gdp_deflator,87.3732169854565,NY.GDP.DEFL.ZS
LTU,2014,gdp_deflator,87.9054864611062,NY.GDP.DEFL.ZS
LTU,2015,gdp_deflator,87.903506141976,NY.GDP.DEFL.ZS
LTU,2016,gdp_deflator,88.7715290251284,NY.GDP.DEFL.ZS
LTU,2017,gdp_deflator,92.4074257931527,NY.GDP.DEFL.ZS
LTU,2018,gdp_deflator,95.7276353915743,NY.GDP.DEFL.ZS
LTU,2019,gdp_deflator,98.0019901242151,NY.GDP.DEFL.ZS
LTU,2020,gdp_deflator,100.0,NY.GDP.DEFL.ZS
LTU,2021,gdp_deflator,106.040108837616,NY.GDP.DEFL.ZS
LTU,2022,gdp_deflator,122.416700555158,NY.GDP.DEFL.ZS
LTU,2023,gdp_deflator,134.625833187492,NY.GDP.DEFL.ZS
LTU,2024,gdp_deflator,138.893534525093,NY.GDP.DEFL.ZS
LUX,2000,gdp_deflator,58.5839065085708,NY.GDP.DEFL.ZS
LUX,2001,gdp_deflator,59.0468067917738,NY.GDP.DEFL.ZS
LUX,2002,gdp_deflator,59.911519272006,NY.GDP.DEFL.ZS
LUX,2003,gdp_deflator,61.2212500842375,NY.GDP.DEFL.ZS
LUX,2004,gdp_deflator,63.1304507045603,NY.GDP.DEFL.ZS
LUX,2005,gdp_deflator,66.1719444606032,NY.GDP.DEFL.ZS
LUX,2006,gdp_deflator,70.4431410095197,NY.GDP.DEFL.ZS
LUX,2007,gdp_deflator,71.7763485014794,NY.GDP.DEFL.ZS
LUX,2008,gdp_deflator,76.5223496495215,NY.GDP.DEFL.ZS
LUX,2009,gdp_deflator,77.1886194237027,NY.GDP.DEFL.ZS
LUX,2010,gdp_deflator,80.7766755367366,NY.GDP.DEFL.ZS
LUX,2011,gdp_deflator,83.5630464990858,NY.GDP.DEFL.ZS
LUX,2012,gdp_deflator,86.2923585211599,NY.GDP.DEFL.ZS
LUX,2013,gdp_deflator,88.2564838675104,NY.GDP.DEFL.ZS
LUX,2014,gdp_deflator,90.724756306729,NY.GDP.DEFL.ZS
LUX,2015,gdp_deflator,92.7393855134672,NY.GDP.DEFL.ZS
LUX,2016,gdp_deflator,91.7121883520147,NY.GDP.DEFL.ZS
LUX,2017,gdp_deflator,93.6775555963034,NY.GDP.DEFL.ZS
LUX,2018,gdp_deflator,95.4008336321278,NY.GDP.DEFL.ZS
LUX,2019,gdp_deflator,96.2750571275692,NY.GDP.DEFL.ZS
LUX,2020,gdp_deflator,100.0,NY.GDP.DEFL.ZS
LUX,2021,gdp_deflator,105.902131260212,NY.GDP.DEFL.ZS
LUX,2022,gdp_deflator,112.489302284424,NY.GDP.DEFL.ZS
LUX,2023,gdp_deflator,120.263159447943,NY.GDP.DEFL.ZS
LUX,2024,gdp_deflator,125.765311833187,NY.GDP.DEFL.ZS
LVA,2000,gdp_deflator,43.2634428948618,NY.GDP.DEFL.ZS
LVA,2001,gdp_deflator,44.398328190051,NY.GDP.DEFL.ZS
LVA,2002,gdp_deflator,45.8452716088704,NY.GDP.DEFL.ZS
LVA,2003,gdp_deflator,47.5165596213673,NY.GDP.DEFL.ZS
LVA,2004,gdp_deflator,50.8070771894683,NY.GDP.DEFL.ZS
LVA,2005,gdp_deflator,56.1140483718471,NY.GDP.DEFL.ZS
LVA,2006,gdp_deflator,61.8524870365407,NY.GDP.DEFL.ZS
LVA,2007,gdp_deflator,73.9449485837913,NY.GDP.DEFL.ZS
LVA,2008,gdp_deflator,83.0951914802976,NY.GDP.DEFL.ZS
LVA,2009,gdp_deflator,78.3324876004024,NY.GDP.DEFL.ZS
LVA,2010,gdp_deflator,77.9534669936907,NY.GDP.DEFL.ZS
LVA,2011,gdp_deflator,81.6235997059251,NY.GDP.DEFL.ZS
LVA,2012,gdp_deflator,83.9731899519099,NY.GDP.DEFL.ZS
LVA,2013,gdp_deflator,85.5691253595764,NY.GDP.DEFL.ZS
LVA,2014,gdp_deflator,86.9980862753768,NY.GDP.DEFL.ZS
LVA,2015,gdp_deflator,87.3346709249203,NY.GDP.DEFL.ZS
LVA,2016,gdp_deflator,87.8656050993108,NY.GDP.DEFL.ZS
LVA,2017,gdp_deflator,90.2460951767815,NY.GDP.DEFL.ZS
LVA,2018,gdp_deflator,93.6215506880742,NY.GDP.DEFL.ZS
LVA,2019,gdp_deflator,97.6626143415894,NY.GDP.DEFL.ZS
LVA,2020,gdp_deflator,100.0,NY.GDP.DEFL.ZS
LVA,2021,gdp_deflator,103.29734326527,NY.GDP.DEFL.ZS
LVA,2022,gdp_deflator,113.309402832947,NY.GDP.DEFL.ZS
LVA,2023,gdp_deflator,125.402319099512,NY.GDP.DEFL.ZS
LVA,2024,gdp_deflator,128.898903711541,NY.GDP.DEFL.ZS
MEX,2000,gdp_deflator,39.3928885321613,NY.GDP.DEFL.ZS
MEX,2001,gdp_deflator,41.9427938110141,NY.GDP.DEFL.ZS
MEX,2002,gdp_deflator,44.2506222688697,NY.GDP.DEFL.ZS
MEX,2003,gdp_deflator,46.1444016628856,NY.GDP.DEFL.ZS
MEX,2004,gdp_deflator,49.8901472246571,NY.GDP.DEFL.ZS
MEX,2005,gdp_deflator,52.8261737805553,NY.GDP.DEFL.ZS
MEX,2006,gdp_deflator,56.052349760772,NY.GDP.DEFL.ZS
MEX,2007,gdp_deflator,59.4871212441576,NY.GDP.DEFL.ZS
MEX,2008,gdp_deflator,63.2409856230449,NY.GDP.DEFL.ZS
MEX,2009,gdp_deflator,66.5570155850144,NY.GDP.DEFL.ZS
MEX,2010,gdp_deflator,69.4675301830527,NY.GDP.DEFL.ZS
MEX,2011,gdp_deflator,73.4060846754198,NY.GDP.DEFL.ZS
MEX,2012,gdp_deflator,76.7403468140087,NY.GDP.DEFL.ZS
MEX,2013,gdp_deflator,78.0479123947407,NY.GDP.DEFL.ZS
MEX,2014,gdp_deflator,81.457333128084,NY.GDP.DEFL.ZS
MEX,2015,gdp_deflator,84.0846815010146,NY.GDP.DEFL.ZS
MEX,2016,gdp_deflator,89.1950018810292,NY.GDP.DEFL.ZS
MEX,2017,gdp_deflator,95.0529682854956,NY.GDP.DEFL.ZS
MEX,2018,gdp_deflator,99.9999999958638,NY.GDP.DEFL.ZS
MEX,2019,gdp_deflator,104.319010231962,NY.GDP.DEFL.ZS
MEX,2020,gdp_deflator,109.138329565566,NY.GDP.DEFL.ZS
MEX,2021,gdp_deflator,114.03642804829,NY.GDP.DEFL.ZS
MEX,2022,gdp_deflator,121.638836971953,NY.GDP.DEFL.ZS
MEX,2023,gdp_deflator,127.327123975879,NY.GDP.DEFL.ZS
MEX,2024,gdp_deflator,132.097596838059,NY.GDP.DEFL.ZS
NLD,2000,gdp_deflator,70.2342353865116,NY.GDP.DEFL.ZS
NLD,2001,gdp_deflator,73.3069711219569,NY.GDP.DEFL.ZS
NLD,2002,gdp_deflator,76.1495575062341,NY.GDP.DEFL.ZS
NLD,2003,gdp_deflator,77.8903847914891,NY.GDP.DEFL.ZS
NLD,2004,gdp_deflator,78.8231035786113,NY.GDP.DEFL.ZS
NLD,2005,gdp_deflator,80.3834366749127,NY.GDP.DEFL.ZS
NLD,2006,gdp_deflator,82.4546764072229,NY.GDP.DEFL.ZS
NLD,2007,gdp_deflator,84.1444304495794,NY.GDP.DEFL.ZS
NLD,2008,gdp_deflator,86.1742778012516,NY.GDP.DEFL.ZS
NLD,2009,gdp_deflator,86.5514204949917,NY.GDP.DEFL.ZS
NLD,2010,gdp_deflator,87.1661436906351,NY.GDP.DEFL.ZS
NLD,2011,gdp_deflator,87.3776934494373,NY.GDP.DEFL.ZS
NLD,2012,gdp_deflator,88.5390108720727,NY.GDP.DEFL.ZS
NLD,2013,gdp_deflator,89.5527258807015,NY.GDP.DEFL.ZS
NLD,2014,gdp_deflator,89.8609024067872,NY.GDP.DEFL.ZS
NLD,2015,gdp_deflator,90.6592253527817,NY.GDP.DEFL.ZS
NLD,2016,gdp_deflator,91.1719474622063,NY.GDP.DEFL.ZS
NLD,2017,gdp_deflator,92.4842440337602,NY.GDP.DEFL.ZS
NLD,2018,gdp_deflator,94.8272507009577,NY.GDP.DEFL.ZS
NLD,2019,gdp_deflator,97.698442691884,NY.GDP.DEFL.ZS
NLD,2020,gdp_deflator,100.0,NY.GDP.DEFL.ZS
NLD,2021,gdp_deflator,102.747338205767,NY.GDP.DEFL.ZS
NLD,2022,gdp_deflator,109.072027651979,NY.GDP.DEFL.ZS
NLD,2023,gdp_deflator,115.945822181922,NY.GDP.DEFL.ZS
NLD,2024,gdp_deflator,122.51464296986,NY.GDP.DEFL.ZS
NOR,2000,gdp_deflator,57.9452597675027,NY.GDP.DEFL.ZS
NOR,2001,gdp_deflator,58.9507207173513,NY.GDP.DEFL.ZS
NOR,2002,gdp_deflator,58.0605762944986,NY.GDP.DEFL.ZS
NOR,2003,gdp_deflator,59.7512298840845,NY.GDP.DEFL.ZS
NOR,2004,gdp_deflator,63.2023468620102,NY.GDP.DEFL.ZS
NOR,2005,gdp_deflator,68.7667183892663,NY.GDP.DEFL.ZS
NOR,2006,gdp_deflator,74.7578109616847,NY.GDP.DEFL.ZS
NOR,2007,gdp_deflator,77.0314487287073,NY.GDP.DEFL.ZS
NOR,2008,gdp_deflator,85.0942814959755,NY.GDP.DEFL.ZS
NOR,2009,gdp_deflator,80.8253538029802,NY.GDP.DEFL.ZS
NOR,2010,gdp_deflator,85.5587081443626,NY.GDP.DEFL.ZS
NOR,2011,gdp_deflator,91.1847190098853,NY.GDP.DEFL.ZS
NOR,2012,gdp_deflator,94.2411915292699,NY.GDP.DEFL.ZS
NOR,2013,gdp_deflator,96.6698842691854,NY.GDP.DEFL.ZS
NOR,2014,gdp_deflator,96.9927989289089,NY.GDP.DEFL.ZS
NOR,2015,gdp_deflator,94.4788407274485,NY.GDP.DEFL.ZS
NOR,2016,gdp_deflator,92.9428066464015,NY.GDP.DEFL.ZS
NOR,2017,gdp_deflator,96.6760113021208,NY.GDP.DEFL.ZS
NOR,2018,gdp_deflator,102.806547495637,NY.GDP.DEFL.ZS
NOR,2019,gdp_deflator,102.315346925374,NY.GDP.DEFL.ZS
NOR,2020,gdp_deflator,100.0,NY.GDP.DEFL.ZS
NOR,2021,gdp_deflator,119.532069390306,NY.GDP.DEFL.ZS
NOR,2022,gdp_deflator,152.129881629496,NY.GDP.DEFL.ZS
NOR,2023,gdp_deflator,135.499548007812,NY.GDP.DEFL.ZS
NOR,2024,gdp_deflator,135.550753810437,NY.GDP.DEFL.ZS
NZL,2000,gdp_deflator,61.6688700881202,NY.GDP.DEFL.ZS
NZL,2001,gdp_deflator,64.0473114930336,NY.GDP.DEFL.ZS
NZL,2002,gdp_deflator,64.2374093684479,NY.GDP.DEFL.ZS
NZL,2003,gdp_deflator,65.5680434001623,NY.GDP.DEFL.ZS
NZL,2004,gdp_deflator,67.3754100577203,NY.GDP.DEFL.ZS
NZL,2005,gdp_deflator,68.7232899668624,NY.GDP.DEFL.ZS
NZL,2006,gdp_deflator,70.5890995318041,NY.GDP.DEFL.ZS
NZL,2007,gdp_deflator,74.3322548620008,NY.GDP.DEFL.ZS
NZL,2008,gdp_deflator,76.3770684949797,NY.GDP.DEFL.ZS
NZL,2009,gdp_deflator,78.3920728179207,NY.GDP.DEFL.ZS
NZL,2010,gdp_deflator,80.8585373035842,NY.GDP.DEFL.ZS
NZL,2011,gdp_deflator,82.8037408712193,NY.GDP.DEFL.ZS
NZL,2012,gdp_deflator,82.695212338892,NY.GDP.DEFL.ZS
NZL,2013,gdp_deflator,86.1700299475254,NY.GDP.DEFL.ZS
NZL,2014,gdp_deflator,86.5572051577225,NY.GDP.DEFL.ZS
NZL,2015,gdp_deflator,87.7894427987821,NY.GDP.DEFL.ZS
NZL,2016,gdp_deflator,89.926963107675,NY.GDP.DEFL.ZS
NZL,2017,gdp_deflator,93.210373713716,NY.GDP.DEFL.ZS
NZL,2018,gdp_deflator,94.9555158020955,NY.GDP.DEFL.ZS
NZL,2019,gdp_deflator,98.0886941468928,NY.GDP.DEFL.ZS
NZL,2020,gdp_deflator,100.0,NY.GDP.DEFL.ZS
NZL,2021,gdp_deflator,104.557378070178,NY.GDP.DEFL.ZS
NZL,2022,gdp_deflator,111.081313050337,NY.GDP.DEFL.ZS
NZL,2023,gdp_deflator,115.646916276231,NY.GDP.DEFL.ZS
NZL,2024,gdp_deflator,120.737063960155,NY.GDP.DEFL.ZS
POL,2000,gdp_deflator,70.4188987124249,NY.GDP.DEFL.ZS
POL,2001,gdp_deflator,72.673428624098,NY.GDP.DEFL.ZS
POL,2002,gdp_deflator,73.9925019429888,NY.GDP.DEFL.ZS
POL,2003,gdp_deflator,74.5656904537957,NY.GDP.DEFL.ZS
POL,2004,gdp_deflator,78.2441027620446,NY.GDP.DEFL.ZS
POL,2005,gdp_deflator,80.2965196027392,NY.GDP.DEFL.ZS
POL,2006,gdp_deflator,81.7029408567758,NY.GDP.DEFL.ZS
POL,2007,gdp_deflator,84.8036830706629,NY.GDP.DEFL.ZS
POL,2008,gdp_deflator,88.1401112062654,NY.GDP.DEFL.ZS
POL,2009,gdp_deflator,91.5666888165411,NY.GDP.DEFL.ZS
POL,2010,gdp_deflator,93.0127258364339,NY.GDP.DEFL.ZS
POL,2011,gdp_deflator,95.8642305024953,NY.GDP.DEFL.ZS
POL,2012,gdp_deflator,97.9573622966911,NY.GDP.DEFL.ZS
POL,2013,gdp_deflator,98.2228030329837,NY.GDP.DEFL.ZS
POL,2014,gdp_deflator,98.6965044902629,NY.GDP.DEFL.ZS
POL,2015,gdp_deflator,100.0,NY.GDP.DEFL.ZS
POL,2016,gdp_deflator,100.082862448389,NY.GDP.DEFL.ZS
POL,2017,gdp_deflator,101.854532131266,NY.GDP.DEFL.ZS
POL,2018,gdp_deflator,103.104285459836,NY.GDP.DEFL.ZS
POL,2019,gdp_deflator,106.224681919848,NY.GDP.DEFL.ZS
POL,2020,gdp_deflator,110.727115284487,NY.GDP.DEFL.ZS
POL,2021,gdp_deflator,116.640204587683,NY.GDP.DEFL.ZS
POL,2022,gdp_deflator,129.108549568694,NY.GDP.DEFL.ZS
POL,2023,gdp_deflator,141.846002321602,NY.GDP.DEFL.ZS
POL,2024,gdp_deflator,147.277211508162,NY.GDP.DEFL.ZS
PRT,2000,gdp_deflator,67.1707735178362,NY.GDP.DEFL.ZS
PRT,2001,gdp_deflator,69.6668280313293,NY.GDP.DEFL.ZS
PRT,2002,gdp_deflator,72.5857154891238,NY.GDP.DEFL.ZS
PRT,2003,gdp_deflator,75.0733394328639,NY.GDP.DEFL.ZS
PRT,2004,gdp_deflator,76.8748104113297,NY.GDP.DEFL.ZS
PRT,2005,gdp_deflator,79.436973958529,NY.GDP.DEFL.ZS
PRT,2006,gdp_deflator,81.966677351326,NY.GDP.DEFL.ZS
PRT,2007,gdp_deflator,84.3980924111479,NY.GDP.DEFL.ZS
PRT,2008,gdp_deflator,85.864699058659,NY.GDP.DEFL.ZS
PRT,2009,gdp_deflator,86.80760908743,NY.GDP.DEFL.ZS
PRT,2010,gdp_deflator,87.4865625138886,NY.GDP.DEFL.ZS
PRT,2011,gdp_deflator,87.2587165453281,NY.GDP.DEFL.ZS
PRT,2012,gdp_deflator,86.9302728368678,NY.GDP.DEFL.ZS
PRT,2013,gdp_deflator,88.9074034021545,NY.GDP.DEFL.ZS
PRT,2014,gdp_deflator,89.5514991025804,NY.GDP.DEFL.ZS
PRT,2015,gdp_deflator,91.3088998024482,NY.GDP.DEFL.ZS
PRT,2016,gdp_deflator,93.0018462723383,NY.GDP.DEFL.ZS
PRT,2017,gdp_deflator,94.4268213966762,NY.GDP.DEFL.ZS
PRT,2018,gdp_deflator,96.1759568812994,NY.GDP.DEFL.ZS
PRT,2019,gdp_deflator,97.9401780971481,NY.GDP.DEFL.ZS
PRT,2020,gdp_deflator,100.0,NY.GDP.DEFL.ZS
PRT,2021,gdp_deflator,102.019777102825,NY.GDP.DEFL.ZS
PRT,2022,gdp_deflator,107.454881096292,NY.GDP.DEFL.ZS
PRT,2023,gdp_deflator,115.500715065765,NY.GDP.DEFL.ZS
PRT,2024,gdp_deflator,121.120059475592,NY.GDP.DEFL.ZS
SVK,2000,gdp_deflator,67.0754189698915,NY.GDP.DEFL.ZS
SVK,2001,gdp_deflator,70.6808766535971,NY.GDP.DEFL.ZS
SVK,2002,gdp_deflator,73.540792148156,NY.GDP.DEFL.ZS
SVK,2003,gdp_deflator,77.545882260628,NY.GDP.DEFL.ZS
SVK,2004,gdp_deflator,82.12519815216,NY.GDP.DEFL.ZS
SVK,2005,gdp_deflator,84.2986964727908,NY.GDP.DEFL.ZS
SVK,2006,gdp_deflator,86.7395985171853,NY.GDP.DEFL.ZS
SVK,2007,gdp_deflator,87.7611546430199,NY.GDP.DEFL.ZS
SVK,2008,gdp_deflator,90.381143250589,NY.GDP.DEFL.ZS
SVK,2009,gdp_deflator,89.3665494438129,NY.GDP.DEFL.ZS
SVK,2010,gdp_deflator,89.7870445760179,NY.GDP.DEFL.ZS
SVK,2011,gdp_deflator,91.2413886477063,NY.GDP.DEFL.ZS
SVK,2012,gdp_deflator,92.4630035338618,NY.GDP.DEFL.ZS
SVK,2013,gdp_deflator,92.9568131798679,NY.GDP.DEFL.ZS
SVK,2014,gdp_deflator,92.8335501041545,NY.GDP.DEFL.ZS
SVK,2015,gdp_deflator,92.6611648599253,NY.GDP.DEFL.ZS
SVK,2016,gdp_deflator,92.2989437097209,NY.GDP.DEFL.ZS
SVK,2017,gdp_deflator,93.3897996205045,NY.GDP.DEFL.ZS
SVK,2018,gdp_deflator,95.3590621189007,NY.GDP.DEFL.ZS
SVK,2019,gdp_deflator,97.6488313912404,NY.GDP.DEFL.ZS
SVK,2020,gdp_deflator,100.0,NY.GDP.DEFL.ZS
SVK,2021,gdp_deflator,102.244084108307,NY.GDP.DEFL.ZS
SVK,2022,gdp_deflator,109.74253701194,NY.GDP.DEFL.ZS
SVK,2023,gdp_deflator,120.743776601369,NY.GDP.DEFL.ZS
SVK,2024,gdp_deflator,124.841454756541,NY.GDP.DEFL.ZS
SVN,2000,gdp_deflator,59.854660428318,NY.GDP.DEFL.ZS
SVN,2001,gdp_deflator,65.0620207351987,NY.GDP.DEFL.ZS
SVN,2002,gdp_deflator,70.0196228351541,NY.GDP.DEFL.ZS
SVN,2003,gdp_deflator,73.9851545977449,NY.GDP.DEFL.ZS
SVN,2004,gdp_deflator,76.4697035485878,NY.GDP.DEFL.ZS
SVN,2005,gdp_deflator,77.6190408931432,NY.GDP.DEFL.ZS
SVN,2006,gdp_deflator,79.3449798145244,NY.GDP.DEFL.ZS
SVN,2007,gdp_deflator,82.6776687075391,NY.GDP.DEFL.ZS
SVN,2008,gdp_deflator,86.4023099799195,NY.GDP.DEFL.ZS
SVN,2009,gdp_deflator,88.7635462492342,NY.GDP.DEFL.ZS
SVN,2010,gdp_deflator,88.3273005414751,NY.GDP.DEFL.ZS
SVN,2011,gdp_deflator,89.5325445823582,NY.GDP.DEFL.ZS
SVN,2012,gdp_deflator,90.0935721515477,NY.GDP.DEFL.ZS
SVN,2013,gdp_deflator,91.1141496033147,NY.GDP.DEFL.ZS
SVN,2014,gdp_deflator,91.6895823369998,NY.GDP.DEFL.ZS
SVN,2015,gdp_deflator,92.4847128540228,NY.GDP.DEFL.ZS
SVN,2016,gdp_deflator,93.3036487431222,NY.GDP.DEFL.ZS
SVN,2017,gdp_deflator,94.5050554704644,NY.GDP.DEFL.ZS
SVN,2018,gdp_deflator,96.566166977325,NY.GDP.DEFL.ZS
SVN,2019,gdp_deflator,98.824450370107,NY.GDP.DEFL.ZS
SVN,2020,gdp_deflator,100.0,NY.GDP.DEFL.ZS
SVN,2021,gdp_deflator,102.683430771861,NY.GDP.DEFL.ZS
SVN,2022,gdp_deflator,109.335524261356,NY.GDP.DEFL.ZS
SVN,2023,gdp_deflator,120.25718624843,NY.GDP.DEFL.ZS
SVN,2024,gdp_deflator,124.426599819641,NY.GDP.DEFL.ZS
SWE,2000,gdp_deflator,69.6516542584153,NY.GDP.DEFL.ZS
SWE,2001,gdp_deflator,71.455460723494,NY.GDP.DEFL.ZS
SWE,2002,gdp_deflator,72.6155235618669,NY.GDP.DEFL.ZS
SWE,2003,gdp_deflator,73.9573352022909,NY.GDP.DEFL.ZS
SWE,2004,gdp_deflator,74.2639658205368,NY.GDP.DEFL.ZS
SWE,2005,gdp_deflator,74.8316935157712,NY.GDP.DEFL.ZS
SWE,2006,gdp_deflator,76.1382519677501,NY.GDP.DEFL.ZS
SWE,2007,gdp_deflator,78.3646633307836,NY.GDP.DEFL.ZS
SWE,2008,gdp_deflator,80.9989657439396,NY.GDP.DEFL.ZS
SWE,2009,gdp_deflator,82.9096772664862,NY.GDP.DEFL.ZS
SWE,2010,gdp_deflator,83.7638413807076,NY.GDP.DEFL.ZS
SWE,2011,gdp_deflator,84.6997491346139,NY.GDP.DEFL.ZS
SWE,2012,gdp_deflator,85.5039551802105,NY.GDP.DEFL.ZS
SWE,2013,gdp_deflator,86.3689819677225,NY.GDP.DEFL.ZS
SWE,2014,gdp_deflator,87.9519037400239,NY.GDP.DEFL.ZS
SWE,2015,gdp_deflator,89.9358918083127,NY.GDP.DEFL.ZS
SWE,2016,gdp_deflator,91.4281165121289,NY.GDP.DEFL.ZS
SWE,2017,gdp_deflator,93.4628883950176,NY.GDP.DEFL.ZS
SWE,2018,gdp_deflator,95.9064340397959,NY.GDP.DEFL.ZS
SWE,2019,gdp_deflator,98.2330161854019,NY.GDP.DEFL.ZS
SWE,2020,gdp_deflator,100.0,NY.GDP.DEFL.ZS
SWE,2021,gdp_deflator,102.709855502178,NY.GDP.DEFL.ZS
SWE,2022,gdp_deflator,108.900379364177,NY.GDP.DEFL.ZS
SWE,2023,gdp_deflator,115.253699572413,NY.GDP.DEFL.ZS
SWE,2024,gdp_deflator,118.705971128036,NY.GDP.DEFL.ZS
TUR,2000,gdp_deflator,23.3790582611154,NY.GDP.DEFL.ZS
TUR,2001,gdp_deflator,35.6743724771031,NY.GDP.DEFL.ZS
TUR,2002,gdp_deflator,49.0851262830098,NY.GDP.DEFL.ZS
TUR,2003,gdp_deflator,60.5162629970376,NY.GDP.DEFL.ZS
TUR,2004,gdp_deflator,67.9990881989993,NY.GDP.DEFL.ZS
TUR,2005,gdp_deflator,72.7948427268321,NY.GDP.DEFL.ZS
TUR,2006,gdp_deflator,79.587013998625,NY.GDP.DEFL.ZS
TUR,2007,gdp_deflator,84.5601944812786,NY.GDP.DEFL.ZS
TUR,2008,gdp_deflator,94.7147549450347,NY.GDP.DEFL.ZS
TUR,2009,gdp_deflator,100.0,NY.GDP.DEFL.ZS
TUR,2010,gdp_deflator,106.905064723667,NY.GDP.DEFL.ZS
TUR,2011,gdp_deflator,115.817265701763,NY.GDP.DEFL.ZS
TUR,2012,gdp_deflator,124.264298226205,NY.GDP.DEFL.ZS
TUR,2013,gdp_deflator,131.952560547135,NY.GDP.DEFL.ZS
TUR,2014,gdp_deflator,142.030678509985,NY.GDP.DEFL.ZS
TUR,2015,gdp_deflator,153.224032628886,NY.GDP.DEFL.ZS
TUR,2016,gdp_deflator,165.677480117358,NY.GDP.DEFL.ZS
TUR,2017,gdp_deflator,184.123036004355,NY.GDP.DEFL.ZS
TUR,2018,gdp_deflator,214.933229774473,NY.GDP.DEFL.ZS
TUR,2019,gdp_deflator,245.368437391499,NY.GDP.DEFL.ZS
TUR,2020,gdp_deflator,281.52079580504,NY.GDP.DEFL.ZS
TUR,2021,gdp_deflator,364.022997339074,NY.GDP.DEFL.ZS
TUR,2022,gdp_deflator,711.757895853495,NY.GDP.DEFL.ZS
TUR,2023,gdp_deflator,1197.74445703307,NY.GDP.DEFL.ZS
TUR,2024,gdp_deflator,1907.76827656108,NY.GDP.DEFL.ZS
USA,2000,gdp_deflator,69.0112297721562,NY.GDP.DEFL.ZS
USA,2001,gdp_deflator,70.5651486799977,NY.GDP.DEFL.ZS
USA,2002,gdp_deflator,71.6617273169935,NY.GDP.DEFL.ZS
USA,2003,gdp_deflator,73.0765553385887,NY.GDP.DEFL.ZS
USA,2004,gdp_deflator,75.0416479286116,NY.GDP.DEFL.ZS
USA,2005,gdp_deflator,77.3945446986751,NY.GDP.DEFL.ZS
USA,2006,gdp_deflator,79.7812660998886,NY.GDP.DEFL.ZS
USA,2007,gdp_deflator,81.9427468178344,NY.GDP.DEFL.ZS
USA,2008,gdp_deflator,83.5215456690289,NY.GDP.DEFL.ZS
USA,2009,gdp_deflator,84.0366904577565,NY.GDP.DEFL.ZS
USA,2010,gdp_deflator,85.0579771623642,NY.GDP.DEFL.ZS
USA,2011,gdp_deflator,86.8128163508019,NY.GDP.DEFL.ZS
USA,2012,gdp_deflator,88.4294141679155,NY.GDP.DEFL.ZS
USA,2013,gdp_deflator,89.9343770048922,NY.GDP.DEFL.ZS
USA,2014,gdp_deflator,91.5006903474734,NY.GDP.DEFL.ZS
USA,2015,gdp_deflator,92.3498559134411,NY.GDP.DEFL.ZS
USA,2016,gdp_deflator,93.2274773497258,NY.GDP.DEFL.ZS
USA,2017,gdp_deflator,94.8969980783401,NY.GDP.DEFL.ZS
USA,2018,gdp_deflator,97.0709841824513,NY.GDP.DEFL.ZS
USA,2019,gdp_deflator,98.6731074507531,NY.GDP.DEFL.ZS
USA,2020,gdp_deflator,100.0,NY.GDP.DEFL.ZS
USA,2021,gdp_deflator,104.562972826319,NY.GDP.DEFL.ZS
USA,2022,gdp_deflator,112.000017338401,NY.GDP.DEFL.ZS
USA,2023,gdp_deflator,116.144257693854,NY.GDP.DEFL.ZS
USA,2024,gdp_deflator,119.027387038617,NY.GDP.DEFL.ZS
AUS,2000,gdppc_ppp,45099.0752097084,NY.GDP.PCAP.PP.KD
AUS,2001,gdppc_ppp,45428.2000837579,NY.GDP.PCAP.PP.KD
AUS,2002,gdppc_ppp,46688.3947760633,NY.GDP.PCAP.PP.KD
AUS,2003,gdppc_ppp,47581.2285345879,NY.GDP.PCAP.PP.KD
AUS,2004,gdppc_ppp,49061.2761503925,NY.GDP.PCAP.PP.KD
AUS,2005,gdppc_ppp,49997.0664953941,NY.GDP.PCAP.PP.KD
AUS,2006,gdppc_ppp,50693.7248649798,NY.GDP.PCAP.PP.KD
AUS,2007,gdppc_ppp,51663.2403953881,NY.GDP.PCAP.PP.KD
AUS,2008,gdppc_ppp,52473.3819160773,NY.GDP.PCAP.PP.KD
AUS,2009,gdppc_ppp,52407.9115378584,NY.GDP.PCAP.PP.KD
AUS,2010,gdppc_ppp,52739.2681556133,NY.GDP.PCAP.PP.KD
AUS,2011,gdppc_ppp,53257.0473237603,NY.GDP.PCAP.PP.KD
AUS,2012,gdppc_ppp,54403.8836902433,NY.GDP.PCAP.PP.KD
AUS,2013,gdppc_ppp,54895.0052588984,NY.GDP.PCAP.PP.KD
AUS,2014,gdppc_ppp,55489.068844146,NY.GDP.PCAP.PP.KD
AUS,2015,gdppc_ppp,55879.9958817103,NY.GDP.PCAP.PP.KD
AUS,2016,gdppc_ppp,56529.951824687,NY.GDP.PCAP.PP.KD
AUS,2017,gdppc_ppp,56881.8569859104,NY.GDP.PCAP.PP.KD
AUS,2018,gdppc_ppp,57647.8455068105,NY.GDP.PCAP.PP.KD
AUS,2019,gdppc_ppp,58048.6188420831,NY.GDP.PCAP.PP.KD
AUS,2020,gdppc_ppp,57260.4650530108,NY.GDP.PCAP.PP.KD
AUS,2021,gdppc_ppp,58327.4146842325,NY.GDP.PCAP.PP.KD
AUS,2022,gdppc_ppp,60029.1329190733,NY.GDP.PCAP.PP.KD
AUS,2023,gdppc_ppp,60684.9596204883,NY.GDP.PCAP.PP.KD
AUS,2024,gdppc_ppp,60309.5831772339,NY.GDP.PCAP.PP.KD
AUT,2000,gdppc_ppp,53534.2669894259,NY.GDP.PCAP.PP.KD
AUT,2001,gdppc_ppp,54032.075746659,NY.GDP.PCAP.PP.KD
AUT,2002,gdppc_ppp,54565.0004227482,NY.GDP.PCAP.PP.KD
AUT,2003,gdppc_ppp,54919.7101911513,NY.GDP.PCAP.PP.KD
AUT,2004,gdppc_ppp,55980.1531665622,NY.GDP.PCAP.PP.KD
AUT,2005,gdppc_ppp,56890.1996184204,NY.GDP.PCAP.PP.KD
AUT,2006,gdppc_ppp,58460.1550504163,NY.GDP.PCAP.PP.KD
AUT,2007,gdppc_ppp,60470.825141587,NY.GDP.PCAP.PP.KD
AUT,2008,gdppc_ppp,61157.9014974191,NY.GDP.PCAP.PP.KD
AUT,2009,gdppc_ppp,58810.3596828696,NY.GDP.PCAP.PP.KD
AUT,2010,gdppc_ppp,59730.4673903053,NY.GDP.PCAP.PP.KD
AUT,2011,gdppc_ppp,61272.1724662899,NY.GDP.PCAP.PP.KD
AUT,2012,gdppc_ppp,61376.6345930428,NY.GDP.PCAP.PP.KD
AUT,2013,gdppc_ppp,60862.9693673785,NY.GDP.PCAP.PP.KD
AUT,2014,gdppc_ppp,60845.5743980711,NY.GDP.PCAP.PP.KD
AUT,2015,gdppc_ppp,60951.6037273662,NY.GDP.PCAP.PP.KD
AUT,2016,gdppc_ppp,61572.6257402404,NY.GDP.PCAP.PP.KD
AUT,2017,gdppc_ppp,62535.8105711345,NY.GDP.PCAP.PP.KD
AUT,2018,gdppc_ppp,63777.9362157476,NY.GDP.PCAP.PP.KD
AUT,2019,gdppc_ppp,64609.2836396895,NY.GDP.PCAP.PP.KD
AUT,2020,gdppc_ppp,60276.3307697326,NY.GDP.PCAP.PP.KD
AUT,2021,gdppc_ppp,62968.8538770186,NY.GDP.PCAP.PP.KD
AUT,2022,gdppc_ppp,65694.4591501468,NY.GDP.PCAP.PP.KD
AUT,2023,gdppc_ppp,64536.2076307547,NY.GDP.PCAP.PP.KD
AUT,2024,gdppc_ppp,63787.9891749462,NY.GDP.PCAP.PP.KD
BEL,2000,gdppc_ppp,50455.7338920674,NY.GDP.PCAP.PP.KD
BEL,2001,gdppc_ppp,50835.3969916063,NY.GDP.PCAP.PP.KD
BEL,2002,gdppc_ppp,51471.8532550934,NY.GDP.PCAP.PP.KD
BEL,2003,gdppc_ppp,51788.8439641975,NY.GDP.PCAP.PP.KD
BEL,2004,gdppc_ppp,53406.6918625203,NY.GDP.PCAP.PP.KD
BEL,2005,gdppc_ppp,54346.8934219288,NY.GDP.PCAP.PP.KD
BEL,2006,gdppc_ppp,55367.6227467909,NY.GDP.PCAP.PP.KD
BEL,2007,gdppc_ppp,56983.4612170064,NY.GDP.PCAP.PP.KD
BEL,2008,gdppc_ppp,56787.7366257416,NY.GDP.PCAP.PP.KD
BEL,2009,gdppc_ppp,55258.7071019668,NY.GDP.PCAP.PP.KD
BEL,2010,gdppc_ppp,56240.2030936241,NY.GDP.PCAP.PP.KD
BEL,2011,gdppc_ppp,56585.302500068,NY.GDP.PCAP.PP.KD
BEL,2012,gdppc_ppp,56356.8251292137,NY.GDP.PCAP.PP.KD
BEL,2013,gdppc_ppp,56263.175267967,NY.GDP.PCAP.PP.KD
BEL,2014,gdppc_ppp,57002.9092185206,NY.GDP.PCAP.PP.KD
BEL,2015,gdppc_ppp,57509.0245728704,NY.GDP.PCAP.PP.KD
BEL,2016,gdppc_ppp,57901.497690315,NY.GDP.PCAP.PP.KD
BEL,2017,gdppc_ppp,58529.3302957537,NY.GDP.PCAP.PP.KD
BEL,2018,gdppc_ppp,59357.6896884396,NY.GDP.PCAP.PP.KD
BEL,2019,gdppc_ppp,60479.9769955469,NY.GDP.PCAP.PP.KD
BEL,2020,gdppc_ppp,57333.5424137924,NY.GDP.PCAP.PP.KD
BEL,2021,gdppc_ppp,60669.2137746534,NY.GDP.PCAP.PP.KD
BEL,2022,gdppc_ppp,62602.9270469765,NY.GDP.PCAP.PP.KD
BEL,2023,gdppc_ppp,63042.0099876309,NY.GDP.PCAP.PP.KD
BEL,2024,gdppc_ppp,63311.2766917178,NY.GDP.PCAP.PP.KD
CAN,2000,gdppc_ppp,48399.2864445547,NY.GDP.PCAP.PP.KD
CAN,2001,gdppc_ppp,48774.1483226516,NY.GDP.PCAP.PP.KD
CAN,2002,gdppc_ppp,49694.9870914363,NY.GDP.PCAP.PP.KD
CAN,2003,gdppc_ppp,50139.7664579994,NY.GDP.PCAP.PP.KD
CAN,2004,gdppc_ppp,51210.6593966138,NY.GDP.PCAP.PP.KD
CAN,2005,gdppc_ppp,52356.5371486354,NY.GDP.PCAP.PP.KD
CAN,2006,gdppc_ppp,53195.7608573851,NY.GDP.PCAP.PP.KD
CAN,2007,gdppc_ppp,53761.8407991685,NY.GDP.PCAP.PP.KD
CAN,2008,gdppc_ppp,53711.6580329654,NY.GDP.PCAP.PP.KD
CAN,2009,gdppc_ppp,51552.4020321975,NY.GDP.PCAP.PP.KD
CAN,2010,gdppc_ppp,52558.4200617806,NY.GDP.PCAP.PP.KD
CAN,2011,gdppc_ppp,53681.1084809345,NY.GDP.PCAP.PP.KD
CAN,2012,gdppc_ppp,54034.7821680318,NY.GDP.PCAP.PP.KD
CAN,2013,gdppc_ppp,54712.1568593677,NY.GDP.PCAP.PP.KD
CAN,2014,gdppc_ppp,55723.4615652506,NY.GDP.PCAP.PP.KD
CAN,2015,gdppc_ppp,55660.8455840759,NY.GDP.PCAP.PP.KD
CAN,2016,gdppc_ppp,55606.1329948184,NY.GDP.PCAP.PP.KD
CAN,2017,gdppc_ppp,56612.3062191777,NY.GDP.PCAP.PP.KD
CAN,2018,gdppc_ppp,57337.4682870033,NY.GDP.PCAP.PP.KD
CAN,2019,gdppc_ppp,57583.8230739204,NY.GDP.PCAP.PP.KD
CAN,2020,gdppc_ppp,54092.8576890836,NY.GDP.PCAP.PP.KD
CAN,2021,gdppc_ppp,56995.0952020711,NY.GDP.PCAP.PP.KD
CAN,2022,gdppc_ppp,58583.1299860138,NY.GDP.PCAP.PP.KD
CAN,2023,gdppc_ppp,58088.3778077995,NY.GDP.PCAP.PP.KD
CAN,2024,gdppc_ppp,57534.0915185335,NY.GDP.PCAP.PP.KD
CHE,2000,gdppc_ppp,68834.8179906591,NY.GDP.PCAP.PP.KD
CHE,2001,gdppc_ppp,69489.6995050103,NY.GDP.PCAP.PP.KD
CHE,2002,gdppc_ppp,69228.3683320733,NY.GDP.PCAP.PP.KD
CHE,2003,gdppc_ppp,68521.3420292943,NY.GDP.PCAP.PP.KD
CHE,2004,gdppc_ppp,69812.378758031,NY.GDP.PCAP.PP.KD
CHE,2005,gdppc_ppp,71414.3495582368,NY.GDP.PCAP.PP.KD
CHE,2006,gdppc_ppp,73901.6149628577,NY.GDP.PCAP.PP.KD
CHE,2007,gdppc_ppp,76161.5600232116,NY.GDP.PCAP.PP.KD
CHE,2008,gdppc_ppp,77103.7188320632,NY.GDP.PCAP.PP.KD
CHE,2009,gdppc_ppp,74672.9512725807,NY.GDP.PCAP.PP.KD
CHE,2010,gdppc_ppp,76308.8064520802,NY.GDP.PCAP.PP.KD
CHE,2011,gdppc_ppp,76527.3361539945,NY.GDP.PCAP.PP.KD
CHE,2012,gdppc_ppp,76570.2378987121,NY.GDP.PCAP.PP.KD
CHE,2013,gdppc_ppp,77084.6656456739,NY.GDP.PCAP.PP.KD
CHE,2014,gdppc_ppp,78086.6805249841,NY.GDP.PCAP.PP.KD
CHE,2015,gdppc_ppp,78325.7487417695,NY.GDP.PCAP.PP.KD
CHE,2016,gdppc_ppp,78956.0667315042,NY.GDP.PCAP.PP.KD
CHE,2017,gdppc_ppp,79333.7437810881,NY.GDP.PCAP.PP.KD
CHE,2018,gdppc_ppp,81371.8944120855,NY.GDP.PCAP.PP.KD
CHE,2019,gdppc_ppp,81694.630652314,NY.GDP.PCAP.PP.KD
CHE,2020,gdppc_ppp,79270.8713687141,NY.GDP.PCAP.PP.KD
CHE,2021,gdppc_ppp,83524.9832880195,NY.GDP.PCAP.PP.KD
CHE,2022,gdppc_ppp,85762.2829174304,NY.GDP.PCAP.PP.KD
CHE,2023,gdppc_ppp,85383.3564504008,NY.GDP.PCAP.PP.KD
CHE,2024,gdppc_ppp,85448.0585577007,NY.GDP.PCAP.PP.KD
CHL,2000,gdppc_ppp,17529.4205997692,NY.GDP.PCAP.PP.KD
CHL,2001,gdppc_ppp,17874.5313866938,NY.GDP.PCAP.PP.KD
CHL,2002,gdppc_ppp,18244.5196827315,NY.GDP.PCAP.PP.KD
CHL,2003,gdppc_ppp,18907.3458745755,NY.GDP.PCAP.PP.KD
CHL,2004,gdppc_ppp,19966.7093106095,NY.GDP.PCAP.PP.KD
CHL,2005,gdppc_ppp,20923.479756183,NY.GDP.PCAP.PP.KD
CHL,2006,gdppc_ppp,21973.7382914389,NY.GDP.PCAP.PP.KD
CHL,2007,gdppc_ppp,22884.2997108846,NY.GDP.PCAP.PP.KD
CHL,2008,gdppc_ppp,23515.3473178269,NY.GDP.PCAP.PP.KD
CHL,2009,gdppc_ppp,23019.0299454094,NY.GDP.PCAP.PP.KD
CHL,2010,gdppc_ppp,24122.4787924386,NY.GDP.PCAP.PP.KD
CHL,2011,gdppc_ppp,25372.2741480772,NY.GDP.PCAP.PP.KD
CHL,2012,gdppc_ppp,26676.8110154019,NY.GDP.PCAP.PP.KD
CHL,2013,gdppc_ppp,27297.8185145366,NY.GDP.PCAP.PP.KD
CHL,2014,gdppc_ppp,27511.5610030404,NY.GDP.PCAP.PP.KD
CHL,2015,gdppc_ppp,27817.9584848024,NY.GDP.PCAP.PP.KD
CHL,2016,gdppc_ppp,27965.3473526831,NY.GDP.PCAP.PP.KD
CHL,2017,gdppc_ppp,27899.5979777012,NY.GDP.PCAP.PP.KD
CHL,2018,gdppc_ppp,28499.4064000406,NY.GDP.PCAP.PP.KD
CHL,2019,gdppc_ppp,28227.9790507594,NY.GDP.PCAP.PP.KD
CHL,2020,gdppc_ppp,26258.4038553242,NY.GDP.PCAP.PP.KD
CHL,2021,gdppc_ppp,29106.6356522053,NY.GDP.PCAP.PP.KD
CHL,2022,gdppc_ppp,29560.4513805785,NY.GDP.PCAP.PP.KD
CHL,2023,gdppc_ppp,29600.4188613168,NY.GDP.PCAP.PP.KD
CHL,2024,gdppc_ppp,30267.6440919907,NY.GDP.PCAP.PP.KD
CHN,2000,gdppc_ppp,4065.86707804429,NY.GDP.PCAP.PP.KD
CHN,2001,gdppc_ppp,4372.43560608339,NY.GDP.PCAP.PP.KD
CHN,2002,gdppc_ppp,4744.38182475307,NY.GDP.PCAP.PP.KD
CHN,2003,gdppc_ppp,5191.78118308167,NY.GDP.PCAP.PP.KD
CHN,2004,gdppc_ppp,5684.3881718733,NY.GDP.PCAP.PP.KD
CHN,2005,gdppc_ppp,6298.29929808598,NY.GDP.PCAP.PP.KD
CHN,2006,gdppc_ppp,7057.11131595304,NY.GDP.PCAP.PP.KD
CHN,2007,gdppc_ppp,8013.78375739131,NY.GDP.PCAP.PP.KD
CHN,2008,gdppc_ppp,8743.7020031299,NY.GDP.PCAP.PP.KD
CHN,2009,gdppc_ppp,9518.68128351945,NY.GDP.PCAP.PP.KD
CHN,2010,gdppc_ppp,10476.1525652407,NY.GDP.PCAP.PP.KD
CHN,2011,gdppc_ppp,11404.9179835542,NY.GDP.PCAP.PP.KD
CHN,2012,gdppc_ppp,12217.9343813101,NY.GDP.PCAP.PP.KD
CHN,2013,gdppc_ppp,13080.8787864744,NY.GDP.PCAP.PP.KD
CHN,2014,gdppc_ppp,13968.5187785922,NY.GDP.PCAP.PP.KD
CHN,2015,gdppc_ppp,14857.1088234405,NY.GDP.PCAP.PP.KD
CHN,2016,gdppc_ppp,15772.8372607502,NY.GDP.PCAP.PP.KD
CHN,2017,gdppc_ppp,16758.0463976858,NY.GDP.PCAP.PP.KD
CHN,2018,gdppc_ppp,17807.0490552244,NY.GDP.PCAP.PP.KD
CHN,2019,gdppc_ppp,18820.5871645645,NY.GDP.PCAP.PP.KD
CHN,2020,gdppc_ppp,19215.1012491012,NY.GDP.PCAP.PP.KD
CHN,2021,gdppc_ppp,20843.2978347377,NY.GDP.PCAP.PP.KD
CHN,2022,gdppc_ppp,21499.3125559757,NY.GDP.PCAP.PP.KD
CHN,2023,gdppc_ppp,22687.2519534328,NY.GDP.PCAP.PP.KD
CHN,2024,gdppc_ppp,23841.4769141817,NY.GDP.PCAP.PP.KD
COL,2000,gdppc_ppp,10813.4942250011,NY.GDP.PCAP.PP.KD
COL,2001,gdppc_ppp,10823.4504878807,NY.GDP.PCAP.PP.KD
COL,2002,gdppc_ppp,10925.1485602082,NY.GDP.PCAP.PP.KD
COL,2003,gdppc_ppp,11183.2911819793,NY.GDP.PCAP.PP.KD
COL,2004,gdppc_ppp,11607.9384935105,NY.GDP.PCAP.PP.KD
COL,2005,gdppc_ppp,11999.2549591305,NY.GDP.PCAP.PP.KD
COL,2006,gdppc_ppp,12636.6246577724,NY.GDP.PCAP.PP.KD
COL,2007,gdppc_ppp,13318.3033138168,NY.GDP.PCAP.PP.KD
COL,2008,gdppc_ppp,13591.0609028567,NY.GDP.PCAP.PP.KD
COL,2009,gdppc_ppp,13586.7518430982,NY.GDP.PCAP.PP.KD
COL,2010,gdppc_ppp,14037.0642668639,NY.GDP.PCAP.PP.KD
COL,2011,gdppc_ppp,14852.3699513061,NY.GDP.PCAP.PP.KD
COL,2012,gdppc_ppp,15279.4790008058,NY.GDP.PCAP.PP.KD
COL,2013,gdppc_ppp,15912.2471293239,NY.GDP.PCAP.PP.KD
COL,2014,gdppc_ppp,16480.3631474161,NY.GDP.PCAP.PP.KD
COL,2015,gdppc_ppp,16821.3801400631,NY.GDP.PCAP.PP.KD
COL,2016,gdppc_ppp,17003.244366485,NY.GDP.PCAP.PP.KD
COL,2017,gdppc_ppp,16986.0334182842,NY.GDP.PCAP.PP.KD
COL,2018,gdppc_ppp,17104.1313545678,NY.GDP.PCAP.PP.KD
COL,2019,gdppc_ppp,17336.7716030551,NY.GDP.PCAP.PP.KD
COL,2020,gdppc_ppp,15861.4999291295,NY.GDP.PCAP.PP.KD
COL,2021,gdppc_ppp,17383.0901728295,NY.GDP.PCAP.PP.KD
COL,2022,gdppc_ppp,18458.7209460704,NY.GDP.PCAP.PP.KD
COL,2023,gdppc_ppp,18406.6242338491,NY.GDP.PCAP.PP.KD
COL,2024,gdppc_ppp,18481.8374929368,NY.GDP.PCAP.PP.KD
CRI,2000,gdppc_ppp,14025.6899537485,NY.GDP.PCAP.PP.KD
CRI,2001,gdppc_ppp,14257.525071713,NY.GDP.PCAP.PP.KD
CRI,2002,gdppc_ppp,14503.176481607,NY.GDP.PCAP.PP.KD
CRI,2003,gdppc_ppp,14898.7197394794,NY.GDP.PCAP.PP.KD
CRI,2004,gdppc_ppp,15330.8832332948,NY.GDP.PCAP.PP.KD
CRI,2005,gdppc_ppp,15711.7451335337,NY.GDP.PCAP.PP.KD
CRI,2006,gdppc_ppp,16628.3723014013,NY.GDP.PCAP.PP.KD
CRI,2007,gdppc_ppp,17752.4161954513,NY.GDP.PCAP.PP.KD
CRI,2008,gdppc_ppp,18343.0996854851,NY.GDP.PCAP.PP.KD
CRI,2009,gdppc_ppp,17941.5019129465,NY.GDP.PCAP.PP.KD
CRI,2010,gdppc_ppp,18670.1678827387,NY.GDP.PCAP.PP.KD
CRI,2011,gdppc_ppp,19264.4566461776,NY.GDP.PCAP.PP.KD
CRI,2012,gdppc_ppp,19970.6856013628,NY.GDP.PCAP.PP.KD
CRI,2013,gdppc_ppp,20242.2938648319,NY.GDP.PCAP.PP.KD
CRI,2014,gdppc_ppp,20735.1927258406,NY.GDP.PCAP.PP.KD
CRI,2015,gdppc_ppp,21265.3176336354,NY.GDP.PCAP.PP.KD
CRI,2016,gdppc_ppp,21936.4660575366,NY.GDP.PCAP.PP.KD
CRI,2017,gdppc_ppp,22633.7648663302,NY.GDP.PCAP.PP.KD
CRI,2018,gdppc_ppp,23069.8622241266,NY.GDP.PCAP.PP.KD
CRI,2019,gdppc_ppp,23496.8294622995,NY.GDP.PCAP.PP.KD
CRI,2020,gdppc_ppp,22368.1378072638,NY.GDP.PCAP.PP.KD
CRI,2021,gdppc_ppp,24083.5988182437,NY.GDP.PCAP.PP.KD
CRI,2022,gdppc_ppp,25290.0087466975,NY.GDP.PCAP.PP.KD
CRI,2023,gdppc_ppp,26378.5409941926,NY.GDP.PCAP.PP.KD
CRI,2024,gdppc_ppp,27325.0470476503,NY.GDP.PCAP.PP.KD
CZE,2000,gdppc_ppp,29427.4070011514,NY.GDP.PCAP.PP.KD
CZE,2001,gdppc_ppp,30399.8730764283,NY.GDP.PCAP.PP.KD
CZE,2002,gdppc_ppp,30919.5496618702,NY.GDP.PCAP.PP.KD
CZE,2003,gdppc_ppp,31949.2963145034,NY.GDP.PCAP.PP.KD
CZE,2004,gdppc_ppp,33452.3408000614,NY.GDP.PCAP.PP.KD
CZE,2005,gdppc_ppp,35535.7479961511,NY.GDP.PCAP.PP.KD
CZE,2006,gdppc_ppp,37786.8781740905,NY.GDP.PCAP.PP.KD
CZE,2007,gdppc_ppp,39629.0061324728,NY.GDP.PCAP.PP.KD
CZE,2008,gdppc_ppp,40328.3426630095,NY.GDP.PCAP.PP.KD
CZE,2009,gdppc_ppp,38175.1422773334,NY.GDP.PCAP.PP.KD
CZE,2010,gdppc_ppp,39097.3886218756,NY.GDP.PCAP.PP.KD
CZE,2011,gdppc_ppp,39708.1626280195,NY.GDP.PCAP.PP.KD
CZE,2012,gdppc_ppp,39347.0492956846,NY.GDP.PCAP.PP.KD
CZE,2013,gdppc_ppp,39317.5535692377,NY.GDP.PCAP.PP.KD
CZE,2014,gdppc_ppp,40158.0164275735,NY.GDP.PCAP.PP.KD
CZE,2015,gdppc_ppp,42066.5759800801,NY.GDP.PCAP.PP.KD
CZE,2016,gdppc_ppp,43069.4659744727,NY.GDP.PCAP.PP.KD
CZE,2017,gdppc_ppp,45177.5226053634,NY.GDP.PCAP.PP.KD
CZE,2018,gdppc_ppp,46301.082036029,NY.GDP.PCAP.PP.KD
CZE,2019,gdppc_ppp,47763.6165520254,NY.GDP.PCAP.PP.KD
CZE,2020,gdppc_ppp,45119.9387309139,NY.GDP.PCAP.PP.KD
CZE,2021,gdppc_ppp,47796.0337408466,NY.GDP.PCAP.PP.KD
CZE,2022,gdppc_ppp,48390.661678675,NY.GDP.PCAP.PP.KD
CZE,2023,gdppc_ppp,47558.4106763314,NY.GDP.PCAP.PP.KD
CZE,2024,gdppc_ppp,47972.53171792,NY.GDP.PCAP.PP.KD
DEU,2000,gdppc_ppp,49955.6461286496,NY.GDP.PCAP.PP.KD
DEU,2001,gdppc_ppp,50687.6500447924,NY.GDP.PCAP.PP.KD
DEU,2002,gdppc_ppp,50486.998248551,NY.GDP.PCAP.PP.KD
DEU,2003,gdppc_ppp,50191.7219389611,NY.GDP.PCAP.PP.KD
DEU,2004,gdppc_ppp,50786.0176463275,NY.GDP.PCAP.PP.KD
DEU,2005,gdppc_ppp,51264.8193748941,NY.GDP.PCAP.PP.KD
DEU,2006,gdppc_ppp,53307.1623767517,NY.GDP.PCAP.PP.KD
DEU,2007,gdppc_ppp,54920.6589299724,NY.GDP.PCAP.PP.KD
DEU,2008,gdppc_ppp,55513.7558858315,NY.GDP.PCAP.PP.KD
DEU,2009,gdppc_ppp,52568.797424995,NY.GDP.PCAP.PP.KD
DEU,2010,gdppc_ppp,54826.255453315,NY.GDP.PCAP.PP.KD
DEU,2011,gdppc_ppp,57950.9589729677,NY.GDP.PCAP.PP.KD
DEU,2012,gdppc_ppp,58110.3768512245,NY.GDP.PCAP.PP.KD
DEU,2013,gdppc_ppp,58182.0766176953,NY.GDP.PCAP.PP.KD
DEU,2014,gdppc_ppp,59203.2340879963,NY.GDP.PCAP.PP.KD
DEU,2015,gdppc_ppp,59668.9890355282,NY.GDP.PCAP.PP.KD
DEU,2016,gdppc_ppp,60504.5857417161,NY.GDP.PCAP.PP.KD
DEU,2017,gdppc_ppp,61965.4342904965,NY.GDP.PCAP.PP.KD
DEU,2018,gdppc_ppp,62481.1183971045,NY.GDP.PCAP.PP.KD
DEU,2019,gdppc_ppp,62949.8932511855,NY.GDP.PCAP.PP.KD
DEU,2020,gdppc_ppp,60299.5767710809,NY.GDP.PCAP.PP.KD
DEU,2021,gdppc_ppp,62630.7748127737,NY.GDP.PCAP.PP.KD
DEU,2022,gdppc_ppp,63777.9291029299,NY.GDP.PCAP.PP.KD
DEU,2023,gdppc_ppp,63140.1949099669,NY.GDP.PCAP.PP.KD
DEU,2024,gdppc_ppp,62654.602264023,NY.GDP.PCAP.PP.KD
DNK,2000,gdppc_ppp,57585.8965553524,NY.GDP.PCAP.PP.KD
DNK,2001,gdppc_ppp,57925.0542954115,NY.GDP.PCAP.PP.KD
DNK,2002,gdppc_ppp,58003.8882572641,NY.GDP.PCAP.PP.KD
DNK,2003,gdppc_ppp,58101.4809549972,NY.GDP.PCAP.PP.KD
DNK,2004,gdppc_ppp,59560.4599503941,NY.GDP.PCAP.PP.KD
DNK,2005,gdppc_ppp,60798.1351548444,NY.GDP.PCAP.PP.KD
DNK,2006,gdppc_ppp,62911.3931382937,NY.GDP.PCAP.PP.KD
DNK,2007,gdppc_ppp,63251.3169416725,NY.GDP.PCAP.PP.KD
DNK,2008,gdppc_ppp,62618.4499382451,NY.GDP.PCAP.PP.KD
DNK,2009,gdppc_ppp,59185.9677505533,NY.GDP.PCAP.PP.KD
DNK,2010,gdppc_ppp,59856.3490860003,NY.GDP.PCAP.PP.KD
DNK,2011,gdppc_ppp,60391.7799332206,NY.GDP.PCAP.PP.KD
DNK,2012,gdppc_ppp,60161.7010660256,NY.GDP.PCAP.PP.KD
DNK,2013,gdppc_ppp,60745.7784800252,NY.GDP.PCAP.PP.KD
DNK,2014,gdppc_ppp,61210.9490922919,NY.GDP.PCAP.PP.KD
DNK,2015,gdppc_ppp,62059.1285991721,NY.GDP.PCAP.PP.KD
DNK,2016,gdppc_ppp,63468.9888246814,NY.GDP.PCAP.PP.KD
DNK,2017,gdppc_ppp,64989.4459872347,NY.GDP.PCAP.PP.KD
DNK,2018,gdppc_ppp,65870.8302554341,NY.GDP.PCAP.PP.KD
DNK,2019,gdppc_ppp,66758.6323346131,NY.GDP.PCAP.PP.KD
DNK,2020,gdppc_ppp,65379.3066120995,NY.GDP.PCAP.PP.KD
DNK,2021,gdppc_ppp,69327.998216527,NY.GDP.PCAP.PP.KD
DNK,2022,gdppc_ppp,69089.4692492289,NY.GDP.PCAP.PP.KD
DNK,2023,gdppc_ppp,68993.9031100362,NY.GDP.PCAP.PP.KD
DNK,2024,gdppc_ppp,71034.5789667138,NY.GDP.PCAP.PP.KD
ESP,2000,gdppc_ppp,39945.8971298178,NY.GDP.PCAP.PP.KD
ESP,2001,gdppc_ppp,41224.2924057393,NY.GDP.PCAP.PP.KD
ESP,2002,gdppc_ppp,41766.0378188791,NY.GDP.PCAP.PP.KD
ESP,2003,gdppc_ppp,42223.130174522,NY.GDP.PCAP.PP.KD
ESP,2004,gdppc_ppp,42793.3902326006,NY.GDP.PCAP.PP.KD
ESP,2005,gdppc_ppp,43570.7652574033,NY.GDP.PCAP.PP.KD
ESP,2006,gdppc_ppp,44572.6815459931,NY.GDP.PCAP.PP.KD
ESP,2007,gdppc_ppp,45301.2843416374,NY.GDP.PCAP.PP.KD
ESP,2008,gdppc_ppp,44926.348951812,NY.GDP.PCAP.PP.KD
ESP,2009,gdppc_ppp,42852.220888454,NY.GDP.PCAP.PP.KD
ESP,2010,gdppc_ppp,42695.5274189933,NY.GDP.PCAP.PP.KD
ESP,2011,gdppc_ppp,42271.8346788238,NY.GDP.PCAP.PP.KD
ESP,2012,gdppc_ppp,41034.0481566356,NY.GDP.PCAP.PP.KD
ESP,2013,gdppc_ppp,40594.914008768,NY.GDP.PCAP.PP.KD
ESP,2014,gdppc_ppp,41339.4111169417,NY.GDP.PCAP.PP.KD
ESP,2015,gdppc_ppp,43053.761430314,NY.GDP.PCAP.PP.KD
ESP,2016,gdppc_ppp,44274.6676149922,NY.GDP.PCAP.PP.KD
ESP,2017,gdppc_ppp,45446.2508575695,NY.GDP.PCAP.PP.KD
ESP,2018,gdppc_ppp,46325.2099441141,NY.GDP.PCAP.PP.KD
ESP,2019,gdppc_ppp,46896.4171141424,NY.GDP.PCAP.PP.KD
ESP,2020,gdppc_ppp,41553.4477945675,NY.GDP.PCAP.PP.KD
ESP,2021,gdppc_ppp,44251.6658222621,NY.GDP.PCAP.PP.KD
ESP,2022,gdppc_ppp,46733.4809780536,NY.GDP.PCAP.PP.KD
ESP,2023,gdppc_ppp,47322.5937004504,NY.GDP.PCAP.PP.KD
ESP,2024,gdppc_ppp,48460.2914069661,NY.GDP.PCAP.PP.KD
EST,2000,gdppc_ppp,20526.6606380865,NY.GDP.PCAP.PP.KD
EST,2001,gdppc_ppp,21872.6593953112,NY.GDP.PCAP.PP.KD
EST,2002,gdppc_ppp,23537.7156816601,NY.GDP.PCAP.PP.KD
EST,2003,gdppc_ppp,25485.1613028986,NY.GDP.PCAP.PP.KD
EST,2004,gdppc_ppp,27381.5350626694,NY.GDP.PCAP.PP.KD
EST,2005,gdppc_ppp,30161.1996133966,NY.GDP.PCAP.PP.KD
EST,2006,gdppc_ppp,33301.4945486206,NY.GDP.PCAP.PP.KD
EST,2007,gdppc_ppp,35986.5161332684,NY.GDP.PCAP.PP.KD
EST,2008,gdppc_ppp,34233.7643806167,NY.GDP.PCAP.PP.KD
EST,2009,gdppc_ppp,29281.6798284656,NY.GDP.PCAP.PP.KD
EST,2010,gdppc_ppp,30067.501040775,NY.GDP.PCAP.PP.KD
EST,2011,gdppc_ppp,32453.1008476709,NY.GDP.PCAP.PP.KD
EST,2012,gdppc_ppp,33765.4302075072,NY.GDP.PCAP.PP.KD
EST,2013,gdppc_ppp,34481.0148921506,NY.GDP.PCAP.PP.KD
EST,2014,gdppc_ppp,35720.3025335234,NY.GDP.PCAP.PP.KD
EST,2015,gdppc_ppp,36353.0580520449,NY.GDP.PCAP.PP.KD
EST,2016,gdppc_ppp,37466.5561839318,NY.GDP.PCAP.PP.KD
EST,2017,gdppc_ppp,39529.785973279,NY.GDP.PCAP.PP.KD
EST,2018,gdppc_ppp,40849.8473475564,NY.GDP.PCAP.PP.KD
EST,2019,gdppc_ppp,42215.0343835811,NY.GDP.PCAP.PP.KD
EST,2020,gdppc_ppp,40916.7194113327,NY.GDP.PCAP.PP.KD
EST,2021,gdppc_ppp,44247.4198971873,NY.GDP.PCAP.PP.KD
EST,2022,gdppc_ppp,43124.6196563775,NY.GDP.PCAP.PP.KD
EST,2023,gdppc_ppp,41284.7746875532,NY.GDP.PCAP.PP.KD
EST,2024,gdppc_ppp,41185.8348356109,NY.GDP.PCAP.PP.KD
FIN,2000,gdppc_ppp,46968.841714507,NY.GDP.PCAP.PP.KD
FIN,2001,gdppc_ppp,48099.3014282794,NY.GDP.PCAP.PP.KD
FIN,2002,gdppc_ppp,48792.4864789775,NY.GDP.PCAP.PP.KD
FIN,2003,gdppc_ppp,49655.5451564067,NY.GDP.PCAP.PP.KD
FIN,2004,gdppc_ppp,51494.705860401,NY.GDP.PCAP.PP.KD
FIN,2005,gdppc_ppp,52744.048034135,NY.GDP.PCAP.PP.KD
FIN,2006,gdppc_ppp,54653.981203281,NY.GDP.PCAP.PP.KD
FIN,2007,gdppc_ppp,57313.2916474478,NY.GDP.PCAP.PP.KD
FIN,2008,gdppc_ppp,57494.585352886,NY.GDP.PCAP.PP.KD
FIN,2009,gdppc_ppp,52599.1487066911,NY.GDP.PCAP.PP.KD
FIN,2010,gdppc_ppp,54017.9458623339,NY.GDP.PCAP.PP.KD
FIN,2011,gdppc_ppp,55053.3906850323,NY.GDP.PCAP.PP.KD
FIN,2012,gdppc_ppp,53957.6680986279,NY.GDP.PCAP.PP.KD
FIN,2013,gdppc_ppp,53183.4286685126,NY.GDP.PCAP.PP.KD
FIN,2014,gdppc_ppp,52710.7334867778,NY.GDP.PCAP.PP.KD
FIN,2015,gdppc_ppp,52782.4873926277,NY.GDP.PCAP.PP.KD
FIN,2016,gdppc_ppp,53984.6316254715,NY.GDP.PCAP.PP.KD
FIN,2017,gdppc_ppp,55637.2262781223,NY.GDP.PCAP.PP.KD
FIN,2018,gdppc_ppp,56226.337241343,NY.GDP.PCAP.PP.KD
FIN,2019,gdppc_ppp,56922.4873163103,NY.GDP.PCAP.PP.KD
FIN,2020,gdppc_ppp,55424.8574989208,NY.GDP.PCAP.PP.KD
FIN,2021,gdppc_ppp,56790.3766177692,NY.GDP.PCAP.PP.KD
FIN,2022,gdppc_ppp,57068.3056478074,NY.GDP.PCAP.PP.KD
FIN,2023,gdppc_ppp,56051.7701129501,NY.GDP.PCAP.PP.KD
FIN,2024,gdppc_ppp,55901.3202296588,NY.GDP.PCAP.PP.KD
FRA,2000,gdppc_ppp,45922.4789363701,NY.GDP.PCAP.PP.KD
FRA,2001,gdppc_ppp,46454.8706927365,NY.GDP.PCAP.PP.KD
FRA,2002,gdppc_ppp,46610.7820717214,NY.GDP.PCAP.PP.KD
FRA,2003,gdppc_ppp,46730.975806379,NY.GDP.PCAP.PP.KD
FRA,2004,gdppc_ppp,47720.4413351103,NY.GDP.PCAP.PP.KD
FRA,2005,gdppc_ppp,48257.4650937971,NY.GDP.PCAP.PP.KD
FRA,2006,gdppc_ppp,49223.247197008,NY.GDP.PCAP.PP.KD
FRA,2007,gdppc_ppp,50157.7837477634,NY.GDP.PCAP.PP.KD
FRA,2008,gdppc_ppp,50068.2969141379,NY.GDP.PCAP.PP.KD
FRA,2009,gdppc_ppp,48404.9657826363,NY.GDP.PCAP.PP.KD
FRA,2010,gdppc_ppp,49130.422942344,NY.GDP.PCAP.PP.KD
FRA,2011,gdppc_ppp,50085.6829779109,NY.GDP.PCAP.PP.KD
FRA,2012,gdppc_ppp,49935.6269081617,NY.GDP.PCAP.PP.KD
FRA,2013,gdppc_ppp,50066.5304324783,NY.GDP.PCAP.PP.KD
FRA,2014,gdppc_ppp,50326.567863089,NY.GDP.PCAP.PP.KD
FRA,2015,gdppc_ppp,50682.8953586333,NY.GDP.PCAP.PP.KD
FRA,2016,gdppc_ppp,50984.075297832,NY.GDP.PCAP.PP.KD
FRA,2017,gdppc_ppp,51895.5662985838,NY.GDP.PCAP.PP.KD
FRA,2018,gdppc_ppp,52560.9536243841,NY.GDP.PCAP.PP.KD
FRA,2019,gdppc_ppp,53448.5548849943,NY.GDP.PCAP.PP.KD
FRA,2020,gdppc_ppp,49311.333409639,NY.GDP.PCAP.PP.KD
FRA,2021,gdppc_ppp,52517.3354905855,NY.GDP.PCAP.PP.KD
FRA,2022,gdppc_ppp,53673.8137406422,NY.GDP.PCAP.PP.KD
FRA,2023,gdppc_ppp,54296.7230897731,NY.GDP.PCAP.PP.KD
FRA,2024,gdppc_ppp,54799.3482689389,NY.GDP.PCAP.PP.KD
GBR,2000,gdppc_ppp,43818.3463079443,NY.GDP.PCAP.PP.KD
GBR,2001,gdppc_ppp,44693.6612621755,NY.GDP.PCAP.PP.KD
GBR,2002,gdppc_ppp,45265.4565169944,NY.GDP.PCAP.PP.KD
GBR,2003,gdppc_ppp,46505.2798806788,NY.GDP.PCAP.PP.KD
GBR,2004,gdppc_ppp,47317.027070979,NY.GDP.PCAP.PP.KD
GBR,2005,gdppc_ppp,48304.6753205932,NY.GDP.PCAP.PP.KD
GBR,2006,gdppc_ppp,49000.9535382241,NY.GDP.PCAP.PP.KD
GBR,2007,gdppc_ppp,50045.9163092519,NY.GDP.PCAP.PP.KD
GBR,2008,gdppc_ppp,49629.0498697349,NY.GDP.PCAP.PP.KD
GBR,2009,gdppc_ppp,46995.5449961945,NY.GDP.PCAP.PP.KD
GBR,2010,gdppc_ppp,47682.6525150443,NY.GDP.PCAP.PP.KD
GBR,2011,gdppc_ppp,47714.2894262827,NY.GDP.PCAP.PP.KD
GBR,2012,gdppc_ppp,48099.6594401942,NY.GDP.PCAP.PP.KD
GBR,2013,gdppc_ppp,48600.5100807266,NY.GDP.PCAP.PP.KD
GBR,2014,gdppc_ppp,49763.17387988,NY.GDP.PCAP.PP.KD
GBR,2015,gdppc_ppp,50462.8329992477,NY.GDP.PCAP.PP.KD
GBR,2016,gdppc_ppp,51168.2925796814,NY.GDP.PCAP.PP.KD
GBR,2017,gdppc_ppp,52429.1275538988,NY.GDP.PCAP.PP.KD
GBR,2018,gdppc_ppp,52983.039541197,NY.GDP.PCAP.PP.KD
GBR,2019,gdppc_ppp,53374.0927628482,NY.GDP.PCAP.PP.KD
GBR,2020,gdppc_ppp,47930.5490378931,NY.GDP.PCAP.PP.KD
GBR,2021,gdppc_ppp,51840.4424245515,NY.GDP.PCAP.PP.KD
GBR,2022,gdppc_ppp,53979.7679116234,NY.GDP.PCAP.PP.KD
GBR,2023,gdppc_ppp,53423.4226338292,NY.GDP.PCAP.PP.KD
GBR,2024,gdppc_ppp,53412.0647163589,NY.GDP.PCAP.PP.KD
GRC,2000,gdppc_ppp,31386.639783624,NY.GDP.PCAP.PP.KD
GRC,2001,gdppc_ppp,32675.9292327768,NY.GDP.PCAP.PP.KD
GRC,2002,gdppc_ppp,34081.0289759343,NY.GDP.PCAP.PP.KD
GRC,2003,gdppc_ppp,35970.7016808475,NY.GDP.PCAP.PP.KD
GRC,2004,gdppc_ppp,37811.4913664483,NY.GDP.PCAP.PP.KD
GRC,2005,gdppc_ppp,38146.962971083,NY.GDP.PCAP.PP.KD
GRC,2006,gdppc_ppp,40483.1569225337,NY.GDP.PCAP.PP.KD
GRC,2007,gdppc_ppp,41796.2336918303,NY.GDP.PCAP.PP.KD
GRC,2008,gdppc_ppp,41709.3877420312,NY.GDP.PCAP.PP.KD
GRC,2009,gdppc_ppp,39886.2135496664,NY.GDP.PCAP.PP.KD
GRC,2010,gdppc_ppp,37566.7483686263,NY.GDP.PCAP.PP.KD
GRC,2011,gdppc_ppp,33906.4917435676,NY.GDP.PCAP.PP.KD
GRC,2012,gdppc_ppp,31250.2268565956,NY.GDP.PCAP.PP.KD
GRC,2013,gdppc_ppp,30762.4432227813,NY.GDP.PCAP.PP.KD
GRC,2014,gdppc_ppp,31213.3765120298,NY.GDP.PCAP.PP.KD
GRC,2015,gdppc_ppp,31347.976574604,NY.GDP.PCAP.PP.KD
GRC,2016,gdppc_ppp,31468.6198471099,NY.GDP.PCAP.PP.KD
GRC,2017,gdppc_ppp,31995.4108838386,NY.GDP.PCAP.PP.KD
GRC,2018,gdppc_ppp,32722.3310444029,NY.GDP.PCAP.PP.KD
GRC,2019,gdppc_ppp,33502.7506488997,NY.GDP.PCAP.PP.KD
GRC,2020,gdppc_ppp,30487.1129331045,NY.GDP.PCAP.PP.KD
GRC,2021,gdppc_ppp,33528.2271202515,NY.GDP.PCAP.PP.KD
GRC,2022,gdppc_ppp,35828.1756641776,NY.GDP.PCAP.PP.KD
GRC,2023,gdppc_ppp,36700.5134631055,NY.GDP.PCAP.PP.KD
GRC,2024,gdppc_ppp,37474.2798239947,NY.GDP.PCAP.PP.KD
HUN,2000,gdppc_ppp,22117.9204303193,NY.GDP.PCAP.PP.KD
HUN,2001,gdppc_ppp,23069.2114730987,NY.GDP.PCAP.PP.KD
HUN,2002,gdppc_ppp,24229.2953575981,NY.GDP.PCAP.PP.KD
HUN,2003,gdppc_ppp,25255.8711300567,NY.GDP.PCAP.PP.KD
HUN,2004,gdppc_ppp,26568.118861864,NY.GDP.PCAP.PP.KD
HUN,2005,gdppc_ppp,27765.7886146197,NY.GDP.PCAP.PP.KD
HUN,2006,gdppc_ppp,28903.0475407078,NY.GDP.PCAP.PP.KD
HUN,2007,gdppc_ppp,29044.0669021254,NY.GDP.PCAP.PP.KD
HUN,2008,gdppc_ppp,29384.0070385818,NY.GDP.PCAP.PP.KD
HUN,2009,gdppc_ppp,27445.959458479,NY.GDP.PCAP.PP.KD
HUN,2010,gdppc_ppp,27801.833816111,NY.GDP.PCAP.PP.KD
HUN,2011,gdppc_ppp,28415.1173442897,NY.GDP.PCAP.PP.KD
HUN,2012,gdppc_ppp,28179.656464434,NY.GDP.PCAP.PP.KD
HUN,2013,gdppc_ppp,28891.0217544976,NY.GDP.PCAP.PP.KD
HUN,2014,gdppc_ppp,30264.9492302161,NY.GDP.PCAP.PP.KD
HUN,2015,gdppc_ppp,31485.5675425634,NY.GDP.PCAP.PP.KD
HUN,2016,gdppc_ppp,32378.9674983075,NY.GDP.PCAP.PP.KD
HUN,2017,gdppc_ppp,33828.714942571,NY.GDP.PCAP.PP.KD
HUN,2018,gdppc_ppp,35798.0412754022,NY.GDP.PCAP.PP.KD
HUN,2019,gdppc_ppp,37662.67681014,NY.GDP.PCAP.PP.KD
HUN,2020,gdppc_ppp,36119.5211735652,NY.GDP.PCAP.PP.KD
HUN,2021,gdppc_ppp,38887.1909527154,NY.GDP.PCAP.PP.KD
HUN,2022,gdppc_ppp,40610.9711368238,NY.GDP.PCAP.PP.KD
HUN,2023,gdppc_ppp,40333.2546888118,NY.GDP.PCAP.PP.KD
HUN,2024,gdppc_ppp,40747.1986679668,NY.GDP.PCAP.PP.KD
IRL,2000,gdppc_ppp,53582.8313532284,NY.GDP.PCAP.PP.KD
IRL,2001,gdppc_ppp,55534.5698068816,NY.GDP.PCAP.PP.KD
IRL,2002,gdppc_ppp,57828.0116338414,NY.GDP.PCAP.PP.KD
IRL,2003,gdppc_ppp,58608.3353816693,NY.GDP.PCAP.PP.KD
IRL,2004,gdppc_ppp,61452.8660388324,NY.GDP.PCAP.PP.KD
IRL,2005,gdppc_ppp,63579.7134384122,NY.GDP.PCAP.PP.KD
IRL,2006,gdppc_ppp,64975.4086496251,NY.GDP.PCAP.PP.KD
IRL,2007,gdppc_ppp,66475.8410142999,NY.GDP.PCAP.PP.KD
IRL,2008,gdppc_ppp,62213.6453256462,NY.GDP.PCAP.PP.KD
IRL,2009,gdppc_ppp,58446.726333492,NY.GDP.PCAP.PP.KD
IRL,2010,gdppc_ppp,59107.4220740498,NY.GDP.PCAP.PP.KD
IRL,2011,gdppc_ppp,59797.0537343463,NY.GDP.PCAP.PP.KD
IRL,2012,gdppc_ppp,59303.0319813561,NY.GDP.PCAP.PP.KD
IRL,2013,gdppc_ppp,60285.2376140094,NY.GDP.PCAP.PP.KD
IRL,2014,gdppc_ppp,65463.1952541564,NY.GDP.PCAP.PP.KD
IRL,2015,gdppc_ppp,80815.6415277345,NY.GDP.PCAP.PP.KD
IRL,2016,gdppc_ppp,80760.0974145688,NY.GDP.PCAP.PP.KD
IRL,2017,gdppc_ppp,87731.7897045734,NY.GDP.PCAP.PP.KD
IRL,2018,gdppc_ppp,93115.8393498329,NY.GDP.PCAP.PP.KD
IRL,2019,gdppc_ppp,96205.7961557005,NY.GDP.PCAP.PP.KD
IRL,2020,gdppc_ppp,101793.447525871,NY.GDP.PCAP.PP.KD
IRL,2021,gdppc_ppp,116702.85817485,NY.GDP.PCAP.PP.KD
IRL,2022,gdppc_ppp,123007.47648651,NY.GDP.PCAP.PP.KD
IRL,2023,gdppc_ppp,117659.728593716,NY.GDP.PCAP.PP.KD
IRL,2024,gdppc_ppp,118833.312071751,NY.GDP.PCAP.PP.KD
ISL,2000,gdppc_ppp,50227.8408745363,NY.GDP.PCAP.PP.KD
ISL,2001,gdppc_ppp,51468.3282267824,NY.GDP.PCAP.PP.KD
ISL,2002,gdppc_ppp,51287.593729948,NY.GDP.PCAP.PP.KD
ISL,2003,gdppc_ppp,52095.6402740564,NY.GDP.PCAP.PP.KD
ISL,2004,gdppc_ppp,55576.6099806516,NY.GDP.PCAP.PP.KD
ISL,2005,gdppc_ppp,58549.1358862183,NY.GDP.PCAP.PP.KD
ISL,2006,gdppc_ppp,60434.3837931128,NY.GDP.PCAP.PP.KD
ISL,2007,gdppc_ppp,64075.3098188208,NY.GDP.PCAP.PP.KD
ISL,2008,gdppc_ppp,63963.7601392225,NY.GDP.PCAP.PP.KD
ISL,2009,gdppc_ppp,58441.2719673968,NY.GDP.PCAP.PP.KD
ISL,2010,gdppc_ppp,57225.1024282006,NY.GDP.PCAP.PP.KD
ISL,2011,gdppc_ppp,57837.8604599413,NY.GDP.PCAP.PP.KD
ISL,2012,gdppc_ppp,58203.6379459536,NY.GDP.PCAP.PP.KD
ISL,2013,gdppc_ppp,59729.5439775397,NY.GDP.PCAP.PP.KD
ISL,2014,gdppc_ppp,60199.1994872756,NY.GDP.PCAP.PP.KD
ISL,2015,gdppc_ppp,61820.3618857662,NY.GDP.PCAP.PP.KD
ISL,2016,gdppc_ppp,64759.2275423229,NY.GDP.PCAP.PP.KD
ISL,2017,gdppc_ppp,65462.5033306299,NY.GDP.PCAP.PP.KD
ISL,2018,gdppc_ppp,66703.0219398003,NY.GDP.PCAP.PP.KD
ISL,2019,gdppc_ppp,65994.9860038103,NY.GDP.PCAP.PP.KD
ISL,2020,gdppc_ppp,60617.143268851,NY.GDP.PCAP.PP.KD
ISL,2021,gdppc_ppp,62720.7916832797,NY.GDP.PCAP.PP.KD
ISL,2022,gdppc_ppp,66581.2441801002,NY.GDP.PCAP.PP.KD
ISL,2023,gdppc_ppp,69268.1221404224,NY.GDP.PCAP.PP.KD
ISL,2024,gdppc_ppp,68230.356652817,NY.GDP.PCAP.PP.KD
ISR,2000,gdppc_ppp,33278.5412285682,NY.GDP.PCAP.PP.KD
ISR,2001,gdppc_ppp,32591.2116817431,NY.GDP.PCAP.PP.KD
ISR,2002,gdppc_ppp,31892.5395978816,NY.GDP.PCAP.PP.KD
ISR,2003,gdppc_ppp,31771.2115906733,NY.GDP.PCAP.PP.KD
ISR,2004,gdppc_ppp,32665.8537052438,NY.GDP.PCAP.PP.KD
ISR,2005,gdppc_ppp,33491.9913996395,NY.GDP.PCAP.PP.KD
ISR,2006,gdppc_ppp,34744.8675092298,NY.GDP.PCAP.PP.KD
ISR,2007,gdppc_ppp,36288.0655118571,NY.GDP.PCAP.PP.KD
ISR,2008,gdppc_ppp,36795.4799112424,NY.GDP.PCAP.PP.KD
ISR,2009,gdppc_ppp,36364.7843182661,NY.GDP.PCAP.PP.KD
ISR,2010,gdppc_ppp,37686.3420833543,NY.GDP.PCAP.PP.KD
ISR,2011,gdppc_ppp,39036.0247356871,NY.GDP.PCAP.PP.KD
ISR,2012,gdppc_ppp,39245.5078117687,NY.GDP.PCAP.PP.KD
ISR,2013,gdppc_ppp,40095.4756773092,NY.GDP.PCAP.PP.KD
ISR,2014,gdppc_ppp,40795.6290927281,NY.GDP.PCAP.PP.KD
ISR,2015,gdppc_ppp,40889.5989080834,NY.GDP.PCAP.PP.KD
ISR,2016,gdppc_ppp,41914.5802977706,NY.GDP.PCAP.PP.KD
ISR,2017,gdppc_ppp,42895.585129847,NY.GDP.PCAP.PP.KD
ISR,2018,gdppc_ppp,43782.6526491689,NY.GDP.PCAP.PP.KD
ISR,2019,gdppc_ppp,44492.1226967084,NY.GDP.PCAP.PP.KD
ISR,2020,gdppc_ppp,42926.5415418584,NY.GDP.PCAP.PP.KD
ISR,2021,gdppc_ppp,46151.100820403,NY.GDP.PCAP.PP.KD
ISR,2022,gdppc_ppp,48132.3637205177,NY.GDP.PCAP.PP.KD
ISR,2023,gdppc_ppp,47671.2476926086,NY.GDP.PCAP.PP.KD
ISR,2024,gdppc_ppp,47388.7236682364,NY.GDP.PCAP.PP.KD
ITA,2000,gdppc_ppp,50353.4200415436,NY.GDP.PCAP.PP.KD
ITA,2001,gdppc_ppp,51332.2904432567,NY.GDP.PCAP.PP.KD
ITA,2002,gdppc_ppp,51369.1149098293,NY.GDP.PCAP.PP.KD
ITA,2003,gdppc_ppp,51126.2585544038,NY.GDP.PCAP.PP.KD
ITA,2004,gdppc_ppp,51495.0028841364,NY.GDP.PCAP.PP.KD
ITA,2005,gdppc_ppp,51585.6445807938,NY.GDP.PCAP.PP.KD
ITA,2006,gdppc_ppp,52304.2402949819,NY.GDP.PCAP.PP.KD
ITA,2007,gdppc_ppp,52747.1905476807,NY.GDP.PCAP.PP.KD
ITA,2008,gdppc_ppp,51806.3906176391,NY.GDP.PCAP.PP.KD
ITA,2009,gdppc_ppp,48774.3916833748,NY.GDP.PCAP.PP.KD
ITA,2010,gdppc_ppp,49301.6959141674,NY.GDP.PCAP.PP.KD
ITA,2011,gdppc_ppp,49473.0149235634,NY.GDP.PCAP.PP.KD
ITA,2012,gdppc_ppp,47795.9579360541,NY.GDP.PCAP.PP.KD
ITA,2013,gdppc_ppp,46833.3615309303,NY.GDP.PCAP.PP.KD
ITA,2014,gdppc_ppp,46825.6511245062,NY.GDP.PCAP.PP.KD
ITA,2015,gdppc_ppp,47311.8255262709,NY.GDP.PCAP.PP.KD
ITA,2016,gdppc_ppp,47987.8379581014,NY.GDP.PCAP.PP.KD
ITA,2017,gdppc_ppp,48849.2183534756,NY.GDP.PCAP.PP.KD
ITA,2018,gdppc_ppp,49355.8751913504,NY.GDP.PCAP.PP.KD
ITA,2019,gdppc_ppp,49690.6298505274,NY.GDP.PCAP.PP.KD
ITA,2020,gdppc_ppp,45505.0688708956,NY.GDP.PCAP.PP.KD
ITA,2021,gdppc_ppp,49825.3934111848,NY.GDP.PCAP.PP.KD
ITA,2022,gdppc_ppp,52333.3274270604,NY.GDP.PCAP.PP.KD
ITA,2023,gdppc_ppp,52842.6288831758,NY.GDP.PCAP.PP.KD
ITA,2024,gdppc_ppp,53284.8745049149,NY.GDP.PCAP.PP.KD
JPN,2000,gdppc_ppp,39731.7953686304,NY.GDP.PCAP.PP.KD
JPN,2001,gdppc_ppp,39748.9837725849,NY.GDP.PCAP.PP.KD
JPN,2002,gdppc_ppp,39690.3676794625,NY.GDP.PCAP.PP.KD
JPN,2003,gdppc_ppp,40152.1282635641,NY.GDP.PCAP.PP.KD
JPN,2004,gdppc_ppp,40986.7225710497,NY.GDP.PCAP.PP.KD
JPN,2005,gdppc_ppp,41740.352036905,NY.GDP.PCAP.PP.KD
JPN,2006,gdppc_ppp,42358.9337348253,NY.GDP.PCAP.PP.KD
JPN,2007,gdppc_ppp,43041.5697058021,NY.GDP.PCAP.PP.KD
JPN,2008,gdppc_ppp,42518.8423408417,NY.GDP.PCAP.PP.KD
JPN,2009,gdppc_ppp,39999.9464203408,NY.GDP.PCAP.PP.KD
JPN,2010,gdppc_ppp,41647.0458542008,NY.GDP.PCAP.PP.KD
JPN,2011,gdppc_ppp,41640.6608721251,NY.GDP.PCAP.PP.KD
JPN,2012,gdppc_ppp,42394.9433175064,NY.GDP.PCAP.PP.KD
JPN,2013,gdppc_ppp,43304.1181931426,NY.GDP.PCAP.PP.KD
JPN,2014,gdppc_ppp,43754.438013293,NY.GDP.PCAP.PP.KD
JPN,2015,gdppc_ppp,44589.3032854003,NY.GDP.PCAP.PP.KD
JPN,2016,gdppc_ppp,44926.6202909525,NY.GDP.PCAP.PP.KD
JPN,2017,gdppc_ppp,45693.3776080987,NY.GDP.PCAP.PP.KD
JPN,2018,gdppc_ppp,46133.0225978718,NY.GDP.PCAP.PP.KD
JPN,2019,gdppc_ppp,46055.3498672487,NY.GDP.PCAP.PP.KD
JPN,2020,gdppc_ppp,44212.5503415724,NY.GDP.PCAP.PP.KD
JPN,2021,gdppc_ppp,45999.4617966896,NY.GDP.PCAP.PP.KD
JPN,2022,gdppc_ppp,46819.360613609,NY.GDP.PCAP.PP.KD
JPN,2023,gdppc_ppp,47387.2172542523,NY.GDP.PCAP.PP.KD
JPN,2024,gdppc_ppp,47479.8448545667,NY.GDP.PCAP.PP.KD
KOR,2000,gdppc_ppp,26404.1588575745,NY.GDP.PCAP.PP.KD
KOR,2001,gdppc_ppp,27440.6564915847,NY.GDP.PCAP.PP.KD
KOR,2002,gdppc_ppp,29395.2766036796,NY.GDP.PCAP.PP.KD
KOR,2003,gdppc_ppp,30142.4605585814,NY.GDP.PCAP.PP.KD
KOR,2004,gdppc_ppp,31579.5283048867,NY.GDP.PCAP.PP.KD
KOR,2005,gdppc_ppp,32886.0472450743,NY.GDP.PCAP.PP.KD
KOR,2006,gdppc_ppp,34429.6222013137,NY.GDP.PCAP.PP.KD
KOR,2007,gdppc_ppp,36257.3401689702,NY.GDP.PCAP.PP.KD
KOR,2008,gdppc_ppp,37064.1518484106,NY.GDP.PCAP.PP.KD
KOR,2009,gdppc_ppp,37176.1939270969,NY.GDP.PCAP.PP.KD
KOR,2010,gdppc_ppp,39574.0500732947,NY.GDP.PCAP.PP.KD
KOR,2011,gdppc_ppp,40719.2273771671,NY.GDP.PCAP.PP.KD
KOR,2012,gdppc_ppp,41537.6728611117,NY.GDP.PCAP.PP.KD
KOR,2013,gdppc_ppp,42709.9751857887,NY.GDP.PCAP.PP.KD
KOR,2014,gdppc_ppp,43806.9250985661,NY.GDP.PCAP.PP.KD
KOR,2015,gdppc_ppp,44849.106767089,NY.GDP.PCAP.PP.KD
KOR,2016,gdppc_ppp,46088.2430785383,NY.GDP.PCAP.PP.KD
KOR,2017,gdppc_ppp,47536.7898568851,NY.GDP.PCAP.PP.KD
KOR,2018,gdppc_ppp,48834.4471157733,NY.GDP.PCAP.PP.KD
KOR,2019,gdppc_ppp,49790.8679884821,NY.GDP.PCAP.PP.KD
KOR,2020,gdppc_ppp,49374.0926148025,NY.GDP.PCAP.PP.KD
KOR,2021,gdppc_ppp,51718.2518656631,NY.GDP.PCAP.PP.KD
KOR,2022,gdppc_ppp,53228.6035655365,NY.GDP.PCAP.PP.KD
KOR,2023,gdppc_ppp,54029.3434990785,NY.GDP.PCAP.PP.KD
KOR,2024,gdppc_ppp,55070.9386194121,NY.GDP.PCAP.PP.KD
LTU,2000,gdppc_ppp,15777.4293800236,NY.GDP.PCAP.PP.KD
LTU,2001,gdppc_ppp,16939.467059225,NY.GDP.PCAP.PP.KD
LTU,2002,gdppc_ppp,18223.4782620215,NY.GDP.PCAP.PP.KD
LTU,2003,gdppc_ppp,20310.7119582322,NY.GDP.PCAP.PP.KD
LTU,2004,gdppc_ppp,21875.6085796224,NY.GDP.PCAP.PP.KD
LTU,2005,gdppc_ppp,23953.8150681702,NY.GDP.PCAP.PP.KD
LTU,2006,gdppc_ppp,26139.2837773621,NY.GDP.PCAP.PP.KD
LTU,2007,gdppc_ppp,29381.9521464971,NY.GDP.PCAP.PP.KD
LTU,2008,gdppc_ppp,30457.3682543436,NY.GDP.PCAP.PP.KD
LTU,2009,gdppc_ppp,26227.5230201039,NY.GDP.PCAP.PP.KD
LTU,2010,gdppc_ppp,26897.7243702338,NY.GDP.PCAP.PP.KD
LTU,2011,gdppc_ppp,29251.8774718539,NY.GDP.PCAP.PP.KD
LTU,2012,gdppc_ppp,30932.0983180261,NY.GDP.PCAP.PP.KD
LTU,2013,gdppc_ppp,32487.0008217277,NY.GDP.PCAP.PP.KD
LTU,2014,gdppc_ppp,33988.0148951198,NY.GDP.PCAP.PP.KD
LTU,2015,gdppc_ppp,35264.7149248316,NY.GDP.PCAP.PP.KD
LTU,2016,gdppc_ppp,36632.0832798438,NY.GDP.PCAP.PP.KD
LTU,2017,gdppc_ppp,38789.2463179035,NY.GDP.PCAP.PP.KD
LTU,2018,gdppc_ppp,41035.4018152732,NY.GDP.PCAP.PP.KD
LTU,2019,gdppc_ppp,43078.7118585461,NY.GDP.PCAP.PP.KD
LTU,2020,gdppc_ppp,43108.1976060283,NY.GDP.PCAP.PP.KD
LTU,2021,gdppc_ppp,45897.3715026327,NY.GDP.PCAP.PP.KD
LTU,2022,gdppc_ppp,46642.5947251086,NY.GDP.PCAP.PP.KD
LTU,2023,gdppc_ppp,46333.9006965206,NY.GDP.PCAP.PP.KD
LTU,2024,gdppc_ppp,47462.0039386975,NY.GDP.PCAP.PP.KD
LUX,2000,gdppc_ppp,114148.353907645,NY.GDP.PCAP.PP.KD
LUX,2001,gdppc_ppp,116265.230369162,NY.GDP.PCAP.PP.KD
LUX,2002,gdppc_ppp,118764.331507238,NY.GDP.PCAP.PP.KD
LUX,2003,gdppc_ppp,120403.002017933,NY.GDP.PCAP.PP.KD
LUX,2004,gdppc_ppp,123725.755122536,NY.GDP.PCAP.PP.KD
LUX,2005,gdppc_ppp,124871.952523256,NY.GDP.PCAP.PP.KD
LUX,2006,gdppc_ppp,130290.174082751,NY.GDP.PCAP.PP.KD
LUX,2007,gdppc_ppp,138683.319852878,NY.GDP.PCAP.PP.KD
LUX,2008,gdppc_ppp,135814.608862354,NY.GDP.PCAP.PP.KD
LUX,2009,gdppc_ppp,129004.508948877,NY.GDP.PCAP.PP.KD
LUX,2010,gdppc_ppp,131434.360018803,NY.GDP.PCAP.PP.KD
LUX,2011,gdppc_ppp,129887.626962873,NY.GDP.PCAP.PP.KD
LUX,2012,gdppc_ppp,128897.403218507,NY.GDP.PCAP.PP.KD
LUX,2013,gdppc_ppp,129947.336184196,NY.GDP.PCAP.PP.KD
LUX,2014,gdppc_ppp,130249.550482759,NY.GDP.PCAP.PP.KD
LUX,2015,gdppc_ppp,130097.338289025,NY.GDP.PCAP.PP.KD
LUX,2016,gdppc_ppp,133661.734541281,NY.GDP.PCAP.PP.KD
LUX,2017,gdppc_ppp,132169.829576174,NY.GDP.PCAP.PP.KD
LUX,2018,gdppc_ppp,131733.884471489,NY.GDP.PCAP.PP.KD
LUX,2019,gdppc_ppp,132724.754668303,NY.GDP.PCAP.PP.KD
LUX,2020,gdppc_ppp,129865.631871124,NY.GDP.PCAP.PP.KD
LUX,2021,gdppc_ppp,136772.443753292,NY.GDP.PCAP.PP.KD
LUX,2022,gdppc_ppp,132570.832272626,NY.GDP.PCAP.PP.KD
LUX,2023,gdppc_ppp,130048.922273147,NY.GDP.PCAP.PP.KD
LUX,2024,gdppc_ppp,128475.283540415,NY.GDP.PCAP.PP.KD
LVA,2000,gdppc_ppp,14554.2131724037,NY.GDP.PCAP.PP.KD
LVA,2001,gdppc_ppp,15695.906718153,NY.GDP.PCAP.PP.KD
LVA,2002,gdppc_ppp,17096.5594440255,NY.GDP.PCAP.PP.KD
LVA,2003,gdppc_ppp,18717.6675525538,NY.GDP.PCAP.PP.KD
LVA,2004,gdppc_ppp,20574.118201251,NY.GDP.PCAP.PP.KD
LVA,2005,gdppc_ppp,23213.3539355881,NY.GDP.PCAP.PP.KD
LVA,2006,gdppc_ppp,26431.8140222767,NY.GDP.PCAP.PP.KD
LVA,2007,gdppc_ppp,29423.7371235063,NY.GDP.PCAP.PP.KD
LVA,2008,gdppc_ppp,28726.9722869522,NY.GDP.PCAP.PP.KD
LVA,2009,gdppc_ppp,24520.6791475489,NY.GDP.PCAP.PP.KD
LVA,2010,gdppc_ppp,24119.7307848939,NY.GDP.PCAP.PP.KD
LVA,2011,gdppc_ppp,25308.7322074626,NY.GDP.PCAP.PP.KD
LVA,2012,gdppc_ppp,27496.5454583635,NY.GDP.PCAP.PP.KD
LVA,2013,gdppc_ppp,28375.1842887263,NY.GDP.PCAP.PP.KD
LVA,2014,gdppc_ppp,29243.7412502629,NY.GDP.PCAP.PP.KD
LVA,2015,gdppc_ppp,30599.6133134147,NY.GDP.PCAP.PP.KD
LVA,2016,gdppc_ppp,31668.5148442662,NY.GDP.PCAP.PP.KD
LVA,2017,gdppc_ppp,33036.3915943437,NY.GDP.PCAP.PP.KD
LVA,2018,gdppc_ppp,34729.7062763057,NY.GDP.PCAP.PP.KD
LVA,2019,gdppc_ppp,35208.1934590859,NY.GDP.PCAP.PP.KD
LVA,2020,gdppc_ppp,34225.8976044058,NY.GDP.PCAP.PP.KD
LVA,2021,gdppc_ppp,36912.0130602161,NY.GDP.PCAP.PP.KD
LVA,2022,gdppc_ppp,37718.7097958367,NY.GDP.PCAP.PP.KD
LVA,2023,gdppc_ppp,37277.7217221317,NY.GDP.PCAP.PP.KD
LVA,2024,gdppc_ppp,37615.0762450744,NY.GDP.PCAP.PP.KD
MEX,2000,gdppc_ppp,20470.4937669158,NY.GDP.PCAP.PP.KD
MEX,2001,gdppc_ppp,20078.2183931307,NY.GDP.PCAP.PP.KD
MEX,2002,gdppc_ppp,19744.7933675609,NY.GDP.PCAP.PP.KD
MEX,2003,gdppc_ppp,19701.4633898714,NY.GDP.PCAP.PP.KD
MEX,2004,gdppc_ppp,20127.2242902968,NY.GDP.PCAP.PP.KD
MEX,2005,gdppc_ppp,20277.2552852007,NY.GDP.PCAP.PP.KD
MEX,2006,gdppc_ppp,20965.8256087044,NY.GDP.PCAP.PP.KD
MEX,2007,gdppc_ppp,21102.2688338349,NY.GDP.PCAP.PP.KD
MEX,2008,gdppc_ppp,20992.5602662364,NY.GDP.PCAP.PP.KD
MEX,2009,gdppc_ppp,19385.5437251877,NY.GDP.PCAP.PP.KD
MEX,2010,gdppc_ppp,20058.3854882301,NY.GDP.PCAP.PP.KD
MEX,2011,gdppc_ppp,20457.6001677783,NY.GDP.PCAP.PP.KD
MEX,2012,gdppc_ppp,20898.935720908,NY.GDP.PCAP.PP.KD
MEX,2013,gdppc_ppp,20805.3480406564,NY.GDP.PCAP.PP.KD
MEX,2014,gdppc_ppp,21069.7661653886,NY.GDP.PCAP.PP.KD
MEX,2015,gdppc_ppp,21408.9283216195,NY.GDP.PCAP.PP.KD
MEX,2016,gdppc_ppp,21578.263354126,NY.GDP.PCAP.PP.KD
MEX,2017,gdppc_ppp,21777.5225127275,NY.GDP.PCAP.PP.KD
MEX,2018,gdppc_ppp,21997.7730219494,NY.GDP.PCAP.PP.KD
MEX,2019,gdppc_ppp,21704.185952748,NY.GDP.PCAP.PP.KD
MEX,2020,gdppc_ppp,19728.4817827455,NY.GDP.PCAP.PP.KD
MEX,2021,gdppc_ppp,20782.5877440905,NY.GDP.PCAP.PP.KD
MEX,2022,gdppc_ppp,21391.8573698845,NY.GDP.PCAP.PP.KD
MEX,2023,gdppc_ppp,21864.9236104145,NY.GDP.PCAP.PP.KD
MEX,2024,gdppc_ppp,21970.3520412926,NY.GDP.PCAP.PP.KD
NLD,2000,gdppc_ppp,56016.8327946434,NY.GDP.PCAP.PP.KD
NLD,2001,gdppc_ppp,56887.3976406444,NY.GDP.PCAP.PP.KD
NLD,2002,gdppc_ppp,56664.4027354437,NY.GDP.PCAP.PP.KD
NLD,2003,gdppc_ppp,56452.8695506734,NY.GDP.PCAP.PP.KD
NLD,2004,gdppc_ppp,57391.3516342059,NY.GDP.PCAP.PP.KD
NLD,2005,gdppc_ppp,58422.0304069674,NY.GDP.PCAP.PP.KD
NLD,2006,gdppc_ppp,60391.5155033324,NY.GDP.PCAP.PP.KD
NLD,2007,gdppc_ppp,62601.6612832425,NY.GDP.PCAP.PP.KD
NLD,2008,gdppc_ppp,63678.4005491428,NY.GDP.PCAP.PP.KD
NLD,2009,gdppc_ppp,61029.7329801783,NY.GDP.PCAP.PP.KD
NLD,2010,gdppc_ppp,61518.5768954231,NY.GDP.PCAP.PP.KD
NLD,2011,gdppc_ppp,62318.1391154389,NY.GDP.PCAP.PP.KD
NLD,2012,gdppc_ppp,61480.8416416324,NY.GDP.PCAP.PP.KD
NLD,2013,gdppc_ppp,61281.3125686741,NY.GDP.PCAP.PP.KD
NLD,2014,gdppc_ppp,62045.849197561,NY.GDP.PCAP.PP.KD
NLD,2015,gdppc_ppp,63081.4083495966,NY.GDP.PCAP.PP.KD
NLD,2016,gdppc_ppp,64267.7476553623,NY.GDP.PCAP.PP.KD
NLD,2017,gdppc_ppp,65665.9910229578,NY.GDP.PCAP.PP.KD
NLD,2018,gdppc_ppp,66758.2454283317,NY.GDP.PCAP.PP.KD
NLD,2019,gdppc_ppp,67847.8818461095,NY.GDP.PCAP.PP.KD
NLD,2020,gdppc_ppp,64862.1890353474,NY.GDP.PCAP.PP.KD
NLD,2021,gdppc_ppp,68573.5648786447,NY.GDP.PCAP.PP.KD
NLD,2022,gdppc_ppp,71324.0360229425,NY.GDP.PCAP.PP.KD
NLD,2023,gdppc_ppp,70198.9546022361,NY.GDP.PCAP.PP.KD
NLD,2024,gdppc_ppp,70493.9051219267,NY.GDP.PCAP.PP.KD
NOR,2000,gdppc_ppp,76775.9420600924,NY.GDP.PCAP.PP.KD
NOR,2001,gdppc_ppp,78041.0146260585,NY.GDP.PCAP.PP.KD
NOR,2002,gdppc_ppp,78752.5931631095,NY.GDP.PCAP.PP.KD
NOR,2003,gdppc_ppp,79150.3962863661,NY.GDP.PCAP.PP.KD
NOR,2004,gdppc_ppp,82091.1935035949,NY.GDP.PCAP.PP.KD
NOR,2005,gdppc_ppp,83955.3365007578,NY.GDP.PCAP.PP.KD
NOR,2006,gdppc_ppp,85653.1367825864,NY.GDP.PCAP.PP.KD
NOR,2007,gdppc_ppp,87670.8617980792,NY.GDP.PCAP.PP.KD
NOR,2008,gdppc_ppp,87297.3980291813,NY.GDP.PCAP.PP.KD
NOR,2009,gdppc_ppp,84812.6851277638,NY.GDP.PCAP.PP.KD
NOR,2010,gdppc_ppp,84604.5143891947,NY.GDP.PCAP.PP.KD
NOR,2011,gdppc_ppp,84670.8344398355,NY.GDP.PCAP.PP.KD
NOR,2012,gdppc_ppp,85925.8723352057,NY.GDP.PCAP.PP.KD
NOR,2013,gdppc_ppp,85973.7694976801,NY.GDP.PCAP.PP.KD
NOR,2014,gdppc_ppp,86790.7924625691,NY.GDP.PCAP.PP.KD
NOR,2015,gdppc_ppp,87688.1196708993,NY.GDP.PCAP.PP.KD
NOR,2016,gdppc_ppp,88041.6414808956,NY.GDP.PCAP.PP.KD
NOR,2017,gdppc_ppp,89664.9086415829,NY.GDP.PCAP.PP.KD
NOR,2018,gdppc_ppp,90064.0687974358,NY.GDP.PCAP.PP.KD
NOR,2019,gdppc_ppp,90772.9017041865,NY.GDP.PCAP.PP.KD
NOR,2020,gdppc_ppp,89012.2723804504,NY.GDP.PCAP.PP.KD
NOR,2021,gdppc_ppp,92205.7698636049,NY.GDP.PCAP.PP.KD
NOR,2022,gdppc_ppp,95109.8201605729,NY.GDP.PCAP.PP.KD
NOR,2023,gdppc_ppp,94364.9641754336,NY.GDP.PCAP.PP.KD
NOR,2024,gdppc_ppp,94803.6704931641,NY.GDP.PCAP.PP.KD
NZL,2000,gdppc_ppp,35984.6288016116,NY.GDP.PCAP.PP.KD
NZL,2001,gdppc_ppp,36995.0603198774,NY.GDP.PCAP.PP.KD
NZL,2002,gdppc_ppp,38072.2713835052,NY.GDP.PCAP.PP.KD
NZL,2003,gdppc_ppp,39092.3455202712,NY.GDP.PCAP.PP.KD
NZL,2004,gdppc_ppp,40091.1399487332,NY.GDP.PCAP.PP.KD
NZL,2005,gdppc_ppp,40970.295838255,NY.GDP.PCAP.PP.KD
NZL,2006,gdppc_ppp,41596.8311289998,NY.GDP.PCAP.PP.KD
NZL,2007,gdppc_ppp,42473.1182614499,NY.GDP.PCAP.PP.KD
NZL,2008,gdppc_ppp,41682.2459069155,NY.GDP.PCAP.PP.KD
NZL,2009,gdppc_ppp,41250.9985717425,NY.GDP.PCAP.PP.KD
NZL,2010,gdppc_ppp,41395.370375582,NY.GDP.PCAP.PP.KD
NZL,2011,gdppc_ppp,41961.9202263641,NY.GDP.PCAP.PP.KD
NZL,2012,gdppc_ppp,42693.4234516571,NY.GDP.PCAP.PP.KD
NZL,2013,gdppc_ppp,43453.2814172317,NY.GDP.PCAP.PP.KD
NZL,2014,gdppc_ppp,44369.7664241859,NY.GDP.PCAP.PP.KD
NZL,2015,gdppc_ppp,45097.016468387,NY.GDP.PCAP.PP.KD
NZL,2016,gdppc_ppp,45746.135981069,NY.GDP.PCAP.PP.KD
NZL,2017,gdppc_ppp,46285.9810980642,NY.GDP.PCAP.PP.KD
NZL,2018,gdppc_ppp,46974.6818400482,NY.GDP.PCAP.PP.KD
NZL,2019,gdppc_ppp,47392.1933135172,NY.GDP.PCAP.PP.KD
NZL,2020,gdppc_ppp,46326.3804672976,NY.GDP.PCAP.PP.KD
NZL,2021,gdppc_ppp,48202.0913368233,NY.GDP.PCAP.PP.KD
NZL,2022,gdppc_ppp,49842.9845334162,NY.GDP.PCAP.PP.KD
NZL,2023,gdppc_ppp,49592.5875512098,NY.GDP.PCAP.PP.KD
NZL,2024,gdppc_ppp,48325.3650985684,NY.GDP.PCAP.PP.KD
POL,2000,gdppc_ppp,18566.3546288772,NY.GDP.PCAP.PP.KD
POL,2001,gdppc_ppp,18800.6018648402,NY.GDP.PCAP.PP.KD
POL,2002,gdppc_ppp,19166.9137058143,NY.GDP.PCAP.PP.KD
POL,2003,gdppc_ppp,19855.6317989181,NY.GDP.PCAP.PP.KD
POL,2004,gdppc_ppp,20878.6545002534,NY.GDP.PCAP.PP.KD
POL,2005,gdppc_ppp,21568.9476594356,NY.GDP.PCAP.PP.KD
POL,2006,gdppc_ppp,22921.1975887696,NY.GDP.PCAP.PP.KD
POL,2007,gdppc_ppp,24484.0656663756,NY.GDP.PCAP.PP.KD
POL,2008,gdppc_ppp,25553.9058406534,NY.GDP.PCAP.PP.KD
POL,2009,gdppc_ppp,26204.410367111,NY.GDP.PCAP.PP.KD
POL,2010,gdppc_ppp,27112.1333797381,NY.GDP.PCAP.PP.KD
POL,2011,gdppc_ppp,28521.6612623568,NY.GDP.PCAP.PP.KD
POL,2012,gdppc_ppp,28952.9157305301,NY.GDP.PCAP.PP.KD
POL,2013,gdppc_ppp,29168.624211075,NY.GDP.PCAP.PP.KD
POL,2014,gdppc_ppp,30334.8786569618,NY.GDP.PCAP.PP.KD
POL,2015,gdppc_ppp,31700.3682364154,NY.GDP.PCAP.PP.KD
POL,2016,gdppc_ppp,32675.3052259954,NY.GDP.PCAP.PP.KD
POL,2017,gdppc_ppp,34354.5987616319,NY.GDP.PCAP.PP.KD
POL,2018,gdppc_ppp,36500.4114282584,NY.GDP.PCAP.PP.KD
POL,2019,gdppc_ppp,38181.6230334689,NY.GDP.PCAP.PP.KD
POL,2020,gdppc_ppp,37852.8021313639,NY.GDP.PCAP.PP.KD
POL,2021,gdppc_ppp,41059.5847829682,NY.GDP.PCAP.PP.KD
POL,2022,gdppc_ppp,43405.0215797441,NY.GDP.PCAP.PP.KD
POL,2023,gdppc_ppp,43672.7668014946,NY.GDP.PCAP.PP.KD
POL,2024,gdppc_ppp,45153.0439773281,NY.GDP.PCAP.PP.KD
PRT,2000,gdppc_ppp,35069.8275705133,NY.GDP.PCAP.PP.KD
PRT,2001,gdppc_ppp,35500.2266804093,NY.GDP.PCAP.PP.KD
PRT,2002,gdppc_ppp,35578.5200309,NY.GDP.PCAP.PP.KD
PRT,2003,gdppc_ppp,35115.379514413,NY.GDP.PCAP.PP.KD
PRT,2004,gdppc_ppp,35658.1298257507,NY.GDP.PCAP.PP.KD
PRT,2005,gdppc_ppp,35870.3092741502,NY.GDP.PCAP.PP.KD
PRT,2006,gdppc_ppp,36387.5367379523,NY.GDP.PCAP.PP.KD
PRT,2007,gdppc_ppp,37226.4702626704,NY.GDP.PCAP.PP.KD
PRT,2008,gdppc_ppp,37291.5048969664,NY.GDP.PCAP.PP.KD
PRT,2009,gdppc_ppp,36092.8109314688,NY.GDP.PCAP.PP.KD
PRT,2010,gdppc_ppp,36703.1141882825,NY.GDP.PCAP.PP.KD
PRT,2011,gdppc_ppp,36127.2949766157,NY.GDP.PCAP.PP.KD
PRT,2012,gdppc_ppp,34804.6333340484,NY.GDP.PCAP.PP.KD
PRT,2013,gdppc_ppp,34651.7719455059,NY.GDP.PCAP.PP.KD
PRT,2014,gdppc_ppp,35097.4098263232,NY.GDP.PCAP.PP.KD
PRT,2015,gdppc_ppp,35803.3575649772,NY.GDP.PCAP.PP.KD
PRT,2016,gdppc_ppp,36636.2978441636,NY.GDP.PCAP.PP.KD
PRT,2017,gdppc_ppp,37943.1150505677,NY.GDP.PCAP.PP.KD
PRT,2018,gdppc_ppp,39123.6151282575,NY.GDP.PCAP.PP.KD
PRT,2019,gdppc_ppp,40188.2868799223,NY.GDP.PCAP.PP.KD
PRT,2020,gdppc_ppp,36852.2287338103,NY.GDP.PCAP.PP.KD
PRT,2021,gdppc_ppp,38657.6677223429,NY.GDP.PCAP.PP.KD
PRT,2022,gdppc_ppp,41070.8611529744,NY.GDP.PCAP.PP.KD
PRT,2023,gdppc_ppp,41768.2583096874,NY.GDP.PCAP.PP.KD
PRT,2024,gdppc_ppp,42228.1580446502,NY.GDP.PCAP.PP.KD
SVK,2000,gdppc_ppp,18335.6834506937,NY.GDP.PCAP.PP.KD
SVK,2001,gdppc_ppp,18906.6014279038,NY.GDP.PCAP.PP.KD
SVK,2002,gdppc_ppp,19748.9318737056,NY.GDP.PCAP.PP.KD
SVK,2003,gdppc_ppp,20721.7128107535,NY.GDP.PCAP.PP.KD
SVK,2004,gdppc_ppp,21842.9563752621,NY.GDP.PCAP.PP.KD
SVK,2005,gdppc_ppp,23257.1758521642,NY.GDP.PCAP.PP.KD
SVK,2006,gdppc_ppp,25331.8740217421,NY.GDP.PCAP.PP.KD
SVK,2007,gdppc_ppp,28064.2457264668,NY.GDP.PCAP.PP.KD
SVK,2008,gdppc_ppp,29544.090596762,NY.GDP.PCAP.PP.KD
SVK,2009,gdppc_ppp,27880.4111227638,NY.GDP.PCAP.PP.KD
SVK,2010,gdppc_ppp,29745.9196662166,NY.GDP.PCAP.PP.KD
SVK,2011,gdppc_ppp,30468.8257049455,NY.GDP.PCAP.PP.KD
SVK,2012,gdppc_ppp,30894.3118010926,NY.GDP.PCAP.PP.KD
SVK,2013,gdppc_ppp,31078.1848215695,NY.GDP.PCAP.PP.KD
SVK,2014,gdppc_ppp,31888.805351531,NY.GDP.PCAP.PP.KD
SVK,2015,gdppc_ppp,33507.7913603774,NY.GDP.PCAP.PP.KD
SVK,2016,gdppc_ppp,34116.4502039273,NY.GDP.PCAP.PP.KD
SVK,2017,gdppc_ppp,35042.7858925618,NY.GDP.PCAP.PP.KD
SVK,2018,gdppc_ppp,36415.7920529507,NY.GDP.PCAP.PP.KD
SVK,2019,gdppc_ppp,37194.2104548698,NY.GDP.PCAP.PP.KD
SVK,2020,gdppc_ppp,36201.4863805533,NY.GDP.PCAP.PP.KD
SVK,2021,gdppc_ppp,38330.302743447,NY.GDP.PCAP.PP.KD
SVK,2022,gdppc_ppp,38648.9855746919,NY.GDP.PCAP.PP.KD
SVK,2023,gdppc_ppp,39501.9474231962,NY.GDP.PCAP.PP.KD
SVK,2024,gdppc_ppp,40302.4514288424,NY.GDP.PCAP.PP.KD
SVN,2000,gdppc_ppp,30061.2061910089,NY.GDP.PCAP.PP.KD
SVN,2001,gdppc_ppp,30862.8959874504,NY.GDP.PCAP.PP.KD
SVN,2002,gdppc_ppp,31836.5215656188,NY.GDP.PCAP.PP.KD
SVN,2003,gdppc_ppp,32833.9045969454,NY.GDP.PCAP.PP.KD
SVN,2004,gdppc_ppp,34304.5565023331,NY.GDP.PCAP.PP.KD
SVN,2005,gdppc_ppp,35565.0427189638,NY.GDP.PCAP.PP.KD
SVN,2006,gdppc_ppp,37546.4956078863,NY.GDP.PCAP.PP.KD
SVN,2007,gdppc_ppp,40002.7018991991,NY.GDP.PCAP.PP.KD
SVN,2008,gdppc_ppp,41286.3462491223,NY.GDP.PCAP.PP.KD
SVN,2009,gdppc_ppp,37809.1735513927,NY.GDP.PCAP.PP.KD
SVN,2010,gdppc_ppp,38063.314683572,NY.GDP.PCAP.PP.KD
SVN,2011,gdppc_ppp,38233.2905622851,NY.GDP.PCAP.PP.KD
SVN,2012,gdppc_ppp,37040.7082746106,NY.GDP.PCAP.PP.KD
SVN,2013,gdppc_ppp,36685.7496645094,NY.GDP.PCAP.PP.KD
SVN,2014,gdppc_ppp,37662.2559898098,NY.GDP.PCAP.PP.KD
SVN,2015,gdppc_ppp,38534.6437425951,NY.GDP.PCAP.PP.KD
SVN,2016,gdppc_ppp,39674.8931561968,NY.GDP.PCAP.PP.KD
SVN,2017,gdppc_ppp,41700.651085028,NY.GDP.PCAP.PP.KD
SVN,2018,gdppc_ppp,43369.221946981,NY.GDP.PCAP.PP.KD
SVN,2019,gdppc_ppp,44577.9418583069,NY.GDP.PCAP.PP.KD
SVN,2020,gdppc_ppp,42471.5228031277,NY.GDP.PCAP.PP.KD
SVN,2021,gdppc_ppp,45922.6632600134,NY.GDP.PCAP.PP.KD
SVN,2022,gdppc_ppp,47058.8865960028,NY.GDP.PCAP.PP.KD
SVN,2023,gdppc_ppp,47986.4195855821,NY.GDP.PCAP.PP.KD
SVN,2024,gdppc_ppp,48658.0265180267,NY.GDP.PCAP.PP.KD
SWE,2000,gdppc_ppp,47868.5077292571,NY.GDP.PCAP.PP.KD
SWE,2001,gdppc_ppp,48389.8185132591,NY.GDP.PCAP.PP.KD
SWE,2002,gdppc_ppp,49331.2032555738,NY.GDP.PCAP.PP.KD
SWE,2003,gdppc_ppp,50072.4736462925,NY.GDP.PCAP.PP.KD
SWE,2004,gdppc_ppp,51960.5321902953,NY.GDP.PCAP.PP.KD
SWE,2005,gdppc_ppp,53198.67120001,NY.GDP.PCAP.PP.KD
SWE,2006,gdppc_ppp,55373.9338115393,NY.GDP.PCAP.PP.KD
SWE,2007,gdppc_ppp,56737.3689179302,NY.GDP.PCAP.PP.KD
SWE,2008,gdppc_ppp,55777.3973050094,NY.GDP.PCAP.PP.KD
SWE,2009,gdppc_ppp,52950.7103332467,NY.GDP.PCAP.PP.KD
SWE,2010,gdppc_ppp,55520.4324178534,NY.GDP.PCAP.PP.KD
SWE,2011,gdppc_ppp,56846.1368290625,NY.GDP.PCAP.PP.KD
SWE,2012,gdppc_ppp,56193.3287488246,NY.GDP.PCAP.PP.KD
SWE,2013,gdppc_ppp,56353.0856347897,NY.GDP.PCAP.PP.KD
SWE,2014,gdppc_ppp,57077.6693544196,NY.GDP.PCAP.PP.KD
SWE,2015,gdppc_ppp,58955.6412361461,NY.GDP.PCAP.PP.KD
SWE,2016,gdppc_ppp,59460.2872722689,NY.GDP.PCAP.PP.KD
SWE,2017,gdppc_ppp,59769.0136237,NY.GDP.PCAP.PP.KD
SWE,2018,gdppc_ppp,60124.5711994179,NY.GDP.PCAP.PP.KD
SWE,2019,gdppc_ppp,61070.5243445838,NY.GDP.PCAP.PP.KD
SWE,2020,gdppc_ppp,59458.2805291969,NY.GDP.PCAP.PP.KD
SWE,2021,gdppc_ppp,62190.8526983825,NY.GDP.PCAP.PP.KD
SWE,2022,gdppc_ppp,62544.5002248644,NY.GDP.PCAP.PP.KD
SWE,2023,gdppc_ppp,62122.5116950792,NY.GDP.PCAP.PP.KD
SWE,2024,gdppc_ppp,62558.4065876041,NY.GDP.PCAP.PP.KD
TUR,2000,gdppc_ppp,14856.914625257,NY.GDP.PCAP.PP.KD
TUR,2001,gdppc_ppp,13872.1287284566,NY.GDP.PCAP.PP.KD
TUR,2002,gdppc_ppp,14587.894621656,NY.GDP.PCAP.PP.KD
TUR,2003,gdppc_ppp,15255.7177960689,NY.GDP.PCAP.PP.KD
TUR,2004,gdppc_ppp,16583.8837094062,NY.GDP.PCAP.PP.KD
TUR,2005,gdppc_ppp,17902.5966004487,NY.GDP.PCAP.PP.KD
TUR,2006,gdppc_ppp,18972.0089563632,NY.GDP.PCAP.PP.KD
TUR,2007,gdppc_ppp,19909.083519675,NY.GDP.PCAP.PP.KD
TUR,2008,gdppc_ppp,19839.5845462269,NY.GDP.PCAP.PP.KD
TUR,2009,gdppc_ppp,18612.1925231905,NY.GDP.PCAP.PP.KD
TUR,2010,gdppc_ppp,19897.4464836887,NY.GDP.PCAP.PP.KD
TUR,2011,gdppc_ppp,21760.4291923634,NY.GDP.PCAP.PP.KD
TUR,2012,gdppc_ppp,22517.7148287875,NY.GDP.PCAP.PP.KD
TUR,2013,gdppc_ppp,24117.3121099839,NY.GDP.PCAP.PP.KD
TUR,2014,gdppc_ppp,24888.8521742576,NY.GDP.PCAP.PP.KD
TUR,2015,gdppc_ppp,25984.8027306177,NY.GDP.PCAP.PP.KD
TUR,2016,gdppc_ppp,26489.6436816046,NY.GDP.PCAP.PP.KD
TUR,2017,gdppc_ppp,28194.688309381,NY.GDP.PCAP.PP.KD
TUR,2018,gdppc_ppp,28780.3036458151,NY.GDP.PCAP.PP.KD
TUR,2019,gdppc_ppp,28741.0535082701,NY.GDP.PCAP.PP.KD
TUR,2020,gdppc_ppp,28976.7179161611,NY.GDP.PCAP.PP.KD
TUR,2021,gdppc_ppp,32105.5474400506,NY.GDP.PCAP.PP.KD
TUR,2022,gdppc_ppp,33520.8111384208,NY.GDP.PCAP.PP.KD
TUR,2023,gdppc_ppp,35069.1701714685,NY.GDP.PCAP.PP.KD
TUR,2024,gdppc_ppp,36154.490436557,NY.GDP.PCAP.PP.KD
USA,2000,gdppc_ppp,55045.6745311559,NY.GDP.PCAP.PP.KD
USA,2001,gdppc_ppp,55024.3542766281,NY.GDP.PCAP.PP.KD
USA,2002,gdppc_ppp,55443.2199435683,NY.GDP.PCAP.PP.KD
USA,2003,gdppc_ppp,56505.4468784112,NY.GDP.PCAP.PP.KD
USA,2004,gdppc_ppp,58139.0820195229,NY.GDP.PCAP.PP.KD
USA,2005,gdppc_ppp,59612.3907215559,NY.GDP.PCAP.PP.KD
USA,2006,gdppc_ppp,60684.3399832539,NY.GDP.PCAP.PP.KD
USA,2007,gdppc_ppp,61314.4520816367,NY.GDP.PCAP.PP.KD
USA,2008,gdppc_ppp,60806.2238713713,NY.GDP.PCAP.PP.KD
USA,2009,gdppc_ppp,58722.496767251,NY.GDP.PCAP.PP.KD
USA,2010,gdppc_ppp,59797.0736545937,NY.GDP.PCAP.PP.KD
USA,2011,gdppc_ppp,60253.2035796719,NY.GDP.PCAP.PP.KD
USA,2012,gdppc_ppp,61142.3637034265,NY.GDP.PCAP.PP.KD
USA,2013,gdppc_ppp,61966.6621370894,NY.GDP.PCAP.PP.KD
USA,2014,gdppc_ppp,63026.8779187814,NY.GDP.PCAP.PP.KD
USA,2015,gdppc_ppp,64367.7188912582,NY.GDP.PCAP.PP.KD
USA,2016,gdppc_ppp,65025.9855980616,NY.GDP.PCAP.PP.KD
USA,2017,gdppc_ppp,66164.0320014289,NY.GDP.PCAP.PP.KD
USA,2018,gdppc_ppp,67728.4424921024,NY.GDP.PCAP.PP.KD
USA,2019,gdppc_ppp,69121.4580016741,NY.GDP.PCAP.PP.KD
USA,2020,gdppc_ppp,67406.8311325507,NY.GDP.PCAP.PP.KD
USA,2021,gdppc_ppp,71441.231980595,NY.GDP.PCAP.PP.KD
USA,2022,gdppc_ppp,72828.7430907189,NY.GDP.PCAP.PP.KD
USA,2023,gdppc_ppp,74351.6718197429,NY.GDP.PCAP.PP.KD
USA,2024,gdppc_ppp,75698.1773354629,NY.GDP.PCAP.PP.KD
AUS,2007,hitech_share,14.5386487572346,TX.VAL.TECH.MF.ZS
AUS,2008,hitech_share,15.3573763049257,TX.VAL.TECH.MF.ZS
AUS,2009,hitech_share,16.6713030684396,TX.VAL.TECH.MF.ZS
AUS,2010,hitech_share,16.5133012608061,TX.VAL.TECH.MF.ZS
AUS,2011,hitech_share,17.9516177655559,TX.VAL.TECH.MF.ZS
AUS,2012,hitech_share,17.2855553325245,TX.VAL.TECH.MF.ZS
AUS,2013,hitech_share,18.0075143774834,TX.VAL.TECH.MF.ZS
AUS,2014,hitech_share,18.9961304703814,TX.VAL.TECH.MF.ZS
AUS,2015,hitech_share,19.6921472541598,TX.VAL.TECH.MF.ZS
AUS,2016,hitech_share,20.6275044745549,TX.VAL.TECH.MF.ZS
AUS,2017,hitech_share,18.0967924595604,TX.VAL.TECH.MF.ZS
AUS,2018,hitech_share,18.1371018191307,TX.VAL.TECH.MF.ZS
AUS,2019,hitech_share,21.2199332352628,TX.VAL.TECH.MF.ZS
AUS,2020,hitech_share,21.4757898705835,TX.VAL.TECH.MF.ZS
AUS,2021,hitech_share,22.3940766008599,TX.VAL.TECH.MF.ZS
AUS,2022,hitech_share,25.8318704116272,TX.VAL.TECH.MF.ZS
AUS,2023,hitech_share,25.2582777120781,TX.VAL.TECH.MF.ZS
AUS,2024,hitech_share,25.1586416457084,TX.VAL.TECH.MF.ZS
AUT,2007,hitech_share,12.9840241123201,TX.VAL.TECH.MF.ZS
AUT,2008,hitech_share,12.6611194672378,TX.VAL.TECH.MF.ZS
AUT,2009,hitech_share,13.4379155011383,TX.VAL.TECH.MF.ZS
AUT,2010,hitech_share,13.7053738878044,TX.VAL.TECH.MF.ZS
AUT,2011,hitech_share,13.2554242490317,TX.VAL.TECH.MF.ZS
AUT,2012,hitech_share,14.5446789024689,TX.VAL.TECH.MF.ZS
AUT,2013,hitech_share,15.3690648693427,TX.VAL.TECH.MF.ZS
AUT,2014,hitech_share,15.4904490132481,TX.VAL.TECH.MF.ZS
AUT,2015,hitech_share,15.0327319949068,TX.VAL.TECH.MF.ZS
AUT,2016,hitech_share,14.4532591877111,TX.VAL.TECH.MF.ZS
AUT,2017,hitech_share,12.8851997037889,TX.VAL.TECH.MF.ZS
AUT,2018,hitech_share,11.6500759838374,TX.VAL.TECH.MF.ZS
AUT,2019,hitech_share,11.4825348767666,TX.VAL.TECH.MF.ZS
AUT,2020,hitech_share,12.2718957660446,TX.VAL.TECH.MF.ZS
AUT,2021,hitech_share,11.017122140568,TX.VAL.TECH.MF.ZS
AUT,2022,hitech_share,14.9141702472602,TX.VAL.TECH.MF.ZS
AUT,2023,hitech_share,15.9232697881169,TX.VAL.TECH.MF.ZS
AUT,2024,hitech_share,18.4525766859019,TX.VAL.TECH.MF.ZS
BEL,2007,hitech_share,8.4658386362656,TX.VAL.TECH.MF.ZS
BEL,2008,hitech_share,8.94694983794495,TX.VAL.TECH.MF.ZS
BEL,2009,hitech_share,11.3575445439539,TX.VAL.TECH.MF.ZS
BEL,2010,hitech_share,9.26523010448885,TX.VAL.TECH.MF.ZS
BEL,2011,hitech_share,8.67483840621061,TX.VAL.TECH.MF.ZS
BEL,2012,hitech_share,8.9420007987591,TX.VAL.TECH.MF.ZS
BEL,2013,hitech_share,10.6406117548271,TX.VAL.TECH.MF.ZS
BEL,2014,hitech_share,11.9393517315379,TX.VAL.TECH.MF.ZS
BEL,2015,hitech_share,12.3351739681226,TX.VAL.TECH.MF.ZS
BEL,2016,hitech_share,13.3312451633933,TX.VAL.TECH.MF.ZS
BEL,2017,hitech_share,11.4917903557909,TX.VAL.TECH.MF.ZS
BEL,2018,hitech_share,11.7058640594516,TX.VAL.TECH.MF.ZS
BEL,2019,hitech_share,14.1440138847213,TX.VAL.TECH.MF.ZS
BEL,2020,hitech_share,15.2618615789713,TX.VAL.TECH.MF.ZS
BEL,2021,hitech_share,21.3799638763737,TX.VAL.TECH.MF.ZS
BEL,2022,hitech_share,22.8179135173265,TX.VAL.TECH.MF.ZS
BEL,2023,hitech_share,18.6668227645892,TX.VAL.TECH.MF.ZS
BEL,2024,hitech_share,20.3921453422236,TX.VAL.TECH.MF.ZS
CAN,2007,hitech_share,14.7696951856267,TX.VAL.TECH.MF.ZS
CAN,2008,hitech_share,15.1830451903737,TX.VAL.TECH.MF.ZS
CAN,2009,hitech_share,17.8727014855854,TX.VAL.TECH.MF.ZS
CAN,2010,hitech_share,15.5005412945327,TX.VAL.TECH.MF.ZS
CAN,2011,hitech_share,14.7126429740351,TX.VAL.TECH.MF.ZS
CAN,2012,hitech_share,15.6186928492244,TX.VAL.TECH.MF.ZS
CAN,2013,hitech_share,15.4941329115402,TX.VAL.TECH.MF.ZS
CAN,2014,hitech_share,14.6664530922053,TX.VAL.TECH.MF.ZS
CAN,2015,hitech_share,14.8286795335378,TX.VAL.TECH.MF.ZS
CAN,2016,hitech_share,14.0996116936098,TX.VAL.TECH.MF.ZS
CAN,2017,hitech_share,14.3488055729531,TX.VAL.TECH.MF.ZS
CAN,2018,hitech_share,15.4222842964733,TX.VAL.TECH.MF.ZS
CAN,2019,hitech_share,17.1309209127166,TX.VAL.TECH.MF.ZS
CAN,2020,hitech_share,16.7587089775244,TX.VAL.TECH.MF.ZS
CAN,2021,hitech_share,16.33762888714,TX.VAL.TECH.MF.ZS
CAN,2022,hitech_share,15.1489765380468,TX.VAL.TECH.MF.ZS
CAN,2023,hitech_share,16.3717954388263,TX.VAL.TECH.MF.ZS
CAN,2024,hitech_share,16.7779029827711,TX.VAL.TECH.MF.ZS
CHE,2007,hitech_share,23.6373793222083,TX.VAL.TECH.MF.ZS
CHE,2008,hitech_share,24.704650878,TX.VAL.TECH.MF.ZS
CHE,2009,hitech_share,26.3823815882319,TX.VAL.TECH.MF.ZS
CHE,2010,hitech_share,25.8090118685212,TX.VAL.TECH.MF.ZS
CHE,2011,hitech_share,25.2735394877831,TX.VAL.TECH.MF.ZS
CHE,2012,hitech_share,26.0587678960902,TX.VAL.TECH.MF.ZS
CHE,2013,hitech_share,26.7510678341774,TX.VAL.TECH.MF.ZS
CHE,2014,hitech_share,26.6587283403628,TX.VAL.TECH.MF.ZS
CHE,2015,hitech_share,27.0515100038866,TX.VAL.TECH.MF.ZS
CHE,2016,hitech_share,27.335457169438,TX.VAL.TECH.MF.ZS
CHE,2017,hitech_share,14.0238568621919,TX.VAL.TECH.MF.ZS
CHE,2018,hitech_share,13.3182169315591,TX.VAL.TECH.MF.ZS
CHE,2019,hitech_share,12.9094936723953,TX.VAL.TECH.MF.ZS
CHE,2020,hitech_share,12.8450867094278,TX.VAL.TECH.MF.ZS
CHE,2021,hitech_share,14.2350632729725,TX.VAL.TECH.MF.ZS
CHE,2022,hitech_share,29.9881397976664,TX.VAL.TECH.MF.ZS
CHE,2023,hitech_share,29.3340286978728,TX.VAL.TECH.MF.ZS
CHE,2024,hitech_share,29.6239015157944,TX.VAL.TECH.MF.ZS
CHL,2007,hitech_share,7.82187491104015,TX.VAL.TECH.MF.ZS
CHL,2008,hitech_share,6.55905205616484,TX.VAL.TECH.MF.ZS
CHL,2009,hitech_share,6.60527531133329,TX.VAL.TECH.MF.ZS
CHL,2010,hitech_share,6.23958186648753,TX.VAL.TECH.MF.ZS
CHL,2011,hitech_share,5.1208381746501,TX.VAL.TECH.MF.ZS
CHL,2012,hitech_share,5.4362793557559,TX.VAL.TECH.MF.ZS
CHL,2013,hitech_share,6.69462231509352,TX.VAL.TECH.MF.ZS
CHL,2014,hitech_share,7.09179365119211,TX.VAL.TECH.MF.ZS
CHL,2015,hitech_share,6.72253052606446,TX.VAL.TECH.MF.ZS
CHL,2016,hitech_share,8.42437955941115,TX.VAL.TECH.MF.ZS
CHL,2017,hitech_share,7.1060964752424,TX.VAL.TECH.MF.ZS
CHL,2018,hitech_share,6.91141099413123,TX.VAL.TECH.MF.ZS
CHL,2019,hitech_share,7.63288202076965,TX.VAL.TECH.MF.ZS
CHL,2020,hitech_share,15.9750583433893,TX.VAL.TECH.MF.ZS
CHL,2021,hitech_share,12.4417748590856,TX.VAL.TECH.MF.ZS
CHL,2022,hitech_share,6.93672684116693,TX.VAL.TECH.MF.ZS
CHL,2023,hitech_share,10.7195633423709,TX.VAL.TECH.MF.ZS
CHL,2024,hitech_share,8.31650307450688,TX.VAL.TECH.MF.ZS
CHN,2007,hitech_share,30.2374939097036,TX.VAL.TECH.MF.ZS
CHN,2008,hitech_share,29.4319344493349,TX.VAL.TECH.MF.ZS
CHN,2009,hitech_share,31.9775769727453,TX.VAL.TECH.MF.ZS
CHN,2010,hitech_share,32.1501169663397,TX.VAL.TECH.MF.ZS
CHN,2011,hitech_share,30.5004796644425,TX.VAL.TECH.MF.ZS
CHN,2012,hitech_share,30.8618085179503,TX.VAL.TECH.MF.ZS
CHN,2013,hitech_share,31.5855813292794,TX.VAL.TECH.MF.ZS
CHN,2014,hitech_share,29.7037271802947,TX.VAL.TECH.MF.ZS
CHN,2015,hitech_share,30.4312672747562,TX.VAL.TECH.MF.ZS
CHN,2016,hitech_share,30.2545232296357,TX.VAL.TECH.MF.ZS
CHN,2017,hitech_share,30.9118639785891,TX.VAL.TECH.MF.ZS
CHN,2018,hitech_share,31.5481478595353,TX.VAL.TECH.MF.ZS
CHN,2019,hitech_share,30.8186302968419,TX.VAL.TECH.MF.ZS
CHN,2020,hitech_share,31.2766154241293,TX.VAL.TECH.MF.ZS
CHN,2021,hitech_share,30.2190732796596,TX.VAL.TECH.MF.ZS
CHN,2022,hitech_share,27.7650612563156,TX.VAL.TECH.MF.ZS
CHN,2023,hitech_share,26.5682136542881,TX.VAL.TECH.MF.ZS
CHN,2024,hitech_share,26.2777380479223,TX.VAL.TECH.MF.ZS
COL,2007,hitech_share,3.06529982090687,TX.VAL.TECH.MF.ZS
COL,2008,hitech_share,4.01539209090487,TX.VAL.TECH.MF.ZS
COL,2009,hitech_share,5.55422595416521,TX.VAL.TECH.MF.ZS
COL,2010,hitech_share,5.36253459586992,TX.VAL.TECH.MF.ZS
COL,2011,hitech_share,4.67963034404329,TX.VAL.TECH.MF.ZS
COL,2012,hitech_share,5.6774289147471,TX.VAL.TECH.MF.ZS
COL,2013,hitech_share,7.76843663280142,TX.VAL.TECH.MF.ZS
COL,2014,hitech_share,8.11983496308117,TX.VAL.TECH.MF.ZS
COL,2015,hitech_share,9.8493456203733,TX.VAL.TECH.MF.ZS
COL,2016,hitech_share,10.1857957756345,TX.VAL.TECH.MF.ZS
COL,2017,hitech_share,8.96236276389192,TX.VAL.TECH.MF.ZS
COL,2018,hitech_share,7.22139251354653,TX.VAL.TECH.MF.ZS
COL,2019,hitech_share,9.04845616228861,TX.VAL.TECH.MF.ZS
COL,2020,hitech_share,9.91355157220335,TX.VAL.TECH.MF.ZS
COL,2021,hitech_share,8.20914960906244,TX.VAL.TECH.MF.ZS
COL,2022,hitech_share,8.40182637186439,TX.VAL.TECH.MF.ZS
COL,2023,hitech_share,8.59989159781141,TX.VAL.TECH.MF.ZS
COL,2024,hitech_share,9.02469704912672,TX.VAL.TECH.MF.ZS
CRI,2007,hitech_share,45.4447177937153,TX.VAL.TECH.MF.ZS
CRI,2008,hitech_share,39.5732947768777,TX.VAL.TECH.MF.ZS
CRI,2009,hitech_share,44.260129285147,TX.VAL.TECH.MF.ZS
CRI,2010,hitech_share,40.1473130677601,TX.VAL.TECH.MF.ZS
CRI,2011,hitech_share,40.9971303230342,TX.VAL.TECH.MF.ZS
CRI,2012,hitech_share,39.7898301713494,TX.VAL.TECH.MF.ZS
CRI,2013,hitech_share,43.4415513820508,TX.VAL.TECH.MF.ZS
CRI,2014,hitech_share,36.5061833752317,TX.VAL.TECH.MF.ZS
CRI,2015,hitech_share,16.9840779616817,TX.VAL.TECH.MF.ZS
CRI,2016,hitech_share,18.4424705219172,TX.VAL.TECH.MF.ZS
CRI,2017,hitech_share,18.4952181840988,TX.VAL.TECH.MF.ZS
CRI,2018,hitech_share,18.4668840173132,TX.VAL.TECH.MF.ZS
CRI,2019,hitech_share,17.5649349958823,TX.VAL.TECH.MF.ZS
CRI,2020,hitech_share,15.681961032421,TX.VAL.TECH.MF.ZS
CRI,2021,hitech_share,16.9670005542705,TX.VAL.TECH.MF.ZS
CRI,2022,hitech_share,21.9748960011818,TX.VAL.TECH.MF.ZS
CRI,2023,hitech_share,24.177789153066,TX.VAL.TECH.MF.ZS
CRI,2024,hitech_share,22.8587994049653,TX.VAL.TECH.MF.ZS
CZE,2007,hitech_share,15.2861658593061,TX.VAL.TECH.MF.ZS
CZE,2008,hitech_share,15.789935033416,TX.VAL.TECH.MF.ZS
CZE,2009,hitech_share,17.4435406790909,TX.VAL.TECH.MF.ZS
CZE,2010,hitech_share,17.8761073763384,TX.VAL.TECH.MF.ZS
CZE,2011,hitech_share,18.7153527152583,TX.VAL.TECH.MF.ZS
CZE,2012,hitech_share,18.5892063440962,TX.VAL.TECH.MF.ZS
CZE,2013,hitech_share,17.334368506368,TX.VAL.TECH.MF.ZS
CZE,2014,hitech_share,17.3712318028821,TX.VAL.TECH.MF.ZS
CZE,2015,hitech_share,17.7344072038512,TX.VAL.TECH.MF.ZS
CZE,2016,hitech_share,16.8728021438796,TX.VAL.TECH.MF.ZS
CZE,2017,hitech_share,17.8292568189487,TX.VAL.TECH.MF.ZS
CZE,2018,hitech_share,19.5549977904499,TX.VAL.TECH.MF.ZS
CZE,2019,hitech_share,20.7104130233292,TX.VAL.TECH.MF.ZS
CZE,2020,hitech_share,22.58251525965,TX.VAL.TECH.MF.ZS
CZE,2021,hitech_share,20.3560909262553,TX.VAL.TECH.MF.ZS
CZE,2022,hitech_share,21.8353618959526,TX.VAL.TECH.MF.ZS
CZE,2023,hitech_share,20.302723987427,TX.VAL.TECH.MF.ZS
CZE,2024,hitech_share,22.4045215279558,TX.VAL.TECH.MF.ZS
DEU,2007,hitech_share,15.4623925898068,TX.VAL.TECH.MF.ZS
DEU,2008,hitech_share,15.076241600562,TX.VAL.TECH.MF.ZS
DEU,2009,hitech_share,16.7942910292468,TX.VAL.TECH.MF.ZS
DEU,2010,hitech_share,16.8896855327149,TX.VAL.TECH.MF.ZS
DEU,2011,hitech_share,16.3417186285114,TX.VAL.TECH.MF.ZS
DEU,2012,hitech_share,17.2272861923698,TX.VAL.TECH.MF.ZS
DEU,2013,hitech_share,17.2979906043683,TX.VAL.TECH.MF.ZS
DEU,2014,hitech_share,17.2097149731509,TX.VAL.TECH.MF.ZS
DEU,2015,hitech_share,17.8243752766447,TX.VAL.TECH.MF.ZS
DEU,2016,hitech_share,18.0827014214761,TX.VAL.TECH.MF.ZS
DEU,2017,hitech_share,15.850578794452,TX.VAL.TECH.MF.ZS
DEU,2018,hitech_share,15.7474335584013,TX.VAL.TECH.MF.ZS
DEU,2019,hitech_share,16.3869405629417,TX.VAL.TECH.MF.ZS
DEU,2020,hitech_share,15.5031959869375,TX.VAL.TECH.MF.ZS
DEU,2021,hitech_share,15.3851048227765,TX.VAL.TECH.MF.ZS
DEU,2022,hitech_share,17.4981505573659,TX.VAL.TECH.MF.ZS
DEU,2023,hitech_share,17.7818374796623,TX.VAL.TECH.MF.ZS
DEU,2024,hitech_share,17.9772990379432,TX.VAL.TECH.MF.ZS
DNK,2007,hitech_share,18.2573624878991,TX.VAL.TECH.MF.ZS
DNK,2008,hitech_share,16.8570341112745,TX.VAL.TECH.MF.ZS
DNK,2009,hitech_share,18.9310512130896,TX.VAL.TECH.MF.ZS
DNK,2010,hitech_share,15.4688409278647,TX.VAL.TECH.MF.ZS
DNK,2011,hitech_share,15.2745652031744,TX.VAL.TECH.MF.ZS
DNK,2012,hitech_share,15.826335095061,TX.VAL.TECH.MF.ZS
DNK,2013,hitech_share,15.822591156063,TX.VAL.TECH.MF.ZS
DNK,2014,hitech_share,15.7179605296799,TX.VAL.TECH.MF.ZS
DNK,2015,hitech_share,17.1655001970314,TX.VAL.TECH.MF.ZS
DNK,2016,hitech_share,14.8833242354843,TX.VAL.TECH.MF.ZS
DNK,2017,hitech_share,12.4279222825429,TX.VAL.TECH.MF.ZS
DNK,2018,hitech_share,12.3547301877073,TX.VAL.TECH.MF.ZS
DNK,2019,hitech_share,12.039996737934,TX.VAL.TECH.MF.ZS
DNK,2020,hitech_share,13.2343925466707,TX.VAL.TECH.MF.ZS
DNK,2021,hitech_share,13.9247982031326,TX.VAL.TECH.MF.ZS
DNK,2022,hitech_share,15.988289228272,TX.VAL.TECH.MF.ZS
DNK,2023,hitech_share,17.1321575837404,TX.VAL.TECH.MF.ZS
DNK,2024,hitech_share,17.6194498489345,TX.VAL.TECH.MF.ZS
ESP,2007,hitech_share,5.61297104870674,TX.VAL.TECH.MF.ZS
ESP,2008,hitech_share,5.58488089846028,TX.VAL.TECH.MF.ZS
ESP,2009,hitech_share,6.47324056082312,TX.VAL.TECH.MF.ZS
ESP,2010,hitech_share,6.5581983123657,TX.VAL.TECH.MF.ZS
ESP,2011,hitech_share,6.58626399247907,TX.VAL.TECH.MF.ZS
ESP,2012,hitech_share,7.25080663420199,TX.VAL.TECH.MF.ZS
ESP,2013,hitech_share,6.97005295956388,TX.VAL.TECH.MF.ZS
ESP,2014,hitech_share,6.91215361464722,TX.VAL.TECH.MF.ZS
ESP,2015,hitech_share,6.88833506484239,TX.VAL.TECH.MF.ZS
ESP,2016,hitech_share,7.80248141094868,TX.VAL.TECH.MF.ZS
ESP,2017,hitech_share,6.99949013494316,TX.VAL.TECH.MF.ZS
ESP,2018,hitech_share,6.76693548745416,TX.VAL.TECH.MF.ZS
ESP,2019,hitech_share,6.84640091103014,TX.VAL.TECH.MF.ZS
ESP,2020,hitech_share,7.76842135531122,TX.VAL.TECH.MF.ZS
ESP,2021,hitech_share,9.39320382214351,TX.VAL.TECH.MF.ZS
ESP,2022,hitech_share,12.5837187911388,TX.VAL.TECH.MF.ZS
ESP,2023,hitech_share,9.56253561613111,TX.VAL.TECH.MF.ZS
ESP,2024,hitech_share,9.28447661569937,TX.VAL.TECH.MF.ZS
EST,2007,hitech_share,12.1257231430114,TX.VAL.TECH.MF.ZS
EST,2008,hitech_share,11.4380079895671,TX.VAL.TECH.MF.ZS
EST,2009,hitech_share,11.3859368486444,TX.VAL.TECH.MF.ZS
EST,2010,hitech_share,15.7346506591757,TX.VAL.TECH.MF.ZS
EST,2011,hitech_share,22.2268275715382,TX.VAL.TECH.MF.ZS
EST,2012,hitech_share,20.5676117029777,TX.VAL.TECH.MF.ZS
EST,2013,hitech_share,20.6761148166196,TX.VAL.TECH.MF.ZS
EST,2014,hitech_share,23.652438820507,TX.VAL.TECH.MF.ZS
EST,2015,hitech_share,22.7144676294333,TX.VAL.TECH.MF.ZS
EST,2016,hitech_share,21.9072583684186,TX.VAL.TECH.MF.ZS
EST,2017,hitech_share,17.9646942764807,TX.VAL.TECH.MF.ZS
EST,2018,hitech_share,18.2045260067525,TX.VAL.TECH.MF.ZS
EST,2019,hitech_share,16.9644248677655,TX.VAL.TECH.MF.ZS
EST,2020,hitech_share,20.6216264338951,TX.VAL.TECH.MF.ZS
EST,2021,hitech_share,20.6301155577085,TX.VAL.TECH.MF.ZS
EST,2022,hitech_share,18.0186438315616,TX.VAL.TECH.MF.ZS
EST,2023,hitech_share,16.581160524959,TX.VAL.TECH.MF.ZS
EST,2024,hitech_share,18.382980141257,TX.VAL.TECH.MF.ZS
FIN,2007,hitech_share,21.7677559554834,TX.VAL.TECH.MF.ZS
FIN,2008,hitech_share,21.4878899291626,TX.VAL.TECH.MF.ZS
FIN,2009,hitech_share,18.0159799627138,TX.VAL.TECH.MF.ZS
FIN,2010,hitech_share,13.1468637622035,TX.VAL.TECH.MF.ZS
FIN,2011,hitech_share,11.0754610454262,TX.VAL.TECH.MF.ZS
FIN,2012,hitech_share,10.4739136902235,TX.VAL.TECH.MF.ZS
FIN,2013,hitech_share,9.02643257926868,TX.VAL.TECH.MF.ZS
FIN,2014,hitech_share,10.0525206084322,TX.VAL.TECH.MF.ZS
FIN,2015,hitech_share,10.1842827866076,TX.VAL.TECH.MF.ZS
FIN,2016,hitech_share,10.052829776298,TX.VAL.TECH.MF.ZS
FIN,2017,hitech_share,9.6573147330322,TX.VAL.TECH.MF.ZS
FIN,2018,hitech_share,9.01765355032152,TX.VAL.TECH.MF.ZS
FIN,2019,hitech_share,9.21470120593618,TX.VAL.TECH.MF.ZS
FIN,2020,hitech_share,9.98230025285834,TX.VAL.TECH.MF.ZS
FIN,2021,hitech_share,10.2937538536253,TX.VAL.TECH.MF.ZS
FIN,2022,hitech_share,9.62392843667484,TX.VAL.TECH.MF.ZS
FIN,2023,hitech_share,9.71402259549133,TX.VAL.TECH.MF.ZS
FIN,2024,hitech_share,9.28522659633957,TX.VAL.TECH.MF.ZS
FRA,2007,hitech_share,20.1428349498868,TX.VAL.TECH.MF.ZS
FRA,2008,hitech_share,21.4617976728355,TX.VAL.TECH.MF.ZS
FRA,2009,hitech_share,24.123557619924,TX.VAL.TECH.MF.ZS
FRA,2010,hitech_share,26.3233800074675,TX.VAL.TECH.MF.ZS
FRA,2011,hitech_share,25.1193585926138,TX.VAL.TECH.MF.ZS
FRA,2012,hitech_share,26.6906319566323,TX.VAL.TECH.MF.ZS
FRA,2013,hitech_share,27.1817177565412,TX.VAL.TECH.MF.ZS
FRA,2014,hitech_share,27.4702736686884,TX.VAL.TECH.MF.ZS
FRA,2015,hitech_share,28.2116908505326,TX.VAL.TECH.MF.ZS
FRA,2016,hitech_share,27.9331801598168,TX.VAL.TECH.MF.ZS
FRA,2017,hitech_share,26.0180218998669,TX.VAL.TECH.MF.ZS
FRA,2018,hitech_share,25.9347849255776,TX.VAL.TECH.MF.ZS
FRA,2019,hitech_share,26.9265976407414,TX.VAL.TECH.MF.ZS
FRA,2020,hitech_share,21.1920405248012,TX.VAL.TECH.MF.ZS
FRA,2021,hitech_share,22.305003085565,TX.VAL.TECH.MF.ZS
FRA,2022,hitech_share,21.9264611257156,TX.VAL.TECH.MF.ZS
FRA,2023,hitech_share,22.3835449721792,TX.VAL.TECH.MF.ZS
FRA,2024,hitech_share,23.1371073769038,TX.VAL.TECH.MF.ZS
GBR,2007,hitech_share,20.8808205935258,TX.VAL.TECH.MF.ZS
GBR,2008,hitech_share,20.6167865586516,TX.VAL.TECH.MF.ZS
GBR,2009,hitech_share,20.4685287071557,TX.VAL.TECH.MF.ZS
GBR,2010,hitech_share,23.3036586296348,TX.VAL.TECH.MF.ZS
GBR,2011,hitech_share,23.3057218186911,TX.VAL.TECH.MF.ZS
GBR,2012,hitech_share,23.460196722755,TX.VAL.TECH.MF.ZS
GBR,2013,hitech_share,23.5876424891453,TX.VAL.TECH.MF.ZS
GBR,2014,hitech_share,22.2044750130662,TX.VAL.TECH.MF.ZS
GBR,2015,hitech_share,22.3335907744673,TX.VAL.TECH.MF.ZS
GBR,2016,hitech_share,23.5591126028431,TX.VAL.TECH.MF.ZS
GBR,2017,hitech_share,22.6194649609659,TX.VAL.TECH.MF.ZS
GBR,2018,hitech_share,22.3331118559009,TX.VAL.TECH.MF.ZS
GBR,2019,hitech_share,23.0942001089205,TX.VAL.TECH.MF.ZS
GBR,2020,hitech_share,23.0073604990707,TX.VAL.TECH.MF.ZS
GBR,2021,hitech_share,23.8654057182193,TX.VAL.TECH.MF.ZS
GBR,2022,hitech_share,27.1597708192348,TX.VAL.TECH.MF.ZS
GBR,2023,hitech_share,28.8917146113567,TX.VAL.TECH.MF.ZS
GBR,2024,hitech_share,29.233260009076,TX.VAL.TECH.MF.ZS
GRC,2007,hitech_share,9.11446817127941,TX.VAL.TECH.MF.ZS
GRC,2008,hitech_share,10.8506674946219,TX.VAL.TECH.MF.ZS
GRC,2009,hitech_share,12.2271784242893,TX.VAL.TECH.MF.ZS
GRC,2010,hitech_share,11.5956558548605,TX.VAL.TECH.MF.ZS
GRC,2011,hitech_share,11.2505862199212,TX.VAL.TECH.MF.ZS
GRC,2012,hitech_share,10.1435850577284,TX.VAL.TECH.MF.ZS
GRC,2013,hitech_share,8.47893188139786,TX.VAL.TECH.MF.ZS
GRC,2014,hitech_share,11.5060312558605,TX.VAL.TECH.MF.ZS
GRC,2015,hitech_share,12.9218253082768,TX.VAL.TECH.MF.ZS
GRC,2016,hitech_share,13.7270081175833,TX.VAL.TECH.MF.ZS
GRC,2017,hitech_share,12.1148895809545,TX.VAL.TECH.MF.ZS
GRC,2018,hitech_share,12.9551889486437,TX.VAL.TECH.MF.ZS
GRC,2019,hitech_share,12.5222555558252,TX.VAL.TECH.MF.ZS
GRC,2020,hitech_share,13.2518669714424,TX.VAL.TECH.MF.ZS
GRC,2021,hitech_share,12.2848681524393,TX.VAL.TECH.MF.ZS
GRC,2022,hitech_share,14.4708651762207,TX.VAL.TECH.MF.ZS
GRC,2023,hitech_share,15.1515337740903,TX.VAL.TECH.MF.ZS
GRC,2024,hitech_share,15.011494857431,TX.VAL.TECH.MF.ZS
HUN,2007,hitech_share,26.0916621380543,TX.VAL.TECH.MF.ZS
HUN,2008,hitech_share,24.9681371276167,TX.VAL.TECH.MF.ZS
HUN,2009,hitech_share,26.7279190713587,TX.VAL.TECH.MF.ZS
HUN,2010,hitech_share,25.9226978578988,TX.VAL.TECH.MF.ZS
HUN,2011,hitech_share,25.1793618785036,TX.VAL.TECH.MF.ZS
HUN,2012,hitech_share,21.2196345000288,TX.VAL.TECH.MF.ZS
HUN,2013,hitech_share,19.3691523112004,TX.VAL.TECH.MF.ZS
HUN,2014,hitech_share,16.6901975118435,TX.VAL.TECH.MF.ZS
HUN,2015,hitech_share,17.08325844517,TX.VAL.TECH.MF.ZS
HUN,2016,hitech_share,17.5764530213374,TX.VAL.TECH.MF.ZS
HUN,2017,hitech_share,17.2630732776764,TX.VAL.TECH.MF.ZS
HUN,2018,hitech_share,16.8209858629646,TX.VAL.TECH.MF.ZS
HUN,2019,hitech_share,17.3787600622128,TX.VAL.TECH.MF.ZS
HUN,2020,hitech_share,17.4648807221778,TX.VAL.TECH.MF.ZS
HUN,2021,hitech_share,16.3975126429279,TX.VAL.TECH.MF.ZS
HUN,2022,hitech_share,18.4048917258431,TX.VAL.TECH.MF.ZS
HUN,2023,hitech_share,18.8624569621863,TX.VAL.TECH.MF.ZS
HUN,2024,hitech_share,22.5745118826045,TX.VAL.TECH.MF.ZS
IRL,2007,hitech_share,32.0017186106927,TX.VAL.TECH.MF.ZS
IRL,2008,hitech_share,30.1900820829609,TX.VAL.TECH.MF.ZS
IRL,2009,hitech_share,27.164639804194,TX.VAL.TECH.MF.ZS
IRL,2010,hitech_share,22.9145841859064,TX.VAL.TECH.MF.ZS
IRL,2011,hitech_share,24.9067720884766,TX.VAL.TECH.MF.ZS
IRL,2012,hitech_share,25.5863586944318,TX.VAL.TECH.MF.ZS
IRL,2013,hitech_share,24.9839328156584,TX.VAL.TECH.MF.ZS
IRL,2014,hitech_share,24.9189231516136,TX.VAL.TECH.MF.ZS
IRL,2015,hitech_share,28.3389494347801,TX.VAL.TECH.MF.ZS
IRL,2016,hitech_share,32.8418171476767,TX.VAL.TECH.MF.ZS
IRL,2017,hitech_share,29.3340262522775,TX.VAL.TECH.MF.ZS
IRL,2018,hitech_share,25.0152782298751,TX.VAL.TECH.MF.ZS
IRL,2019,hitech_share,25.9769791902199,TX.VAL.TECH.MF.ZS
IRL,2020,hitech_share,25.8991544690003,TX.VAL.TECH.MF.ZS
IRL,2021,hitech_share,28.4781475271992,TX.VAL.TECH.MF.ZS
IRL,2022,hitech_share,46.7867801497714,TX.VAL.TECH.MF.ZS
IRL,2023,hitech_share,47.7737732849219,TX.VAL.TECH.MF.ZS
IRL,2024,hitech_share,53.5184328432158,TX.VAL.TECH.MF.ZS
ISL,2007,hitech_share,60.7119855018565,TX.VAL.TECH.MF.ZS
ISL,2008,hitech_share,40.8871620502884,TX.VAL.TECH.MF.ZS
ISL,2009,hitech_share,31.5381171469776,TX.VAL.TECH.MF.ZS
ISL,2010,hitech_share,21.1566266143317,TX.VAL.TECH.MF.ZS
ISL,2011,hitech_share,21.0528520977616,TX.VAL.TECH.MF.ZS
ISL,2012,hitech_share,15.3938778989576,TX.VAL.TECH.MF.ZS
ISL,2013,hitech_share,15.7355558714745,TX.VAL.TECH.MF.ZS
ISL,2014,hitech_share,17.1233939798944,TX.VAL.TECH.MF.ZS
ISL,2015,hitech_share,20.1396578475779,TX.VAL.TECH.MF.ZS
ISL,2016,hitech_share,23.3894322573227,TX.VAL.TECH.MF.ZS
ISL,2017,hitech_share,26.3759840115862,TX.VAL.TECH.MF.ZS
ISL,2018,hitech_share,23.4740318421698,TX.VAL.TECH.MF.ZS
ISL,2019,hitech_share,38.0792033549769,TX.VAL.TECH.MF.ZS
ISL,2020,hitech_share,27.9589360661677,TX.VAL.TECH.MF.ZS
ISL,2021,hitech_share,33.4874148657273,TX.VAL.TECH.MF.ZS
ISL,2022,hitech_share,33.3116292542581,TX.VAL.TECH.MF.ZS
ISL,2023,hitech_share,43.4245422764011,TX.VAL.TECH.MF.ZS
ISL,2024,hitech_share,53.9722930663779,TX.VAL.TECH.MF.ZS
ISR,2007,hitech_share,7.62716744231259,TX.VAL.TECH.MF.ZS
ISR,2008,hitech_share,17.0560538737395,TX.VAL.TECH.MF.ZS
ISR,2009,hitech_share,23.3965145235289,TX.VAL.TECH.MF.ZS
ISR,2010,hitech_share,19.3753611640664,TX.VAL.TECH.MF.ZS
ISR,2011,hitech_share,18.3985722541565,TX.VAL.TECH.MF.ZS
ISR,2012,hitech_share,19.8939600431067,TX.VAL.TECH.MF.ZS
ISR,2013,hitech_share,19.0362582405147,TX.VAL.TECH.MF.ZS
ISR,2014,hitech_share,19.4130528417277,TX.VAL.TECH.MF.ZS
ISR,2015,hitech_share,23.6539775366063,TX.VAL.TECH.MF.ZS
ISR,2016,hitech_share,21.8196172712291,TX.VAL.TECH.MF.ZS
ISR,2017,hitech_share,21.0679788533896,TX.VAL.TECH.MF.ZS
ISR,2018,hitech_share,22.5362840096475,TX.VAL.TECH.MF.ZS
ISR,2019,hitech_share,23.0916656017552,TX.VAL.TECH.MF.ZS
ISR,2020,hitech_share,28.197643074759,TX.VAL.TECH.MF.ZS
ISR,2021,hitech_share,29.5956758722761,TX.VAL.TECH.MF.ZS
ISR,2022,hitech_share,29.1090540410523,TX.VAL.TECH.MF.ZS
ISR,2023,hitech_share,34.9377735824443,TX.VAL.TECH.MF.ZS
ISR,2024,hitech_share,37.2335173751738,TX.VAL.TECH.MF.ZS
ITA,2007,hitech_share,6.73296300131478,TX.VAL.TECH.MF.ZS
ITA,2008,hitech_share,6.67785706953952,TX.VAL.TECH.MF.ZS
ITA,2009,hitech_share,7.80028749421402,TX.VAL.TECH.MF.ZS
ITA,2010,hitech_share,8.01620176122679,TX.VAL.TECH.MF.ZS
ITA,2011,hitech_share,7.97152825700225,TX.VAL.TECH.MF.ZS
ITA,2012,hitech_share,7.59501140176072,TX.VAL.TECH.MF.ZS
ITA,2013,hitech_share,7.77207145281516,TX.VAL.TECH.MF.ZS
ITA,2014,hitech_share,7.73691381710463,TX.VAL.TECH.MF.ZS
ITA,2015,hitech_share,8.15204658018138,TX.VAL.TECH.MF.ZS
ITA,2016,hitech_share,8.29074616964551,TX.VAL.TECH.MF.ZS
ITA,2017,hitech_share,7.8052686500986,TX.VAL.TECH.MF.ZS
ITA,2018,hitech_share,7.47655885813922,TX.VAL.TECH.MF.ZS
ITA,2019,hitech_share,7.75802459594121,TX.VAL.TECH.MF.ZS
ITA,2020,hitech_share,8.587243012964,TX.VAL.TECH.MF.ZS
ITA,2021,hitech_share,7.77024565516253,TX.VAL.TECH.MF.ZS
ITA,2022,hitech_share,9.15916231271025,TX.VAL.TECH.MF.ZS
ITA,2023,hitech_share,9.9836968942283,TX.VAL.TECH.MF.ZS
ITA,2024,hitech_share,12.2827088504022,TX.VAL.TECH.MF.ZS
JPN,2007,hitech_share,20.0653051826321,TX.VAL.TECH.MF.ZS
JPN,2008,hitech_share,18.8248542197178,TX.VAL.TECH.MF.ZS
JPN,2009,hitech_share,20.4459731275094,TX.VAL.TECH.MF.ZS
JPN,2010,hitech_share,19.1226872782363,TX.VAL.TECH.MF.ZS
JPN,2011,hitech_share,18.392253763449,TX.VAL.TECH.MF.ZS
JPN,2012,hitech_share,18.2382479591573,TX.VAL.TECH.MF.ZS
JPN,2013,hitech_share,17.7587589107099,TX.VAL.TECH.MF.ZS
JPN,2014,hitech_share,17.7805347199635,TX.VAL.TECH.MF.ZS
JPN,2015,hitech_share,18.0454889300336,TX.VAL.TECH.MF.ZS
JPN,2016,hitech_share,17.620423854837,TX.VAL.TECH.MF.ZS
JPN,2017,hitech_share,17.5942774665502,TX.VAL.TECH.MF.ZS
JPN,2018,hitech_share,17.2970528139362,TX.VAL.TECH.MF.ZS
JPN,2019,hitech_share,17.0303844450023,TX.VAL.TECH.MF.ZS
JPN,2020,hitech_share,18.6333487896777,TX.VAL.TECH.MF.ZS
JPN,2021,hitech_share,18.0039913482614,TX.VAL.TECH.MF.ZS
JPN,2022,hitech_share,18.2592615351902,TX.VAL.TECH.MF.ZS
JPN,2023,hitech_share,17.1028060703212,TX.VAL.TECH.MF.ZS
JPN,2024,hitech_share,17.5547415163067,TX.VAL.TECH.MF.ZS
KOR,2007,hitech_share,32.4282584168837,TX.VAL.TECH.MF.ZS
KOR,2008,hitech_share,30.4501393108657,TX.VAL.TECH.MF.ZS
KOR,2009,hitech_share,32.1484365401841,TX.VAL.TECH.MF.ZS
KOR,2010,hitech_share,32.1343974843399,TX.VAL.TECH.MF.ZS
KOR,2011,hitech_share,28.2133210437189,TX.VAL.TECH.MF.ZS
KOR,2012,hitech_share,28.2220757644767,TX.VAL.TECH.MF.ZS
KOR,2013,hitech_share,29.8181999078998,TX.VAL.TECH.MF.ZS
KOR,2014,hitech_share,30.0608682657817,TX.VAL.TECH.MF.ZS
KOR,2015,hitech_share,31.2119270912605,TX.VAL.TECH.MF.ZS
KOR,2016,hitech_share,30.5250266717443,TX.VAL.TECH.MF.ZS
KOR,2017,hitech_share,32.546316460744,TX.VAL.TECH.MF.ZS
KOR,2018,hitech_share,36.3912233579129,TX.VAL.TECH.MF.ZS
KOR,2019,hitech_share,32.4050621736765,TX.VAL.TECH.MF.ZS
KOR,2020,hitech_share,35.6022265413283,TX.VAL.TECH.MF.ZS
KOR,2021,hitech_share,36.014503674486,TX.VAL.TECH.MF.ZS
KOR,2022,hitech_share,36.118278931217,TX.VAL.TECH.MF.ZS
KOR,2023,hitech_share,30.2762799912651,TX.VAL.TECH.MF.ZS
KOR,2024,hitech_share,36.2582559366674,TX.VAL.TECH.MF.ZS
LTU,2007,hitech_share,11.6013589276761,TX.VAL.TECH.MF.ZS
LTU,2008,hitech_share,11.7990904690431,TX.VAL.TECH.MF.ZS
LTU,2009,hitech_share,10.5429057899843,TX.VAL.TECH.MF.ZS
LTU,2010,hitech_share,11.2469941524538,TX.VAL.TECH.MF.ZS
LTU,2011,hitech_share,10.6070246805609,TX.VAL.TECH.MF.ZS
LTU,2012,hitech_share,11.0422224951685,TX.VAL.TECH.MF.ZS
LTU,2013,hitech_share,11.0243128207069,TX.VAL.TECH.MF.ZS
LTU,2014,hitech_share,11.1391744920283,TX.VAL.TECH.MF.ZS
LTU,2015,hitech_share,12.7802328819912,TX.VAL.TECH.MF.ZS
LTU,2016,hitech_share,12.6400013901436,TX.VAL.TECH.MF.ZS
LTU,2017,hitech_share,12.5193567980791,TX.VAL.TECH.MF.ZS
LTU,2018,hitech_share,12.102708320773,TX.VAL.TECH.MF.ZS
LTU,2019,hitech_share,12.0304039362778,TX.VAL.TECH.MF.ZS
LTU,2020,hitech_share,12.0095660933711,TX.VAL.TECH.MF.ZS
LTU,2021,hitech_share,11.508956927432,TX.VAL.TECH.MF.ZS
LTU,2022,hitech_share,12.9963941333635,TX.VAL.TECH.MF.ZS
LTU,2023,hitech_share,14.4028959953361,TX.VAL.TECH.MF.ZS
LTU,2024,hitech_share,17.3245506640985,TX.VAL.TECH.MF.ZS
LUX,2007,hitech_share,10.7100084670999,TX.VAL.TECH.MF.ZS
LUX,2008,hitech_share,8.01129332081582,TX.VAL.TECH.MF.ZS
LUX,2009,hitech_share,10.3204694049142,TX.VAL.TECH.MF.ZS
LUX,2010,hitech_share,8.77866237669306,TX.VAL.TECH.MF.ZS
LUX,2011,hitech_share,9.05059986162123,TX.VAL.TECH.MF.ZS
LUX,2012,hitech_share,8.68486923570019,TX.VAL.TECH.MF.ZS
LUX,2013,hitech_share,6.8438523675119,TX.VAL.TECH.MF.ZS
LUX,2014,hitech_share,5.97251741023821,TX.VAL.TECH.MF.ZS
LUX,2015,hitech_share,7.1063570044196,TX.VAL.TECH.MF.ZS
LUX,2016,hitech_share,7.96708640448661,TX.VAL.TECH.MF.ZS
LUX,2017,hitech_share,6.9688410293022,TX.VAL.TECH.MF.ZS
LUX,2018,hitech_share,6.97324123677991,TX.VAL.TECH.MF.ZS
LUX,2019,hitech_share,6.57356994288018,TX.VAL.TECH.MF.ZS
LUX,2020,hitech_share,5.61923854995663,TX.VAL.TECH.MF.ZS
LUX,2021,hitech_share,6.0752020682151,TX.VAL.TECH.MF.ZS
LUX,2022,hitech_share,5.9904603893658,TX.VAL.TECH.MF.ZS
LUX,2023,hitech_share,5.979250210644,TX.VAL.TECH.MF.ZS
LUX,2024,hitech_share,5.0736120319212,TX.VAL.TECH.MF.ZS
LVA,2007,hitech_share,7.42780912654131,TX.VAL.TECH.MF.ZS
LVA,2008,hitech_share,7.39421308134547,TX.VAL.TECH.MF.ZS
LVA,2009,hitech_share,8.66152115643862,TX.VAL.TECH.MF.ZS
LVA,2010,hitech_share,8.45678449620594,TX.VAL.TECH.MF.ZS
LVA,2011,hitech_share,9.47083453064328,TX.VAL.TECH.MF.ZS
LVA,2012,hitech_share,11.406411147512,TX.VAL.TECH.MF.ZS
LVA,2013,hitech_share,15.4178071105596,TX.VAL.TECH.MF.ZS
LVA,2014,hitech_share,17.7278751994184,TX.VAL.TECH.MF.ZS
LVA,2015,hitech_share,18.9245452005011,TX.VAL.TECH.MF.ZS
LVA,2016,hitech_share,17.2405295215294,TX.VAL.TECH.MF.ZS
LVA,2017,hitech_share,16.0817754609296,TX.VAL.TECH.MF.ZS
LVA,2018,hitech_share,16.5920580401869,TX.VAL.TECH.MF.ZS
LVA,2019,hitech_share,17.1495055610295,TX.VAL.TECH.MF.ZS
LVA,2020,hitech_share,20.0336000956914,TX.VAL.TECH.MF.ZS
LVA,2021,hitech_share,16.9803713630842,TX.VAL.TECH.MF.ZS
LVA,2022,hitech_share,17.5505893709401,TX.VAL.TECH.MF.ZS
LVA,2023,hitech_share,18.554389354563,TX.VAL.TECH.MF.ZS
LVA,2024,hitech_share,17.4901914812882,TX.VAL.TECH.MF.ZS
MEX,2008,hitech_share,20.6169583313567,TX.VAL.TECH.MF.ZS
MEX,2009,hitech_share,22.6859342702857,TX.VAL.TECH.MF.ZS
MEX,2010,hitech_share,22.1357931748892,TX.VAL.TECH.MF.ZS
MEX,2011,hitech_share,21.1481206882898,TX.VAL.TECH.MF.ZS
MEX,2012,hitech_share,21.3533236921301,TX.VAL.TECH.MF.ZS
MEX,2013,hitech_share,20.5109447612712,TX.VAL.TECH.MF.ZS
MEX,2014,hitech_share,20.2220997751974,TX.VAL.TECH.MF.ZS
MEX,2015,hitech_share,19.5727021142392,TX.VAL.TECH.MF.ZS
MEX,2016,hitech_share,20.6541116351274,TX.VAL.TECH.MF.ZS
MEX,2017,hitech_share,21.1680967750153,TX.VAL.TECH.MF.ZS
MEX,2018,hitech_share,20.8917456407643,TX.VAL.TECH.MF.ZS
MEX,2019,hitech_share,20.4068584131191,TX.VAL.TECH.MF.ZS
MEX,2020,hitech_share,21.5074249745377,TX.VAL.TECH.MF.ZS
MEX,2021,hitech_share,19.8113406398377,TX.VAL.TECH.MF.ZS
MEX,2022,hitech_share,20.5343692257849,TX.VAL.TECH.MF.ZS
MEX,2023,hitech_share,17.9938785812602,TX.VAL.TECH.MF.ZS
MEX,2024,hitech_share,19.3037596613987,TX.VAL.TECH.MF.ZS
NLD,2007,hitech_share,29.0637289988816,TX.VAL.TECH.MF.ZS
NLD,2008,hitech_share,26.0445135250103,TX.VAL.TECH.MF.ZS
NLD,2009,hitech_share,28.0439383106726,TX.VAL.TECH.MF.ZS
NLD,2010,hitech_share,27.8649964298346,TX.VAL.TECH.MF.ZS
NLD,2011,hitech_share,25.2390821012445,TX.VAL.TECH.MF.ZS
NLD,2012,hitech_share,25.4832942720764,TX.VAL.TECH.MF.ZS
NLD,2013,hitech_share,24.6659051147577,TX.VAL.TECH.MF.ZS
NLD,2014,hitech_share,24.5559687632591,TX.VAL.TECH.MF.ZS
NLD,2015,hitech_share,24.074012919385,TX.VAL.TECH.MF.ZS
NLD,2016,hitech_share,24.0087404866077,TX.VAL.TECH.MF.ZS
NLD,2017,hitech_share,22.9219025245367,TX.VAL.TECH.MF.ZS
NLD,2018,hitech_share,22.5132061163246,TX.VAL.TECH.MF.ZS
NLD,2019,hitech_share,23.0482346929973,TX.VAL.TECH.MF.ZS
NLD,2020,hitech_share,23.1639760853804,TX.VAL.TECH.MF.ZS
NLD,2021,hitech_share,22.0023211908273,TX.VAL.TECH.MF.ZS
NLD,2022,hitech_share,21.9578380124342,TX.VAL.TECH.MF.ZS
NLD,2023,hitech_share,24.5106465274936,TX.VAL.TECH.MF.ZS
NLD,2024,hitech_share,23.4680052763745,TX.VAL.TECH.MF.ZS
NOR,2007,hitech_share,17.9336632987451,TX.VAL.TECH.MF.ZS
NOR,2008,hitech_share,18.648312613033,TX.VAL.TECH.MF.ZS
NOR,2009,hitech_share,19.9197869658293,TX.VAL.TECH.MF.ZS
NOR,2010,hitech_share,20.3684826960087,TX.VAL.TECH.MF.ZS
NOR,2011,hitech_share,21.5440989109981,TX.VAL.TECH.MF.ZS
NOR,2012,hitech_share,21.1240532638067,TX.VAL.TECH.MF.ZS
NOR,2013,hitech_share,21.0205001240338,TX.VAL.TECH.MF.ZS
NOR,2014,hitech_share,22.3154505616718,TX.VAL.TECH.MF.ZS
NOR,2015,hitech_share,22.2637499039318,TX.VAL.TECH.MF.ZS
NOR,2016,hitech_share,20.9563395259628,TX.VAL.TECH.MF.ZS
NOR,2017,hitech_share,21.5970984465797,TX.VAL.TECH.MF.ZS
NOR,2018,hitech_share,21.1178200437435,TX.VAL.TECH.MF.ZS
NOR,2019,hitech_share,22.4920145628444,TX.VAL.TECH.MF.ZS
NOR,2020,hitech_share,22.0688842926826,TX.VAL.TECH.MF.ZS
NOR,2021,hitech_share,20.5863715899543,TX.VAL.TECH.MF.ZS
NOR,2022,hitech_share,23.8849460450338,TX.VAL.TECH.MF.ZS
NOR,2023,hitech_share,25.6746143774999,TX.VAL.TECH.MF.ZS
NOR,2024,hitech_share,25.4139359384172,TX.VAL.TECH.MF.ZS
NZL,2007,hitech_share,10.1031516801271,TX.VAL.TECH.MF.ZS
NZL,2008,hitech_share,9.33209646762995,TX.VAL.TECH.MF.ZS
NZL,2009,hitech_share,9.91231926776552,TX.VAL.TECH.MF.ZS
NZL,2010,hitech_share,9.71533990710258,TX.VAL.TECH.MF.ZS
NZL,2011,hitech_share,9.97378060511744,TX.VAL.TECH.MF.ZS
NZL,2012,hitech_share,10.0832140526896,TX.VAL.TECH.MF.ZS
NZL,2013,hitech_share,10.7264399315762,TX.VAL.TECH.MF.ZS
NZL,2014,hitech_share,9.91429177740434,TX.VAL.TECH.MF.ZS
NZL,2015,hitech_share,10.1125452318052,TX.VAL.TECH.MF.ZS
NZL,2016,hitech_share,10.8777020288641,TX.VAL.TECH.MF.ZS
NZL,2017,hitech_share,9.2522910740142,TX.VAL.TECH.MF.ZS
NZL,2018,hitech_share,9.81175442917481,TX.VAL.TECH.MF.ZS
NZL,2019,hitech_share,9.86594609152879,TX.VAL.TECH.MF.ZS
NZL,2020,hitech_share,9.60874974217951,TX.VAL.TECH.MF.ZS
NZL,2021,hitech_share,9.76110781430146,TX.VAL.TECH.MF.ZS
NZL,2022,hitech_share,12.0543415422888,TX.VAL.TECH.MF.ZS
NZL,2023,hitech_share,12.6494857356401,TX.VAL.TECH.MF.ZS
NZL,2024,hitech_share,12.9670750449435,TX.VAL.TECH.MF.ZS
POL,2007,hitech_share,3.88296143291345,TX.VAL.TECH.MF.ZS
POL,2008,hitech_share,5.29132736892917,TX.VAL.TECH.MF.ZS
POL,2009,hitech_share,7.06915176344878,TX.VAL.TECH.MF.ZS
POL,2010,hitech_share,7.71908956828028,TX.VAL.TECH.MF.ZS
POL,2011,hitech_share,6.61892041429249,TX.VAL.TECH.MF.ZS
POL,2012,hitech_share,7.81151383868806,TX.VAL.TECH.MF.ZS
POL,2013,hitech_share,8.74501767247922,TX.VAL.TECH.MF.ZS
POL,2014,hitech_share,10.0686277870269,TX.VAL.TECH.MF.ZS
POL,2015,hitech_share,10.7755213322015,TX.VAL.TECH.MF.ZS
POL,2016,hitech_share,10.7154228014203,TX.VAL.TECH.MF.ZS
POL,2017,hitech_share,10.6673187252222,TX.VAL.TECH.MF.ZS
POL,2018,hitech_share,10.3950333891095,TX.VAL.TECH.MF.ZS
POL,2019,hitech_share,9.8529348361967,TX.VAL.TECH.MF.ZS
POL,2020,hitech_share,9.86616548997166,TX.VAL.TECH.MF.ZS
POL,2021,hitech_share,9.44556514280936,TX.VAL.TECH.MF.ZS
POL,2022,hitech_share,11.6325877772755,TX.VAL.TECH.MF.ZS
POL,2023,hitech_share,12.1223189735947,TX.VAL.TECH.MF.ZS
POL,2024,hitech_share,13.5099699026858,TX.VAL.TECH.MF.ZS
PRT,2007,hitech_share,8.60304968297568,TX.VAL.TECH.MF.ZS
PRT,2008,hitech_share,8.23640610235864,TX.VAL.TECH.MF.ZS
PRT,2009,hitech_share,4.7945586664894,TX.VAL.TECH.MF.ZS
PRT,2010,hitech_share,4.07310618132986,TX.VAL.TECH.MF.ZS
PRT,2011,hitech_share,4.12398979203448,TX.VAL.TECH.MF.ZS
PRT,2012,hitech_share,4.49299865197501,TX.VAL.TECH.MF.ZS
PRT,2013,hitech_share,4.70027794789762,TX.VAL.TECH.MF.ZS
PRT,2014,hitech_share,4.88070967963708,TX.VAL.TECH.MF.ZS
PRT,2015,hitech_share,5.07995277461314,TX.VAL.TECH.MF.ZS
PRT,2016,hitech_share,5.80540001054449,TX.VAL.TECH.MF.ZS
PRT,2017,hitech_share,5.98812595371655,TX.VAL.TECH.MF.ZS
PRT,2018,hitech_share,5.28353269409281,TX.VAL.TECH.MF.ZS
PRT,2019,hitech_share,6.94181475443009,TX.VAL.TECH.MF.ZS
PRT,2020,hitech_share,7.1147115711238,TX.VAL.TECH.MF.ZS
PRT,2021,hitech_share,6.250331404512,TX.VAL.TECH.MF.ZS
PRT,2022,hitech_share,6.99049160072585,TX.VAL.TECH.MF.ZS
PRT,2023,hitech_share,6.71084167998399,TX.VAL.TECH.MF.ZS
PRT,2024,hitech_share,6.77343918950435,TX.VAL.TECH.MF.ZS
SVK,2007,hitech_share,5.39522983956304,TX.VAL.TECH.MF.ZS
SVK,2008,hitech_share,5.08514306780719,TX.VAL.TECH.MF.ZS
SVK,2009,hitech_share,6.34058376905376,TX.VAL.TECH.MF.ZS
SVK,2010,hitech_share,7.36428920468002,TX.VAL.TECH.MF.ZS
SVK,2011,hitech_share,7.52466327622856,TX.VAL.TECH.MF.ZS
SVK,2012,hitech_share,9.56862397042366,TX.VAL.TECH.MF.ZS
SVK,2013,hitech_share,11.0149736185922,TX.VAL.TECH.MF.ZS
SVK,2014,hitech_share,11.14773596298,TX.VAL.TECH.MF.ZS
SVK,2015,hitech_share,11.1586996928016,TX.VAL.TECH.MF.ZS
SVK,2016,hitech_share,10.7371880441488,TX.VAL.TECH.MF.ZS
SVK,2017,hitech_share,11.7654202302728,TX.VAL.TECH.MF.ZS
SVK,2018,hitech_share,10.6364834767426,TX.VAL.TECH.MF.ZS
SVK,2019,hitech_share,9.91238882702626,TX.VAL.TECH.MF.ZS
SVK,2020,hitech_share,9.99741446798114,TX.VAL.TECH.MF.ZS
SVK,2021,hitech_share,9.00138940151075,TX.VAL.TECH.MF.ZS
SVK,2022,hitech_share,8.49041601420597,TX.VAL.TECH.MF.ZS
SVK,2023,hitech_share,9.7184584659913,TX.VAL.TECH.MF.ZS
SVK,2024,hitech_share,10.5935553645599,TX.VAL.TECH.MF.ZS
SVN,2007,hitech_share,5.68650889024498,TX.VAL.TECH.MF.ZS
SVN,2008,hitech_share,6.48513705089615,TX.VAL.TECH.MF.ZS
SVN,2009,hitech_share,6.84793570752288,TX.VAL.TECH.MF.ZS
SVN,2010,hitech_share,6.07894837150916,TX.VAL.TECH.MF.ZS
SVN,2011,hitech_share,6.21454157819942,TX.VAL.TECH.MF.ZS
SVN,2012,hitech_share,6.66177191299701,TX.VAL.TECH.MF.ZS
SVN,2013,hitech_share,6.73818283854427,TX.VAL.TECH.MF.ZS
SVN,2014,hitech_share,6.41719007974407,TX.VAL.TECH.MF.ZS
SVN,2015,hitech_share,7.00769445649105,TX.VAL.TECH.MF.ZS
SVN,2016,hitech_share,7.14418674805758,TX.VAL.TECH.MF.ZS
SVN,2017,hitech_share,6.50844824804584,TX.VAL.TECH.MF.ZS
SVN,2018,hitech_share,6.83053982321457,TX.VAL.TECH.MF.ZS
SVN,2019,hitech_share,7.35392450360767,TX.VAL.TECH.MF.ZS
SVN,2020,hitech_share,7.79985278570807,TX.VAL.TECH.MF.ZS
SVN,2021,hitech_share,6.20930603257085,TX.VAL.TECH.MF.ZS
SVN,2022,hitech_share,8.56978643924213,TX.VAL.TECH.MF.ZS
SVN,2023,hitech_share,8.20345582131026,TX.VAL.TECH.MF.ZS
SVN,2024,hitech_share,8.34338034336379,TX.VAL.TECH.MF.ZS
SWE,2007,hitech_share,16.8057230661083,TX.VAL.TECH.MF.ZS
SWE,2008,hitech_share,17.2485871067251,TX.VAL.TECH.MF.ZS
SWE,2009,hitech_share,18.7732990037937,TX.VAL.TECH.MF.ZS
SWE,2010,hitech_share,19.4114842380157,TX.VAL.TECH.MF.ZS
SWE,2011,hitech_share,18.6981620670435,TX.VAL.TECH.MF.ZS
SWE,2012,hitech_share,17.9838317924104,TX.VAL.TECH.MF.ZS
SWE,2013,hitech_share,18.0253832958642,TX.VAL.TECH.MF.ZS
SWE,2014,hitech_share,17.8774672401497,TX.VAL.TECH.MF.ZS
SWE,2015,hitech_share,18.1290954128906,TX.VAL.TECH.MF.ZS
SWE,2016,hitech_share,17.8376016375053,TX.VAL.TECH.MF.ZS
SWE,2017,hitech_share,15.1103424459526,TX.VAL.TECH.MF.ZS
SWE,2018,hitech_share,14.1643140590828,TX.VAL.TECH.MF.ZS
SWE,2019,hitech_share,14.5057835745267,TX.VAL.TECH.MF.ZS
SWE,2020,hitech_share,15.1359508380239,TX.VAL.TECH.MF.ZS
SWE,2021,hitech_share,13.9348317468926,TX.VAL.TECH.MF.ZS
SWE,2022,hitech_share,17.2566541363702,TX.VAL.TECH.MF.ZS
SWE,2023,hitech_share,17.6238520277113,TX.VAL.TECH.MF.ZS
SWE,2024,hitech_share,17.6524551082203,TX.VAL.TECH.MF.ZS
TUR,2007,hitech_share,2.16875430678889,TX.VAL.TECH.MF.ZS
TUR,2008,hitech_share,1.88829521498176,TX.VAL.TECH.MF.ZS
TUR,2009,hitech_share,2.02927695856422,TX.VAL.TECH.MF.ZS
TUR,2010,hitech_share,2.19482435202622,TX.VAL.TECH.MF.ZS
TUR,2011,hitech_share,2.11064560791653,TX.VAL.TECH.MF.ZS
TUR,2012,hitech_share,2.15485262575385,TX.VAL.TECH.MF.ZS
TUR,2013,hitech_share,3.13055257636753,TX.VAL.TECH.MF.ZS
TUR,2014,hitech_share,3.37973172045524,TX.VAL.TECH.MF.ZS
TUR,2015,hitech_share,3.43610443571744,TX.VAL.TECH.MF.ZS
TUR,2016,hitech_share,3.03814599740941,TX.VAL.TECH.MF.ZS
TUR,2017,hitech_share,3.23291293505096,TX.VAL.TECH.MF.ZS
TUR,2018,hitech_share,2.67353129854845,TX.VAL.TECH.MF.ZS
TUR,2019,hitech_share,3.02817669225913,TX.VAL.TECH.MF.ZS
TUR,2020,hitech_share,3.15277011329118,TX.VAL.TECH.MF.ZS
TUR,2021,hitech_share,3.28362739970141,TX.VAL.TECH.MF.ZS
TUR,2022,hitech_share,3.66403554879462,TX.VAL.TECH.MF.ZS
TUR,2023,hitech_share,4.51829098986852,TX.VAL.TECH.MF.ZS
TUR,2024,hitech_share,5.13775956987065,TX.VAL.TECH.MF.ZS
USA,2007,hitech_share,29.8991351588255,TX.VAL.TECH.MF.ZS
USA,2008,hitech_share,28.4192806106129,TX.VAL.TECH.MF.ZS
USA,2009,hitech_share,24.3626446890131,TX.VAL.TECH.MF.ZS
USA,2010,hitech_share,22.6194775165319,TX.VAL.TECH.MF.ZS
USA,2011,hitech_share,20.624916162211,TX.VAL.TECH.MF.ZS
USA,2012,hitech_share,20.174250704896,TX.VAL.TECH.MF.ZS
USA,2013,hitech_share,20.188635370966,TX.VAL.TECH.MF.ZS
USA,2014,hitech_share,20.4843982208576,TX.VAL.TECH.MF.ZS
USA,2015,hitech_share,21.3904480368657,TX.VAL.TECH.MF.ZS
USA,2016,hitech_share,22.4192942002286,TX.VAL.TECH.MF.ZS
USA,2017,hitech_share,19.2659699620243,TX.VAL.TECH.MF.ZS
USA,2018,hitech_share,18.4842699258676,TX.VAL.TECH.MF.ZS
USA,2019,hitech_share,18.6853939276571,TX.VAL.TECH.MF.ZS
USA,2020,hitech_share,19.4939761609452,TX.VAL.TECH.MF.ZS
USA,2021,hitech_share,19.9014614131792,TX.VAL.TECH.MF.ZS
USA,2022,hitech_share,20.5789833007379,TX.VAL.TECH.MF.ZS
USA,2023,hitech_share,21.8459878355521,TX.VAL.TECH.MF.ZS
USA,2024,hitech_share,24.322982844202,TX.VAL.TECH.MF.ZS
AUS,2000,invest_share,25.8919654195344,NE.GDI.FTOT.ZS
AUS,2001,invest_share,23.1582021660242,NE.GDI.FTOT.ZS
AUS,2002,invest_share,24.2554623623273,NE.GDI.FTOT.ZS
AUS,2003,invest_share,26.007030943111,NE.GDI.FTOT.ZS
AUS,2004,invest_share,26.5880659201753,NE.GDI.FTOT.ZS
AUS,2005,invest_share,26.9676243082002,NE.GDI.FTOT.ZS
AUS,2006,invest_share,27.7412866557676,NE.GDI.FTOT.ZS
AUS,2007,invest_share,27.3471755803552,NE.GDI.FTOT.ZS
AUS,2008,invest_share,28.1494081563949,NE.GDI.FTOT.ZS
AUS,2009,invest_share,27.5129887832226,NE.GDI.FTOT.ZS
AUS,2010,invest_share,26.9461352407809,NE.GDI.FTOT.ZS
AUS,2011,invest_share,25.9432868336906,NE.GDI.FTOT.ZS
AUS,2012,invest_share,27.3175908517662,NE.GDI.FTOT.ZS
AUS,2013,invest_share,27.7286395572248,NE.GDI.FTOT.ZS
AUS,2014,invest_share,26.7582301625395,NE.GDI.FTOT.ZS
AUS,2015,invest_share,26.1113805788248,NE.GDI.FTOT.ZS
AUS,2016,invest_share,25.2841043930064,NE.GDI.FTOT.ZS
AUS,2017,invest_share,23.9744250133026,NE.GDI.FTOT.ZS
AUS,2018,invest_share,24.3863880116543,NE.GDI.FTOT.ZS
AUS,2019,invest_share,23.3219874334142,NE.GDI.FTOT.ZS
AUS,2020,invest_share,22.7279354612304,NE.GDI.FTOT.ZS
AUS,2021,invest_share,22.5826306071239,NE.GDI.FTOT.ZS
AUS,2022,invest_share,23.1156890618434,NE.GDI.FTOT.ZS
AUS,2023,invest_share,23.1932473759349,NE.GDI.FTOT.ZS
AUS,2024,invest_share,24.0919767539482,NE.GDI.FTOT.ZS
AUT,2000,invest_share,25.706049968312,NE.GDI.FTOT.ZS
AUT,2001,invest_share,24.9279130602684,NE.GDI.FTOT.ZS
AUT,2002,invest_share,23.6230774906842,NE.GDI.FTOT.ZS
AUT,2003,invest_share,24.1941212310447,NE.GDI.FTOT.ZS
AUT,2004,invest_share,23.7682466626674,NE.GDI.FTOT.ZS
AUT,2005,invest_share,23.2345864227667,NE.GDI.FTOT.ZS
AUT,2006,invest_share,22.8306808001519,NE.GDI.FTOT.ZS
AUT,2007,invest_share,23.1393973500284,NE.GDI.FTOT.ZS
AUT,2008,invest_share,23.5337970115719,NE.GDI.FTOT.ZS
AUT,2009,invest_share,22.6637107958545,NE.GDI.FTOT.ZS
AUT,2010,invest_share,21.8611554230227,NE.GDI.FTOT.ZS
AUT,2011,invest_share,22.7073592505649,NE.GDI.FTOT.ZS
AUT,2012,invest_share,22.9527434287837,NE.GDI.FTOT.ZS
AUT,2013,invest_share,23.3121101516353,NE.GDI.FTOT.ZS
AUT,2014,invest_share,22.9671788352856,NE.GDI.FTOT.ZS
AUT,2015,invest_share,22.8959621968365,NE.GDI.FTOT.ZS
AUT,2016,invest_share,23.3219102437796,NE.GDI.FTOT.ZS
AUT,2017,invest_share,23.8459451205616,NE.GDI.FTOT.ZS
AUT,2018,invest_share,24.3135937640992,NE.GDI.FTOT.ZS
AUT,2019,invest_share,25.0801117201002,NE.GDI.FTOT.ZS
AUT,2020,invest_share,25.134256704245,NE.GDI.FTOT.ZS
AUT,2021,invest_share,25.8646541570211,NE.GDI.FTOT.ZS
AUT,2022,invest_share,25.2127203813994,NE.GDI.FTOT.ZS
AUT,2023,invest_share,24.6875584181551,NE.GDI.FTOT.ZS
AUT,2024,invest_share,23.5479112127244,NE.GDI.FTOT.ZS
BEL,2000,invest_share,22.5070638327085,NE.GDI.FTOT.ZS
BEL,2001,invest_share,22.3902708268942,NE.GDI.FTOT.ZS
BEL,2002,invest_share,20.696424121126,NE.GDI.FTOT.ZS
BEL,2003,invest_share,20.4941888377035,NE.GDI.FTOT.ZS
BEL,2004,invest_share,21.4618504095247,NE.GDI.FTOT.ZS
BEL,2005,invest_share,22.1538935922611,NE.GDI.FTOT.ZS
BEL,2006,invest_share,22.3254390645591,NE.GDI.FTOT.ZS
BEL,2007,invest_share,23.2930144412895,NE.GDI.FTOT.ZS
BEL,2008,invest_share,24.1181419052712,NE.GDI.FTOT.ZS
BEL,2009,invest_share,22.5500517779492,NE.GDI.FTOT.ZS
BEL,2010,invest_share,21.9382428923496,NE.GDI.FTOT.ZS
BEL,2011,invest_share,22.7900061624511,NE.GDI.FTOT.ZS
BEL,2012,invest_share,22.8236232419409,NE.GDI.FTOT.ZS
BEL,2013,invest_share,22.1558511394486,NE.GDI.FTOT.ZS
BEL,2014,invest_share,22.8409196700006,NE.GDI.FTOT.ZS
BEL,2015,invest_share,23.1519860999475,NE.GDI.FTOT.ZS
BEL,2016,invest_share,23.5198221753782,NE.GDI.FTOT.ZS
BEL,2017,invest_share,23.5041514887444,NE.GDI.FTOT.ZS
BEL,2018,invest_share,23.7749835796852,NE.GDI.FTOT.ZS
BEL,2019,invest_share,24.2312098845978,NE.GDI.FTOT.ZS
BEL,2020,invest_share,24.0338724949105,NE.GDI.FTOT.ZS
BEL,2021,invest_share,23.9163856652107,NE.GDI.FTOT.ZS
BEL,2022,invest_share,23.9161142447757,NE.GDI.FTOT.ZS
BEL,2023,invest_share,24.1745802432932,NE.GDI.FTOT.ZS
BEL,2024,invest_share,24.2779848762966,NE.GDI.FTOT.ZS
CAN,2000,invest_share,19.5993356617119,NE.GDI.FTOT.ZS
CAN,2001,invest_share,20.1517646904638,NE.GDI.FTOT.ZS
CAN,2002,invest_share,19.9748845804896,NE.GDI.FTOT.ZS
CAN,2003,invest_share,20.012369056955,NE.GDI.FTOT.ZS
CAN,2004,invest_share,20.8745812199367,NE.GDI.FTOT.ZS
CAN,2005,invest_share,21.8372450469019,NE.GDI.FTOT.ZS
CAN,2006,invest_share,22.8847443946428,NE.GDI.FTOT.ZS
CAN,2007,invest_share,23.3389957278501,NE.GDI.FTOT.ZS
CAN,2008,invest_share,23.468960389706,NE.GDI.FTOT.ZS
CAN,2009,invest_share,22.3069271582099,NE.GDI.FTOT.ZS
CAN,2010,invest_share,23.4611524730321,NE.GDI.FTOT.ZS
CAN,2011,invest_share,23.510376129041,NE.GDI.FTOT.ZS
CAN,2012,invest_share,24.4942803133541,NE.GDI.FTOT.ZS
CAN,2013,invest_share,24.1873900963866,NE.GDI.FTOT.ZS
CAN,2014,invest_share,24.3893049222041,NE.GDI.FTOT.ZS
CAN,2015,invest_share,23.8505579659614,NE.GDI.FTOT.ZS
CAN,2016,invest_share,22.7723539706794,NE.GDI.FTOT.ZS
CAN,2017,invest_share,22.6962795343088,NE.GDI.FTOT.ZS
CAN,2018,invest_share,22.6760699457971,NE.GDI.FTOT.ZS
CAN,2019,invest_share,22.5799284914038,NE.GDI.FTOT.ZS
CAN,2020,invest_share,23.1842052051561,NE.GDI.FTOT.ZS
CAN,2021,invest_share,23.7893330462459,NE.GDI.FTOT.ZS
CAN,2022,invest_share,23.0827054280969,NE.GDI.FTOT.ZS
CAN,2023,invest_share,23.0403942262261,NE.GDI.FTOT.ZS
CAN,2024,invest_share,22.9101597496711,NE.GDI.FTOT.ZS
CHE,2000,invest_share,27.5292029836456,NE.GDI.FTOT.ZS
CHE,2001,invest_share,26.9150763768149,NE.GDI.FTOT.ZS
CHE,2002,invest_share,27.100715525146,NE.GDI.FTOT.ZS
CHE,2003,invest_share,26.5696169267531,NE.GDI.FTOT.ZS
CHE,2004,invest_share,27.3709525505218,NE.GDI.FTOT.ZS
CHE,2005,invest_share,27.2645352912082,NE.GDI.FTOT.ZS
CHE,2006,invest_share,27.0679970090631,NE.GDI.FTOT.ZS
CHE,2007,invest_share,27.2312779251961,NE.GDI.FTOT.ZS
CHE,2008,invest_share,26.8978554883082,NE.GDI.FTOT.ZS
CHE,2009,invest_share,25.3721379252277,NE.GDI.FTOT.ZS
CHE,2010,invest_share,25.368277592592,NE.GDI.FTOT.ZS
CHE,2011,invest_share,25.6124135073323,NE.GDI.FTOT.ZS
CHE,2012,invest_share,26.1540283589316,NE.GDI.FTOT.ZS
CHE,2013,invest_share,26.152369655736,NE.GDI.FTOT.ZS
CHE,2014,invest_share,26.3235666038831,NE.GDI.FTOT.ZS
CHE,2015,invest_share,26.493978203581,NE.GDI.FTOT.ZS
CHE,2016,invest_share,26.7341163724383,NE.GDI.FTOT.ZS
CHE,2017,invest_share,27.5154358532062,NE.GDI.FTOT.ZS
CHE,2018,invest_share,26.9999346823656,NE.GDI.FTOT.ZS
CHE,2019,invest_share,27.0018781573595,NE.GDI.FTOT.ZS
CHE,2020,invest_share,27.6333903524282,NE.GDI.FTOT.ZS
CHE,2021,invest_share,26.7750190688452,NE.GDI.FTOT.ZS
CHE,2022,invest_share,26.2561916474581,NE.GDI.FTOT.ZS
CHE,2023,invest_share,26.8920870336547,NE.GDI.FTOT.ZS
CHE,2024,invest_share,26.4501761760284,NE.GDI.FTOT.ZS
CHL,2000,invest_share,22.0430828033045,NE.GDI.FTOT.ZS
CHL,2001,invest_share,22.4880809449817,NE.GDI.FTOT.ZS
CHL,2002,invest_share,22.2745053659544,NE.GDI.FTOT.ZS
CHL,2003,invest_share,22.0896291628009,NE.GDI.FTOT.ZS
CHL,2004,invest_share,21.3985804067819,NE.GDI.FTOT.ZS
CHL,2005,invest_share,23.3687957260122,NE.GDI.FTOT.ZS
CHL,2006,invest_share,21.0647065041734,NE.GDI.FTOT.ZS
CHL,2007,invest_share,21.9798430231851,NE.GDI.FTOT.ZS
CHL,2008,invest_share,26.8810651175453,NE.GDI.FTOT.ZS
CHL,2009,invest_share,24.1203154623411,NE.GDI.FTOT.ZS
CHL,2010,invest_share,23.0154603246023,NE.GDI.FTOT.ZS
CHL,2011,invest_share,24.7203928977823,NE.GDI.FTOT.ZS
CHL,2012,invest_share,26.7526621551814,NE.GDI.FTOT.ZS
CHL,2013,invest_share,26.3486831942806,NE.GDI.FTOT.ZS
CHL,2014,invest_share,25.4735399676846,NE.GDI.FTOT.ZS
CHL,2015,invest_share,25.4703710962194,NE.GDI.FTOT.ZS
CHL,2016,invest_share,24.1291975843452,NE.GDI.FTOT.ZS
CHL,2017,invest_share,22.257664449869,NE.GDI.FTOT.ZS
CHL,2018,invest_share,23.0497925735582,NE.GDI.FTOT.ZS
CHL,2019,invest_share,24.5476232011073,NE.GDI.FTOT.ZS
CHL,2020,invest_share,22.5605419373273,NE.GDI.FTOT.ZS
CHL,2021,invest_share,23.3121724606731,NE.GDI.FTOT.ZS
CHL,2022,invest_share,25.6540546238166,NE.GDI.FTOT.ZS
CHL,2023,invest_share,24.397531470861,NE.GDI.FTOT.ZS
CHL,2024,invest_share,23.6573014977168,NE.GDI.FTOT.ZS
CHN,2000,invest_share,32.6471790154044,NE.GDI.FTOT.ZS
CHN,2001,invest_share,33.4598817910203,NE.GDI.FTOT.ZS
CHN,2002,invest_share,34.9878641071948,NE.GDI.FTOT.ZS
CHN,2003,invest_share,38.0846809344133,NE.GDI.FTOT.ZS
CHN,2004,invest_share,39.3505370582361,NE.GDI.FTOT.ZS
CHN,2005,invest_share,39.2703289759488,NE.GDI.FTOT.ZS
CHN,2006,invest_share,38.5215726233992,NE.GDI.FTOT.ZS
CHN,2007,invest_share,37.6709873123357,NE.GDI.FTOT.ZS
CHN,2008,invest_share,38.8030814219879,NE.GDI.FTOT.ZS
CHN,2009,invest_share,43.4097668520056,NE.GDI.FTOT.ZS
CHN,2010,invest_share,43.5201821905755,NE.GDI.FTOT.ZS
CHN,2011,invest_share,43.515390928039,NE.GDI.FTOT.ZS
CHN,2012,invest_share,43.8737076505916,NE.GDI.FTOT.ZS
CHN,2013,invest_share,44.0755431365052,NE.GDI.FTOT.ZS
CHN,2014,invest_share,43.3803473680085,NE.GDI.FTOT.ZS
CHN,2015,invest_share,41.6166710438192,NE.GDI.FTOT.ZS
CHN,2016,invest_share,41.0805800894123,NE.GDI.FTOT.ZS
CHN,2017,invest_share,41.4184897995936,NE.GDI.FTOT.ZS
CHN,2018,invest_share,42.3803760237203,NE.GDI.FTOT.ZS
CHN,2019,invest_share,42.2503490502374,NE.GDI.FTOT.ZS
CHN,2020,invest_share,41.8494114609444,NE.GDI.FTOT.ZS
CHN,2021,invest_share,41.3521203793076,NE.GDI.FTOT.ZS
CHN,2022,invest_share,41.2329317275585,NE.GDI.FTOT.ZS
CHN,2023,invest_share,40.4544347218594,NE.GDI.FTOT.ZS
CHN,2024,invest_share,39.6519325237885,NE.GDI.FTOT.ZS
COL,2000,invest_share,14.1293141067755,NE.GDI.FTOT.ZS
COL,2001,invest_share,15.3995333206406,NE.GDI.FTOT.ZS
COL,2002,invest_share,16.725296853536,NE.GDI.FTOT.ZS
COL,2003,invest_share,18.1097505002846,NE.GDI.FTOT.ZS
COL,2004,invest_share,18.8317596064491,NE.GDI.FTOT.ZS
COL,2005,invest_share,20.9561543150332,NE.GDI.FTOT.ZS
COL,2006,invest_share,22.5775935262733,NE.GDI.FTOT.ZS
COL,2007,invest_share,24.0773758127074,NE.GDI.FTOT.ZS
COL,2008,invest_share,21.9137810195697,NE.GDI.FTOT.ZS
COL,2009,invest_share,22.6467081627038,NE.GDI.FTOT.ZS
COL,2010,invest_share,22.0429732014851,NE.GDI.FTOT.ZS
COL,2011,invest_share,21.9158254216725,NE.GDI.FTOT.ZS
COL,2012,invest_share,21.1252094876723,NE.GDI.FTOT.ZS
COL,2013,invest_share,21.3383970995375,NE.GDI.FTOT.ZS
COL,2014,invest_share,22.6705098813348,NE.GDI.FTOT.ZS
COL,2015,invest_share,23.3747819041323,NE.GDI.FTOT.ZS
COL,2016,invest_share,22.1296577145622,NE.GDI.FTOT.ZS
COL,2017,invest_share,21.7227919184852,NE.GDI.FTOT.ZS
COL,2018,invest_share,21.2278710779912,NE.GDI.FTOT.ZS
COL,2019,invest_share,21.269107264817,NE.GDI.FTOT.ZS
COL,2020,invest_share,18.3620756136132,NE.GDI.FTOT.ZS
COL,2021,invest_share,18.9897319714179,NE.GDI.FTOT.ZS
COL,2022,invest_share,19.070491795478,NE.GDI.FTOT.ZS
COL,2023,invest_share,16.424080141129,NE.GDI.FTOT.ZS
COL,2024,invest_share,16.2164481041442,NE.GDI.FTOT.ZS
CRI,2000,invest_share,19.6895819485869,NE.GDI.FTOT.ZS
CRI,2001,invest_share,19.8348161320968,NE.GDI.FTOT.ZS
CRI,2002,invest_share,19.7839963993644,NE.GDI.FTOT.ZS
CRI,2003,invest_share,19.7901753815231,NE.GDI.FTOT.ZS
CRI,2004,invest_share,19.8781559251673,NE.GDI.FTOT.ZS
CRI,2005,invest_share,19.9518029727445,NE.GDI.FTOT.ZS
CRI,2006,invest_share,20.2930669265981,NE.GDI.FTOT.ZS
CRI,2007,invest_share,22.3649994161949,NE.GDI.FTOT.ZS
CRI,2008,invest_share,23.7449713583673,NE.GDI.FTOT.ZS
CRI,2009,invest_share,21.0035627921125,NE.GDI.FTOT.ZS
CRI,2010,invest_share,19.456409138575,NE.GDI.FTOT.ZS
CRI,2011,invest_share,19.432515640859,NE.GDI.FTOT.ZS
CRI,2012,invest_share,20.028855798916,NE.GDI.FTOT.ZS
CRI,2013,invest_share,19.8156100863487,NE.GDI.FTOT.ZS
CRI,2014,invest_share,19.8399496601011,NE.GDI.FTOT.ZS
CRI,2015,invest_share,18.9889261567649,NE.GDI.FTOT.ZS
CRI,2016,invest_share,18.8245431359704,NE.GDI.FTOT.ZS
CRI,2017,invest_share,18.1777608217065,NE.GDI.FTOT.ZS
CRI,2018,invest_share,18.2905295719484,NE.GDI.FTOT.ZS
CRI,2019,invest_share,16.469032995155,NE.GDI.FTOT.ZS
CRI,2020,invest_share,16.251169086417,NE.GDI.FTOT.ZS
CRI,2021,invest_share,17.0714011536962,NE.GDI.FTOT.ZS
CRI,2022,invest_share,17.3200978586908,NE.GDI.FTOT.ZS
CRI,2023,invest_share,16.6428398040927,NE.GDI.FTOT.ZS
CRI,2024,invest_share,16.2962103335576,NE.GDI.FTOT.ZS
CZE,2000,invest_share,31.1058465641539,NE.GDI.FTOT.ZS
CZE,2001,invest_share,31.0000794883727,NE.GDI.FTOT.ZS
CZE,2002,invest_share,29.6344638830734,NE.GDI.FTOT.ZS
CZE,2003,invest_share,29.2515839879825,NE.GDI.FTOT.ZS
CZE,2004,invest_share,28.5804641980298,NE.GDI.FTOT.ZS
CZE,2005,invest_share,28.5248592592412,NE.GDI.FTOT.ZS
CZE,2006,invest_share,28.1510781666578,NE.GDI.FTOT.ZS
CZE,2007,invest_share,29.6665559482128,NE.GDI.FTOT.ZS
CZE,2008,invest_share,28.9056718357901,NE.GDI.FTOT.ZS
CZE,2009,invest_share,27.1841500644404,NE.GDI.FTOT.ZS
CZE,2010,invest_share,26.5219620764145,NE.GDI.FTOT.ZS
CZE,2011,invest_share,26.098348006461,NE.GDI.FTOT.ZS
CZE,2012,invest_share,25.3751105408769,NE.GDI.FTOT.ZS
CZE,2013,invest_share,24.7753723844816,NE.GDI.FTOT.ZS
CZE,2014,invest_share,24.7408229025596,NE.GDI.FTOT.ZS
CZE,2015,invest_share,25.6764620589865,NE.GDI.FTOT.ZS
CZE,2016,invest_share,24.3093476604522,NE.GDI.FTOT.ZS
CZE,2017,invest_share,23.7274064051355,NE.GDI.FTOT.ZS
CZE,2018,invest_share,24.8456610600914,NE.GDI.FTOT.ZS
CZE,2019,invest_share,25.7720455320028,NE.GDI.FTOT.ZS
CZE,2020,invest_share,25.5353602874792,NE.GDI.FTOT.ZS
CZE,2021,invest_share,26.2369575229222,NE.GDI.FTOT.ZS
CZE,2022,invest_share,27.6877651111963,NE.GDI.FTOT.ZS
CZE,2023,invest_share,27.9408667883867,NE.GDI.FTOT.ZS
CZE,2024,invest_share,26.5024711602825,NE.GDI.FTOT.ZS
DEU,2000,invest_share,22.8829484518656,NE.GDI.FTOT.ZS
DEU,2001,invest_share,21.5433631059471,NE.GDI.FTOT.ZS
DEU,2002,invest_share,19.8867030080599,NE.GDI.FTOT.ZS
DEU,2003,invest_share,19.2638822568625,NE.GDI.FTOT.ZS
DEU,2004,invest_share,18.8314639081743,NE.GDI.FTOT.ZS
DEU,2005,invest_share,18.7644203275559,NE.GDI.FTOT.ZS
DEU,2006,invest_share,19.4624059220668,NE.GDI.FTOT.ZS
DEU,2007,invest_share,19.7151702055684,NE.GDI.FTOT.ZS
DEU,2008,invest_share,19.9630399184329,NE.GDI.FTOT.ZS
DEU,2009,invest_share,18.8381977329318,NE.GDI.FTOT.ZS
DEU,2010,invest_share,19.1861612229759,NE.GDI.FTOT.ZS
DEU,2011,invest_share,20.0081182128282,NE.GDI.FTOT.ZS
DEU,2012,invest_share,19.9663127661399,NE.GDI.FTOT.ZS
DEU,2013,invest_share,19.5771468839831,NE.GDI.FTOT.ZS
DEU,2014,invest_share,19.782574460457,NE.GDI.FTOT.ZS
DEU,2015,invest_share,19.7477510746575,NE.GDI.FTOT.ZS
DEU,2016,invest_share,20.0438468833034,NE.GDI.FTOT.ZS
DEU,2017,invest_share,20.1339289732412,NE.GDI.FTOT.ZS
DEU,2018,invest_share,20.8175234345652,NE.GDI.FTOT.ZS
DEU,2019,invest_share,21.1522978107472,NE.GDI.FTOT.ZS
DEU,2020,invest_share,21.3426763110307,NE.GDI.FTOT.ZS
DEU,2021,invest_share,21.181504152251,NE.GDI.FTOT.ZS
DEU,2022,invest_share,21.6010467765749,NE.GDI.FTOT.ZS
DEU,2023,invest_share,21.1916877404125,NE.GDI.FTOT.ZS
DEU,2024,invest_share,20.4603173503166,NE.GDI.FTOT.ZS
DNK,2000,invest_share,21.4595866119596,NE.GDI.FTOT.ZS
DNK,2001,invest_share,21.2637917919829,NE.GDI.FTOT.ZS
DNK,2002,invest_share,20.5871139257349,NE.GDI.FTOT.ZS
DNK,2003,invest_share,20.6976456717052,NE.GDI.FTOT.ZS
DNK,2004,invest_share,20.6579399200817,NE.GDI.FTOT.ZS
DNK,2005,invest_share,21.1723797337583,NE.GDI.FTOT.ZS
DNK,2006,invest_share,23.2747647050451,NE.GDI.FTOT.ZS
DNK,2007,invest_share,23.4983863063468,NE.GDI.FTOT.ZS
DNK,2008,invest_share,22.9393877468768,NE.GDI.FTOT.ZS
DNK,2009,invest_share,20.1024313779465,NE.GDI.FTOT.ZS
DNK,2010,invest_share,17.9939144621449,NE.GDI.FTOT.ZS
DNK,2011,invest_share,18.1475309529928,NE.GDI.FTOT.ZS
DNK,2012,invest_share,18.7986435638088,NE.GDI.FTOT.ZS
DNK,2013,invest_share,18.8065381186482,NE.GDI.FTOT.ZS
DNK,2014,invest_share,19.334256991948,NE.GDI.FTOT.ZS
DNK,2015,invest_share,19.8029126025869,NE.GDI.FTOT.ZS
DNK,2016,invest_share,20.9848820610106,NE.GDI.FTOT.ZS
DNK,2017,invest_share,21.2303828701723,NE.GDI.FTOT.ZS
DNK,2018,invest_share,21.7629454283236,NE.GDI.FTOT.ZS
DNK,2019,invest_share,21.3534089903591,NE.GDI.FTOT.ZS
DNK,2020,invest_share,22.1844244807288,NE.GDI.FTOT.ZS
DNK,2021,invest_share,23.206237827405,NE.GDI.FTOT.ZS
DNK,2022,invest_share,23.0897420855077,NE.GDI.FTOT.ZS
DNK,2023,invest_share,23.5305356705048,NE.GDI.FTOT.ZS
DNK,2024,invest_share,23.3320384051141,NE.GDI.FTOT.ZS
ESP,2000,invest_share,25.9726762707912,NE.GDI.FTOT.ZS
ESP,2001,invest_share,25.9006959047475,NE.GDI.FTOT.ZS
ESP,2002,invest_share,26.1773351970806,NE.GDI.FTOT.ZS
ESP,2003,invest_share,27.1239081928981,NE.GDI.FTOT.ZS
ESP,2004,invest_share,27.8253003573011,NE.GDI.FTOT.ZS
ESP,2005,invest_share,29.0284035934931,NE.GDI.FTOT.ZS
ESP,2006,invest_share,30.0454936237283,NE.GDI.FTOT.ZS
ESP,2007,invest_share,29.8758005495847,NE.GDI.FTOT.ZS
ESP,2008,invest_share,27.8566240453349,NE.GDI.FTOT.ZS
ESP,2009,invest_share,23.1621916327272,NE.GDI.FTOT.ZS
ESP,2010,invest_share,21.8742137780893,NE.GDI.FTOT.ZS
ESP,2011,invest_share,20.1470024048134,NE.GDI.FTOT.ZS
ESP,2012,invest_share,18.7105922599627,NE.GDI.FTOT.ZS
ESP,2013,invest_share,17.5983666974763,NE.GDI.FTOT.ZS
ESP,2014,invest_share,18.0299514220621,NE.GDI.FTOT.ZS
ESP,2015,invest_share,18.298942519262,NE.GDI.FTOT.ZS
ESP,2016,invest_share,18.1917189018021,NE.GDI.FTOT.ZS
ESP,2017,invest_share,18.9061933772299,NE.GDI.FTOT.ZS
ESP,2018,invest_share,19.6739026426325,NE.GDI.FTOT.ZS
ESP,2019,invest_share,20.305014716322,NE.GDI.FTOT.ZS
ESP,2020,invest_share,20.6159328524088,NE.GDI.FTOT.ZS
ESP,2021,invest_share,20.199534753463,NE.GDI.FTOT.ZS
ESP,2022,invest_share,20.4882317498181,NE.GDI.FTOT.ZS
ESP,2023,invest_share,20.4658153069816,NE.GDI.FTOT.ZS
ESP,2024,invest_share,20.2878325064447,NE.GDI.FTOT.ZS
EST,2000,invest_share,26.6871960393056,NE.GDI.FTOT.ZS
EST,2001,invest_share,27.4503342036995,NE.GDI.FTOT.ZS
EST,2002,invest_share,30.5528178409929,NE.GDI.FTOT.ZS
EST,2003,invest_share,32.7509545585868,NE.GDI.FTOT.ZS
EST,2004,invest_share,31.7144972621122,NE.GDI.FTOT.ZS
EST,2005,invest_share,32.8564369726627,NE.GDI.FTOT.ZS
EST,2006,invest_share,36.7942378998764,NE.GDI.FTOT.ZS
EST,2007,invest_share,36.3905723897513,NE.GDI.FTOT.ZS
EST,2008,invest_share,31.129010654241,NE.GDI.FTOT.ZS
EST,2009,invest_share,22.6771447061682,NE.GDI.FTOT.ZS
EST,2010,invest_share,21.2332633688528,NE.GDI.FTOT.ZS
EST,2011,invest_share,26.3556426267409,NE.GDI.FTOT.ZS
EST,2012,invest_share,28.4404236317146,NE.GDI.FTOT.ZS
EST,2013,invest_share,27.5327683520592,NE.GDI.FTOT.ZS
EST,2014,invest_share,25.3427695160167,NE.GDI.FTOT.ZS
EST,2015,invest_share,24.0517427038414,NE.GDI.FTOT.ZS
EST,2016,invest_share,23.9449043102923,NE.GDI.FTOT.ZS
EST,2017,invest_share,25.4039470690204,NE.GDI.FTOT.ZS
EST,2018,invest_share,26.5760517476199,NE.GDI.FTOT.ZS
EST,2019,invest_share,26.6153386918257,NE.GDI.FTOT.ZS
EST,2020,invest_share,31.1753648845812,NE.GDI.FTOT.ZS
EST,2021,invest_share,29.9821389244433,NE.GDI.FTOT.ZS
EST,2022,invest_share,25.1608257827686,NE.GDI.FTOT.ZS
EST,2023,invest_share,25.4086839463969,NE.GDI.FTOT.ZS
EST,2024,invest_share,23.8965498272625,NE.GDI.FTOT.ZS
FIN,2000,invest_share,23.0668836977402,NE.GDI.FTOT.ZS
FIN,2001,invest_share,22.8776112797605,NE.GDI.FTOT.ZS
FIN,2002,invest_share,21.6087308003234,NE.GDI.FTOT.ZS
FIN,2003,invest_share,21.7883649498398,NE.GDI.FTOT.ZS
FIN,2004,invest_share,22.2601596310972,NE.GDI.FTOT.ZS
FIN,2005,invest_share,22.9209429997692,NE.GDI.FTOT.ZS
FIN,2006,invest_share,22.7685828498042,NE.GDI.FTOT.ZS
FIN,2007,invest_share,24.1971784303348,NE.GDI.FTOT.ZS
FIN,2008,invest_share,24.4953745888094,NE.GDI.FTOT.ZS
FIN,2009,invest_share,22.9565025999395,NE.GDI.FTOT.ZS
FIN,2010,invest_share,22.8209857186136,NE.GDI.FTOT.ZS
FIN,2011,invest_share,22.9086033745668,NE.GDI.FTOT.ZS
FIN,2012,invest_share,23.3149347732785,NE.GDI.FTOT.ZS
FIN,2013,invest_share,22.3315331429947,NE.GDI.FTOT.ZS
FIN,2014,invest_share,21.7167423672002,NE.GDI.FTOT.ZS
FIN,2015,invest_share,21.4199398645048,NE.GDI.FTOT.ZS
FIN,2016,invest_share,23.0524251681601,NE.GDI.FTOT.ZS
FIN,2017,invest_share,23.6891760789654,NE.GDI.FTOT.ZS
FIN,2018,invest_share,24.5932601711908,NE.GDI.FTOT.ZS
FIN,2019,invest_share,24.4207984303071,NE.GDI.FTOT.ZS
FIN,2020,invest_share,24.6561782162302,NE.GDI.FTOT.ZS
FIN,2021,invest_share,24.4207361193742,NE.GDI.FTOT.ZS
FIN,2022,invest_share,24.6641741973059,NE.GDI.FTOT.ZS
FIN,2023,invest_share,23.3984725554477,NE.GDI.FTOT.ZS
FIN,2024,invest_share,22.0530955495248,NE.GDI.FTOT.ZS
FRA,2000,invest_share,20.8814379037151,NE.GDI.FTOT.ZS
FRA,2001,invest_share,20.8602882389306,NE.GDI.FTOT.ZS
FRA,2002,invest_share,20.3363313536887,NE.GDI.FTOT.ZS
FRA,2003,invest_share,20.4989506339345,NE.GDI.FTOT.ZS
FRA,2004,invest_share,20.8372793779546,NE.GDI.FTOT.ZS
FRA,2005,invest_share,21.2552645424979,NE.GDI.FTOT.ZS
FRA,2006,invest_share,21.8977868505057,NE.GDI.FTOT.ZS
FRA,2007,invest_share,22.5857089020594,NE.GDI.FTOT.ZS
FRA,2008,invest_share,22.9330135074895,NE.GDI.FTOT.ZS
FRA,2009,invest_share,21.4495235712121,NE.GDI.FTOT.ZS
FRA,2010,invest_share,21.4821676799635,NE.GDI.FTOT.ZS
FRA,2011,invest_share,21.6992927837053,NE.GDI.FTOT.ZS
FRA,2012,invest_share,21.6559249264002,NE.GDI.FTOT.ZS
FRA,2013,invest_share,21.2695637926893,NE.GDI.FTOT.ZS
FRA,2014,invest_share,20.9583861621479,NE.GDI.FTOT.ZS
FRA,2015,invest_share,20.5598696757557,NE.GDI.FTOT.ZS
FRA,2016,invest_share,20.9212601092418,NE.GDI.FTOT.ZS
FRA,2017,invest_share,21.4204336075644,NE.GDI.FTOT.ZS
FRA,2018,invest_share,21.8753900672966,NE.GDI.FTOT.ZS
FRA,2019,invest_share,22.4160955392444,NE.GDI.FTOT.ZS
FRA,2020,invest_share,22.4362308511816,NE.GDI.FTOT.ZS
FRA,2021,invest_share,23.4832287343303,NE.GDI.FTOT.ZS
FRA,2022,invest_share,23.4857708214613,NE.GDI.FTOT.ZS
FRA,2023,invest_share,22.8344674932245,NE.GDI.FTOT.ZS
FRA,2024,invest_share,22.096846539157,NE.GDI.FTOT.ZS
GBR,2000,invest_share,18.2268711999631,NE.GDI.FTOT.ZS
GBR,2001,invest_share,18.1067705481417,NE.GDI.FTOT.ZS
GBR,2002,invest_share,18.1258715971091,NE.GDI.FTOT.ZS
GBR,2003,invest_share,17.8654766487499,NE.GDI.FTOT.ZS
GBR,2004,invest_share,17.7987601938902,NE.GDI.FTOT.ZS
GBR,2005,invest_share,18.1300681489885,NE.GDI.FTOT.ZS
GBR,2006,invest_share,18.3547575232734,NE.GDI.FTOT.ZS
GBR,2007,invest_share,18.8197810313528,NE.GDI.FTOT.ZS
GBR,2008,invest_share,18.4126120244636,NE.GDI.FTOT.ZS
GBR,2009,invest_share,16.988851517085,NE.GDI.FTOT.ZS
GBR,2010,invest_share,16.5928041098154,NE.GDI.FTOT.ZS
GBR,2011,invest_share,16.1811317139187,NE.GDI.FTOT.ZS
GBR,2012,invest_share,16.2721553248286,NE.GDI.FTOT.ZS
GBR,2013,invest_share,16.5945808776841,NE.GDI.FTOT.ZS
GBR,2014,invest_share,17.1780619988843,NE.GDI.FTOT.ZS
GBR,2015,invest_share,17.9499547721596,NE.GDI.FTOT.ZS
GBR,2016,invest_share,18.568952315869,NE.GDI.FTOT.ZS
GBR,2017,invest_share,18.9676629369709,NE.GDI.FTOT.ZS
GBR,2018,invest_share,18.6901207841924,NE.GDI.FTOT.ZS
GBR,2019,invest_share,18.8313068890229,NE.GDI.FTOT.ZS
GBR,2020,invest_share,18.2216480289167,NE.GDI.FTOT.ZS
GBR,2021,invest_share,18.5366124585172,NE.GDI.FTOT.ZS
GBR,2022,invest_share,19.0026614241506,NE.GDI.FTOT.ZS
GBR,2023,invest_share,18.897529362349,NE.GDI.FTOT.ZS
GBR,2024,invest_share,18.6685960371358,NE.GDI.FTOT.ZS
GRC,2000,invest_share,25.9373547837658,NE.GDI.FTOT.ZS
GRC,2001,invest_share,25.5981996968449,NE.GDI.FTOT.ZS
GRC,2002,invest_share,23.875854552048,NE.GDI.FTOT.ZS
GRC,2003,invest_share,24.8780068243839,NE.GDI.FTOT.ZS
GRC,2004,invest_share,25.0449225325719,NE.GDI.FTOT.ZS
GRC,2005,invest_share,21.3568870584015,NE.GDI.FTOT.ZS
GRC,2006,invest_share,24.0565849914051,NE.GDI.FTOT.ZS
GRC,2007,invest_share,25.5308773380251,NE.GDI.FTOT.ZS
GRC,2008,invest_share,23.2806962442851,NE.GDI.FTOT.ZS
GRC,2009,invest_share,20.438446980754,NE.GDI.FTOT.ZS
GRC,2010,invest_share,16.8200572069043,NE.GDI.FTOT.ZS
GRC,2011,invest_share,13.8655955400985,NE.GDI.FTOT.ZS
GRC,2012,invest_share,12.2795312839599,NE.GDI.FTOT.ZS
GRC,2013,invest_share,11.5362301011246,NE.GDI.FTOT.ZS
GRC,2014,invest_share,11.233781428641,NE.GDI.FTOT.ZS
GRC,2015,invest_share,11.1610941969144,NE.GDI.FTOT.ZS
GRC,2016,invest_share,11.3684708155605,NE.GDI.FTOT.ZS
GRC,2017,invest_share,12.0492834143889,NE.GDI.FTOT.ZS
GRC,2018,invest_share,11.3310526081969,NE.GDI.FTOT.ZS
GRC,2019,invest_share,10.97046317576,NE.GDI.FTOT.ZS
GRC,2020,invest_share,12.2998658740322,NE.GDI.FTOT.ZS
GRC,2021,invest_share,13.7915466530779,NE.GDI.FTOT.ZS
GRC,2022,invest_share,15.7213358540523,NE.GDI.FTOT.ZS
GRC,2023,invest_share,15.8842464967092,NE.GDI.FTOT.ZS
GRC,2024,invest_share,16.0395231559948,NE.GDI.FTOT.ZS
HUN,2000,invest_share,25.4713634057908,NE.GDI.FTOT.ZS
HUN,2001,invest_share,24.8292566680683,NE.GDI.FTOT.ZS
HUN,2002,invest_share,24.7043468872676,NE.GDI.FTOT.ZS
HUN,2003,invest_share,23.6514153458044,NE.GDI.FTOT.ZS
HUN,2004,invest_share,24.0648512912948,NE.GDI.FTOT.ZS
HUN,2005,invest_share,23.8577292678604,NE.GDI.FTOT.ZS
HUN,2006,invest_share,23.5148918369988,NE.GDI.FTOT.ZS
HUN,2007,invest_share,23.7033612332997,NE.GDI.FTOT.ZS
HUN,2008,invest_share,23.3584432583345,NE.GDI.FTOT.ZS
HUN,2009,invest_share,22.6849719281542,NE.GDI.FTOT.ZS
HUN,2010,invest_share,20.1115497896952,NE.GDI.FTOT.ZS
HUN,2011,invest_share,19.5689305528823,NE.GDI.FTOT.ZS
HUN,2012,invest_share,19.200974937302,NE.GDI.FTOT.ZS
HUN,2013,invest_share,20.8591445952694,NE.GDI.FTOT.ZS
HUN,2014,invest_share,22.1003955003797,NE.GDI.FTOT.ZS
HUN,2015,invest_share,22.2937047865563,NE.GDI.FTOT.ZS
HUN,2016,invest_share,19.6127620154747,NE.GDI.FTOT.ZS
HUN,2017,invest_share,22.3175179109155,NE.GDI.FTOT.ZS
HUN,2018,invest_share,24.8773384313132,NE.GDI.FTOT.ZS
HUN,2019,invest_share,27.1243438949818,NE.GDI.FTOT.ZS
HUN,2020,invest_share,26.4476333540855,NE.GDI.FTOT.ZS
HUN,2021,invest_share,27.2593627994409,NE.GDI.FTOT.ZS
HUN,2022,invest_share,27.547007127657,NE.GDI.FTOT.ZS
HUN,2023,invest_share,25.5541890872606,NE.GDI.FTOT.ZS
HUN,2024,invest_share,23.2061119734289,NE.GDI.FTOT.ZS
IRL,2000,invest_share,23.7420483759438,NE.GDI.FTOT.ZS
IRL,2001,invest_share,23.9363909530586,NE.GDI.FTOT.ZS
IRL,2002,invest_share,23.5930866694156,NE.GDI.FTOT.ZS
IRL,2003,invest_share,24.9110720581996,NE.GDI.FTOT.ZS
IRL,2004,invest_share,26.9502516354942,NE.GDI.FTOT.ZS
IRL,2005,invest_share,29.8289266430491,NE.GDI.FTOT.ZS
IRL,2006,invest_share,30.9866916342227,NE.GDI.FTOT.ZS
IRL,2007,invest_share,28.7070824533303,NE.GDI.FTOT.ZS
IRL,2008,invest_share,24.8421187310969,NE.GDI.FTOT.ZS
IRL,2009,invest_share,21.1631245505943,NE.GDI.FTOT.ZS
IRL,2010,invest_share,17.5913855594315,NE.GDI.FTOT.ZS
IRL,2011,invest_share,16.5650711962538,NE.GDI.FTOT.ZS
IRL,2012,invest_share,19.5031733011107,NE.GDI.FTOT.ZS
IRL,2013,invest_share,18.2755667302427,NE.GDI.FTOT.ZS
IRL,2014,invest_share,20.1917132776127,NE.GDI.FTOT.ZS
IRL,2015,invest_share,24.281584982819,NE.GDI.FTOT.ZS
IRL,2016,invest_share,34.1109334162945,NE.GDI.FTOT.ZS
IRL,2017,invest_share,32.4754503620573,NE.GDI.FTOT.ZS
IRL,2018,invest_share,27.8988968647133,NE.GDI.FTOT.ZS
IRL,2019,invest_share,53.2106628607249,NE.GDI.FTOT.ZS
IRL,2020,invest_share,41.387811264164,NE.GDI.FTOT.ZS
IRL,2021,invest_share,22.0777319056718,NE.GDI.FTOT.ZS
IRL,2022,invest_share,21.1440595300808,NE.GDI.FTOT.ZS
IRL,2023,invest_share,24.8882708451242,NE.GDI.FTOT.ZS
IRL,2024,invest_share,17.3480143254281,NE.GDI.FTOT.ZS
ISL,2000,invest_share,24.2476144628105,NE.GDI.FTOT.ZS
ISL,2001,invest_share,22.9243406963541,NE.GDI.FTOT.ZS
ISL,2002,invest_share,19.6024045847351,NE.GDI.FTOT.ZS
ISL,2003,invest_share,21.1815719644539,NE.GDI.FTOT.ZS
ISL,2004,invest_share,24.6369176997244,NE.GDI.FTOT.ZS
ISL,2005,invest_share,29.1014370616777,NE.GDI.FTOT.ZS
ISL,2006,invest_share,34.9959953036019,NE.GDI.FTOT.ZS
ISL,2007,invest_share,29.0119225466175,NE.GDI.FTOT.ZS
ISL,2008,invest_share,25.1262761994844,NE.GDI.FTOT.ZS
ISL,2009,invest_share,15.2646256611056,NE.GDI.FTOT.ZS
ISL,2010,invest_share,13.9090271400569,NE.GDI.FTOT.ZS
ISL,2011,invest_share,15.1954435956867,NE.GDI.FTOT.ZS
ISL,2012,invest_share,15.7831762567392,NE.GDI.FTOT.ZS
ISL,2013,invest_share,15.4432466848862,NE.GDI.FTOT.ZS
ISL,2014,invest_share,17.0074199278355,NE.GDI.FTOT.ZS
ISL,2015,invest_share,19.1177527750193,NE.GDI.FTOT.ZS
ISL,2016,invest_share,20.6690547773916,NE.GDI.FTOT.ZS
ISL,2017,invest_share,21.5478929187027,NE.GDI.FTOT.ZS
ISL,2018,invest_share,21.657797307555,NE.GDI.FTOT.ZS
ISL,2019,invest_share,20.5982032391469,NE.GDI.FTOT.ZS
ISL,2020,invest_share,21.0063614687571,NE.GDI.FTOT.ZS
ISL,2021,invest_share,22.4867916382069,NE.GDI.FTOT.ZS
ISL,2022,invest_share,23.7554097688286,NE.GDI.FTOT.ZS
ISL,2023,invest_share,24.9311502085461,NE.GDI.FTOT.ZS
ISL,2024,invest_share,26.7786299037103,NE.GDI.FTOT.ZS
ISR,2000,invest_share,24.1665435899124,NE.GDI.FTOT.ZS
ISR,2001,invest_share,23.6885036625679,NE.GDI.FTOT.ZS
ISR,2002,invest_share,23.4357660661384,NE.GDI.FTOT.ZS
ISR,2003,invest_share,22.3136161600654,NE.GDI.FTOT.ZS
ISR,2004,invest_share,21.6904075117493,NE.GDI.FTOT.ZS
ISR,2005,invest_share,22.1652915670165,NE.GDI.FTOT.ZS
ISR,2006,invest_share,22.5447696190471,NE.GDI.FTOT.ZS
ISR,2007,invest_share,23.3123374643329,NE.GDI.FTOT.ZS
ISR,2008,invest_share,22.8330012672623,NE.GDI.FTOT.ZS
ISR,2009,invest_share,21.4323482092264,NE.GDI.FTOT.ZS
ISR,2010,invest_share,21.5231739591304,NE.GDI.FTOT.ZS
ISR,2011,invest_share,22.8284500849861,NE.GDI.FTOT.ZS
ISR,2012,invest_share,23.5343579861255,NE.GDI.FTOT.ZS
ISR,2013,invest_share,22.6695242954447,NE.GDI.FTOT.ZS
ISR,2014,invest_share,22.0146337792962,NE.GDI.FTOT.ZS
ISR,2015,invest_share,21.2984532551467,NE.GDI.FTOT.ZS
ISR,2016,invest_share,22.6022494135711,NE.GDI.FTOT.ZS
ISR,2017,invest_share,22.288052634627,NE.GDI.FTOT.ZS
ISR,2018,invest_share,23.4868048381642,NE.GDI.FTOT.ZS
ISR,2019,invest_share,23.1324217345266,NE.GDI.FTOT.ZS
ISR,2020,invest_share,23.023296021829,NE.GDI.FTOT.ZS
ISR,2021,invest_share,24.0387387739122,NE.GDI.FTOT.ZS
ISR,2022,invest_share,25.2727495347158,NE.GDI.FTOT.ZS
ISR,2023,invest_share,24.6559402485171,NE.GDI.FTOT.ZS
ISR,2024,invest_share,23.0668461645279,NE.GDI.FTOT.ZS
ITA,2000,invest_share,21.2257586739508,NE.GDI.FTOT.ZS
ITA,2001,invest_share,21.191892455513,NE.GDI.FTOT.ZS
ITA,2002,invest_share,21.81208675062,NE.GDI.FTOT.ZS
ITA,2003,invest_share,21.2842346571997,NE.GDI.FTOT.ZS
ITA,2004,invest_share,21.3598020854476,NE.GDI.FTOT.ZS
ITA,2005,invest_share,21.6734394073244,NE.GDI.FTOT.ZS
ITA,2006,invest_share,21.9242418666958,NE.GDI.FTOT.ZS
ITA,2007,invest_share,21.9944755997434,NE.GDI.FTOT.ZS
ITA,2008,invest_share,21.562045770846,NE.GDI.FTOT.ZS
ITA,2009,invest_share,20.3159597572588,NE.GDI.FTOT.ZS
ITA,2010,invest_share,20.2386645229593,NE.GDI.FTOT.ZS
ITA,2011,invest_share,19.9088467204091,NE.GDI.FTOT.ZS
ITA,2012,invest_share,18.4823918939236,NE.GDI.FTOT.ZS
ITA,2013,invest_share,17.3118980803026,NE.GDI.FTOT.ZS
ITA,2014,invest_share,16.8397294480548,NE.GDI.FTOT.ZS
ITA,2015,invest_share,17.0809179970368,NE.GDI.FTOT.ZS
ITA,2016,invest_share,17.2934651927051,NE.GDI.FTOT.ZS
ITA,2017,invest_share,17.5794629155864,NE.GDI.FTOT.ZS
ITA,2018,invest_share,17.9722011780771,NE.GDI.FTOT.ZS
ITA,2019,invest_share,18.1291790303995,NE.GDI.FTOT.ZS
ITA,2020,invest_share,18.2018164062184,NE.GDI.FTOT.ZS
ITA,2021,invest_share,20.7705217357607,NE.GDI.FTOT.ZS
ITA,2022,invest_share,21.7757352760856,NE.GDI.FTOT.ZS
ITA,2023,invest_share,22.6536678849797,NE.GDI.FTOT.ZS
ITA,2024,invest_share,21.5129467738695,NE.GDI.FTOT.ZS
JPN,2000,invest_share,29.7197544032442,NE.GDI.FTOT.ZS
JPN,2001,invest_share,28.980356724435,NE.GDI.FTOT.ZS
JPN,2002,invest_share,27.5513213226074,NE.GDI.FTOT.ZS
JPN,2003,invest_share,26.8419714536719,NE.GDI.FTOT.ZS
JPN,2004,invest_share,26.3655086721928,NE.GDI.FTOT.ZS
JPN,2005,invest_share,26.8812203983288,NE.GDI.FTOT.ZS
JPN,2006,invest_share,27.0500919406696,NE.GDI.FTOT.ZS
JPN,2007,invest_share,26.4579409373725,NE.GDI.FTOT.ZS
JPN,2008,invest_share,26.38694574012,NE.GDI.FTOT.ZS
JPN,2009,invest_share,24.6839915836557,NE.GDI.FTOT.ZS
JPN,2010,invest_share,23.5635108507554,NE.GDI.FTOT.ZS
JPN,2011,invest_share,24.26348220664,NE.GDI.FTOT.ZS
JPN,2012,invest_share,24.7607776450496,NE.GDI.FTOT.ZS
JPN,2013,invest_share,25.5195914592327,NE.GDI.FTOT.ZS
JPN,2014,invest_share,26.4013974596737,NE.GDI.FTOT.ZS
JPN,2015,invest_share,26.3727057954144,NE.GDI.FTOT.ZS
JPN,2016,invest_share,26.1283959979179,NE.GDI.FTOT.ZS
JPN,2017,invest_share,26.4202937788324,NE.GDI.FTOT.ZS
JPN,2018,invest_share,26.7334207731306,NE.GDI.FTOT.ZS
JPN,2019,invest_share,27.1778545672026,NE.GDI.FTOT.ZS
JPN,2020,invest_share,27.1366986094286,NE.GDI.FTOT.ZS
JPN,2021,invest_share,27.0778849895601,NE.GDI.FTOT.ZS
JPN,2022,invest_share,27.8346611372941,NE.GDI.FTOT.ZS
JPN,2023,invest_share,27.8476964708059,NE.GDI.FTOT.ZS
JPN,2024,invest_share,27.8136184893082,NE.GDI.FTOT.ZS
KOR,2000,invest_share,31.4951209990461,NE.GDI.FTOT.ZS
KOR,2001,invest_share,30.5058350146188,NE.GDI.FTOT.ZS
KOR,2002,invest_share,30.187571612987,NE.GDI.FTOT.ZS
KOR,2003,invest_share,31.0719624895722,NE.GDI.FTOT.ZS
KOR,2004,invest_share,30.9148949506372,NE.GDI.FTOT.ZS
KOR,2005,invest_share,30.4585673582197,NE.GDI.FTOT.ZS
KOR,2006,invest_share,30.5042866575012,NE.GDI.FTOT.ZS
KOR,2007,invest_share,30.0691213268305,NE.GDI.FTOT.ZS
KOR,2008,invest_share,30.8917515930741,NE.GDI.FTOT.ZS
KOR,2009,invest_share,30.8870549838266,NE.GDI.FTOT.ZS
KOR,2010,invest_share,30.4627998691082,NE.GDI.FTOT.ZS
KOR,2011,invest_share,30.579957304265,NE.GDI.FTOT.ZS
KOR,2012,invest_share,29.8554284944494,NE.GDI.FTOT.ZS
KOR,2013,invest_share,29.2348610530955,NE.GDI.FTOT.ZS
KOR,2014,invest_share,29.1925808527488,NE.GDI.FTOT.ZS
KOR,2015,invest_share,29.1800840544677,NE.GDI.FTOT.ZS
KOR,2016,invest_share,29.8662168895967,NE.GDI.FTOT.ZS
KOR,2017,invest_share,31.6985138146943,NE.GDI.FTOT.ZS
KOR,2018,invest_share,30.4949863588202,NE.GDI.FTOT.ZS
KOR,2019,invest_share,30.112526532099,NE.GDI.FTOT.ZS
KOR,2020,invest_share,31.0409083655236,NE.GDI.FTOT.ZS
KOR,2021,invest_share,31.4877644393711,NE.GDI.FTOT.ZS
KOR,2022,invest_share,31.9338930962313,NE.GDI.FTOT.ZS
KOR,2023,invest_share,31.4470154989809,NE.GDI.FTOT.ZS
KOR,2024,invest_share,30.029371211707,NE.GDI.FTOT.ZS
LTU,2000,invest_share,19.106143781843,NE.GDI.FTOT.ZS
LTU,2001,invest_share,20.5013949501313,NE.GDI.FTOT.ZS
LTU,2002,invest_share,20.6880451379643,NE.GDI.FTOT.ZS
LTU,2003,invest_share,21.5317486962314,NE.GDI.FTOT.ZS
LTU,2004,invest_share,22.8037215070817,NE.GDI.FTOT.ZS
LTU,2005,invest_share,23.4031526577558,NE.GDI.FTOT.ZS
LTU,2006,invest_share,26.0125275452576,NE.GDI.FTOT.ZS
LTU,2007,invest_share,28.5825367058501,NE.GDI.FTOT.ZS
LTU,2008,invest_share,26.0480830824595,NE.GDI.FTOT.ZS
LTU,2009,invest_share,17.8342694449584,NE.GDI.FTOT.ZS
LTU,2010,invest_share,17.0850047033206,NE.GDI.FTOT.ZS
LTU,2011,invest_share,18.7988664422637,NE.GDI.FTOT.ZS
LTU,2012,invest_share,17.5779128736327,NE.GDI.FTOT.ZS
LTU,2013,invest_share,18.6706513704311,NE.GDI.FTOT.ZS
LTU,2014,invest_share,19.107534609394,NE.GDI.FTOT.ZS
LTU,2015,invest_share,19.5972464627678,NE.GDI.FTOT.ZS
LTU,2016,invest_share,19.9190169078885,NE.GDI.FTOT.ZS
LTU,2017,invest_share,20.1373563967598,NE.GDI.FTOT.ZS
LTU,2018,invest_share,20.6920891397458,NE.GDI.FTOT.ZS
LTU,2019,invest_share,21.2003099235928,NE.GDI.FTOT.ZS
LTU,2020,invest_share,21.4337157753964,NE.GDI.FTOT.ZS
LTU,2021,invest_share,22.4742445761328,NE.GDI.FTOT.ZS
LTU,2022,invest_share,22.4355748356933,NE.GDI.FTOT.ZS
LTU,2023,invest_share,23.8185730783579,NE.GDI.FTOT.ZS
LTU,2024,invest_share,22.4117705922418,NE.GDI.FTOT.ZS
LUX,2000,invest_share,20.6250522599668,NE.GDI.FTOT.ZS
LUX,2001,invest_share,21.8791504556885,NE.GDI.FTOT.ZS
LUX,2002,invest_share,21.3026835732449,NE.GDI.FTOT.ZS
LUX,2003,invest_share,21.0489975573913,NE.GDI.FTOT.ZS
LUX,2004,invest_share,21.2432820905258,NE.GDI.FTOT.ZS
LUX,2005,invest_share,19.3477754094802,NE.GDI.FTOT.ZS
LUX,2006,invest_share,18.215051090926,NE.GDI.FTOT.ZS
LUX,2007,invest_share,18.9176381438526,NE.GDI.FTOT.ZS
LUX,2008,invest_share,20.1440835676294,NE.GDI.FTOT.ZS
LUX,2009,invest_share,18.0192474186727,NE.GDI.FTOT.ZS
LUX,2010,invest_share,16.8240877972083,NE.GDI.FTOT.ZS
LUX,2011,invest_share,19.213253764947,NE.GDI.FTOT.ZS
LUX,2012,invest_share,19.1775316113029,NE.GDI.FTOT.ZS
LUX,2013,invest_share,18.4542729429366,NE.GDI.FTOT.ZS
LUX,2014,invest_share,19.1517347577366,NE.GDI.FTOT.ZS
LUX,2015,invest_share,17.3094554675767,NE.GDI.FTOT.ZS
LUX,2016,invest_share,17.28483889537,NE.GDI.FTOT.ZS
LUX,2017,invest_share,17.8113229941338,NE.GDI.FTOT.ZS
LUX,2018,invest_share,16.151624557013,NE.GDI.FTOT.ZS
LUX,2019,invest_share,18.0483819362099,NE.GDI.FTOT.ZS
LUX,2020,invest_share,17.1751509447995,NE.GDI.FTOT.ZS
LUX,2021,invest_share,18.1452709581154,NE.GDI.FTOT.ZS
LUX,2022,invest_share,16.6013614150021,NE.GDI.FTOT.ZS
LUX,2023,invest_share,16.0686275070946,NE.GDI.FTOT.ZS
LUX,2024,invest_share,15.375144986765,NE.GDI.FTOT.ZS
LVA,2000,invest_share,25.1981759822131,NE.GDI.FTOT.ZS
LVA,2001,invest_share,27.1694812879386,NE.GDI.FTOT.ZS
LVA,2002,invest_share,24.3012953068221,NE.GDI.FTOT.ZS
LVA,2003,invest_share,25.3765187818879,NE.GDI.FTOT.ZS
LVA,2004,invest_share,29.4387765998433,NE.GDI.FTOT.ZS
LVA,2005,invest_share,32.0297241247039,NE.GDI.FTOT.ZS
LVA,2006,invest_share,35.3212529611428,NE.GDI.FTOT.ZS
LVA,2007,invest_share,38.113521636451,NE.GDI.FTOT.ZS
LVA,2008,invest_share,33.4181287502584,NE.GDI.FTOT.ZS
LVA,2009,invest_share,22.9165263311155,NE.GDI.FTOT.ZS
LVA,2010,invest_share,19.5198322313546,NE.GDI.FTOT.ZS
LVA,2011,invest_share,23.7249741856312,NE.GDI.FTOT.ZS
LVA,2012,invest_share,27.0115757309662,NE.GDI.FTOT.ZS
LVA,2013,invest_share,24.9648880386504,NE.GDI.FTOT.ZS
LVA,2014,invest_share,23.6442193799567,NE.GDI.FTOT.ZS
LVA,2015,invest_share,22.3075948914481,NE.GDI.FTOT.ZS
LVA,2016,invest_share,20.1698787836187,NE.GDI.FTOT.ZS
LVA,2017,invest_share,21.5265612714824,NE.GDI.FTOT.ZS
LVA,2018,invest_share,22.9037634935095,NE.GDI.FTOT.ZS
LVA,2019,invest_share,22.7240395466554,NE.GDI.FTOT.ZS
LVA,2020,invest_share,23.0296116182607,NE.GDI.FTOT.ZS
LVA,2021,invest_share,22.9289576043746,NE.GDI.FTOT.ZS
LVA,2022,invest_share,23.2880754495724,NE.GDI.FTOT.ZS
LVA,2023,invest_share,24.0227249766904,NE.GDI.FTOT.ZS
LVA,2024,invest_share,22.2448373054644,NE.GDI.FTOT.ZS
MEX,2000,invest_share,21.230361512511,NE.GDI.FTOT.ZS
MEX,2001,invest_share,19.6734365305226,NE.GDI.FTOT.ZS
MEX,2002,invest_share,19.3679310017379,NE.GDI.FTOT.ZS
MEX,2003,invest_share,20.1040413065119,NE.GDI.FTOT.ZS
MEX,2004,invest_share,20.780907227933,NE.GDI.FTOT.ZS
MEX,2005,invest_share,20.710349715794,NE.GDI.FTOT.ZS
MEX,2006,invest_share,21.6799481845682,NE.GDI.FTOT.ZS
MEX,2007,invest_share,22.3548818517852,NE.GDI.FTOT.ZS
MEX,2008,invest_share,23.5591739565606,NE.GDI.FTOT.ZS
MEX,2009,invest_share,22.77438581235,NE.GDI.FTOT.ZS
MEX,2010,invest_share,22.5530971573063,NE.GDI.FTOT.ZS
MEX,2011,invest_share,23.4720687923852,NE.GDI.FTOT.ZS
MEX,2012,invest_share,23.6882073382403,NE.GDI.FTOT.ZS
MEX,2013,invest_share,21.9901857822204,NE.GDI.FTOT.ZS
MEX,2014,invest_share,21.6713070677381,NE.GDI.FTOT.ZS
MEX,2015,invest_share,23.1641829988633,NE.GDI.FTOT.ZS
MEX,2016,invest_share,23.7277194380681,NE.GDI.FTOT.ZS
MEX,2017,invest_share,23.225539776985,NE.GDI.FTOT.ZS
MEX,2018,invest_share,23.0474727923304,NE.GDI.FTOT.ZS
MEX,2019,invest_share,21.6659739999182,NE.GDI.FTOT.ZS
MEX,2020,invest_share,20.1075280652557,NE.GDI.FTOT.ZS
MEX,2021,invest_share,21.3097325562162,NE.GDI.FTOT.ZS
MEX,2022,invest_share,22.4237578758145,NE.GDI.FTOT.ZS
MEX,2023,invest_share,23.2773827772419,NE.GDI.FTOT.ZS
MEX,2024,invest_share,23.7623066664138,NE.GDI.FTOT.ZS
NLD,2000,invest_share,22.5278698603024,NE.GDI.FTOT.ZS
NLD,2001,invest_share,22.0921396195394,NE.GDI.FTOT.ZS
NLD,2002,invest_share,21.0144740217259,NE.GDI.FTOT.ZS
NLD,2003,invest_share,20.5161768961412,NE.GDI.FTOT.ZS
NLD,2004,invest_share,20.1789782400536,NE.GDI.FTOT.ZS
NLD,2005,invest_share,20.3123361573035,NE.GDI.FTOT.ZS
NLD,2006,invest_share,20.9095675502686,NE.GDI.FTOT.ZS
NLD,2007,invest_share,23.1038497049496,NE.GDI.FTOT.ZS
NLD,2008,invest_share,21.931094627813,NE.GDI.FTOT.ZS
NLD,2009,invest_share,21.0824646565308,NE.GDI.FTOT.ZS
NLD,2010,invest_share,19.4400813658009,NE.GDI.FTOT.ZS
NLD,2011,invest_share,19.9314647728018,NE.GDI.FTOT.ZS
NLD,2012,invest_share,18.5904058143633,NE.GDI.FTOT.ZS
NLD,2013,invest_share,18.1992196127512,NE.GDI.FTOT.ZS
NLD,2014,invest_share,17.3898179706967,NE.GDI.FTOT.ZS
NLD,2015,invest_share,21.8068437801695,NE.GDI.FTOT.ZS
NLD,2016,invest_share,19.2941993265526,NE.GDI.FTOT.ZS
NLD,2017,invest_share,19.7582508613445,NE.GDI.FTOT.ZS
NLD,2018,invest_share,19.9510208021868,NE.GDI.FTOT.ZS
NLD,2019,invest_share,20.9075559765573,NE.GDI.FTOT.ZS
NLD,2020,invest_share,21.2739585259834,NE.GDI.FTOT.ZS
NLD,2021,invest_share,20.6858841343727,NE.GDI.FTOT.ZS
NLD,2022,invest_share,20.4686965446459,NE.GDI.FTOT.ZS
NLD,2023,invest_share,20.3464703994637,NE.GDI.FTOT.ZS
NLD,2024,invest_share,19.8576425513779,NE.GDI.FTOT.ZS
NOR,2000,invest_share,19.9599671320299,NE.GDI.FTOT.ZS
NOR,2001,invest_share,19.7037180356184,NE.GDI.FTOT.ZS
NOR,2002,invest_share,19.6600019875426,NE.GDI.FTOT.ZS
NOR,2003,invest_share,19.0231893167687,NE.GDI.FTOT.ZS
NOR,2004,invest_share,20.0406973270322,NE.GDI.FTOT.ZS
NOR,2005,invest_share,20.4354171297898,NE.GDI.FTOT.ZS
NOR,2006,invest_share,21.1875351339448,NE.GDI.FTOT.ZS
NOR,2007,invest_share,23.9770054742098,NE.GDI.FTOT.ZS
NOR,2008,invest_share,23.2252987883204,NE.GDI.FTOT.ZS
NOR,2009,invest_share,23.669232658255,NE.GDI.FTOT.ZS
NOR,2010,invest_share,20.9699003695918,NE.GDI.FTOT.ZS
NOR,2011,invest_share,21.8472759962246,NE.GDI.FTOT.ZS
NOR,2012,invest_share,22.7232401536009,NE.GDI.FTOT.ZS
NOR,2013,invest_share,23.7559784412139,NE.GDI.FTOT.ZS
NOR,2014,invest_share,24.1699804281443,NE.GDI.FTOT.ZS
NOR,2015,invest_share,24.1580247738902,NE.GDI.FTOT.ZS
NOR,2016,invest_share,25.7894648566617,NE.GDI.FTOT.ZS
NOR,2017,invest_share,25.034333727907,NE.GDI.FTOT.ZS
NOR,2018,invest_share,24.4480305895897,NE.GDI.FTOT.ZS
NOR,2019,invest_share,27.4902065300514,NE.GDI.FTOT.ZS
NOR,2020,invest_share,28.3841303658064,NE.GDI.FTOT.ZS
NOR,2021,invest_share,23.9952353287384,NE.GDI.FTOT.ZS
NOR,2022,invest_share,19.4013346172348,NE.GDI.FTOT.ZS
NOR,2023,invest_share,22.5789042204717,NE.GDI.FTOT.ZS
NOR,2024,invest_share,22.9488999507844,NE.GDI.FTOT.ZS
NZL,2000,invest_share,20.8504743864685,NE.GDI.FTOT.ZS
NZL,2001,invest_share,21.4867300640189,NE.GDI.FTOT.ZS
NZL,2002,invest_share,21.9372544958241,NE.GDI.FTOT.ZS
NZL,2003,invest_share,23.257117548546,NE.GDI.FTOT.ZS
NZL,2004,invest_share,24.2179361926513,NE.GDI.FTOT.ZS
NZL,2005,invest_share,24.7457606314097,NE.GDI.FTOT.ZS
NZL,2006,invest_share,23.913397362852,NE.GDI.FTOT.ZS
NZL,2007,invest_share,23.9129386681523,NE.GDI.FTOT.ZS
NZL,2008,invest_share,22.8770392064939,NE.GDI.FTOT.ZS
NZL,2009,invest_share,20.3634011223437,NE.GDI.FTOT.ZS
NZL,2010,invest_share,19.9528098265442,NE.GDI.FTOT.ZS
NZL,2011,invest_share,20.0739083742502,NE.GDI.FTOT.ZS
NZL,2012,invest_share,20.9523503518298,NE.GDI.FTOT.ZS
NZL,2013,invest_share,21.4415172781075,NE.GDI.FTOT.ZS
NZL,2014,invest_share,22.6149734161941,NE.GDI.FTOT.ZS
NZL,2015,invest_share,22.9997768722182,NE.GDI.FTOT.ZS
NZL,2016,invest_share,22.744635785984,NE.GDI.FTOT.ZS
NZL,2017,invest_share,23.1159512515608,NE.GDI.FTOT.ZS
NZL,2018,invest_share,23.6866787146363,NE.GDI.FTOT.ZS
NZL,2019,invest_share,23.673560247464,NE.GDI.FTOT.ZS
NZL,2020,invest_share,23.3802200341086,NE.GDI.FTOT.ZS
NZL,2021,invest_share,24.7318991879619,NE.GDI.FTOT.ZS
NZL,2022,invest_share,25.5413739434671,NE.GDI.FTOT.ZS
NZL,2023,invest_share,24.8475993149454,NE.GDI.FTOT.ZS
NZL,2024,invest_share,23.3735424950356,NE.GDI.FTOT.ZS
POL,2000,invest_share,23.8127420447032,NE.GDI.FTOT.ZS
POL,2001,invest_share,20.5657674406759,NE.GDI.FTOT.ZS
POL,2002,invest_share,18.5432520005891,NE.GDI.FTOT.ZS
POL,2003,invest_share,18.2509197048003,NE.GDI.FTOT.ZS
POL,2004,invest_share,18.5995674990585,NE.GDI.FTOT.ZS
POL,2005,invest_share,19.1151050092974,NE.GDI.FTOT.ZS
POL,2006,invest_share,20.6873646209386,NE.GDI.FTOT.ZS
POL,2007,invest_share,22.6927183608956,NE.GDI.FTOT.ZS
POL,2008,invest_share,23.2187374798418,NE.GDI.FTOT.ZS
POL,2009,invest_share,21.6390287021933,NE.GDI.FTOT.ZS
POL,2010,invest_share,19.610376998578,NE.GDI.FTOT.ZS
POL,2011,invest_share,20.3980983864419,NE.GDI.FTOT.ZS
POL,2012,invest_share,19.4237357928102,NE.GDI.FTOT.ZS
POL,2013,invest_share,18.8010145515116,NE.GDI.FTOT.ZS
POL,2014,invest_share,19.9847969664101,NE.GDI.FTOT.ZS
POL,2015,invest_share,20.2410635932191,NE.GDI.FTOT.ZS
POL,2016,invest_share,18.3470170850393,NE.GDI.FTOT.ZS
POL,2017,invest_share,17.4740439375091,NE.GDI.FTOT.ZS
POL,2018,invest_share,18.7557477298941,NE.GDI.FTOT.ZS
POL,2019,invest_share,19.1456176918134,NE.GDI.FTOT.ZS
POL,2020,invest_share,18.3974922436708,NE.GDI.FTOT.ZS
POL,2021,invest_share,16.9279336078133,NE.GDI.FTOT.ZS
POL,2022,invest_share,16.4361707273812,NE.GDI.FTOT.ZS
POL,2023,invest_share,17.9012869831235,NE.GDI.FTOT.ZS
POL,2024,invest_share,17.0407167835613,NE.GDI.FTOT.ZS
PRT,2000,invest_share,28.0030505913879,NE.GDI.FTOT.ZS
PRT,2001,invest_share,27.3815897887365,NE.GDI.FTOT.ZS
PRT,2002,invest_share,25.8571046731868,NE.GDI.FTOT.ZS
PRT,2003,invest_share,23.7604429031882,NE.GDI.FTOT.ZS
PRT,2004,invest_share,23.4240673865132,NE.GDI.FTOT.ZS
PRT,2005,invest_share,23.1265756274961,NE.GDI.FTOT.ZS
PRT,2006,invest_share,22.5328535552248,NE.GDI.FTOT.ZS
PRT,2007,invest_share,22.5096224343179,NE.GDI.FTOT.ZS
PRT,2008,invest_share,22.8522358901842,NE.GDI.FTOT.ZS
PRT,2009,invest_share,21.2015952644164,NE.GDI.FTOT.ZS
PRT,2010,invest_share,20.648039322463,NE.GDI.FTOT.ZS
PRT,2011,invest_share,18.4841132585209,NE.GDI.FTOT.ZS
PRT,2012,invest_share,15.8781657037328,NE.GDI.FTOT.ZS
PRT,2013,invest_share,14.8309176782448,NE.GDI.FTOT.ZS
PRT,2014,invest_share,15.1107479627964,NE.GDI.FTOT.ZS
PRT,2015,invest_share,15.6540732098538,NE.GDI.FTOT.ZS
PRT,2016,invest_share,15.7267272276065,NE.GDI.FTOT.ZS
PRT,2017,invest_share,17.085659362742,NE.GDI.FTOT.ZS
PRT,2018,invest_share,17.8287896047353,NE.GDI.FTOT.ZS
PRT,2019,invest_share,18.4328254718014,NE.GDI.FTOT.ZS
PRT,2020,invest_share,19.4962993707914,NE.GDI.FTOT.ZS
PRT,2021,invest_share,20.5029780421601,NE.GDI.FTOT.ZS
PRT,2022,invest_share,20.5732413117937,NE.GDI.FTOT.ZS
PRT,2023,invest_share,20.4859520223246,NE.GDI.FTOT.ZS
PRT,2024,invest_share,20.4281161978824,NE.GDI.FTOT.ZS
SVK,2000,invest_share,26.9076819797917,NE.GDI.FTOT.ZS
SVK,2001,invest_share,29.7492996540798,NE.GDI.FTOT.ZS
SVK,2002,invest_share,28.4571029898706,NE.GDI.FTOT.ZS
SVK,2003,invest_share,25.3106835058969,NE.GDI.FTOT.ZS
SVK,2004,invest_share,24.721622234297,NE.GDI.FTOT.ZS
SVK,2005,invest_share,27.0979138790485,NE.GDI.FTOT.ZS
SVK,2006,invest_share,26.3756839954384,NE.GDI.FTOT.ZS
SVK,2007,invest_share,26.2297796014925,NE.GDI.FTOT.ZS
SVK,2008,invest_share,25.6301340300419,NE.GDI.FTOT.ZS
SVK,2009,invest_share,21.699930377173,NE.GDI.FTOT.ZS
SVK,2010,invest_share,21.8497529970948,NE.GDI.FTOT.ZS
SVK,2011,invest_share,23.9414977059811,NE.GDI.FTOT.ZS
SVK,2012,invest_share,21.0504458662276,NE.GDI.FTOT.ZS
SVK,2013,invest_share,21.1910610755073,NE.GDI.FTOT.ZS
SVK,2014,invest_share,21.1761310723424,NE.GDI.FTOT.ZS
SVK,2015,invest_share,24.3202564656274,NE.GDI.FTOT.ZS
SVK,2016,invest_share,21.6601191942233,NE.GDI.FTOT.ZS
SVK,2017,invest_share,21.2735243502353,NE.GDI.FTOT.ZS
SVK,2018,invest_share,21.3447569716069,NE.GDI.FTOT.ZS
SVK,2019,invest_share,21.6812781607176,NE.GDI.FTOT.ZS
SVK,2020,invest_share,19.7809655184171,NE.GDI.FTOT.ZS
SVK,2021,invest_share,19.5981995330742,NE.GDI.FTOT.ZS
SVK,2022,invest_share,20.9401153914882,NE.GDI.FTOT.ZS
SVK,2023,invest_share,21.1360451605213,NE.GDI.FTOT.ZS
SVK,2024,invest_share,20.4183967254733,NE.GDI.FTOT.ZS
SVN,2000,invest_share,27.5926973849984,NE.GDI.FTOT.ZS
SVN,2001,invest_share,26.6156129719771,NE.GDI.FTOT.ZS
SVN,2002,invest_share,24.8641515806336,NE.GDI.FTOT.ZS
SVN,2003,invest_share,25.2648362086817,NE.GDI.FTOT.ZS
SVN,2004,invest_share,26.2122139693469,NE.GDI.FTOT.ZS
SVN,2005,invest_share,26.7841476169297,NE.GDI.FTOT.ZS
SVN,2006,invest_share,27.9014994356825,NE.GDI.FTOT.ZS
SVN,2007,invest_share,28.7632142843547,NE.GDI.FTOT.ZS
SVN,2008,invest_share,29.5862302565727,NE.GDI.FTOT.ZS
SVN,2009,invest_share,24.4165581529781,NE.GDI.FTOT.ZS
SVN,2010,invest_share,21.2216002661579,NE.GDI.FTOT.ZS
SVN,2011,invest_share,20.08483828855,NE.GDI.FTOT.ZS
SVN,2012,invest_share,19.1676737562844,NE.GDI.FTOT.ZS
SVN,2013,invest_share,19.8337339250587,NE.GDI.FTOT.ZS
SVN,2014,invest_share,19.4365582725521,NE.GDI.FTOT.ZS
SVN,2015,invest_share,18.9176485172673,NE.GDI.FTOT.ZS
SVN,2016,invest_share,17.7799826082197,NE.GDI.FTOT.ZS
SVN,2017,invest_share,18.4937257477793,NE.GDI.FTOT.ZS
SVN,2018,invest_share,19.5302803292433,NE.GDI.FTOT.ZS
SVN,2019,invest_share,19.7583962473649,NE.GDI.FTOT.ZS
SVN,2020,invest_share,19.0238928131055,NE.GDI.FTOT.ZS
SVN,2021,invest_share,20.2003570967526,NE.GDI.FTOT.ZS
SVN,2022,invest_share,21.988357400127,NE.GDI.FTOT.ZS
SVN,2023,invest_share,21.5950558507346,NE.GDI.FTOT.ZS
SVN,2024,invest_share,20.9214124483696,NE.GDI.FTOT.ZS
SWE,2000,invest_share,21.7434172971739,NE.GDI.FTOT.ZS
SWE,2001,invest_share,22.1805552893982,NE.GDI.FTOT.ZS
SWE,2002,invest_share,21.6669413046726,NE.GDI.FTOT.ZS
SWE,2003,invest_share,21.0990556783309,NE.GDI.FTOT.ZS
SWE,2004,invest_share,21.3471687403972,NE.GDI.FTOT.ZS
SWE,2005,invest_share,21.5097260897802,NE.GDI.FTOT.ZS
SWE,2006,invest_share,22.5576014619411,NE.GDI.FTOT.ZS
SWE,2007,invest_share,23.5097905127659,NE.GDI.FTOT.ZS
SWE,2008,invest_share,23.9954149226696,NE.GDI.FTOT.ZS
SWE,2009,invest_share,22.0664924860152,NE.GDI.FTOT.ZS
SWE,2010,invest_share,22.0467665339345,NE.GDI.FTOT.ZS
SWE,2011,invest_share,22.4066937719191,NE.GDI.FTOT.ZS
SWE,2012,invest_share,22.2577020508821,NE.GDI.FTOT.ZS
SWE,2013,invest_share,21.96568388342,NE.GDI.FTOT.ZS
SWE,2014,invest_share,22.6931835326185,NE.GDI.FTOT.ZS
SWE,2015,invest_share,23.2410511527473,NE.GDI.FTOT.ZS
SWE,2016,invest_share,23.8714205355535,NE.GDI.FTOT.ZS
SWE,2017,invest_share,24.5812672645971,NE.GDI.FTOT.ZS
SWE,2018,invest_share,24.6138158333991,NE.GDI.FTOT.ZS
SWE,2019,invest_share,23.8411457244241,NE.GDI.FTOT.ZS
SWE,2020,invest_share,24.5326066682559,NE.GDI.FTOT.ZS
SWE,2021,invest_share,25.1158043176516,NE.GDI.FTOT.ZS
SWE,2022,invest_share,25.590797768041,NE.GDI.FTOT.ZS
SWE,2023,invest_share,25.4119400890775,NE.GDI.FTOT.ZS
SWE,2024,invest_share,25.1020245960477,NE.GDI.FTOT.ZS
TUR,2000,invest_share,22.3110247868039,NE.GDI.FTOT.ZS
TUR,2001,invest_share,18.0765435272869,NE.GDI.FTOT.ZS
TUR,2002,invest_share,19.6716408524051,NE.GDI.FTOT.ZS
TUR,2003,invest_share,20.9444240457006,NE.GDI.FTOT.ZS
TUR,2004,invest_share,25.6417207426795,NE.GDI.FTOT.ZS
TUR,2005,invest_share,26.8770342277655,NE.GDI.FTOT.ZS
TUR,2006,invest_share,29.0425348290191,NE.GDI.FTOT.ZS
TUR,2007,invest_share,28.5042444802335,NE.GDI.FTOT.ZS
TUR,2008,invest_share,27.3051055897033,NE.GDI.FTOT.ZS
TUR,2009,invest_share,22.9623515725507,NE.GDI.FTOT.ZS
TUR,2010,invest_share,24.87828284324,NE.GDI.FTOT.ZS
TUR,2011,invest_share,27.9887488412804,NE.GDI.FTOT.ZS
TUR,2012,invest_share,27.3995231020684,NE.GDI.FTOT.ZS
TUR,2013,invest_share,28.7953288884594,NE.GDI.FTOT.ZS
TUR,2014,invest_share,29.0843333155967,NE.GDI.FTOT.ZS
TUR,2015,invest_share,30.0119130355216,NE.GDI.FTOT.ZS
TUR,2016,invest_share,30.0433084585307,NE.GDI.FTOT.ZS
TUR,2017,invest_share,30.2598822010726,NE.GDI.FTOT.ZS
TUR,2018,invest_share,30.2954032645887,NE.GDI.FTOT.ZS
TUR,2019,invest_share,26.4629293789655,NE.GDI.FTOT.ZS
TUR,2020,invest_share,27.9506064917081,NE.GDI.FTOT.ZS
TUR,2021,invest_share,28.3920963280631,NE.GDI.FTOT.ZS
TUR,2022,invest_share,30.5449887042516,NE.GDI.FTOT.ZS
TUR,2023,invest_share,32.8740322550634,NE.GDI.FTOT.ZS
TUR,2024,invest_share,31.3157272627937,NE.GDI.FTOT.ZS
USA,2000,invest_share,23.1462794870174,NE.GDI.FTOT.ZS
USA,2001,invest_share,22.5385088106337,NE.GDI.FTOT.ZS
USA,2002,invest_share,21.5399006030501,NE.GDI.FTOT.ZS
USA,2003,invest_share,21.6226056064488,NE.GDI.FTOT.ZS
USA,2004,invest_share,22.1277370028278,NE.GDI.FTOT.ZS
USA,2005,invest_share,22.934640837162,NE.GDI.FTOT.ZS
USA,2006,invest_share,23.038173633353,NE.GDI.FTOT.ZS
USA,2007,invest_share,22.3230143949646,NE.GDI.FTOT.ZS
USA,2008,invest_share,21.235472613082,NE.GDI.FTOT.ZS
USA,2009,invest_share,18.8101353585392,NE.GDI.FTOT.ZS
USA,2010,invest_share,18.3139365475553,NE.GDI.FTOT.ZS
USA,2011,invest_share,18.7369821481549,NE.GDI.FTOT.ZS
USA,2012,invest_share,19.5126052281381,NE.GDI.FTOT.ZS
USA,2013,invest_share,19.7544258132209,NE.GDI.FTOT.ZS
USA,2014,invest_share,20.4196434625853,NE.GDI.FTOT.ZS
USA,2015,invest_share,20.6492816432713,NE.GDI.FTOT.ZS
USA,2016,invest_share,20.6802020301822,NE.GDI.FTOT.ZS
USA,2017,invest_share,20.9891678107732,NE.GDI.FTOT.ZS
USA,2018,invest_share,21.2959968660736,NE.GDI.FTOT.ZS
USA,2019,invest_share,21.331113461469,NE.GDI.FTOT.ZS
USA,2020,invest_share,21.5802777048872,NE.GDI.FTOT.ZS
USA,2021,invest_share,21.2931408187217,NE.GDI.FTOT.ZS
USA,2022,invest_share,21.3312121991138,NE.GDI.FTOT.ZS
USA,2023,invest_share,21.3770252086573,NE.GDI.FTOT.ZS
USA,2024,invest_share,21.3498335194267,NE.GDI.FTOT.ZS
AUS,2000,mva_share,11.4248399094364,NV.IND.MANF.ZS
AUS,2001,mva_share,10.8051481170037,NV.IND.MANF.ZS
AUS,2002,mva_share,10.4098668971934,NV.IND.MANF.ZS
AUS,2003,mva_share,10.7213180780763,NV.IND.MANF.ZS
AUS,2004,mva_share,10.760614740413,NV.IND.MANF.ZS
AUS,2005,mva_share,10.1686211472279,NV.IND.MANF.ZS
AUS,2006,mva_share,9.67044139221759,NV.IND.MANF.ZS
AUS,2007,mva_share,9.10310744819698,NV.IND.MANF.ZS
AUS,2008,mva_share,9.00690047181701,NV.IND.MANF.ZS
AUS,2009,mva_share,8.33320821957859,NV.IND.MANF.ZS
AUS,2010,mva_share,7.8761687510269,NV.IND.MANF.ZS
AUS,2011,mva_share,7.25000878456727,NV.IND.MANF.ZS
AUS,2012,mva_share,6.9087255284149,NV.IND.MANF.ZS
AUS,2013,mva_share,6.47475769538219,NV.IND.MANF.ZS
AUS,2014,mva_share,6.23700054223419,NV.IND.MANF.ZS
AUS,2015,mva_share,6.16187153809786,NV.IND.MANF.ZS
AUS,2016,mva_share,5.93628731808457,NV.IND.MANF.ZS
AUS,2017,mva_share,5.6370711506194,NV.IND.MANF.ZS
AUS,2018,mva_share,5.58025754369151,NV.IND.MANF.ZS
AUS,2019,mva_share,5.45170917330074,NV.IND.MANF.ZS
AUS,2020,mva_share,5.50480994024151,NV.IND.MANF.ZS
AUS,2021,mva_share,5.43021286709902,NV.IND.MANF.ZS
AUS,2022,mva_share,5.28875408553718,NV.IND.MANF.ZS
AUS,2023,mva_share,5.26935642156248,NV.IND.MANF.ZS
AUS,2024,mva_share,5.37633044467869,NV.IND.MANF.ZS
AUT,2000,mva_share,18.726691043317,NV.IND.MANF.ZS
AUT,2001,mva_share,18.8665063718647,NV.IND.MANF.ZS
AUT,2002,mva_share,18.2889236424197,NV.IND.MANF.ZS
AUT,2003,mva_share,17.9613432652269,NV.IND.MANF.ZS
AUT,2004,mva_share,17.8020784726469,NV.IND.MANF.ZS
AUT,2005,mva_share,17.8503433495394,NV.IND.MANF.ZS
AUT,2006,mva_share,18.278172325021,NV.IND.MANF.ZS
AUT,2007,mva_share,18.5487211186086,NV.IND.MANF.ZS
AUT,2008,mva_share,17.8916492533569,NV.IND.MANF.ZS
AUT,2009,mva_share,16.8205431880351,NV.IND.MANF.ZS
AUT,2010,mva_share,17.0146236665127,NV.IND.MANF.ZS
AUT,2011,mva_share,17.1446473129533,NV.IND.MANF.ZS
AUT,2012,mva_share,17.2564830895639,NV.IND.MANF.ZS
AUT,2013,mva_share,17.1063898788247,NV.IND.MANF.ZS
AUT,2014,mva_share,17.1867790689422,NV.IND.MANF.ZS
AUT,2015,mva_share,17.242928730216,NV.IND.MANF.ZS
AUT,2016,mva_share,17.6682251530651,NV.IND.MANF.ZS
AUT,2017,mva_share,17.4427051605451,NV.IND.MANF.ZS
AUT,2018,mva_share,17.3211161045372,NV.IND.MANF.ZS
AUT,2019,mva_share,17.1022858668807,NV.IND.MANF.ZS
AUT,2020,mva_share,16.5973264696294,NV.IND.MANF.ZS
AUT,2021,mva_share,16.9794494072387,NV.IND.MANF.ZS
AUT,2022,mva_share,16.6515788411782,NV.IND.MANF.ZS
AUT,2023,mva_share,15.9413915270403,NV.IND.MANF.ZS
AUT,2024,mva_share,15.1337527310645,NV.IND.MANF.ZS
BEL,2000,mva_share,17.5359744500664,NV.IND.MANF.ZS
BEL,2001,mva_share,17.0405421304565,NV.IND.MANF.ZS
BEL,2002,mva_share,16.7945870519173,NV.IND.MANF.ZS
BEL,2003,mva_share,16.2002374109264,NV.IND.MANF.ZS
BEL,2004,mva_share,16.0899360790406,NV.IND.MANF.ZS
BEL,2005,mva_share,15.8709459755849,NV.IND.MANF.ZS
BEL,2006,mva_share,15.0185375125134,NV.IND.MANF.ZS
BEL,2007,mva_share,15.0603182770214,NV.IND.MANF.ZS
BEL,2008,mva_share,13.9927407246937,NV.IND.MANF.ZS
BEL,2009,mva_share,12.8420817122469,NV.IND.MANF.ZS
BEL,2010,mva_share,13.1286435724464,NV.IND.MANF.ZS
BEL,2011,mva_share,12.9499394580106,NV.IND.MANF.ZS
BEL,2012,mva_share,12.6215764552248,NV.IND.MANF.ZS
BEL,2013,mva_share,12.6643780300003,NV.IND.MANF.ZS
BEL,2014,mva_share,12.5837894914118,NV.IND.MANF.ZS
BEL,2015,mva_share,12.5677314710087,NV.IND.MANF.ZS
BEL,2016,mva_share,12.2484083375363,NV.IND.MANF.ZS
BEL,2017,mva_share,12.4458285747277,NV.IND.MANF.ZS
BEL,2018,mva_share,12.343919956787,NV.IND.MANF.ZS
BEL,2019,mva_share,12.413251241175,NV.IND.MANF.ZS
BEL,2020,mva_share,12.0120090332978,NV.IND.MANF.ZS
BEL,2021,mva_share,10.744807994195,NV.IND.MANF.ZS
BEL,2022,mva_share,12.5247695210532,NV.IND.MANF.ZS
BEL,2023,mva_share,11.9731867449011,NV.IND.MANF.ZS
BEL,2024,mva_share,11.4440979987072,NV.IND.MANF.ZS
CAN,2000,mva_share,17.3359926152489,NV.IND.MANF.ZS
CAN,2001,mva_share,16.3735490832522,NV.IND.MANF.ZS
CAN,2002,mva_share,16.0168184510371,NV.IND.MANF.ZS
CAN,2003,mva_share,15.0118271137379,NV.IND.MANF.ZS
CAN,2004,mva_share,14.6551872578562,NV.IND.MANF.ZS
CAN,2005,mva_share,13.7300266955546,NV.IND.MANF.ZS
CAN,2006,mva_share,12.9302741406544,NV.IND.MANF.ZS
CAN,2007,mva_share,12.216320373211,NV.IND.MANF.ZS
CAN,2008,mva_share,10.9155822054212,NV.IND.MANF.ZS
CAN,2009,mva_share,10.366522267343,NV.IND.MANF.ZS
CAN,2010,mva_share,10.3262683277593,NV.IND.MANF.ZS
CAN,2011,mva_share,10.272976519555,NV.IND.MANF.ZS
CAN,2012,mva_share,10.3539408427549,NV.IND.MANF.ZS
CAN,2013,mva_share,9.92464127723441,NV.IND.MANF.ZS
CAN,2014,mva_share,9.75583225015402,NV.IND.MANF.ZS
CAN,2015,mva_share,10.3125232360217,NV.IND.MANF.ZS
CAN,2016,mva_share,10.2468730483551,NV.IND.MANF.ZS
CAN,2017,mva_share,10.0022142848467,NV.IND.MANF.ZS
CAN,2018,mva_share,10.1847138715215,NV.IND.MANF.ZS
CAN,2019,mva_share,9.60892439729457,NV.IND.MANF.ZS
CAN,2020,mva_share,9.30201767236546,NV.IND.MANF.ZS
CAN,2021,mva_share,9.52909382513616,NV.IND.MANF.ZS
CAN,2022,mva_share,9.32446695410476,NV.IND.MANF.ZS
CHE,2000,mva_share,17.7416316807995,NV.IND.MANF.ZS
CHE,2001,mva_share,18.4648980198787,NV.IND.MANF.ZS
CHE,2002,mva_share,18.8612715261369,NV.IND.MANF.ZS
CHE,2003,mva_share,18.7019407966153,NV.IND.MANF.ZS
CHE,2004,mva_share,18.666972883118,NV.IND.MANF.ZS
CHE,2005,mva_share,18.958652222549,NV.IND.MANF.ZS
CHE,2006,mva_share,19.2890205326338,NV.IND.MANF.ZS
CHE,2007,mva_share,19.488349708293,NV.IND.MANF.ZS
CHE,2008,mva_share,19.6435012643819,NV.IND.MANF.ZS
CHE,2009,mva_share,18.3208023264083,NV.IND.MANF.ZS
CHE,2010,mva_share,18.3166240162527,NV.IND.MANF.ZS
CHE,2011,mva_share,18.708948073265,NV.IND.MANF.ZS
CHE,2012,mva_share,18.3426070483841,NV.IND.MANF.ZS
CHE,2013,mva_share,18.4192868942775,NV.IND.MANF.ZS
CHE,2014,mva_share,18.2576883092773,NV.IND.MANF.ZS
CHE,2015,mva_share,17.8568423587127,NV.IND.MANF.ZS
CHE,2016,mva_share,18.2447554804173,NV.IND.MANF.ZS
CHE,2017,mva_share,18.432255769318,NV.IND.MANF.ZS
CHE,2018,mva_share,18.5519498038638,NV.IND.MANF.ZS
CHE,2019,mva_share,19.2121227464848,NV.IND.MANF.ZS
CHE,2020,mva_share,19.0466157972256,NV.IND.MANF.ZS
CHE,2021,mva_share,20.6927435425858,NV.IND.MANF.ZS
CHE,2022,mva_share,19.9238153481674,NV.IND.MANF.ZS
CHE,2023,mva_share,19.3565839417811,NV.IND.MANF.ZS
CHE,2024,mva_share,19.0664242883381,NV.IND.MANF.ZS
CHL,2000,mva_share,15.1925274307283,NV.IND.MANF.ZS
CHL,2001,mva_share,15.9367774372627,NV.IND.MANF.ZS
CHL,2002,mva_share,15.7836746848203,NV.IND.MANF.ZS
CHL,2003,mva_share,15.193758641042,NV.IND.MANF.ZS
CHL,2004,mva_share,14.2216397565536,NV.IND.MANF.ZS
CHL,2005,mva_share,12.8191983284035,NV.IND.MANF.ZS
CHL,2006,mva_share,11.6836788192905,NV.IND.MANF.ZS
CHL,2007,mva_share,10.6421644007916,NV.IND.MANF.ZS
CHL,2008,mva_share,9.97400566946906,NV.IND.MANF.ZS
CHL,2009,mva_share,10.2611589858403,NV.IND.MANF.ZS
CHL,2010,mva_share,9.88717359213424,NV.IND.MANF.ZS
CHL,2011,mva_share,9.90905317308925,NV.IND.MANF.ZS
CHL,2012,mva_share,9.82773289412941,NV.IND.MANF.ZS
CHL,2013,mva_share,9.98503290205937,NV.IND.MANF.ZS
CHL,2014,mva_share,9.92046571303201,NV.IND.MANF.ZS
CHL,2015,mva_share,10.3988646679795,NV.IND.MANF.ZS
CHL,2016,mva_share,9.70592438632348,NV.IND.MANF.ZS
CHL,2017,mva_share,9.16084501298879,NV.IND.MANF.ZS
CHL,2018,mva_share,9.6042139700833,NV.IND.MANF.ZS
CHL,2019,mva_share,8.97674256400038,NV.IND.MANF.ZS
CHL,2020,mva_share,9.01832546015944,NV.IND.MANF.ZS
CHL,2021,mva_share,8.55784652499058,NV.IND.MANF.ZS
CHL,2022,mva_share,9.50169647954698,NV.IND.MANF.ZS
CHL,2023,mva_share,9.58046626138871,NV.IND.MANF.ZS
CHL,2024,mva_share,9.37258927958029,NV.IND.MANF.ZS
CHN,2004,mva_share,31.5101594673259,NV.IND.MANF.ZS
CHN,2005,mva_share,31.6564574964127,NV.IND.MANF.ZS
CHN,2006,mva_share,31.9945213596647,NV.IND.MANF.ZS
CHN,2007,mva_share,31.9005932714931,NV.IND.MANF.ZS
CHN,2008,mva_share,31.6169791482305,NV.IND.MANF.ZS
CHN,2009,mva_share,31.0611528606438,NV.IND.MANF.ZS
CHN,2010,mva_share,31.0748956423241,NV.IND.MANF.ZS
CHN,2011,mva_share,31.5623565182378,NV.IND.MANF.ZS
CHN,2012,mva_share,31.0143036500115,NV.IND.MANF.ZS
CHN,2013,mva_share,30.1275021518721,NV.IND.MANF.ZS
CHN,2014,mva_share,29.8300397890826,NV.IND.MANF.ZS
CHN,2015,mva_share,28.3889960582852,NV.IND.MANF.ZS
CHN,2016,mva_share,27.5237594259275,NV.IND.MANF.ZS
CHN,2017,mva_share,27.5998559245177,NV.IND.MANF.ZS
CHN,2018,mva_share,27.34341880328,NV.IND.MANF.ZS
CHN,2019,mva_share,26.2594662949297,NV.IND.MANF.ZS
CHN,2020,mva_share,25.5809804288007,NV.IND.MANF.ZS
CHN,2021,mva_share,26.621932558827,NV.IND.MANF.ZS
CHN,2022,mva_share,25.9806695043084,NV.IND.MANF.ZS
CHN,2023,mva_share,25.0144267929987,NV.IND.MANF.ZS
CHN,2024,mva_share,24.8415841892631,NV.IND.MANF.ZS
COL,2000,mva_share,13.9327006536198,NV.IND.MANF.ZS
COL,2001,mva_share,14.1371966473471,NV.IND.MANF.ZS
COL,2002,mva_share,14.0329280173486,NV.IND.MANF.ZS
COL,2003,mva_share,14.2374561677284,NV.IND.MANF.ZS
COL,2004,mva_share,14.4134103625529,NV.IND.MANF.ZS
COL,2005,mva_share,15.9910403067837,NV.IND.MANF.ZS
COL,2006,mva_share,15.9786060942757,NV.IND.MANF.ZS
COL,2007,mva_share,16.1542662179759,NV.IND.MANF.ZS
COL,2008,mva_share,15.3737037145843,NV.IND.MANF.ZS
COL,2009,mva_share,14.7800723322979,NV.IND.MANF.ZS
COL,2010,mva_share,13.9670256956953,NV.IND.MANF.ZS
COL,2011,mva_share,13.217602576964,NV.IND.MANF.ZS
COL,2012,mva_share,13.0892848837297,NV.IND.MANF.ZS
COL,2013,mva_share,12.6623563037307,NV.IND.MANF.ZS
COL,2014,mva_share,12.2693186420816,NV.IND.MANF.ZS
COL,2015,mva_share,12.4008937581087,NV.IND.MANF.ZS
COL,2016,mva_share,12.297778837716,NV.IND.MANF.ZS
COL,2017,mva_share,11.4095935667718,NV.IND.MANF.ZS
COL,2018,mva_share,11.1518529729467,NV.IND.MANF.ZS
COL,2019,mva_share,10.926657535177,NV.IND.MANF.ZS
COL,2020,mva_share,10.7275023510948,NV.IND.MANF.ZS
COL,2021,mva_share,11.1991608490115,NV.IND.MANF.ZS
COL,2022,mva_share,11.1476678003017,NV.IND.MANF.ZS
COL,2023,mva_share,10.8850806451613,NV.IND.MANF.ZS
COL,2024,mva_share,10.2261345834627,NV.IND.MANF.ZS
CRI,2000,mva_share,18.0880238934068,NV.IND.MANF.ZS
CRI,2001,mva_share,17.1661989829056,NV.IND.MANF.ZS
CRI,2002,mva_share,17.138874024911,NV.IND.MANF.ZS
CRI,2003,mva_share,16.8593694630502,NV.IND.MANF.ZS
CRI,2004,mva_share,16.6589944037511,NV.IND.MANF.ZS
CRI,2005,mva_share,16.6444680476986,NV.IND.MANF.ZS
CRI,2006,mva_share,16.259530435741,NV.IND.MANF.ZS
CRI,2007,mva_share,15.8969644359264,NV.IND.MANF.ZS
CRI,2008,mva_share,14.9236422708464,NV.IND.MANF.ZS
CRI,2009,mva_share,13.9259629601311,NV.IND.MANF.ZS
CRI,2010,mva_share,14.3445701417815,NV.IND.MANF.ZS
CRI,2011,mva_share,14.0694574833559,NV.IND.MANF.ZS
CRI,2012,mva_share,13.6641723349575,NV.IND.MANF.ZS
CRI,2013,mva_share,12.6254397830172,NV.IND.MANF.ZS
CRI,2014,mva_share,12.0871511820747,NV.IND.MANF.ZS
CRI,2015,mva_share,11.4331024534207,NV.IND.MANF.ZS
CRI,2016,mva_share,11.4271629863872,NV.IND.MANF.ZS
CRI,2017,mva_share,11.6822332281392,NV.IND.MANF.ZS
CRI,2018,mva_share,11.8774130343102,NV.IND.MANF.ZS
CRI,2019,mva_share,11.994505543311,NV.IND.MANF.ZS
CRI,2020,mva_share,12.7319542759647,NV.IND.MANF.ZS
CRI,2021,mva_share,13.6661238824616,NV.IND.MANF.ZS
CRI,2022,mva_share,14.1335020327695,NV.IND.MANF.ZS
CRI,2023,mva_share,13.7752823524539,NV.IND.MANF.ZS
CRI,2024,mva_share,13.0984655937739,NV.IND.MANF.ZS
CZE,2000,mva_share,23.2363628786932,NV.IND.MANF.ZS
CZE,2001,mva_share,23.5170981033148,NV.IND.MANF.ZS
CZE,2002,mva_share,22.2337422618735,NV.IND.MANF.ZS
CZE,2003,mva_share,21.5573078751672,NV.IND.MANF.ZS
CZE,2004,mva_share,22.6375803693078,NV.IND.MANF.ZS
CZE,2005,mva_share,22.5500860120426,NV.IND.MANF.ZS
CZE,2006,mva_share,23.1974657899776,NV.IND.MANF.ZS
CZE,2007,mva_share,23.158566717203,NV.IND.MANF.ZS
CZE,2008,mva_share,21.9248536989135,NV.IND.MANF.ZS
CZE,2009,mva_share,20.3438089674199,NV.IND.MANF.ZS
CZE,2010,mva_share,20.6982379160476,NV.IND.MANF.ZS
CZE,2011,mva_share,21.8643072456478,NV.IND.MANF.ZS
CZE,2012,mva_share,21.7136033387837,NV.IND.MANF.ZS
CZE,2013,mva_share,21.7617319791193,NV.IND.MANF.ZS
CZE,2014,mva_share,23.4691665652122,NV.IND.MANF.ZS
CZE,2015,mva_share,23.7339506123741,NV.IND.MANF.ZS
CZE,2016,mva_share,23.7610958428917,NV.IND.MANF.ZS
CZE,2017,mva_share,23.1824532218752,NV.IND.MANF.ZS
CZE,2018,mva_share,22.3060378872535,NV.IND.MANF.ZS
CZE,2019,mva_share,22.1266766165116,NV.IND.MANF.ZS
CZE,2020,mva_share,20.7968233716829,NV.IND.MANF.ZS
CZE,2021,mva_share,19.640981617073,NV.IND.MANF.ZS
CZE,2022,mva_share,19.3950613571424,NV.IND.MANF.ZS
CZE,2023,mva_share,20.4330612801752,NV.IND.MANF.ZS
CZE,2024,mva_share,19.8828069640729,NV.IND.MANF.ZS
DEU,2000,mva_share,20.2840359494004,NV.IND.MANF.ZS
DEU,2001,mva_share,20.0863572804744,NV.IND.MANF.ZS
DEU,2002,mva_share,19.4763331174439,NV.IND.MANF.ZS
DEU,2003,mva_share,19.5529741477412,NV.IND.MANF.ZS
DEU,2004,mva_share,19.7896242542651,NV.IND.MANF.ZS
DEU,2005,mva_share,19.7693607543503,NV.IND.MANF.ZS
DEU,2006,mva_share,20.3388454277918,NV.IND.MANF.ZS
DEU,2007,mva_share,20.5298911974573,NV.IND.MANF.ZS
DEU,2008,mva_share,19.7585042946302,NV.IND.MANF.ZS
DEU,2009,mva_share,17.3389014302498,NV.IND.MANF.ZS
DEU,2010,mva_share,19.4277050847717,NV.IND.MANF.ZS
DEU,2011,mva_share,20.1229017332202,NV.IND.MANF.ZS
DEU,2012,mva_share,20.0472978765968,NV.IND.MANF.ZS
DEU,2013,mva_share,19.7600541430605,NV.IND.MANF.ZS
DEU,2014,mva_share,20.1102373285709,NV.IND.MANF.ZS
DEU,2015,mva_share,20.1379643216943,NV.IND.MANF.ZS
DEU,2016,mva_share,20.4130244960425,NV.IND.MANF.ZS
DEU,2017,mva_share,20.092676209306,NV.IND.MANF.ZS
DEU,2018,mva_share,19.8054472442,NV.IND.MANF.ZS
DEU,2019,mva_share,19.3094694228334,NV.IND.MANF.ZS
DEU,2020,mva_share,18.52749571104,NV.IND.MANF.ZS
DEU,2021,mva_share,18.5726195842861,NV.IND.MANF.ZS
DEU,2022,mva_share,18.3217735042199,NV.IND.MANF.ZS
DEU,2023,mva_share,18.9402532641593,NV.IND.MANF.ZS
DEU,2024,mva_share,18.0067082931968,NV.IND.MANF.ZS
DNK,2000,mva_share,14.1574198615471,NV.IND.MANF.ZS
DNK,2001,mva_share,14.0374624375818,NV.IND.MANF.ZS
DNK,2002,mva_share,13.9271727232541,NV.IND.MANF.ZS
DNK,2003,mva_share,13.2382994993119,NV.IND.MANF.ZS
DNK,2004,mva_share,12.7540897055914,NV.IND.MANF.ZS
DNK,2005,mva_share,12.0429074824813,NV.IND.MANF.ZS
DNK,2006,mva_share,12.0833466711901,NV.IND.MANF.ZS
DNK,2007,mva_share,11.9592894350094,NV.IND.MANF.ZS
DNK,2008,mva_share,11.80878042447,NV.IND.MANF.ZS
DNK,2009,mva_share,11.1608327786982,NV.IND.MANF.ZS
DNK,2010,mva_share,10.8767726929647,NV.IND.MANF.ZS
DNK,2011,mva_share,10.9708435050042,NV.IND.MANF.ZS
DNK,2012,mva_share,11.208563455152,NV.IND.MANF.ZS
DNK,2013,mva_share,11.7998537089519,NV.IND.MANF.ZS
DNK,2014,mva_share,11.8293905304366,NV.IND.MANF.ZS
DNK,2015,mva_share,12.484534308925,NV.IND.MANF.ZS
DNK,2016,mva_share,12.9401692109791,NV.IND.MANF.ZS
DNK,2017,mva_share,13.0145483841175,NV.IND.MANF.ZS
DNK,2018,mva_share,13.0043275494945,NV.IND.MANF.ZS
DNK,2019,mva_share,13.4024278659202,NV.IND.MANF.ZS
DNK,2020,mva_share,12.8371087335606,NV.IND.MANF.ZS
DNK,2021,mva_share,12.5543797574878,NV.IND.MANF.ZS
DNK,2022,mva_share,12.8241154699449,NV.IND.MANF.ZS
DNK,2023,mva_share,16.3542735783544,NV.IND.MANF.ZS
DNK,2024,mva_share,17.8578664866005,NV.IND.MANF.ZS
ESP,2000,mva_share,16.2671468214198,NV.IND.MANF.ZS
ESP,2001,mva_share,15.8297644081386,NV.IND.MANF.ZS
ESP,2002,mva_share,15.1898514693015,NV.IND.MANF.ZS
ESP,2003,mva_share,14.6017792827305,NV.IND.MANF.ZS
ESP,2004,mva_share,14.0176429756563,NV.IND.MANF.ZS
ESP,2005,mva_share,13.5021042492259,NV.IND.MANF.ZS
ESP,2006,mva_share,13.0718544522456,NV.IND.MANF.ZS
ESP,2007,mva_share,12.6067592787653,NV.IND.MANF.ZS
ESP,2008,mva_share,12.3951846045421,NV.IND.MANF.ZS
ESP,2009,mva_share,11.3278781722104,NV.IND.MANF.ZS
ESP,2010,mva_share,11.114195396163,NV.IND.MANF.ZS
ESP,2011,mva_share,11.2014709597732,NV.IND.MANF.ZS
ESP,2012,mva_share,10.8118621882614,NV.IND.MANF.ZS
ESP,2013,mva_share,10.8662587310316,NV.IND.MANF.ZS
ESP,2014,mva_share,10.9975561841823,NV.IND.MANF.ZS
ESP,2015,mva_share,11.0137685905408,NV.IND.MANF.ZS
ESP,2016,mva_share,10.9527706513192,NV.IND.MANF.ZS
ESP,2017,mva_share,11.1145583338461,NV.IND.MANF.ZS
ESP,2018,mva_share,10.7886322916564,NV.IND.MANF.ZS
ESP,2019,mva_share,10.6967320991298,NV.IND.MANF.ZS
ESP,2020,mva_share,10.853212942808,NV.IND.MANF.ZS
ESP,2021,mva_share,11.2560847091885,NV.IND.MANF.ZS
ESP,2022,mva_share,11.0279875249207,NV.IND.MANF.ZS
ESP,2023,mva_share,10.9510128785567,NV.IND.MANF.ZS
ESP,2024,mva_share,10.8444299486305,NV.IND.MANF.ZS
EST,2000,mva_share,15.4671728526187,NV.IND.MANF.ZS
EST,2001,mva_share,16.0616569267868,NV.IND.MANF.ZS
EST,2002,mva_share,15.6672531737325,NV.IND.MANF.ZS
EST,2003,mva_share,15.7427367286431,NV.IND.MANF.ZS
EST,2004,mva_share,14.9169103622544,NV.IND.MANF.ZS
EST,2005,mva_share,14.6642061190741,NV.IND.MANF.ZS
EST,2006,mva_share,14.4658199153602,NV.IND.MANF.ZS
EST,2007,mva_share,13.8693049203328,NV.IND.MANF.ZS
EST,2008,mva_share,13.7442368403919,NV.IND.MANF.ZS
EST,2009,mva_share,12.2894734719345,NV.IND.MANF.ZS
EST,2010,mva_share,13.7483595927381,NV.IND.MANF.ZS
EST,2011,mva_share,14.5525672570253,NV.IND.MANF.ZS
EST,2012,mva_share,13.8770730242275,NV.IND.MANF.ZS
EST,2013,mva_share,13.5540034976357,NV.IND.MANF.ZS
EST,2014,mva_share,13.9610951419012,NV.IND.MANF.ZS
EST,2015,mva_share,13.6547460994623,NV.IND.MANF.ZS
EST,2016,mva_share,13.6104762733574,NV.IND.MANF.ZS
EST,2017,mva_share,13.3408912828564,NV.IND.MANF.ZS
EST,2018,mva_share,13.2138423128235,NV.IND.MANF.ZS
EST,2019,mva_share,12.8803241268467,NV.IND.MANF.ZS
EST,2020,mva_share,12.5917858133422,NV.IND.MANF.ZS
EST,2021,mva_share,13.0310279238311,NV.IND.MANF.ZS
EST,2022,mva_share,11.9959443459942,NV.IND.MANF.ZS
EST,2023,mva_share,11.4121180604126,NV.IND.MANF.ZS
EST,2024,mva_share,10.8342118439629,NV.IND.MANF.ZS
FIN,2000,mva_share,24.1601044095435,NV.IND.MANF.ZS
FIN,2001,mva_share,23.6043785828383,NV.IND.MANF.ZS
FIN,2002,mva_share,22.8745621126381,NV.IND.MANF.ZS
FIN,2003,mva_share,21.952489552711,NV.IND.MANF.ZS
FIN,2004,mva_share,21.5451584656768,NV.IND.MANF.ZS
FIN,2005,mva_share,21.2181020975793,NV.IND.MANF.ZS
FIN,2006,mva_share,21.8152156935341,NV.IND.MANF.ZS
FIN,2007,mva_share,22.1315200017107,NV.IND.MANF.ZS
FIN,2008,mva_share,20.7904125032818,NV.IND.MANF.ZS
FIN,2009,mva_share,16.6698764684843,NV.IND.MANF.ZS
FIN,2010,mva_share,17.0393362636662,NV.IND.MANF.ZS
FIN,2011,mva_share,16.355265487845,NV.IND.MANF.ZS
FIN,2012,mva_share,14.5954146662807,NV.IND.MANF.ZS
FIN,2013,mva_share,14.6434591173334,NV.IND.MANF.ZS
FIN,2014,mva_share,14.6025114765247,NV.IND.MANF.ZS
FIN,2015,mva_share,14.8411928141889,NV.IND.MANF.ZS
FIN,2016,mva_share,14.7475627790114,NV.IND.MANF.ZS
FIN,2017,mva_share,15.3743113223501,NV.IND.MANF.ZS
FIN,2018,mva_share,14.7901080183696,NV.IND.MANF.ZS
FIN,2019,mva_share,14.7120972002113,NV.IND.MANF.ZS
FIN,2020,mva_share,14.5232182818852,NV.IND.MANF.ZS
FIN,2021,mva_share,14.9402646685212,NV.IND.MANF.ZS
FIN,2022,mva_share,15.7551618539463,NV.IND.MANF.ZS
FIN,2023,mva_share,14.4759253493526,NV.IND.MANF.ZS
FIN,2024,mva_share,14.2311580366169,NV.IND.MANF.ZS
FRA,2000,mva_share,14.3878392198042,NV.IND.MANF.ZS
FRA,2001,mva_share,13.9296551551957,NV.IND.MANF.ZS
FRA,2002,mva_share,13.4598053740839,NV.IND.MANF.ZS
FRA,2003,mva_share,12.9922663496214,NV.IND.MANF.ZS
FRA,2004,mva_share,12.5672208197628,NV.IND.MANF.ZS
FRA,2005,mva_share,12.1452500973725,NV.IND.MANF.ZS
FRA,2006,mva_share,11.6390346197616,NV.IND.MANF.ZS
FRA,2007,mva_share,11.579923857885,NV.IND.MANF.ZS
FRA,2008,mva_share,11.067976542911,NV.IND.MANF.ZS
FRA,2009,mva_share,10.5216742580302,NV.IND.MANF.ZS
FRA,2010,mva_share,10.2775341468866,NV.IND.MANF.ZS
FRA,2011,mva_share,10.3132840454103,NV.IND.MANF.ZS
FRA,2012,mva_share,10.2470795796382,NV.IND.MANF.ZS
FRA,2013,mva_share,10.2533499274342,NV.IND.MANF.ZS
FRA,2014,mva_share,10.1814983481472,NV.IND.MANF.ZS
FRA,2015,mva_share,10.3199116417468,NV.IND.MANF.ZS
FRA,2016,mva_share,10.1652320223789,NV.IND.MANF.ZS
FRA,2017,mva_share,10.0100515756887,NV.IND.MANF.ZS
FRA,2018,mva_share,9.88620521645328,NV.IND.MANF.ZS
FRA,2019,mva_share,9.91095000638926,NV.IND.MANF.ZS
FRA,2020,mva_share,9.24566710385932,NV.IND.MANF.ZS
FRA,2021,mva_share,9.09582515832787,NV.IND.MANF.ZS
FRA,2022,mva_share,9.3013624882498,NV.IND.MANF.ZS
FRA,2023,mva_share,9.7687049703675,NV.IND.MANF.ZS
FRA,2024,mva_share,9.56647520690692,NV.IND.MANF.ZS
GBR,2000,mva_share,13.2927633990762,NV.IND.MANF.ZS
GBR,2001,mva_share,12.5032376045377,NV.IND.MANF.ZS
GBR,2002,mva_share,12.0650803669037,NV.IND.MANF.ZS
GBR,2003,mva_share,11.5481005178606,NV.IND.MANF.ZS
GBR,2004,mva_share,10.9147243364129,NV.IND.MANF.ZS
GBR,2005,mva_share,10.5616323261232,NV.IND.MANF.ZS
GBR,2006,mva_share,10.151074366746,NV.IND.MANF.ZS
GBR,2007,mva_share,9.71451845006441,NV.IND.MANF.ZS
GBR,2008,mva_share,9.62129349520071,NV.IND.MANF.ZS
GBR,2009,mva_share,9.29245449386144,NV.IND.MANF.ZS
GBR,2010,mva_share,9.44927062659089,NV.IND.MANF.ZS
GBR,2011,mva_share,9.32683411729129,NV.IND.MANF.ZS
GBR,2012,mva_share,9.37476041233473,NV.IND.MANF.ZS
GBR,2013,mva_share,9.5981044921613,NV.IND.MANF.ZS
GBR,2014,mva_share,9.44084101572958,NV.IND.MANF.ZS
GBR,2015,mva_share,9.38451755587091,NV.IND.MANF.ZS
GBR,2016,mva_share,9.13168940843145,NV.IND.MANF.ZS
GBR,2017,mva_share,9.04234267998333,NV.IND.MANF.ZS
GBR,2018,mva_share,9.01545847936897,NV.IND.MANF.ZS
GBR,2019,mva_share,8.98151366135499,NV.IND.MANF.ZS
GBR,2020,mva_share,9.08180842652208,NV.IND.MANF.ZS
GBR,2021,mva_share,8.73281920838765,NV.IND.MANF.ZS
GBR,2022,mva_share,7.9613351523025,NV.IND.MANF.ZS
GBR,2023,mva_share,8.22392851588786,NV.IND.MANF.ZS
GBR,2024,mva_share,7.9734900624048,NV.IND.MANF.ZS
GRC,2000,mva_share,9.92055216681413,NV.IND.MANF.ZS
GRC,2001,mva_share,10.4041018423355,NV.IND.MANF.ZS
GRC,2002,mva_share,10.2779206573641,NV.IND.MANF.ZS
GRC,2003,mva_share,9.99578112097906,NV.IND.MANF.ZS
GRC,2004,mva_share,9.6510376633359,NV.IND.MANF.ZS
GRC,2005,mva_share,9.5336846876422,NV.IND.MANF.ZS
GRC,2006,mva_share,9.12922804657747,NV.IND.MANF.ZS
GRC,2007,mva_share,9.02303050102322,NV.IND.MANF.ZS
GRC,2008,mva_share,8.8877488354754,NV.IND.MANF.ZS
GRC,2009,mva_share,8.17174627895914,NV.IND.MANF.ZS
GRC,2010,mva_share,8.02411215210249,NV.IND.MANF.ZS
GRC,2011,mva_share,8.14872583676611,NV.IND.MANF.ZS
GRC,2012,mva_share,8.13642389483796,NV.IND.MANF.ZS
GRC,2013,mva_share,7.78048722385766,NV.IND.MANF.ZS
GRC,2014,mva_share,7.79323131183445,NV.IND.MANF.ZS
GRC,2015,mva_share,8.2939794133625,NV.IND.MANF.ZS
GRC,2016,mva_share,8.1077472947053,NV.IND.MANF.ZS
GRC,2017,mva_share,8.01771265830777,NV.IND.MANF.ZS
GRC,2018,mva_share,8.18182062799694,NV.IND.MANF.ZS
GRC,2019,mva_share,7.83958999296986,NV.IND.MANF.ZS
GRC,2020,mva_share,8.42728042228222,NV.IND.MANF.ZS
GRC,2021,mva_share,8.66558957724326,NV.IND.MANF.ZS
GRC,2022,mva_share,9.72102945141494,NV.IND.MANF.ZS
GRC,2023,mva_share,8.94790333070901,NV.IND.MANF.ZS
GRC,2024,mva_share,9.0658743329958,NV.IND.MANF.ZS
HUN,2000,mva_share,19.0826422002339,NV.IND.MANF.ZS
HUN,2001,mva_share,19.1558164975426,NV.IND.MANF.ZS
HUN,2002,mva_share,18.5495376602771,NV.IND.MANF.ZS
HUN,2003,mva_share,18.5991129842686,NV.IND.MANF.ZS
HUN,2004,mva_share,18.9741244093157,NV.IND.MANF.ZS
HUN,2005,mva_share,19.0344202655372,NV.IND.MANF.ZS
HUN,2006,mva_share,19.7082355529978,NV.IND.MANF.ZS
HUN,2007,mva_share,19.062447799785,NV.IND.MANF.ZS
HUN,2008,mva_share,18.2736513156796,NV.IND.MANF.ZS
HUN,2009,mva_share,17.1623330990864,NV.IND.MANF.ZS
HUN,2010,mva_share,18.1353669170801,NV.IND.MANF.ZS
HUN,2011,mva_share,18.4594533468052,NV.IND.MANF.ZS
HUN,2012,mva_share,18.4937179955194,NV.IND.MANF.ZS
HUN,2013,mva_share,18.7073217770592,NV.IND.MANF.ZS
HUN,2014,mva_share,19.4234614005581,NV.IND.MANF.ZS
HUN,2015,mva_share,20.2076761720927,NV.IND.MANF.ZS
HUN,2016,mva_share,19.5575596990539,NV.IND.MANF.ZS
HUN,2017,mva_share,19.1033927278036,NV.IND.MANF.ZS
HUN,2018,mva_share,18.4028423209229,NV.IND.MANF.ZS
HUN,2019,mva_share,17.3261619988245,NV.IND.MANF.ZS
HUN,2020,mva_share,17.2739907825324,NV.IND.MANF.ZS
HUN,2021,mva_share,16.5270428077403,NV.IND.MANF.ZS
HUN,2022,mva_share,16.7771082108585,NV.IND.MANF.ZS
HUN,2023,mva_share,17.171898542953,NV.IND.MANF.ZS
HUN,2024,mva_share,15.8584652615689,NV.IND.MANF.ZS
IRL,2000,mva_share,23.1191411453819,NV.IND.MANF.ZS
IRL,2001,mva_share,25.2498702300992,NV.IND.MANF.ZS
IRL,2002,mva_share,26.7451104794314,NV.IND.MANF.ZS
IRL,2003,mva_share,23.3585848750379,NV.IND.MANF.ZS
IRL,2004,mva_share,21.1273623143527,NV.IND.MANF.ZS
IRL,2005,mva_share,19.5920796217343,NV.IND.MANF.ZS
IRL,2006,mva_share,18.5730585062774,NV.IND.MANF.ZS
IRL,2007,mva_share,17.97273941003,NV.IND.MANF.ZS
IRL,2008,mva_share,17.5590688877483,NV.IND.MANF.ZS
IRL,2009,mva_share,20.3886883645208,NV.IND.MANF.ZS
IRL,2010,mva_share,19.5087690708651,NV.IND.MANF.ZS
IRL,2011,mva_share,20.5975459335631,NV.IND.MANF.ZS
IRL,2012,mva_share,19.6054663863926,NV.IND.MANF.ZS
IRL,2013,mva_share,19.0761287551304,NV.IND.MANF.ZS
IRL,2014,mva_share,19.58634485518,NV.IND.MANF.ZS
IRL,2015,mva_share,34.8913217286457,NV.IND.MANF.ZS
IRL,2016,mva_share,32.6267738894039,NV.IND.MANF.ZS
IRL,2017,mva_share,32.1593567756814,NV.IND.MANF.ZS
IRL,2018,mva_share,32.7799541366431,NV.IND.MANF.ZS
IRL,2019,mva_share,31.9303074064122,NV.IND.MANF.ZS
IRL,2020,mva_share,33.6151990544761,NV.IND.MANF.ZS
IRL,2021,mva_share,34.3142984743754,NV.IND.MANF.ZS
IRL,2022,mva_share,37.0980377487837,NV.IND.MANF.ZS
IRL,2023,mva_share,29.804552619598,NV.IND.MANF.ZS
IRL,2024,mva_share,29.5649973541217,NV.IND.MANF.ZS
ISL,2000,mva_share,11.3909182308615,NV.IND.MANF.ZS
ISL,2001,mva_share,13.193237760609,NV.IND.MANF.ZS
ISL,2002,mva_share,11.4400157157264,NV.IND.MANF.ZS
ISL,2003,mva_share,10.8268936467123,NV.IND.MANF.ZS
ISL,2004,mva_share,10.3103664186929,NV.IND.MANF.ZS
ISL,2005,mva_share,8.51735873128978,NV.IND.MANF.ZS
ISL,2006,mva_share,8.95060889171145,NV.IND.MANF.ZS
ISL,2007,mva_share,7.70959032019772,NV.IND.MANF.ZS
ISL,2008,mva_share,10.7690926163427,NV.IND.MANF.ZS
ISL,2009,mva_share,10.7884851984213,NV.IND.MANF.ZS
ISL,2010,mva_share,12.8945153143933,NV.IND.MANF.ZS
ISL,2011,mva_share,13.0284841925147,NV.IND.MANF.ZS
ISL,2012,mva_share,11.6113892298717,NV.IND.MANF.ZS
ISL,2013,mva_share,11.125472953448,NV.IND.MANF.ZS
ISL,2014,mva_share,11.4359773183703,NV.IND.MANF.ZS
ISL,2015,mva_share,10.7018863415539,NV.IND.MANF.ZS
ISL,2016,mva_share,9.46751855144686,NV.IND.MANF.ZS
ISL,2017,mva_share,8.7560800924576,NV.IND.MANF.ZS
ISL,2018,mva_share,9.01062785294528,NV.IND.MANF.ZS
ISL,2019,mva_share,8.37833056368743,NV.IND.MANF.ZS
ISL,2020,mva_share,8.84142609706846,NV.IND.MANF.ZS
ISL,2021,mva_share,9.90135217319111,NV.IND.MANF.ZS
ISL,2022,mva_share,9.85678509406482,NV.IND.MANF.ZS
ISL,2023,mva_share,8.46285097357985,NV.IND.MANF.ZS
ISL,2024,mva_share,8.77060035311677,NV.IND.MANF.ZS
ISR,2000,mva_share,16.5594666698272,NV.IND.MANF.ZS
ISR,2001,mva_share,15.2660584204072,NV.IND.MANF.ZS
ISR,2002,mva_share,14.6195517258974,NV.IND.MANF.ZS
ISR,2003,mva_share,14.2145451148657,NV.IND.MANF.ZS
ISR,2004,mva_share,14.0232634217693,NV.IND.MANF.ZS
ISR,2005,mva_share,14.7673362817573,NV.IND.MANF.ZS
ISR,2006,mva_share,15.0283379470689,NV.IND.MANF.ZS
ISR,2007,mva_share,15.3681304031082,NV.IND.MANF.ZS
ISR,2008,mva_share,14.8323485847392,NV.IND.MANF.ZS
ISR,2009,mva_share,13.9998606147828,NV.IND.MANF.ZS
ISR,2010,mva_share,14.043791039316,NV.IND.MANF.ZS
ISR,2011,mva_share,13.5908818669391,NV.IND.MANF.ZS
ISR,2012,mva_share,13.7690007635811,NV.IND.MANF.ZS
ISR,2013,mva_share,12.9828311268844,NV.IND.MANF.ZS
ISR,2014,mva_share,12.5092649781181,NV.IND.MANF.ZS
ISR,2015,mva_share,12.9237212257425,NV.IND.MANF.ZS
ISR,2016,mva_share,12.0961436457446,NV.IND.MANF.ZS
ISR,2017,mva_share,11.5023862456544,NV.IND.MANF.ZS
ISR,2018,mva_share,11.678065693861,NV.IND.MANF.ZS
ISR,2019,mva_share,11.6354672967477,NV.IND.MANF.ZS
ISR,2020,mva_share,12.3190734802149,NV.IND.MANF.ZS
ISR,2021,mva_share,11.9008173223304,NV.IND.MANF.ZS
ISR,2022,mva_share,12.0735689690971,NV.IND.MANF.ZS
ISR,2023,mva_share,11.4833400691841,NV.IND.MANF.ZS
ISR,2024,mva_share,11.2422190872096,NV.IND.MANF.ZS
ITA,2000,mva_share,17.6729403519213,NV.IND.MANF.ZS
ITA,2001,mva_share,17.1970447411482,NV.IND.MANF.ZS
ITA,2002,mva_share,16.8295128748527,NV.IND.MANF.ZS
ITA,2003,mva_share,16.1342045725768,NV.IND.MANF.ZS
ITA,2004,mva_share,15.8737994184263,NV.IND.MANF.ZS
ITA,2005,mva_share,15.5229654911425,NV.IND.MANF.ZS
ITA,2006,mva_share,15.572836404605,NV.IND.MANF.ZS
ITA,2007,mva_share,15.9581664960139,NV.IND.MANF.ZS
ITA,2008,mva_share,15.4805310981416,NV.IND.MANF.ZS
ITA,2009,mva_share,13.6576018738131,NV.IND.MANF.ZS
ITA,2010,mva_share,14.1630798629891,NV.IND.MANF.ZS
ITA,2011,mva_share,14.1319079197052,NV.IND.MANF.ZS
ITA,2012,mva_share,13.7582342074538,NV.IND.MANF.ZS
ITA,2013,mva_share,13.7593478951288,NV.IND.MANF.ZS
ITA,2014,mva_share,13.8362218969996,NV.IND.MANF.ZS
ITA,2015,mva_share,14.2623447666015,NV.IND.MANF.ZS
ITA,2016,mva_share,14.6638600182643,NV.IND.MANF.ZS
ITA,2017,mva_share,14.8167748451842,NV.IND.MANF.ZS
ITA,2018,mva_share,14.9480712750382,NV.IND.MANF.ZS
ITA,2019,mva_share,14.8032822287955,NV.IND.MANF.ZS
ITA,2020,mva_share,14.477256120151,NV.IND.MANF.ZS
ITA,2021,mva_share,15.365300568128,NV.IND.MANF.ZS
ITA,2022,mva_share,15.3822538780623,NV.IND.MANF.ZS
ITA,2023,mva_share,15.4675191310732,NV.IND.MANF.ZS
ITA,2024,mva_share,15.0837463156744,NV.IND.MANF.ZS
JPN,2000,mva_share,22.1763071711397,NV.IND.MANF.ZS
JPN,2001,mva_share,21.1341691111698,NV.IND.MANF.ZS
JPN,2002,mva_share,20.5834886703527,NV.IND.MANF.ZS
JPN,2003,mva_share,20.7289803810477,NV.IND.MANF.ZS
JPN,2004,mva_share,20.9682846642218,NV.IND.MANF.ZS
JPN,2005,mva_share,21.0747523378016,NV.IND.MANF.ZS
JPN,2006,mva_share,21.1496838498907,NV.IND.MANF.ZS
JPN,2007,mva_share,21.7466002143705,NV.IND.MANF.ZS
JPN,2008,mva_share,21.2913565701219,NV.IND.MANF.ZS
JPN,2009,mva_share,19.0562872563114,NV.IND.MANF.ZS
JPN,2010,mva_share,20.8748350451523,NV.IND.MANF.ZS
JPN,2011,mva_share,19.681527391438,NV.IND.MANF.ZS
JPN,2012,mva_share,19.7322355919965,NV.IND.MANF.ZS
JPN,2013,mva_share,19.1807146120723,NV.IND.MANF.ZS
JPN,2014,mva_share,19.4077759157435,NV.IND.MANF.ZS
JPN,2015,mva_share,20.0740179719411,NV.IND.MANF.ZS
JPN,2016,mva_share,20.02776765534,NV.IND.MANF.ZS
JPN,2017,mva_share,20.1439342864069,NV.IND.MANF.ZS
JPN,2018,mva_share,20.3304380979824,NV.IND.MANF.ZS
JPN,2019,mva_share,20.0537040210689,NV.IND.MANF.ZS
JPN,2020,mva_share,19.7836247262101,NV.IND.MANF.ZS
JPN,2021,mva_share,19.6763666364,NV.IND.MANF.ZS
JPN,2022,mva_share,18.8237454364041,NV.IND.MANF.ZS
JPN,2023,mva_share,19.4882904000273,NV.IND.MANF.ZS
JPN,2024,mva_share,18.817440470747,NV.IND.MANF.ZS
KOR,2000,mva_share,26.591050957139,NV.IND.MANF.ZS
KOR,2001,mva_share,25.1376270244517,NV.IND.MANF.ZS
KOR,2002,mva_share,24.7767716060025,NV.IND.MANF.ZS
KOR,2003,mva_share,24.4315182881075,NV.IND.MANF.ZS
KOR,2004,mva_share,26.4144323811178,NV.IND.MANF.ZS
KOR,2005,mva_share,26.0918099370413,NV.IND.MANF.ZS
KOR,2006,mva_share,25.7222784544775,NV.IND.MANF.ZS
KOR,2007,mva_share,25.9241510203287,NV.IND.MANF.ZS
KOR,2008,mva_share,26.0793572324032,NV.IND.MANF.ZS
KOR,2009,mva_share,26.3042343079035,NV.IND.MANF.ZS
KOR,2010,mva_share,28.0990056835275,NV.IND.MANF.ZS
KOR,2011,mva_share,29.0005575131874,NV.IND.MANF.ZS
KOR,2012,mva_share,28.7408682052811,NV.IND.MANF.ZS
KOR,2013,mva_share,28.8654766941182,NV.IND.MANF.ZS
KOR,2014,mva_share,28.2760755546832,NV.IND.MANF.ZS
KOR,2015,mva_share,27.8215922094514,NV.IND.MANF.ZS
KOR,2016,mva_share,27.5129940831191,NV.IND.MANF.ZS
KOR,2017,mva_share,28.0322405682167,NV.IND.MANF.ZS
KOR,2018,mva_share,27.7672237489814,NV.IND.MANF.ZS
KOR,2019,mva_share,26.370175590513,NV.IND.MANF.ZS
KOR,2020,mva_share,25.7002433607737,NV.IND.MANF.ZS
KOR,2021,mva_share,26.2480856022754,NV.IND.MANF.ZS
KOR,2022,mva_share,26.4977408590265,NV.IND.MANF.ZS
KOR,2023,mva_share,25.4551420827792,NV.IND.MANF.ZS
KOR,2024,mva_share,26.6179725157922,NV.IND.MANF.ZS
LTU,2000,mva_share,16.9686972615363,NV.IND.MANF.ZS
LTU,2001,mva_share,17.4044141645943,NV.IND.MANF.ZS
LTU,2002,mva_share,16.4397429311965,NV.IND.MANF.ZS
LTU,2003,mva_share,16.8104383534139,NV.IND.MANF.ZS
LTU,2004,mva_share,18.2411904768666,NV.IND.MANF.ZS
LTU,2005,mva_share,18.3520127917806,NV.IND.MANF.ZS
LTU,2006,mva_share,17.7017452878578,NV.IND.MANF.ZS
LTU,2007,mva_share,15.9468581456595,NV.IND.MANF.ZS
LTU,2008,mva_share,15.705525571996,NV.IND.MANF.ZS
LTU,2009,mva_share,15.071657296282,NV.IND.MANF.ZS
LTU,2010,mva_share,16.9078105053769,NV.IND.MANF.ZS
LTU,2011,mva_share,18.2958187319647,NV.IND.MANF.ZS
LTU,2012,mva_share,18.6694480586007,NV.IND.MANF.ZS
LTU,2013,mva_share,17.663818979093,NV.IND.MANF.ZS
LTU,2014,mva_share,17.4023635016509,NV.IND.MANF.ZS
LTU,2015,mva_share,17.2400398133433,NV.IND.MANF.ZS
LTU,2016,mva_share,16.8071638901065,NV.IND.MANF.ZS
LTU,2017,mva_share,16.7118510614104,NV.IND.MANF.ZS
LTU,2018,mva_share,16.5154267145228,NV.IND.MANF.ZS
LTU,2019,mva_share,16.0026233552419,NV.IND.MANF.ZS
LTU,2020,mva_share,15.4605506017385,NV.IND.MANF.ZS
LTU,2021,mva_share,15.9096094644243,NV.IND.MANF.ZS
LTU,2022,mva_share,16.1675970699657,NV.IND.MANF.ZS
LTU,2023,mva_share,14.9212599140371,NV.IND.MANF.ZS
LTU,2024,mva_share,13.5801958562688,NV.IND.MANF.ZS
LUX,2000,mva_share,9.64250658856247,NV.IND.MANF.ZS
LUX,2001,mva_share,9.13124120913699,NV.IND.MANF.ZS
LUX,2002,mva_share,8.71828752146098,NV.IND.MANF.ZS
LUX,2003,mva_share,8.84008323087325,NV.IND.MANF.ZS
LUX,2004,mva_share,8.29497285627389,NV.IND.MANF.ZS
LUX,2005,mva_share,7.83199081430934,NV.IND.MANF.ZS
LUX,2006,mva_share,7.08196163335645,NV.IND.MANF.ZS
LUX,2007,mva_share,7.96603455462918,NV.IND.MANF.ZS
LUX,2008,mva_share,6.68424013371405,NV.IND.MANF.ZS
LUX,2009,mva_share,4.65244925045344,NV.IND.MANF.ZS
LUX,2010,mva_share,4.96628105063556,NV.IND.MANF.ZS
LUX,2011,mva_share,4.86969137296258,NV.IND.MANF.ZS
LUX,2012,mva_share,4.55662028810496,NV.IND.MANF.ZS
LUX,2013,mva_share,4.55439306028829,NV.IND.MANF.ZS
LUX,2014,mva_share,4.7281297539333,NV.IND.MANF.ZS
LUX,2015,mva_share,5.47955070401141,NV.IND.MANF.ZS
LUX,2016,mva_share,5.79495456061575,NV.IND.MANF.ZS
LUX,2017,mva_share,4.77590351553507,NV.IND.MANF.ZS
LUX,2018,mva_share,4.95924941093589,NV.IND.MANF.ZS
LUX,2019,mva_share,5.04282381983955,NV.IND.MANF.ZS
LUX,2020,mva_share,4.92605331588321,NV.IND.MANF.ZS
LUX,2021,mva_share,4.64520710910134,NV.IND.MANF.ZS
LUX,2022,mva_share,3.91238139846512,NV.IND.MANF.ZS
LUX,2023,mva_share,4.05134136113451,NV.IND.MANF.ZS
LUX,2024,mva_share,3.96294952859285,NV.IND.MANF.ZS
LVA,2000,mva_share,13.9537091959777,NV.IND.MANF.ZS
LVA,2001,mva_share,13.8883453087975,NV.IND.MANF.ZS
LVA,2002,mva_share,13.9945598563914,NV.IND.MANF.ZS
LVA,2003,mva_share,12.938539092798,NV.IND.MANF.ZS
LVA,2004,mva_share,12.7940141138253,NV.IND.MANF.ZS
LVA,2005,mva_share,11.8887264023394,NV.IND.MANF.ZS
LVA,2006,mva_share,11.1445812153528,NV.IND.MANF.ZS
LVA,2007,mva_share,10.5769371584708,NV.IND.MANF.ZS
LVA,2008,mva_share,10.0915253501312,NV.IND.MANF.ZS
LVA,2009,mva_share,10.0042651186499,NV.IND.MANF.ZS
LVA,2010,mva_share,12.1421484860866,NV.IND.MANF.ZS
LVA,2011,mva_share,12.1686319064552,NV.IND.MANF.ZS
LVA,2012,mva_share,11.8129666874934,NV.IND.MANF.ZS
LVA,2013,mva_share,11.5075095213455,NV.IND.MANF.ZS
LVA,2014,mva_share,10.8995654111219,NV.IND.MANF.ZS
LVA,2015,mva_share,10.8460810091263,NV.IND.MANF.ZS
LVA,2016,mva_share,10.5392671306849,NV.IND.MANF.ZS
LVA,2017,mva_share,10.8745823136205,NV.IND.MANF.ZS
LVA,2018,mva_share,10.9412550358406,NV.IND.MANF.ZS
LVA,2019,mva_share,11.022531503956,NV.IND.MANF.ZS
LVA,2020,mva_share,11.4825724036882,NV.IND.MANF.ZS
LVA,2021,mva_share,12.8481117405741,NV.IND.MANF.ZS
LVA,2022,mva_share,11.9852535721668,NV.IND.MANF.ZS
LVA,2023,mva_share,10.8817509638317,NV.IND.MANF.ZS
LVA,2024,mva_share,9.94941789051242,NV.IND.MANF.ZS
MEX,2000,mva_share,21.0445774194384,NV.IND.MANF.ZS
MEX,2001,mva_share,20.0260585605165,NV.IND.MANF.ZS
MEX,2002,mva_share,19.2312267750835,NV.IND.MANF.ZS
MEX,2003,mva_share,18.8280656054789,NV.IND.MANF.ZS
MEX,2004,mva_share,18.8456680143057,NV.IND.MANF.ZS
MEX,2005,mva_share,18.0770795013886,NV.IND.MANF.ZS
MEX,2006,mva_share,18.9990298994882,NV.IND.MANF.ZS
MEX,2007,mva_share,18.2623757830072,NV.IND.MANF.ZS
MEX,2008,mva_share,18.1749137479626,NV.IND.MANF.ZS
MEX,2009,mva_share,17.4331987026258,NV.IND.MANF.ZS
MEX,2010,mva_share,17.8382139158606,NV.IND.MANF.ZS
MEX,2011,mva_share,17.7203860225437,NV.IND.MANF.ZS
MEX,2012,mva_share,18.8000354494769,NV.IND.MANF.ZS
MEX,2013,mva_share,18.1028096283966,NV.IND.MANF.ZS
MEX,2014,mva_share,18.2289217370442,NV.IND.MANF.ZS
MEX,2015,mva_share,19.8234213947421,NV.IND.MANF.ZS
MEX,2016,mva_share,19.8687757882998,NV.IND.MANF.ZS
MEX,2017,mva_share,20.1618224119644,NV.IND.MANF.ZS
MEX,2018,mva_share,20.1893656987831,NV.IND.MANF.ZS
MEX,2019,mva_share,19.8877542722301,NV.IND.MANF.ZS
MEX,2020,mva_share,20.1842735695707,NV.IND.MANF.ZS
MEX,2021,mva_share,20.8358358617373,NV.IND.MANF.ZS
MEX,2022,mva_share,21.48647019504,NV.IND.MANF.ZS
MEX,2023,mva_share,20.4651290537164,NV.IND.MANF.ZS
MEX,2024,mva_share,20.130560879445,NV.IND.MANF.ZS
NLD,2000,mva_share,12.7112215855689,NV.IND.MANF.ZS
NLD,2001,mva_share,12.5154004319368,NV.IND.MANF.ZS
NLD,2002,mva_share,11.908705689589,NV.IND.MANF.ZS
NLD,2003,mva_share,11.4542407181186,NV.IND.MANF.ZS
NLD,2004,mva_share,11.5382082987661,NV.IND.MANF.ZS
NLD,2005,mva_share,11.5918368822791,NV.IND.MANF.ZS
NLD,2006,mva_share,11.2448165271924,NV.IND.MANF.ZS
NLD,2007,mva_share,11.33989000843,NV.IND.MANF.ZS
NLD,2008,mva_share,10.8008764023897,NV.IND.MANF.ZS
NLD,2009,mva_share,9.83729864656213,NV.IND.MANF.ZS
NLD,2010,mva_share,9.77213843383275,NV.IND.MANF.ZS
NLD,2011,mva_share,10.1013242115629,NV.IND.MANF.ZS
NLD,2012,mva_share,10.0607384630343,NV.IND.MANF.ZS
NLD,2013,mva_share,9.64816464758619,NV.IND.MANF.ZS
NLD,2014,mva_share,9.66230344504418,NV.IND.MANF.ZS
NLD,2015,mva_share,10.1488182500805,NV.IND.MANF.ZS
NLD,2016,mva_share,10.2669490054501,NV.IND.MANF.ZS
NLD,2017,mva_share,10.5500219081827,NV.IND.MANF.ZS
NLD,2018,mva_share,10.6594535821754,NV.IND.MANF.ZS
NLD,2019,mva_share,10.420756670246,NV.IND.MANF.ZS
NLD,2020,mva_share,10.4840023369093,NV.IND.MANF.ZS
NLD,2021,mva_share,10.7549772867478,NV.IND.MANF.ZS
NLD,2022,mva_share,10.3475478456863,NV.IND.MANF.ZS
NLD,2023,mva_share,10.4715307489623,NV.IND.MANF.ZS
NLD,2024,mva_share,10.0764749991752,NV.IND.MANF.ZS
NOR,2000,mva_share,9.01871529918776,NV.IND.MANF.ZS
NOR,2001,mva_share,9.07207353809843,NV.IND.MANF.ZS
NOR,2002,mva_share,9.04479343982715,NV.IND.MANF.ZS
NOR,2003,mva_share,9.02238819766689,NV.IND.MANF.ZS
NOR,2004,mva_share,8.67710792106908,NV.IND.MANF.ZS
NOR,2005,mva_share,8.26778168434925,NV.IND.MANF.ZS
NOR,2006,mva_share,8.35083436571221,NV.IND.MANF.ZS
NOR,2007,mva_share,8.35082631870895,NV.IND.MANF.ZS
NOR,2008,mva_share,7.79689154979305,NV.IND.MANF.ZS
NOR,2009,mva_share,7.4509145087914,NV.IND.MANF.ZS
NOR,2010,mva_share,7.24621010498332,NV.IND.MANF.ZS
NOR,2011,mva_share,6.77714201821789,NV.IND.MANF.ZS
NOR,2012,mva_share,6.64241963943732,NV.IND.MANF.ZS
NOR,2013,mva_share,6.61997045955963,NV.IND.MANF.ZS
NOR,2014,mva_share,6.77145597747606,NV.IND.MANF.ZS
NOR,2015,mva_share,6.86959678594939,NV.IND.MANF.ZS
NOR,2016,mva_share,6.53860465289637,NV.IND.MANF.ZS
NOR,2017,mva_share,6.36964089916267,NV.IND.MANF.ZS
NOR,2018,mva_share,6.01150571931844,NV.IND.MANF.ZS
NOR,2019,mva_share,6.14479469538793,NV.IND.MANF.ZS
NOR,2020,mva_share,6.43763409132964,NV.IND.MANF.ZS
NOR,2021,mva_share,5.51381024832847,NV.IND.MANF.ZS
NOR,2022,mva_share,4.77970222585039,NV.IND.MANF.ZS
NOR,2023,mva_share,5.64095594227279,NV.IND.MANF.ZS
NOR,2024,mva_share,5.76760618462887,NV.IND.MANF.ZS
NZL,2000,mva_share,15.5041347140747,NV.IND.MANF.ZS
NZL,2001,mva_share,15.189725899683,NV.IND.MANF.ZS
NZL,2002,mva_share,15.5517417388538,NV.IND.MANF.ZS
NZL,2003,mva_share,14.7181353891296,NV.IND.MANF.ZS
NZL,2004,mva_share,14.5562535989493,NV.IND.MANF.ZS
NZL,2005,mva_share,14.5252459539577,NV.IND.MANF.ZS
NZL,2006,mva_share,13.3101555777773,NV.IND.MANF.ZS
NZL,2007,mva_share,12.3263674982456,NV.IND.MANF.ZS
NZL,2008,mva_share,12.3829941898747,NV.IND.MANF.ZS
NZL,2009,mva_share,10.7438992457809,NV.IND.MANF.ZS
NZL,2010,mva_share,10.8169492190566,NV.IND.MANF.ZS
NZL,2011,mva_share,10.9338435637342,NV.IND.MANF.ZS
NZL,2012,mva_share,10.5897797219328,NV.IND.MANF.ZS
NZL,2013,mva_share,10.2341542188131,NV.IND.MANF.ZS
NZL,2014,mva_share,11.0659467829682,NV.IND.MANF.ZS
NZL,2015,mva_share,11.2800879984655,NV.IND.MANF.ZS
NZL,2016,mva_share,10.0904318998066,NV.IND.MANF.ZS
NZL,2017,mva_share,10.1999539070643,NV.IND.MANF.ZS
NZL,2018,mva_share,9.95918287314664,NV.IND.MANF.ZS
NZL,2019,mva_share,9.67100645867407,NV.IND.MANF.ZS
NZL,2020,mva_share,9.3832174592414,NV.IND.MANF.ZS
NZL,2021,mva_share,8.69296149997073,NV.IND.MANF.ZS
NZL,2022,mva_share,8.91308818638142,NV.IND.MANF.ZS
NZL,2023,mva_share,8.26688384013797,NV.IND.MANF.ZS
POL,2000,mva_share,15.9250946892848,NV.IND.MANF.ZS
POL,2001,mva_share,14.4024296292523,NV.IND.MANF.ZS
POL,2002,mva_share,14.1375374343365,NV.IND.MANF.ZS
POL,2003,mva_share,15.3918642448656,NV.IND.MANF.ZS
POL,2004,mva_share,16.5919693942106,NV.IND.MANF.ZS
POL,2005,mva_share,16.3645570843648,NV.IND.MANF.ZS
POL,2006,mva_share,16.532432747176,NV.IND.MANF.ZS
POL,2007,mva_share,16.6327568667345,NV.IND.MANF.ZS
POL,2008,mva_share,16.5077389592063,NV.IND.MANF.ZS
POL,2009,mva_share,16.6765529453841,NV.IND.MANF.ZS
POL,2010,mva_share,16.1698747962404,NV.IND.MANF.ZS
POL,2011,mva_share,16.1389060287032,NV.IND.MANF.ZS
POL,2012,mva_share,16.5564693800308,NV.IND.MANF.ZS
POL,2013,mva_share,15.5581865074907,NV.IND.MANF.ZS
POL,2014,mva_share,16.9081122802504,NV.IND.MANF.ZS
POL,2015,mva_share,17.6693391336256,NV.IND.MANF.ZS
POL,2016,mva_share,18.2752041844413,NV.IND.MANF.ZS
POL,2017,mva_share,16.8858634359557,NV.IND.MANF.ZS
POL,2018,mva_share,16.4851063076839,NV.IND.MANF.ZS
POL,2019,mva_share,16.6614878848919,NV.IND.MANF.ZS
POL,2020,mva_share,16.2083685829628,NV.IND.MANF.ZS
POL,2021,mva_share,17.3006156636927,NV.IND.MANF.ZS
POL,2022,mva_share,17.6513214118709,NV.IND.MANF.ZS
POL,2023,mva_share,17.4578672165103,NV.IND.MANF.ZS
POL,2024,mva_share,16.0769928111431,NV.IND.MANF.ZS
PRT,2000,mva_share,15.0493373233829,NV.IND.MANF.ZS
PRT,2001,mva_share,14.6778646135093,NV.IND.MANF.ZS
PRT,2002,mva_share,14.1946649466386,NV.IND.MANF.ZS
PRT,2003,mva_share,13.4763371418783,NV.IND.MANF.ZS
PRT,2004,mva_share,13.0527122559748,NV.IND.MANF.ZS
PRT,2005,mva_share,12.5667765338143,NV.IND.MANF.ZS
PRT,2006,mva_share,12.3431980695303,NV.IND.MANF.ZS
PRT,2007,mva_share,12.2436332311567,NV.IND.MANF.ZS
PRT,2008,mva_share,11.9016527163808,NV.IND.MANF.ZS
PRT,2009,mva_share,11.1331653600968,NV.IND.MANF.ZS
PRT,2010,mva_share,11.5851680952185,NV.IND.MANF.ZS
PRT,2011,mva_share,11.328789395701,NV.IND.MANF.ZS
PRT,2012,mva_share,11.3753199190097,NV.IND.MANF.ZS
PRT,2013,mva_share,11.5651993214334,NV.IND.MANF.ZS
PRT,2014,mva_share,11.8414875390346,NV.IND.MANF.ZS
PRT,2015,mva_share,12.2513540948869,NV.IND.MANF.ZS
PRT,2016,mva_share,12.2435166305722,NV.IND.MANF.ZS
PRT,2017,mva_share,12.4309295704729,NV.IND.MANF.ZS
PRT,2018,mva_share,12.322133201471,NV.IND.MANF.ZS
PRT,2019,mva_share,11.9377600515866,NV.IND.MANF.ZS
PRT,2020,mva_share,12.0900462439681,NV.IND.MANF.ZS
PRT,2021,mva_share,12.4429299331489,NV.IND.MANF.ZS
PRT,2022,mva_share,12.4622635474503,NV.IND.MANF.ZS
PRT,2023,mva_share,12.0809802413045,NV.IND.MANF.ZS
PRT,2024,mva_share,11.7478766112798,NV.IND.MANF.ZS
SVK,2000,mva_share,19.6322681308794,NV.IND.MANF.ZS
SVK,2001,mva_share,20.9734263218137,NV.IND.MANF.ZS
SVK,2002,mva_share,19.036925274805,NV.IND.MANF.ZS
SVK,2003,mva_share,19.4176639147255,NV.IND.MANF.ZS
SVK,2004,mva_share,20.0456319107179,NV.IND.MANF.ZS
SVK,2005,mva_share,20.2598119782888,NV.IND.MANF.ZS
SVK,2006,mva_share,20.2270685615696,NV.IND.MANF.ZS
SVK,2007,mva_share,19.8863051371186,NV.IND.MANF.ZS
SVK,2008,mva_share,18.5258978177826,NV.IND.MANF.ZS
SVK,2009,mva_share,14.6849665040937,NV.IND.MANF.ZS
SVK,2010,mva_share,17.1362690628545,NV.IND.MANF.ZS
SVK,2011,mva_share,17.408841685454,NV.IND.MANF.ZS
SVK,2012,mva_share,17.2745943049528,NV.IND.MANF.ZS
SVK,2013,mva_share,16.6679619490037,NV.IND.MANF.ZS
SVK,2014,mva_share,18.5341754362134,NV.IND.MANF.ZS
SVK,2015,mva_share,18.8287638047366,NV.IND.MANF.ZS
SVK,2016,mva_share,17.7674522396181,NV.IND.MANF.ZS
SVK,2017,mva_share,17.1198654148987,NV.IND.MANF.ZS
SVK,2018,mva_share,18.107047254531,NV.IND.MANF.ZS
SVK,2019,mva_share,18.7020217269875,NV.IND.MANF.ZS
SVK,2020,mva_share,17.5406369148503,NV.IND.MANF.ZS
SVK,2021,mva_share,16.6273511795662,NV.IND.MANF.ZS
SVK,2022,mva_share,17.3506431084601,NV.IND.MANF.ZS
SVK,2023,mva_share,16.8469462095189,NV.IND.MANF.ZS
SVK,2024,mva_share,16.327904870625,NV.IND.MANF.ZS
SVN,2000,mva_share,21.6596643590193,NV.IND.MANF.ZS
SVN,2001,mva_share,21.9778432677268,NV.IND.MANF.ZS
SVN,2002,mva_share,21.6091778196104,NV.IND.MANF.ZS
SVN,2003,mva_share,21.7454444286598,NV.IND.MANF.ZS
SVN,2004,mva_share,21.4741823940668,NV.IND.MANF.ZS
SVN,2005,mva_share,20.6496350758894,NV.IND.MANF.ZS
SVN,2006,mva_share,20.4730009548022,NV.IND.MANF.ZS
SVN,2007,mva_share,20.3508272583588,NV.IND.MANF.ZS
SVN,2008,mva_share,19.1934360541162,NV.IND.MANF.ZS
SVN,2009,mva_share,17.1576001115702,NV.IND.MANF.ZS
SVN,2010,mva_share,17.4961882930793,NV.IND.MANF.ZS
SVN,2011,mva_share,18.196846937948,NV.IND.MANF.ZS
SVN,2012,mva_share,18.7169143022718,NV.IND.MANF.ZS
SVN,2013,mva_share,19.1692650538617,NV.IND.MANF.ZS
SVN,2014,mva_share,19.6425391528278,NV.IND.MANF.ZS
SVN,2015,mva_share,19.9837917138592,NV.IND.MANF.ZS
SVN,2016,mva_share,20.2309490466323,NV.IND.MANF.ZS
SVN,2017,mva_share,20.6408219046834,NV.IND.MANF.ZS
SVN,2018,mva_share,20.4061968964047,NV.IND.MANF.ZS
SVN,2019,mva_share,20.5744094031508,NV.IND.MANF.ZS
SVN,2020,mva_share,20.5177897656073,NV.IND.MANF.ZS
SVN,2021,mva_share,19.9228972672545,NV.IND.MANF.ZS
SVN,2022,mva_share,19.934678378123,NV.IND.MANF.ZS
SVN,2023,mva_share,19.5198398726195,NV.IND.MANF.ZS
SVN,2024,mva_share,19.3670698018374,NV.IND.MANF.ZS
SWE,2000,mva_share,19.858143662235,NV.IND.MANF.ZS
SWE,2001,mva_share,18.9690208816409,NV.IND.MANF.ZS
SWE,2002,mva_share,18.6122752817728,NV.IND.MANF.ZS
SWE,2003,mva_share,17.8650778667437,NV.IND.MANF.ZS
SWE,2004,mva_share,17.1592852901607,NV.IND.MANF.ZS
SWE,2005,mva_share,16.9320292559906,NV.IND.MANF.ZS
SWE,2006,mva_share,16.8396846318154,NV.IND.MANF.ZS
SWE,2007,mva_share,16.8640469063006,NV.IND.MANF.ZS
SWE,2008,mva_share,15.5566555705358,NV.IND.MANF.ZS
SWE,2009,mva_share,13.7785619416781,NV.IND.MANF.ZS
SWE,2010,mva_share,14.9200876020762,NV.IND.MANF.ZS
SWE,2011,mva_share,14.7658035471118,NV.IND.MANF.ZS
SWE,2012,mva_share,14.075787455749,NV.IND.MANF.ZS
SWE,2013,mva_share,13.3620553717027,NV.IND.MANF.ZS
SWE,2014,mva_share,13.0439345797552,NV.IND.MANF.ZS
SWE,2015,mva_share,13.7574995225643,NV.IND.MANF.ZS
SWE,2016,mva_share,13.5121304151952,NV.IND.MANF.ZS
SWE,2017,mva_share,13.3499842845446,NV.IND.MANF.ZS
SWE,2018,mva_share,13.4279172772114,NV.IND.MANF.ZS
SWE,2019,mva_share,13.1846571322397,NV.IND.MANF.ZS
SWE,2020,mva_share,12.6551436257382,NV.IND.MANF.ZS
SWE,2021,mva_share,12.8992240335489,NV.IND.MANF.ZS
SWE,2022,mva_share,13.686213930746,NV.IND.MANF.ZS
SWE,2023,mva_share,13.3941389054248,NV.IND.MANF.ZS
SWE,2024,mva_share,13.0688641772728,NV.IND.MANF.ZS
TUR,2000,mva_share,18.7151922238983,NV.IND.MANF.ZS
TUR,2001,mva_share,17.7333900105769,NV.IND.MANF.ZS
TUR,2002,mva_share,16.968714485741,NV.IND.MANF.ZS
TUR,2003,mva_share,17.160796039884,NV.IND.MANF.ZS
TUR,2004,mva_share,17.0049348136258,NV.IND.MANF.ZS
TUR,2005,mva_share,16.9654070152769,NV.IND.MANF.ZS
TUR,2006,mva_share,17.128017347193,NV.IND.MANF.ZS
TUR,2007,mva_share,16.8723813093296,NV.IND.MANF.ZS
TUR,2008,mva_share,16.3362608475528,NV.IND.MANF.ZS
TUR,2009,mva_share,15.2130500089068,NV.IND.MANF.ZS
TUR,2010,mva_share,15.1158365547928,NV.IND.MANF.ZS
TUR,2011,mva_share,16.5303098311021,NV.IND.MANF.ZS
TUR,2012,mva_share,15.9402307745547,NV.IND.MANF.ZS
TUR,2013,mva_share,16.4008846890319,NV.IND.MANF.ZS
TUR,2014,mva_share,16.9058575089632,NV.IND.MANF.ZS
TUR,2015,mva_share,16.7689719715354,NV.IND.MANF.ZS
TUR,2016,mva_share,16.8380121277676,NV.IND.MANF.ZS
TUR,2017,mva_share,17.5741769956451,NV.IND.MANF.ZS
TUR,2018,mva_share,18.9095014162052,NV.IND.MANF.ZS
TUR,2019,mva_share,18.2598551795211,NV.IND.MANF.ZS
TUR,2020,mva_share,19.0347706467316,NV.IND.MANF.ZS
TUR,2021,mva_share,22.1239158921094,NV.IND.MANF.ZS
TUR,2022,mva_share,21.8019507331825,NV.IND.MANF.ZS
TUR,2023,mva_share,19.4686514459728,NV.IND.MANF.ZS
TUR,2024,mva_share,16.8424801408013,NV.IND.MANF.ZS
USA,2000,mva_share,15.1150690882174,NV.IND.MANF.ZS
USA,2001,mva_share,13.9193104206237,NV.IND.MANF.ZS
USA,2002,mva_share,13.4528837394598,NV.IND.MANF.ZS
USA,2003,mva_share,13.3165025029569,NV.IND.MANF.ZS
USA,2004,mva_share,13.1741780601703,NV.IND.MANF.ZS
USA,2005,mva_share,12.9833217030159,NV.IND.MANF.ZS
USA,2006,mva_share,12.9907263775984,NV.IND.MANF.ZS
USA,2007,mva_share,12.7697556443079,NV.IND.MANF.ZS
USA,2008,mva_share,12.2167268184361,NV.IND.MANF.ZS
USA,2009,mva_share,11.6987879252113,NV.IND.MANF.ZS
USA,2010,mva_share,11.9060799107128,NV.IND.MANF.ZS
USA,2011,mva_share,11.9472438629074,NV.IND.MANF.ZS
USA,2012,mva_share,11.8575622570978,NV.IND.MANF.ZS
USA,2013,mva_share,11.7719128367022,NV.IND.MANF.ZS
USA,2014,mva_share,11.6174420373125,NV.IND.MANF.ZS
USA,2015,mva_share,11.6055807430427,NV.IND.MANF.ZS
USA,2016,mva_share,11.1581029329942,NV.IND.MANF.ZS
USA,2017,mva_share,11.1814907295506,NV.IND.MANF.ZS
USA,2018,mva_share,11.2802494089516,NV.IND.MANF.ZS
USA,2019,mva_share,10.9764075104612,NV.IND.MANF.ZS
USA,2020,mva_share,10.4725237062381,NV.IND.MANF.ZS
USA,2021,mva_share,10.5250313827085,NV.IND.MANF.ZS
AUS,2000,pat_nonres,20073.0,IP.PAT.NRES
AUS,2001,pat_nonres,20548.0,IP.PAT.NRES
AUS,2002,pat_nonres,20181.0,IP.PAT.NRES
AUS,2003,pat_nonres,19176.0,IP.PAT.NRES
AUS,2004,pat_nonres,20274.0,IP.PAT.NRES
AUS,2005,pat_nonres,21302.0,IP.PAT.NRES
AUS,2006,pat_nonres,23166.0,IP.PAT.NRES
AUS,2007,pat_nonres,24122.0,IP.PAT.NRES
AUS,2008,pat_nonres,23525.0,IP.PAT.NRES
AUS,2009,pat_nonres,21187.0,IP.PAT.NRES
AUS,2010,pat_nonres,22478.0,IP.PAT.NRES
AUS,2011,pat_nonres,23143.0,IP.PAT.NRES
AUS,2012,pat_nonres,23731.0,IP.PAT.NRES
AUS,2013,pat_nonres,26656.0,IP.PAT.NRES
AUS,2014,pat_nonres,23968.0,IP.PAT.NRES
AUS,2015,pat_nonres,26314.0,IP.PAT.NRES
AUS,2016,pat_nonres,25774.0,IP.PAT.NRES
AUS,2017,pat_nonres,26403.0,IP.PAT.NRES
AUS,2018,pat_nonres,27200.0,IP.PAT.NRES
AUS,2019,pat_nonres,27121.0,IP.PAT.NRES
AUS,2020,pat_nonres,26926.0,IP.PAT.NRES
AUS,2021,pat_nonres,29443.0,IP.PAT.NRES
AUT,2000,pat_nonres,340.0,IP.PAT.NRES
AUT,2001,pat_nonres,284.0,IP.PAT.NRES
AUT,2002,pat_nonres,329.0,IP.PAT.NRES
AUT,2003,pat_nonres,213.0,IP.PAT.NRES
AUT,2004,pat_nonres,266.0,IP.PAT.NRES
AUT,2005,pat_nonres,235.0,IP.PAT.NRES
AUT,2006,pat_nonres,378.0,IP.PAT.NRES
AUT,2007,pat_nonres,287.0,IP.PAT.NRES
AUT,2008,pat_nonres,329.0,IP.PAT.NRES
AUT,2009,pat_nonres,292.0,IP.PAT.NRES
AUT,2010,pat_nonres,249.0,IP.PAT.NRES
AUT,2011,pat_nonres,276.0,IP.PAT.NRES
AUT,2012,pat_nonres,294.0,IP.PAT.NRES
AUT,2013,pat_nonres,244.0,IP.PAT.NRES
AUT,2014,pat_nonres,271.0,IP.PAT.NRES
AUT,2015,pat_nonres,236.0,IP.PAT.NRES
AUT,2016,pat_nonres,237.0,IP.PAT.NRES
AUT,2017,pat_nonres,232.0,IP.PAT.NRES
AUT,2018,pat_nonres,168.0,IP.PAT.NRES
AUT,2019,pat_nonres,208.0,IP.PAT.NRES
AUT,2020,pat_nonres,173.0,IP.PAT.NRES
AUT,2021,pat_nonres,175.0,IP.PAT.NRES
BEL,2000,pat_nonres,243.0,IP.PAT.NRES
BEL,2001,pat_nonres,264.0,IP.PAT.NRES
BEL,2002,pat_nonres,147.0,IP.PAT.NRES
BEL,2003,pat_nonres,188.0,IP.PAT.NRES
BEL,2004,pat_nonres,122.0,IP.PAT.NRES
BEL,2005,pat_nonres,105.0,IP.PAT.NRES
BEL,2006,pat_nonres,161.0,IP.PAT.NRES
BEL,2007,pat_nonres,163.0,IP.PAT.NRES
BEL,2008,pat_nonres,133.0,IP.PAT.NRES
BEL,2009,pat_nonres,148.0,IP.PAT.NRES
BEL,2010,pat_nonres,140.0,IP.PAT.NRES
BEL,2011,pat_nonres,127.0,IP.PAT.NRES
BEL,2012,pat_nonres,127.0,IP.PAT.NRES
BEL,2013,pat_nonres,161.0,IP.PAT.NRES
BEL,2014,pat_nonres,137.0,IP.PAT.NRES
BEL,2015,pat_nonres,148.0,IP.PAT.NRES
BEL,2016,pat_nonres,119.0,IP.PAT.NRES
BEL,2017,pat_nonres,216.0,IP.PAT.NRES
BEL,2018,pat_nonres,218.0,IP.PAT.NRES
BEL,2019,pat_nonres,257.0,IP.PAT.NRES
BEL,2020,pat_nonres,288.0,IP.PAT.NRES
BEL,2021,pat_nonres,415.0,IP.PAT.NRES
CAN,2000,pat_nonres,35435.0,IP.PAT.NRES
CAN,2001,pat_nonres,35753.0,IP.PAT.NRES
CAN,2002,pat_nonres,35782.0,IP.PAT.NRES
CAN,2003,pat_nonres,33299.0,IP.PAT.NRES
CAN,2004,pat_nonres,32970.0,IP.PAT.NRES
CAN,2005,pat_nonres,34705.0,IP.PAT.NRES
CAN,2006,pat_nonres,36516.0,IP.PAT.NRES
CAN,2007,pat_nonres,35133.0,IP.PAT.NRES
CAN,2008,pat_nonres,37028.0,IP.PAT.NRES
CAN,2009,pat_nonres,32410.0,IP.PAT.NRES
CAN,2010,pat_nonres,30899.0,IP.PAT.NRES
CAN,2011,pat_nonres,30357.0,IP.PAT.NRES
CAN,2012,pat_nonres,30533.0,IP.PAT.NRES
CAN,2013,pat_nonres,30174.0,IP.PAT.NRES
CAN,2014,pat_nonres,31283.0,IP.PAT.NRES
CAN,2015,pat_nonres,32687.0,IP.PAT.NRES
CAN,2016,pat_nonres,30667.0,IP.PAT.NRES
CAN,2017,pat_nonres,30969.0,IP.PAT.NRES
CAN,2018,pat_nonres,31812.0,IP.PAT.NRES
CAN,2019,pat_nonres,32250.0,IP.PAT.NRES
CAN,2020,pat_nonres,30113.0,IP.PAT.NRES
CAN,2021,pat_nonres,32445.0,IP.PAT.NRES
CHE,2000,pat_nonres,468.0,IP.PAT.NRES
CHE,2001,pat_nonres,594.0,IP.PAT.NRES
CHE,2002,pat_nonres,466.0,IP.PAT.NRES
CHE,2003,pat_nonres,396.0,IP.PAT.NRES
CHE,2004,pat_nonres,434.0,IP.PAT.NRES
CHE,2005,pat_nonres,455.0,IP.PAT.NRES
CHE,2006,pat_nonres,362.0,IP.PAT.NRES
CHE,2007,pat_nonres,342.0,IP.PAT.NRES
CHE,2008,pat_nonres,439.0,IP.PAT.NRES
CHE,2009,pat_nonres,394.0,IP.PAT.NRES
CHE,2010,pat_nonres,533.0,IP.PAT.NRES
CHE,2011,pat_nonres,446.0,IP.PAT.NRES
CHE,2012,pat_nonres,1508.0,IP.PAT.NRES
CHE,2013,pat_nonres,631.0,IP.PAT.NRES
CHE,2014,pat_nonres,568.0,IP.PAT.NRES
CHE,2015,pat_nonres,446.0,IP.PAT.NRES
CHE,2016,pat_nonres,309.0,IP.PAT.NRES
CHE,2017,pat_nonres,291.0,IP.PAT.NRES
CHE,2018,pat_nonres,332.0,IP.PAT.NRES
CHE,2019,pat_nonres,348.0,IP.PAT.NRES
CHE,2020,pat_nonres,301.0,IP.PAT.NRES
CHE,2021,pat_nonres,267.0,IP.PAT.NRES
CHL,2000,pat_nonres,2879.0,IP.PAT.NRES
CHL,2001,pat_nonres,2504.0,IP.PAT.NRES
CHL,2002,pat_nonres,2147.0,IP.PAT.NRES
CHL,2003,pat_nonres,2076.0,IP.PAT.NRES
CHL,2004,pat_nonres,2485.0,IP.PAT.NRES
CHL,2005,pat_nonres,2646.0,IP.PAT.NRES
CHL,2006,pat_nonres,2924.0,IP.PAT.NRES
CHL,2007,pat_nonres,3403.0,IP.PAT.NRES
CHL,2008,pat_nonres,3421.0,IP.PAT.NRES
CHL,2009,pat_nonres,1374.0,IP.PAT.NRES
CHL,2010,pat_nonres,748.0,IP.PAT.NRES
CHL,2011,pat_nonres,2453.0,IP.PAT.NRES
CHL,2012,pat_nonres,2683.0,IP.PAT.NRES
CHL,2013,pat_nonres,2732.0,IP.PAT.NRES
CHL,2014,pat_nonres,2653.0,IP.PAT.NRES
CHL,2015,pat_nonres,2831.0,IP.PAT.NRES
CHL,2016,pat_nonres,2521.0,IP.PAT.NRES
CHL,2017,pat_nonres,2469.0,IP.PAT.NRES
CHL,2018,pat_nonres,2694.0,IP.PAT.NRES
CHL,2019,pat_nonres,2799.0,IP.PAT.NRES
CHL,2020,pat_nonres,2433.0,IP.PAT.NRES
CHL,2021,pat_nonres,2680.0,IP.PAT.NRES
CHN,2000,pat_nonres,26560.0,IP.PAT.NRES
CHN,2001,pat_nonres,33412.0,IP.PAT.NRES
CHN,2002,pat_nonres,40426.0,IP.PAT.NRES
CHN,2003,pat_nonres,48548.0,IP.PAT.NRES
CHN,2004,pat_nonres,64598.0,IP.PAT.NRES
CHN,2005,pat_nonres,79842.0,IP.PAT.NRES
CHN,2006,pat_nonres,88183.0,IP.PAT.NRES
CHN,2007,pat_nonres,92101.0,IP.PAT.NRES
CHN,2008,pat_nonres,95259.0,IP.PAT.NRES
CHN,2009,pat_nonres,85508.0,IP.PAT.NRES
CHN,2010,pat_nonres,98111.0,IP.PAT.NRES
CHN,2011,pat_nonres,110583.0,IP.PAT.NRES
CHN,2012,pat_nonres,117464.0,IP.PAT.NRES
CHN,2013,pat_nonres,120200.0,IP.PAT.NRES
CHN,2014,pat_nonres,127042.0,IP.PAT.NRES
CHN,2015,pat_nonres,133612.0,IP.PAT.NRES
CHN,2016,pat_nonres,133522.0,IP.PAT.NRES
CHN,2017,pat_nonres,135885.0,IP.PAT.NRES
CHN,2018,pat_nonres,148187.0,IP.PAT.NRES
CHN,2019,pat_nonres,157093.0,IP.PAT.NRES
CHN,2020,pat_nonres,152342.0,IP.PAT.NRES
CHN,2021,pat_nonres,159019.0,IP.PAT.NRES
COL,2000,pat_nonres,1694.0,IP.PAT.NRES
COL,2001,pat_nonres,432.0,IP.PAT.NRES
COL,2002,pat_nonres,858.0,IP.PAT.NRES
COL,2003,pat_nonres,1127.0,IP.PAT.NRES
COL,2004,pat_nonres,1365.0,IP.PAT.NRES
COL,2005,pat_nonres,1662.0,IP.PAT.NRES
COL,2006,pat_nonres,1861.0,IP.PAT.NRES
COL,2007,pat_nonres,1862.0,IP.PAT.NRES
COL,2008,pat_nonres,1818.0,IP.PAT.NRES
COL,2009,pat_nonres,1551.0,IP.PAT.NRES
COL,2010,pat_nonres,1739.0,IP.PAT.NRES
COL,2011,pat_nonres,1770.0,IP.PAT.NRES
COL,2012,pat_nonres,1848.0,IP.PAT.NRES
COL,2013,pat_nonres,1781.0,IP.PAT.NRES
COL,2014,pat_nonres,1898.0,IP.PAT.NRES
COL,2015,pat_nonres,1921.0,IP.PAT.NRES
COL,2016,pat_nonres,1658.0,IP.PAT.NRES
COL,2017,pat_nonres,1777.0,IP.PAT.NRES
COL,2018,pat_nonres,1808.0,IP.PAT.NRES
COL,2019,pat_nonres,1735.0,IP.PAT.NRES
COL,2020,pat_nonres,1752.0,IP.PAT.NRES
COL,2021,pat_nonres,1855.0,IP.PAT.NRES
CRI,2000,pat_nonres,47.0,IP.PAT.NRES
CRI,2001,pat_nonres,191.0,IP.PAT.NRES
CRI,2002,pat_nonres,220.0,IP.PAT.NRES
CRI,2003,pat_nonres,238.0,IP.PAT.NRES
CRI,2004,pat_nonres,294.0,IP.PAT.NRES
CRI,2005,pat_nonres,423.0,IP.PAT.NRES
CRI,2006,pat_nonres,571.0,IP.PAT.NRES
CRI,2007,pat_nonres,647.0,IP.PAT.NRES
CRI,2008,pat_nonres,774.0,IP.PAT.NRES
CRI,2009,pat_nonres,507.0,IP.PAT.NRES
CRI,2010,pat_nonres,606.0,IP.PAT.NRES
CRI,2011,pat_nonres,610.0,IP.PAT.NRES
CRI,2012,pat_nonres,578.0,IP.PAT.NRES
CRI,2013,pat_nonres,580.0,IP.PAT.NRES
CRI,2014,pat_nonres,529.0,IP.PAT.NRES
CRI,2015,pat_nonres,582.0,IP.PAT.NRES
CRI,2016,pat_nonres,497.0,IP.PAT.NRES
CRI,2017,pat_nonres,504.0,IP.PAT.NRES
CRI,2018,pat_nonres,490.0,IP.PAT.NRES
CRI,2019,pat_nonres,483.0,IP.PAT.NRES
CRI,2020,pat_nonres,524.0,IP.PAT.NRES
CRI,2021,pat_nonres,566.0,IP.PAT.NRES
CZE,2000,pat_nonres,4384.0,IP.PAT.NRES
CZE,2001,pat_nonres,4184.0,IP.PAT.NRES
CZE,2002,pat_nonres,5031.0,IP.PAT.NRES
CZE,2003,pat_nonres,2954.0,IP.PAT.NRES
CZE,2004,pat_nonres,629.0,IP.PAT.NRES
CZE,2005,pat_nonres,244.0,IP.PAT.NRES
CZE,2006,pat_nonres,195.0,IP.PAT.NRES
CZE,2007,pat_nonres,192.0,IP.PAT.NRES
CZE,2008,pat_nonres,142.0,IP.PAT.NRES
CZE,2009,pat_nonres,92.0,IP.PAT.NRES
CZE,2010,pat_nonres,114.0,IP.PAT.NRES
CZE,2011,pat_nonres,97.0,IP.PAT.NRES
CZE,2012,pat_nonres,150.0,IP.PAT.NRES
CZE,2013,pat_nonres,97.0,IP.PAT.NRES
CZE,2014,pat_nonres,62.0,IP.PAT.NRES
CZE,2015,pat_nonres,72.0,IP.PAT.NRES
CZE,2016,pat_nonres,47.0,IP.PAT.NRES
CZE,2017,pat_nonres,66.0,IP.PAT.NRES
CZE,2018,pat_nonres,54.0,IP.PAT.NRES
CZE,2019,pat_nonres,48.0,IP.PAT.NRES
CZE,2020,pat_nonres,56.0,IP.PAT.NRES
CZE,2021,pat_nonres,59.0,IP.PAT.NRES
DEU,2000,pat_nonres,10406.0,IP.PAT.NRES
DEU,2001,pat_nonres,10486.0,IP.PAT.NRES
DEU,2002,pat_nonres,10589.0,IP.PAT.NRES
DEU,2003,pat_nonres,10663.0,IP.PAT.NRES
DEU,2004,pat_nonres,10786.0,IP.PAT.NRES
DEU,2005,pat_nonres,11855.0,IP.PAT.NRES
DEU,2006,pat_nonres,12573.0,IP.PAT.NRES
DEU,2007,pat_nonres,13139.0,IP.PAT.NRES
DEU,2008,pat_nonres,13177.0,IP.PAT.NRES
DEU,2009,pat_nonres,11724.0,IP.PAT.NRES
DEU,2010,pat_nonres,12198.0,IP.PAT.NRES
DEU,2011,pat_nonres,12458.0,IP.PAT.NRES
DEU,2012,pat_nonres,14720.0,IP.PAT.NRES
DEU,2013,pat_nonres,15814.0,IP.PAT.NRES
DEU,2014,pat_nonres,17811.0,IP.PAT.NRES
DEU,2015,pat_nonres,19509.0,IP.PAT.NRES
DEU,2016,pat_nonres,19419.0,IP.PAT.NRES
DEU,2017,pat_nonres,19927.0,IP.PAT.NRES
DEU,2018,pat_nonres,21281.0,IP.PAT.NRES
DEU,2019,pat_nonres,20802.0,IP.PAT.NRES
DEU,2020,pat_nonres,19845.0,IP.PAT.NRES
DEU,2021,pat_nonres,18747.0,IP.PAT.NRES
DNK,2000,pat_nonres,140.0,IP.PAT.NRES
DNK,2001,pat_nonres,188.0,IP.PAT.NRES
DNK,2002,pat_nonres,169.0,IP.PAT.NRES
DNK,2003,pat_nonres,153.0,IP.PAT.NRES
DNK,2004,pat_nonres,138.0,IP.PAT.NRES
DNK,2005,pat_nonres,165.0,IP.PAT.NRES
DNK,2006,pat_nonres,188.0,IP.PAT.NRES
DNK,2007,pat_nonres,197.0,IP.PAT.NRES
DNK,2008,pat_nonres,195.0,IP.PAT.NRES
DNK,2009,pat_nonres,131.0,IP.PAT.NRES
DNK,2010,pat_nonres,142.0,IP.PAT.NRES
DNK,2011,pat_nonres,197.0,IP.PAT.NRES
DNK,2012,pat_nonres,229.0,IP.PAT.NRES
DNK,2013,pat_nonres,193.0,IP.PAT.NRES
DNK,2014,pat_nonres,206.0,IP.PAT.NRES
DNK,2015,pat_nonres,270.0,IP.PAT.NRES
DNK,2016,pat_nonres,298.0,IP.PAT.NRES
DNK,2017,pat_nonres,282.0,IP.PAT.NRES
DNK,2018,pat_nonres,239.0,IP.PAT.NRES
DNK,2019,pat_nonres,228.0,IP.PAT.NRES
DNK,2020,pat_nonres,217.0,IP.PAT.NRES
DNK,2021,pat_nonres,186.0,IP.PAT.NRES
ESP,2000,pat_nonres,484.0,IP.PAT.NRES
ESP,2001,pat_nonres,467.0,IP.PAT.NRES
ESP,2002,pat_nonres,371.0,IP.PAT.NRES
ESP,2003,pat_nonres,367.0,IP.PAT.NRES
ESP,2004,pat_nonres,313.0,IP.PAT.NRES
ESP,2005,pat_nonres,313.0,IP.PAT.NRES
ESP,2006,pat_nonres,316.0,IP.PAT.NRES
ESP,2007,pat_nonres,265.0,IP.PAT.NRES
ESP,2008,pat_nonres,252.0,IP.PAT.NRES
ESP,2009,pat_nonres,207.0,IP.PAT.NRES
ESP,2010,pat_nonres,213.0,IP.PAT.NRES
ESP,2011,pat_nonres,196.0,IP.PAT.NRES
ESP,2012,pat_nonres,209.0,IP.PAT.NRES
ESP,2013,pat_nonres,218.0,IP.PAT.NRES
ESP,2014,pat_nonres,225.0,IP.PAT.NRES
ESP,2015,pat_nonres,221.0,IP.PAT.NRES
ESP,2016,pat_nonres,177.0,IP.PAT.NRES
ESP,2017,pat_nonres,176.0,IP.PAT.NRES
ESP,2018,pat_nonres,149.0,IP.PAT.NRES
ESP,2019,pat_nonres,159.0,IP.PAT.NRES
ESP,2020,pat_nonres,124.0,IP.PAT.NRES
ESP,2021,pat_nonres,126.0,IP.PAT.NRES
EST,2000,pat_nonres,791.0,IP.PAT.NRES
EST,2001,pat_nonres,699.0,IP.PAT.NRES
EST,2002,pat_nonres,700.0,IP.PAT.NRES
EST,2003,pat_nonres,584.0,IP.PAT.NRES
EST,2004,pat_nonres,97.0,IP.PAT.NRES
EST,2005,pat_nonres,15.0,IP.PAT.NRES
EST,2006,pat_nonres,9.0,IP.PAT.NRES
EST,2007,pat_nonres,19.0,IP.PAT.NRES
EST,2008,pat_nonres,10.0,IP.PAT.NRES
EST,2009,pat_nonres,20.0,IP.PAT.NRES
EST,2010,pat_nonres,13.0,IP.PAT.NRES
EST,2011,pat_nonres,15.0,IP.PAT.NRES
EST,2012,pat_nonres,5.0,IP.PAT.NRES
EST,2013,pat_nonres,17.0,IP.PAT.NRES
EST,2014,pat_nonres,6.0,IP.PAT.NRES
EST,2015,pat_nonres,6.0,IP.PAT.NRES
EST,2016,pat_nonres,1.0,IP.PAT.NRES
EST,2017,pat_nonres,4.0,IP.PAT.NRES
EST,2018,pat_nonres,6.0,IP.PAT.NRES
EST,2019,pat_nonres,1.0,IP.PAT.NRES
EST,2020,pat_nonres,2.0,IP.PAT.NRES
EST,2021,pat_nonres,1.0,IP.PAT.NRES
FIN,2000,pat_nonres,324.0,IP.PAT.NRES
FIN,2001,pat_nonres,270.0,IP.PAT.NRES
FIN,2002,pat_nonres,207.0,IP.PAT.NRES
FIN,2003,pat_nonres,215.0,IP.PAT.NRES
FIN,2004,pat_nonres,209.0,IP.PAT.NRES
FIN,2005,pat_nonres,229.0,IP.PAT.NRES
FIN,2006,pat_nonres,202.0,IP.PAT.NRES
FIN,2007,pat_nonres,211.0,IP.PAT.NRES
FIN,2008,pat_nonres,147.0,IP.PAT.NRES
FIN,2009,pat_nonres,127.0,IP.PAT.NRES
FIN,2010,pat_nonres,102.0,IP.PAT.NRES
FIN,2011,pat_nonres,124.0,IP.PAT.NRES
FIN,2012,pat_nonres,129.0,IP.PAT.NRES
FIN,2013,pat_nonres,141.0,IP.PAT.NRES
FIN,2014,pat_nonres,126.0,IP.PAT.NRES
FIN,2015,pat_nonres,127.0,IP.PAT.NRES
FIN,2016,pat_nonres,108.0,IP.PAT.NRES
FIN,2017,pat_nonres,139.0,IP.PAT.NRES
FIN,2018,pat_nonres,100.0,IP.PAT.NRES
FIN,2019,pat_nonres,75.0,IP.PAT.NRES
FIN,2020,pat_nonres,97.0,IP.PAT.NRES
FIN,2021,pat_nonres,105.0,IP.PAT.NRES
FRA,2000,pat_nonres,3483.0,IP.PAT.NRES
FRA,2001,pat_nonres,3605.0,IP.PAT.NRES
FRA,2002,pat_nonres,3389.0,IP.PAT.NRES
FRA,2003,pat_nonres,3339.0,IP.PAT.NRES
FRA,2004,pat_nonres,3060.0,IP.PAT.NRES
FRA,2005,pat_nonres,2948.0,IP.PAT.NRES
FRA,2006,pat_nonres,2720.0,IP.PAT.NRES
FRA,2007,pat_nonres,2387.0,IP.PAT.NRES
FRA,2008,pat_nonres,1761.0,IP.PAT.NRES
FRA,2009,pat_nonres,1593.0,IP.PAT.NRES
FRA,2010,pat_nonres,1832.0,IP.PAT.NRES
FRA,2011,pat_nonres,2099.0,IP.PAT.NRES
FRA,2012,pat_nonres,2092.0,IP.PAT.NRES
FRA,2013,pat_nonres,2196.0,IP.PAT.NRES
FRA,2014,pat_nonres,2033.0,IP.PAT.NRES
FRA,2015,pat_nonres,1994.0,IP.PAT.NRES
FRA,2016,pat_nonres,2012.0,IP.PAT.NRES
FRA,2017,pat_nonres,1832.0,IP.PAT.NRES
FRA,2018,pat_nonres,1919.0,IP.PAT.NRES
FRA,2019,pat_nonres,1766.0,IP.PAT.NRES
FRA,2020,pat_nonres,1542.0,IP.PAT.NRES
FRA,2021,pat_nonres,1373.0,IP.PAT.NRES
GBR,2000,pat_nonres,10697.0,IP.PAT.NRES
GBR,2001,pat_nonres,10658.0,IP.PAT.NRES
GBR,2002,pat_nonres,10907.0,IP.PAT.NRES
GBR,2003,pat_nonres,11198.0,IP.PAT.NRES
GBR,2004,pat_nonres,10776.0,IP.PAT.NRES
GBR,2005,pat_nonres,10155.0,IP.PAT.NRES
GBR,2006,pat_nonres,8261.0,IP.PAT.NRES
GBR,2007,pat_nonres,7624.0,IP.PAT.NRES
GBR,2008,pat_nonres,6856.0,IP.PAT.NRES
GBR,2009,pat_nonres,6480.0,IP.PAT.NRES
GBR,2010,pat_nonres,6439.0,IP.PAT.NRES
GBR,2011,pat_nonres,6916.0,IP.PAT.NRES
GBR,2012,pat_nonres,7865.0,IP.PAT.NRES
GBR,2013,pat_nonres,7966.0,IP.PAT.NRES
GBR,2014,pat_nonres,7844.0,IP.PAT.NRES
GBR,2015,pat_nonres,7934.0,IP.PAT.NRES
GBR,2016,pat_nonres,8183.0,IP.PAT.NRES
GBR,2017,pat_nonres,8771.0,IP.PAT.NRES
GBR,2018,pat_nonres,8076.0,IP.PAT.NRES
GBR,2019,pat_nonres,7189.0,IP.PAT.NRES
GBR,2020,pat_nonres,8659.0,IP.PAT.NRES
GBR,2021,pat_nonres,7263.0,IP.PAT.NRES
GRC,2000,pat_nonres,34.0,IP.PAT.NRES
GRC,2001,pat_nonres,49.0,IP.PAT.NRES
GRC,2002,pat_nonres,36.0,IP.PAT.NRES
GRC,2003,pat_nonres,27.0,IP.PAT.NRES
GRC,2004,pat_nonres,28.0,IP.PAT.NRES
GRC,2005,pat_nonres,20.0,IP.PAT.NRES
GRC,2006,pat_nonres,30.0,IP.PAT.NRES
GRC,2007,pat_nonres,20.0,IP.PAT.NRES
GRC,2008,pat_nonres,30.0,IP.PAT.NRES
GRC,2009,pat_nonres,22.0,IP.PAT.NRES
GRC,2010,pat_nonres,16.0,IP.PAT.NRES
GRC,2011,pat_nonres,19.0,IP.PAT.NRES
GRC,2012,pat_nonres,28.0,IP.PAT.NRES
GRC,2013,pat_nonres,19.0,IP.PAT.NRES
GRC,2014,pat_nonres,19.0,IP.PAT.NRES
GRC,2015,pat_nonres,23.0,IP.PAT.NRES
GRC,2016,pat_nonres,40.0,IP.PAT.NRES
GRC,2017,pat_nonres,91.0,IP.PAT.NRES
GRC,2018,pat_nonres,149.0,IP.PAT.NRES
GRC,2019,pat_nonres,238.0,IP.PAT.NRES
GRC,2020,pat_nonres,363.0,IP.PAT.NRES
GRC,2021,pat_nonres,532.0,IP.PAT.NRES
HUN,2000,pat_nonres,4127.0,IP.PAT.NRES
HUN,2001,pat_nonres,4529.0,IP.PAT.NRES
HUN,2002,pat_nonres,5064.0,IP.PAT.NRES
HUN,2003,pat_nonres,4054.0,IP.PAT.NRES
HUN,2004,pat_nonres,1909.0,IP.PAT.NRES
HUN,2005,pat_nonres,497.0,IP.PAT.NRES
HUN,2006,pat_nonres,206.0,IP.PAT.NRES
HUN,2007,pat_nonres,102.0,IP.PAT.NRES
HUN,2008,pat_nonres,89.0,IP.PAT.NRES
HUN,2009,pat_nonres,30.0,IP.PAT.NRES
HUN,2010,pat_nonres,47.0,IP.PAT.NRES
HUN,2011,pat_nonres,36.0,IP.PAT.NRES
HUN,2012,pat_nonres,66.0,IP.PAT.NRES
HUN,2013,pat_nonres,66.0,IP.PAT.NRES
HUN,2014,pat_nonres,73.0,IP.PAT.NRES
HUN,2015,pat_nonres,64.0,IP.PAT.NRES
HUN,2016,pat_nonres,49.0,IP.PAT.NRES
HUN,2017,pat_nonres,36.0,IP.PAT.NRES
HUN,2018,pat_nonres,36.0,IP.PAT.NRES
HUN,2019,pat_nonres,23.0,IP.PAT.NRES
HUN,2020,pat_nonres,28.0,IP.PAT.NRES
HUN,2021,pat_nonres,13.0,IP.PAT.NRES
IRL,2016,pat_nonres,70.0,IP.PAT.NRES
IRL,2017,pat_nonres,75.0,IP.PAT.NRES
IRL,2018,pat_nonres,32.0,IP.PAT.NRES
IRL,2019,pat_nonres,35.0,IP.PAT.NRES
IRL,2020,pat_nonres,54.0,IP.PAT.NRES
IRL,2021,pat_nonres,42.0,IP.PAT.NRES
ISL,2000,pat_nonres,825.0,IP.PAT.NRES
ISL,2001,pat_nonres,713.0,IP.PAT.NRES
ISL,2002,pat_nonres,379.0,IP.PAT.NRES
ISL,2003,pat_nonres,748.0,IP.PAT.NRES
ISL,2004,pat_nonres,463.0,IP.PAT.NRES
ISL,2005,pat_nonres,545.0,IP.PAT.NRES
ISL,2006,pat_nonres,326.0,IP.PAT.NRES
ISL,2007,pat_nonres,53.0,IP.PAT.NRES
ISL,2008,pat_nonres,31.0,IP.PAT.NRES
ISL,2009,pat_nonres,22.0,IP.PAT.NRES
ISL,2010,pat_nonres,19.0,IP.PAT.NRES
ISL,2011,pat_nonres,21.0,IP.PAT.NRES
ISL,2012,pat_nonres,7.0,IP.PAT.NRES
ISL,2013,pat_nonres,13.0,IP.PAT.NRES
ISL,2014,pat_nonres,13.0,IP.PAT.NRES
ISL,2015,pat_nonres,6.0,IP.PAT.NRES
ISL,2016,pat_nonres,3.0,IP.PAT.NRES
ISL,2017,pat_nonres,8.0,IP.PAT.NRES
ISL,2018,pat_nonres,10.0,IP.PAT.NRES
ISL,2019,pat_nonres,15.0,IP.PAT.NRES
ISL,2020,pat_nonres,3.0,IP.PAT.NRES
ISL,2021,pat_nonres,2.0,IP.PAT.NRES
ISR,2000,pat_nonres,5203.0,IP.PAT.NRES
ISR,2001,pat_nonres,5521.0,IP.PAT.NRES
ISR,2002,pat_nonres,5095.0,IP.PAT.NRES
ISR,2003,pat_nonres,4569.0,IP.PAT.NRES
ISR,2004,pat_nonres,4870.0,IP.PAT.NRES
ISR,2005,pat_nonres,5157.0,IP.PAT.NRES
ISR,2006,pat_nonres,6154.0,IP.PAT.NRES
ISR,2007,pat_nonres,6394.0,IP.PAT.NRES
ISR,2008,pat_nonres,6214.0,IP.PAT.NRES
ISR,2009,pat_nonres,5387.0,IP.PAT.NRES
ISR,2010,pat_nonres,5856.0,IP.PAT.NRES
ISR,2011,pat_nonres,5526.0,IP.PAT.NRES
ISR,2012,pat_nonres,5473.0,IP.PAT.NRES
ISR,2013,pat_nonres,4984.0,IP.PAT.NRES
ISR,2014,pat_nonres,5148.0,IP.PAT.NRES
ISR,2015,pat_nonres,5623.0,IP.PAT.NRES
ISR,2016,pat_nonres,5119.0,IP.PAT.NRES
ISR,2017,pat_nonres,5377.0,IP.PAT.NRES
ISR,2018,pat_nonres,5857.0,IP.PAT.NRES
ISR,2019,pat_nonres,6370.0,IP.PAT.NRES
ISR,2020,pat_nonres,6481.0,IP.PAT.NRES
ISR,2021,pat_nonres,8017.0,IP.PAT.NRES
ITA,2000,pat_nonres,1396.0,IP.PAT.NRES
ITA,2007,pat_nonres,870.0,IP.PAT.NRES
ITA,2008,pat_nonres,861.0,IP.PAT.NRES
ITA,2009,pat_nonres,903.0,IP.PAT.NRES
ITA,2010,pat_nonres,846.0,IP.PAT.NRES
ITA,2011,pat_nonres,927.0,IP.PAT.NRES
ITA,2012,pat_nonres,871.0,IP.PAT.NRES
ITA,2013,pat_nonres,905.0,IP.PAT.NRES
ITA,2014,pat_nonres,781.0,IP.PAT.NRES
ITA,2016,pat_nonres,973.0,IP.PAT.NRES
ITA,2017,pat_nonres,1031.0,IP.PAT.NRES
ITA,2018,pat_nonres,900.0,IP.PAT.NRES
ITA,2019,pat_nonres,898.0,IP.PAT.NRES
ITA,2020,pat_nonres,947.0,IP.PAT.NRES
ITA,2021,pat_nonres,797.0,IP.PAT.NRES
JPN,2000,pat_nonres,49501.0,IP.PAT.NRES
JPN,2001,pat_nonres,52408.0,IP.PAT.NRES
JPN,2002,pat_nonres,51586.0,IP.PAT.NRES
JPN,2003,pat_nonres,54909.0,IP.PAT.NRES
JPN,2004,pat_nonres,54665.0,IP.PAT.NRES
JPN,2005,pat_nonres,59118.0,IP.PAT.NRES
JPN,2006,pat_nonres,61614.0,IP.PAT.NRES
JPN,2007,pat_nonres,62793.0,IP.PAT.NRES
JPN,2008,pat_nonres,60892.0,IP.PAT.NRES
JPN,2009,pat_nonres,53281.0,IP.PAT.NRES
JPN,2010,pat_nonres,54517.0,IP.PAT.NRES
JPN,2011,pat_nonres,55030.0,IP.PAT.NRES
JPN,2012,pat_nonres,55783.0,IP.PAT.NRES
JPN,2013,pat_nonres,56705.0,IP.PAT.NRES
JPN,2014,pat_nonres,60030.0,IP.PAT.NRES
JPN,2015,pat_nonres,59882.0,IP.PAT.NRES
JPN,2016,pat_nonres,58137.0,IP.PAT.NRES
JPN,2017,pat_nonres,58189.0,IP.PAT.NRES
JPN,2018,pat_nonres,59937.0,IP.PAT.NRES
JPN,2019,pat_nonres,62597.0,IP.PAT.NRES
JPN,2020,pat_nonres,61124.0,IP.PAT.NRES
JPN,2021,pat_nonres,66748.0,IP.PAT.NRES
KOR,2000,pat_nonres,29179.0,IP.PAT.NRES
KOR,2001,pat_nonres,30898.0,IP.PAT.NRES
KOR,2002,pat_nonres,29566.0,IP.PAT.NRES
KOR,2003,pat_nonres,28338.0,IP.PAT.NRES
KOR,2004,pat_nonres,34865.0,IP.PAT.NRES
KOR,2005,pat_nonres,38733.0,IP.PAT.NRES
KOR,2006,pat_nonres,40713.0,IP.PAT.NRES
KOR,2007,pat_nonres,43768.0,IP.PAT.NRES
KOR,2008,pat_nonres,43518.0,IP.PAT.NRES
KOR,2009,pat_nonres,36207.0,IP.PAT.NRES
KOR,2010,pat_nonres,38296.0,IP.PAT.NRES
KOR,2011,pat_nonres,40890.0,IP.PAT.NRES
KOR,2012,pat_nonres,40779.0,IP.PAT.NRES
KOR,2013,pat_nonres,44611.0,IP.PAT.NRES
KOR,2014,pat_nonres,46219.0,IP.PAT.NRES
KOR,2015,pat_nonres,46419.0,IP.PAT.NRES
KOR,2016,pat_nonres,45406.0,IP.PAT.NRES
KOR,2017,pat_nonres,45691.0,IP.PAT.NRES
KOR,2018,pat_nonres,47431.0,IP.PAT.NRES
KOR,2019,pat_nonres,47372.0,IP.PAT.NRES
KOR,2020,pat_nonres,46282.0,IP.PAT.NRES
KOR,2021,pat_nonres,51753.0,IP.PAT.NRES
LTU,2000,pat_nonres,61.0,IP.PAT.NRES
LTU,2001,pat_nonres,55.0,IP.PAT.NRES
LTU,2002,pat_nonres,46.0,IP.PAT.NRES
LTU,2003,pat_nonres,49.0,IP.PAT.NRES
LTU,2004,pat_nonres,44.0,IP.PAT.NRES
LTU,2005,pat_nonres,47.0,IP.PAT.NRES
LTU,2006,pat_nonres,34.0,IP.PAT.NRES
LTU,2007,pat_nonres,20.0,IP.PAT.NRES
LTU,2008,pat_nonres,18.0,IP.PAT.NRES
LTU,2009,pat_nonres,16.0,IP.PAT.NRES
LTU,2010,pat_nonres,6.0,IP.PAT.NRES
LTU,2011,pat_nonres,15.0,IP.PAT.NRES
LTU,2012,pat_nonres,15.0,IP.PAT.NRES
LTU,2013,pat_nonres,20.0,IP.PAT.NRES
LTU,2014,pat_nonres,42.0,IP.PAT.NRES
LTU,2015,pat_nonres,18.0,IP.PAT.NRES
LTU,2016,pat_nonres,58.0,IP.PAT.NRES
LTU,2017,pat_nonres,46.0,IP.PAT.NRES
LTU,2018,pat_nonres,24.0,IP.PAT.NRES
LTU,2019,pat_nonres,33.0,IP.PAT.NRES
LTU,2020,pat_nonres,18.0,IP.PAT.NRES
LTU,2021,pat_nonres,9.0,IP.PAT.NRES
LUX,2000,pat_nonres,91.0,IP.PAT.NRES
LUX,2001,pat_nonres,70.0,IP.PAT.NRES
LUX,2002,pat_nonres,42.0,IP.PAT.NRES
LUX,2003,pat_nonres,8.0,IP.PAT.NRES
LUX,2004,pat_nonres,18.0,IP.PAT.NRES
LUX,2005,pat_nonres,64.0,IP.PAT.NRES
LUX,2006,pat_nonres,26.0,IP.PAT.NRES
LUX,2007,pat_nonres,25.0,IP.PAT.NRES
LUX,2008,pat_nonres,23.0,IP.PAT.NRES
LUX,2009,pat_nonres,24.0,IP.PAT.NRES
LUX,2010,pat_nonres,21.0,IP.PAT.NRES
LUX,2011,pat_nonres,43.0,IP.PAT.NRES
LUX,2012,pat_nonres,52.0,IP.PAT.NRES
LUX,2013,pat_nonres,56.0,IP.PAT.NRES
LUX,2014,pat_nonres,90.0,IP.PAT.NRES
LUX,2015,pat_nonres,119.0,IP.PAT.NRES
LUX,2016,pat_nonres,301.0,IP.PAT.NRES
LUX,2017,pat_nonres,512.0,IP.PAT.NRES
LUX,2018,pat_nonres,243.0,IP.PAT.NRES
LUX,2019,pat_nonres,359.0,IP.PAT.NRES
LUX,2020,pat_nonres,679.0,IP.PAT.NRES
LUX,2021,pat_nonres,1441.0,IP.PAT.NRES
LVA,2000,pat_nonres,81.0,IP.PAT.NRES
LVA,2001,pat_nonres,63.0,IP.PAT.NRES
LVA,2002,pat_nonres,64.0,IP.PAT.NRES
LVA,2003,pat_nonres,24.0,IP.PAT.NRES
LVA,2004,pat_nonres,43.0,IP.PAT.NRES
LVA,2005,pat_nonres,57.0,IP.PAT.NRES
LVA,2006,pat_nonres,37.0,IP.PAT.NRES
LVA,2007,pat_nonres,8.0,IP.PAT.NRES
LVA,2008,pat_nonres,9.0,IP.PAT.NRES
LVA,2009,pat_nonres,3.0,IP.PAT.NRES
LVA,2010,pat_nonres,7.0,IP.PAT.NRES
LVA,2011,pat_nonres,10.0,IP.PAT.NRES
LVA,2012,pat_nonres,12.0,IP.PAT.NRES
LVA,2013,pat_nonres,8.0,IP.PAT.NRES
LVA,2014,pat_nonres,4.0,IP.PAT.NRES
LVA,2015,pat_nonres,1.0,IP.PAT.NRES
LVA,2016,pat_nonres,18.0,IP.PAT.NRES
LVA,2017,pat_nonres,7.0,IP.PAT.NRES
LVA,2018,pat_nonres,24.0,IP.PAT.NRES
LVA,2019,pat_nonres,5.0,IP.PAT.NRES
LVA,2020,pat_nonres,1.0,IP.PAT.NRES
LVA,2021,pat_nonres,4.0,IP.PAT.NRES
MEX,2000,pat_nonres,12630.0,IP.PAT.NRES
MEX,2001,pat_nonres,13031.0,IP.PAT.NRES
MEX,2002,pat_nonres,12536.0,IP.PAT.NRES
MEX,2003,pat_nonres,11739.0,IP.PAT.NRES
MEX,2004,pat_nonres,12633.0,IP.PAT.NRES
MEX,2005,pat_nonres,13851.0,IP.PAT.NRES
MEX,2006,pat_nonres,14931.0,IP.PAT.NRES
MEX,2007,pat_nonres,15970.0,IP.PAT.NRES
MEX,2008,pat_nonres,15896.0,IP.PAT.NRES
MEX,2009,pat_nonres,13459.0,IP.PAT.NRES
MEX,2010,pat_nonres,13625.0,IP.PAT.NRES
MEX,2011,pat_nonres,12990.0,IP.PAT.NRES
MEX,2012,pat_nonres,14020.0,IP.PAT.NRES
MEX,2013,pat_nonres,14234.0,IP.PAT.NRES
MEX,2014,pat_nonres,14889.0,IP.PAT.NRES
MEX,2015,pat_nonres,16707.0,IP.PAT.NRES
MEX,2016,pat_nonres,16103.0,IP.PAT.NRES
MEX,2017,pat_nonres,15850.0,IP.PAT.NRES
MEX,2018,pat_nonres,14869.0,IP.PAT.NRES
MEX,2019,pat_nonres,14636.0,IP.PAT.NRES
MEX,2020,pat_nonres,13180.0,IP.PAT.NRES
MEX,2021,pat_nonres,15044.0,IP.PAT.NRES
NLD,2000,pat_nonres,529.0,IP.PAT.NRES
NLD,2001,pat_nonres,543.0,IP.PAT.NRES
NLD,2002,pat_nonres,481.0,IP.PAT.NRES
NLD,2003,pat_nonres,573.0,IP.PAT.NRES
NLD,2004,pat_nonres,556.0,IP.PAT.NRES
NLD,2005,pat_nonres,633.0,IP.PAT.NRES
NLD,2006,pat_nonres,548.0,IP.PAT.NRES
NLD,2007,pat_nonres,367.0,IP.PAT.NRES
NLD,2008,pat_nonres,311.0,IP.PAT.NRES
NLD,2009,pat_nonres,279.0,IP.PAT.NRES
NLD,2010,pat_nonres,240.0,IP.PAT.NRES
NLD,2011,pat_nonres,310.0,IP.PAT.NRES
NLD,2012,pat_nonres,338.0,IP.PAT.NRES
NLD,2013,pat_nonres,449.0,IP.PAT.NRES
NLD,2014,pat_nonres,288.0,IP.PAT.NRES
NLD,2015,pat_nonres,287.0,IP.PAT.NRES
NLD,2016,pat_nonres,314.0,IP.PAT.NRES
NLD,2017,pat_nonres,365.0,IP.PAT.NRES
NLD,2018,pat_nonres,394.0,IP.PAT.NRES
NLD,2019,pat_nonres,449.0,IP.PAT.NRES
NLD,2020,pat_nonres,825.0,IP.PAT.NRES
NLD,2021,pat_nonres,1390.0,IP.PAT.NRES
NOR,2000,pat_nonres,5389.0,IP.PAT.NRES
NOR,2001,pat_nonres,5242.0,IP.PAT.NRES
NOR,2002,pat_nonres,5109.0,IP.PAT.NRES
NOR,2003,pat_nonres,4782.0,IP.PAT.NRES
NOR,2004,pat_nonres,4348.0,IP.PAT.NRES
NOR,2005,pat_nonres,4843.0,IP.PAT.NRES
NOR,2006,pat_nonres,4957.0,IP.PAT.NRES
NOR,2007,pat_nonres,5431.0,IP.PAT.NRES
NOR,2008,pat_nonres,4280.0,IP.PAT.NRES
NOR,2009,pat_nonres,2358.0,IP.PAT.NRES
NOR,2010,pat_nonres,696.0,IP.PAT.NRES
NOR,2011,pat_nonres,654.0,IP.PAT.NRES
NOR,2012,pat_nonres,555.0,IP.PAT.NRES
NOR,2013,pat_nonres,648.0,IP.PAT.NRES
NOR,2014,pat_nonres,457.0,IP.PAT.NRES
NOR,2015,pat_nonres,652.0,IP.PAT.NRES
NOR,2016,pat_nonres,833.0,IP.PAT.NRES
NOR,2017,pat_nonres,908.0,IP.PAT.NRES
NOR,2018,pat_nonres,592.0,IP.PAT.NRES
NOR,2019,pat_nonres,582.0,IP.PAT.NRES
NOR,2020,pat_nonres,564.0,IP.PAT.NRES
NOR,2021,pat_nonres,634.0,IP.PAT.NRES
NZL,2000,pat_nonres,5585.0,IP.PAT.NRES
NZL,2001,pat_nonres,5507.0,IP.PAT.NRES
NZL,2002,pat_nonres,5109.0,IP.PAT.NRES
NZL,2003,pat_nonres,5028.0,IP.PAT.NRES
NZL,2004,pat_nonres,4900.0,IP.PAT.NRES
NZL,2005,pat_nonres,5112.0,IP.PAT.NRES
NZL,2006,pat_nonres,5212.0,IP.PAT.NRES
NZL,2007,pat_nonres,5952.0,IP.PAT.NRES
NZL,2008,pat_nonres,4468.0,IP.PAT.NRES
NZL,2009,pat_nonres,4803.0,IP.PAT.NRES
NZL,2010,pat_nonres,5051.0,IP.PAT.NRES
NZL,2011,pat_nonres,4708.0,IP.PAT.NRES
NZL,2012,pat_nonres,5674.0,IP.PAT.NRES
NZL,2013,pat_nonres,5167.0,IP.PAT.NRES
NZL,2014,pat_nonres,6092.0,IP.PAT.NRES
NZL,2015,pat_nonres,5317.0,IP.PAT.NRES
NZL,2016,pat_nonres,5311.0,IP.PAT.NRES
NZL,2017,pat_nonres,5146.0,IP.PAT.NRES
NZL,2018,pat_nonres,5221.0,IP.PAT.NRES
NZL,2019,pat_nonres,5690.0,IP.PAT.NRES
NZL,2020,pat_nonres,5417.0,IP.PAT.NRES
NZL,2021,pat_nonres,6522.0,IP.PAT.NRES
POL,2000,pat_nonres,4899.0,IP.PAT.NRES
POL,2001,pat_nonres,4328.0,IP.PAT.NRES
POL,2002,pat_nonres,4292.0,IP.PAT.NRES
POL,2003,pat_nonres,3973.0,IP.PAT.NRES
POL,2004,pat_nonres,5359.0,IP.PAT.NRES
POL,2005,pat_nonres,4555.0,IP.PAT.NRES
POL,2006,pat_nonres,655.0,IP.PAT.NRES
POL,2007,pat_nonres,361.0,IP.PAT.NRES
POL,2008,pat_nonres,290.0,IP.PAT.NRES
POL,2009,pat_nonres,241.0,IP.PAT.NRES
POL,2010,pat_nonres,227.0,IP.PAT.NRES
POL,2011,pat_nonres,244.0,IP.PAT.NRES
POL,2012,pat_nonres,247.0,IP.PAT.NRES
POL,2013,pat_nonres,174.0,IP.PAT.NRES
POL,2014,pat_nonres,155.0,IP.PAT.NRES
POL,2015,pat_nonres,139.0,IP.PAT.NRES
POL,2016,pat_nonres,135.0,IP.PAT.NRES
POL,2017,pat_nonres,117.0,IP.PAT.NRES
POL,2018,pat_nonres,115.0,IP.PAT.NRES
POL,2019,pat_nonres,112.0,IP.PAT.NRES
POL,2020,pat_nonres,88.0,IP.PAT.NRES
POL,2021,pat_nonres,111.0,IP.PAT.NRES
PRT,2000,pat_nonres,65.0,IP.PAT.NRES
PRT,2001,pat_nonres,56.0,IP.PAT.NRES
PRT,2002,pat_nonres,49.0,IP.PAT.NRES
PRT,2003,pat_nonres,40.0,IP.PAT.NRES
PRT,2004,pat_nonres,64.0,IP.PAT.NRES
PRT,2005,pat_nonres,47.0,IP.PAT.NRES
PRT,2006,pat_nonres,36.0,IP.PAT.NRES
PRT,2007,pat_nonres,31.0,IP.PAT.NRES
PRT,2008,pat_nonres,24.0,IP.PAT.NRES
PRT,2009,pat_nonres,46.0,IP.PAT.NRES
PRT,2010,pat_nonres,46.0,IP.PAT.NRES
PRT,2011,pat_nonres,75.0,IP.PAT.NRES
PRT,2012,pat_nonres,26.0,IP.PAT.NRES
PRT,2013,pat_nonres,22.0,IP.PAT.NRES
PRT,2014,pat_nonres,18.0,IP.PAT.NRES
PRT,2015,pat_nonres,20.0,IP.PAT.NRES
PRT,2016,pat_nonres,27.0,IP.PAT.NRES
PRT,2017,pat_nonres,36.0,IP.PAT.NRES
PRT,2018,pat_nonres,29.0,IP.PAT.NRES
PRT,2019,pat_nonres,104.0,IP.PAT.NRES
PRT,2020,pat_nonres,263.0,IP.PAT.NRES
PRT,2021,pat_nonres,42.0,IP.PAT.NRES
SVK,2000,pat_nonres,1804.0,IP.PAT.NRES
SVK,2001,pat_nonres,1696.0,IP.PAT.NRES
SVK,2002,pat_nonres,1599.0,IP.PAT.NRES
SVK,2003,pat_nonres,1437.0,IP.PAT.NRES
SVK,2004,pat_nonres,238.0,IP.PAT.NRES
SVK,2005,pat_nonres,95.0,IP.PAT.NRES
SVK,2006,pat_nonres,90.0,IP.PAT.NRES
SVK,2007,pat_nonres,106.0,IP.PAT.NRES
SVK,2008,pat_nonres,75.0,IP.PAT.NRES
SVK,2009,pat_nonres,63.0,IP.PAT.NRES
SVK,2010,pat_nonres,48.0,IP.PAT.NRES
SVK,2011,pat_nonres,33.0,IP.PAT.NRES
SVK,2012,pat_nonres,35.0,IP.PAT.NRES
SVK,2013,pat_nonres,26.0,IP.PAT.NRES
SVK,2014,pat_nonres,23.0,IP.PAT.NRES
SVK,2015,pat_nonres,28.0,IP.PAT.NRES
SVK,2016,pat_nonres,15.0,IP.PAT.NRES
SVK,2017,pat_nonres,23.0,IP.PAT.NRES
SVK,2018,pat_nonres,14.0,IP.PAT.NRES
SVK,2019,pat_nonres,28.0,IP.PAT.NRES
SVK,2020,pat_nonres,15.0,IP.PAT.NRES
SVK,2021,pat_nonres,13.0,IP.PAT.NRES
SVN,2000,pat_nonres,124.0,IP.PAT.NRES
SVN,2001,pat_nonres,107.0,IP.PAT.NRES
SVN,2002,pat_nonres,101.0,IP.PAT.NRES
SVN,2003,pat_nonres,60.0,IP.PAT.NRES
SVN,2004,pat_nonres,42.0,IP.PAT.NRES
SVN,2005,pat_nonres,29.0,IP.PAT.NRES
SVN,2006,pat_nonres,12.0,IP.PAT.NRES
SVN,2007,pat_nonres,15.0,IP.PAT.NRES
SVN,2008,pat_nonres,6.0,IP.PAT.NRES
SVN,2009,pat_nonres,12.0,IP.PAT.NRES
SVN,2010,pat_nonres,11.0,IP.PAT.NRES
SVN,2011,pat_nonres,11.0,IP.PAT.NRES
SVN,2018,pat_nonres,23.0,IP.PAT.NRES
SVN,2020,pat_nonres,12.0,IP.PAT.NRES
SVN,2021,pat_nonres,17.0,IP.PAT.NRES
SWE,2000,pat_nonres,844.0,IP.PAT.NRES
SWE,2001,pat_nonres,574.0,IP.PAT.NRES
SWE,2002,pat_nonres,597.0,IP.PAT.NRES
SWE,2003,pat_nonres,703.0,IP.PAT.NRES
SWE,2004,pat_nonres,462.0,IP.PAT.NRES
SWE,2005,pat_nonres,438.0,IP.PAT.NRES
SWE,2006,pat_nonres,413.0,IP.PAT.NRES
SWE,2007,pat_nonres,398.0,IP.PAT.NRES
SWE,2008,pat_nonres,306.0,IP.PAT.NRES
SWE,2009,pat_nonres,463.0,IP.PAT.NRES
SWE,2010,pat_nonres,353.0,IP.PAT.NRES
SWE,2011,pat_nonres,337.0,IP.PAT.NRES
SWE,2012,pat_nonres,148.0,IP.PAT.NRES
SWE,2013,pat_nonres,163.0,IP.PAT.NRES
SWE,2014,pat_nonres,441.0,IP.PAT.NRES
SWE,2015,pat_nonres,390.0,IP.PAT.NRES
SWE,2016,pat_nonres,352.0,IP.PAT.NRES
SWE,2017,pat_nonres,305.0,IP.PAT.NRES
SWE,2018,pat_nonres,442.0,IP.PAT.NRES
SWE,2019,pat_nonres,388.0,IP.PAT.NRES
SWE,2020,pat_nonres,432.0,IP.PAT.NRES
SWE,2021,pat_nonres,425.0,IP.PAT.NRES
TUR,2000,pat_nonres,3156.0,IP.PAT.NRES
TUR,2001,pat_nonres,2875.0,IP.PAT.NRES
TUR,2002,pat_nonres,1424.0,IP.PAT.NRES
TUR,2003,pat_nonres,348.0,IP.PAT.NRES
TUR,2004,pat_nonres,235.0,IP.PAT.NRES
TUR,2005,pat_nonres,218.0,IP.PAT.NRES
TUR,2006,pat_nonres,160.0,IP.PAT.NRES
TUR,2007,pat_nonres,211.0,IP.PAT.NRES
TUR,2008,pat_nonres,176.0,IP.PAT.NRES
TUR,2009,pat_nonres,177.0,IP.PAT.NRES
TUR,2010,pat_nonres,177.0,IP.PAT.NRES
TUR,2011,pat_nonres,228.0,IP.PAT.NRES
TUR,2012,pat_nonres,232.0,IP.PAT.NRES
TUR,2013,pat_nonres,269.0,IP.PAT.NRES
TUR,2014,pat_nonres,331.0,IP.PAT.NRES
TUR,2015,pat_nonres,489.0,IP.PAT.NRES
TUR,2016,pat_nonres,618.0,IP.PAT.NRES
TUR,2017,pat_nonres,380.0,IP.PAT.NRES
TUR,2018,pat_nonres,310.0,IP.PAT.NRES
TUR,2019,pat_nonres,217.0,IP.PAT.NRES
TUR,2020,pat_nonres,238.0,IP.PAT.NRES
TUR,2021,pat_nonres,242.0,IP.PAT.NRES
USA,2000,pat_nonres,131100.0,IP.PAT.NRES
USA,2001,pat_nonres,148958.0,IP.PAT.NRES
USA,2002,pat_nonres,150200.0,IP.PAT.NRES
USA,2003,pat_nonres,153500.0,IP.PAT.NRES
USA,2004,pat_nonres,167407.0,IP.PAT.NRES
USA,2005,pat_nonres,182866.0,IP.PAT.NRES
USA,2006,pat_nonres,204182.0,IP.PAT.NRES
USA,2007,pat_nonres,214807.0,IP.PAT.NRES
USA,2008,pat_nonres,224733.0,IP.PAT.NRES
USA,2009,pat_nonres,231194.0,IP.PAT.NRES
USA,2010,pat_nonres,248249.0,IP.PAT.NRES
USA,2011,pat_nonres,255832.0,IP.PAT.NRES
USA,2012,pat_nonres,274033.0,IP.PAT.NRES
USA,2013,pat_nonres,283781.0,IP.PAT.NRES
USA,2014,pat_nonres,293706.0,IP.PAT.NRES
USA,2015,pat_nonres,301075.0,IP.PAT.NRES
USA,2016,pat_nonres,310244.0,IP.PAT.NRES
USA,2017,pat_nonres,313052.0,IP.PAT.NRES
USA,2018,pat_nonres,312046.0,IP.PAT.NRES
USA,2019,pat_nonres,336340.0,IP.PAT.NRES
USA,2020,pat_nonres,327586.0,IP.PAT.NRES
USA,2021,pat_nonres,329229.0,IP.PAT.NRES
AUS,2000,pat_res,1928.0,IP.PAT.RESD
AUS,2001,pat_res,2187.0,IP.PAT.RESD
AUS,2002,pat_res,2364.0,IP.PAT.RESD
AUS,2003,pat_res,2418.0,IP.PAT.RESD
AUS,2004,pat_res,2559.0,IP.PAT.RESD
AUS,2005,pat_res,2555.0,IP.PAT.RESD
AUS,2006,pat_res,2837.0,IP.PAT.RESD
AUS,2007,pat_res,2718.0,IP.PAT.RESD
AUS,2008,pat_res,2821.0,IP.PAT.RESD
AUS,2009,pat_res,2494.0,IP.PAT.RESD
AUS,2010,pat_res,2409.0,IP.PAT.RESD
AUS,2011,pat_res,2383.0,IP.PAT.RESD
AUS,2012,pat_res,2627.0,IP.PAT.RESD
AUS,2013,pat_res,3061.0,IP.PAT.RESD
AUS,2014,pat_res,1988.0,IP.PAT.RESD
AUS,2015,pat_res,2291.0,IP.PAT.RESD
AUS,2016,pat_res,2620.0,IP.PAT.RESD
AUS,2017,pat_res,2503.0,IP.PAT.RESD
AUS,2018,pat_res,2757.0,IP.PAT.RESD
AUS,2019,pat_res,2637.0,IP.PAT.RESD
AUS,2020,pat_res,2368.0,IP.PAT.RESD
AUS,2021,pat_res,2966.0,IP.PAT.RESD
AUT,2000,pat_res,1961.0,IP.PAT.RESD
AUT,2001,pat_res,1815.0,IP.PAT.RESD
AUT,2002,pat_res,1932.0,IP.PAT.RESD
AUT,2003,pat_res,2120.0,IP.PAT.RESD
AUT,2004,pat_res,2248.0,IP.PAT.RESD
AUT,2005,pat_res,2270.0,IP.PAT.RESD
AUT,2006,pat_res,2271.0,IP.PAT.RESD
AUT,2007,pat_res,2385.0,IP.PAT.RESD
AUT,2008,pat_res,2298.0,IP.PAT.RESD
AUT,2009,pat_res,2263.0,IP.PAT.RESD
AUT,2010,pat_res,2424.0,IP.PAT.RESD
AUT,2011,pat_res,2154.0,IP.PAT.RESD
AUT,2012,pat_res,2258.0,IP.PAT.RESD
AUT,2013,pat_res,2162.0,IP.PAT.RESD
AUT,2014,pat_res,2092.0,IP.PAT.RESD
AUT,2015,pat_res,2205.0,IP.PAT.RESD
AUT,2016,pat_res,2078.0,IP.PAT.RESD
AUT,2017,pat_res,2073.0,IP.PAT.RESD
AUT,2018,pat_res,2039.0,IP.PAT.RESD
AUT,2019,pat_res,2066.0,IP.PAT.RESD
AUT,2020,pat_res,2124.0,IP.PAT.RESD
AUT,2021,pat_res,1872.0,IP.PAT.RESD
BEL,2000,pat_res,577.0,IP.PAT.RESD
BEL,2001,pat_res,571.0,IP.PAT.RESD
BEL,2002,pat_res,601.0,IP.PAT.RESD
BEL,2003,pat_res,519.0,IP.PAT.RESD
BEL,2004,pat_res,514.0,IP.PAT.RESD
BEL,2005,pat_res,517.0,IP.PAT.RESD
BEL,2006,pat_res,490.0,IP.PAT.RESD
BEL,2007,pat_res,454.0,IP.PAT.RESD
BEL,2008,pat_res,575.0,IP.PAT.RESD
BEL,2009,pat_res,669.0,IP.PAT.RESD
BEL,2010,pat_res,620.0,IP.PAT.RESD
BEL,2011,pat_res,636.0,IP.PAT.RESD
BEL,2012,pat_res,755.0,IP.PAT.RESD
BEL,2013,pat_res,715.0,IP.PAT.RESD
BEL,2014,pat_res,889.0,IP.PAT.RESD
BEL,2015,pat_res,949.0,IP.PAT.RESD
BEL,2016,pat_res,1054.0,IP.PAT.RESD
BEL,2017,pat_res,1001.0,IP.PAT.RESD
BEL,2018,pat_res,892.0,IP.PAT.RESD
BEL,2019,pat_res,876.0,IP.PAT.RESD
BEL,2020,pat_res,862.0,IP.PAT.RESD
BEL,2021,pat_res,799.0,IP.PAT.RESD
CAN,2000,pat_res,4187.0,IP.PAT.RESD
CAN,2001,pat_res,3963.0,IP.PAT.RESD
CAN,2002,pat_res,3959.0,IP.PAT.RESD
CAN,2003,pat_res,3929.0,IP.PAT.RESD
CAN,2004,pat_res,5231.0,IP.PAT.RESD
CAN,2005,pat_res,5183.0,IP.PAT.RESD
CAN,2006,pat_res,5522.0,IP.PAT.RESD
CAN,2007,pat_res,4998.0,IP.PAT.RESD
CAN,2008,pat_res,5061.0,IP.PAT.RESD
CAN,2009,pat_res,5067.0,IP.PAT.RESD
CAN,2010,pat_res,4550.0,IP.PAT.RESD
CAN,2011,pat_res,4754.0,IP.PAT.RESD
CAN,2012,pat_res,4709.0,IP.PAT.RESD
CAN,2013,pat_res,4567.0,IP.PAT.RESD
CAN,2014,pat_res,4198.0,IP.PAT.RESD
CAN,2015,pat_res,4277.0,IP.PAT.RESD
CAN,2016,pat_res,4078.0,IP.PAT.RESD
CAN,2017,pat_res,4053.0,IP.PAT.RESD
CAN,2018,pat_res,4349.0,IP.PAT.RESD
CAN,2019,pat_res,4238.0,IP.PAT.RESD
CAN,2020,pat_res,4452.0,IP.PAT.RESD
CAN,2021,pat_res,4710.0,IP.PAT.RESD
CHE,2000,pat_res,2083.0,IP.PAT.RESD
CHE,2001,pat_res,1859.0,IP.PAT.RESD
CHE,2002,pat_res,1827.0,IP.PAT.RESD
CHE,2003,pat_res,1831.0,IP.PAT.RESD
CHE,2004,pat_res,1742.0,IP.PAT.RESD
CHE,2005,pat_res,1643.0,IP.PAT.RESD
CHE,2006,pat_res,1740.0,IP.PAT.RESD
CHE,2007,pat_res,1692.0,IP.PAT.RESD
CHE,2008,pat_res,1594.0,IP.PAT.RESD
CHE,2009,pat_res,1684.0,IP.PAT.RESD
CHE,2010,pat_res,1622.0,IP.PAT.RESD
CHE,2011,pat_res,1597.0,IP.PAT.RESD
CHE,2012,pat_res,1480.0,IP.PAT.RESD
CHE,2013,pat_res,1525.0,IP.PAT.RESD
CHE,2014,pat_res,1480.0,IP.PAT.RESD
CHE,2015,pat_res,1477.0,IP.PAT.RESD
CHE,2016,pat_res,1462.0,IP.PAT.RESD
CHE,2017,pat_res,1337.0,IP.PAT.RESD
CHE,2018,pat_res,1283.0,IP.PAT.RESD
CHE,2019,pat_res,1369.0,IP.PAT.RESD
CHE,2020,pat_res,1384.0,IP.PAT.RESD
CHE,2021,pat_res,1288.0,IP.PAT.RESD
CHL,2000,pat_res,241.0,IP.PAT.RESD
CHL,2001,pat_res,246.0,IP.PAT.RESD
CHL,2002,pat_res,391.0,IP.PAT.RESD
CHL,2003,pat_res,329.0,IP.PAT.RESD
CHL,2004,pat_res,382.0,IP.PAT.RESD
CHL,2005,pat_res,361.0,IP.PAT.RESD
CHL,2006,pat_res,291.0,IP.PAT.RESD
CHL,2007,pat_res,403.0,IP.PAT.RESD
CHL,2008,pat_res,531.0,IP.PAT.RESD
CHL,2009,pat_res,343.0,IP.PAT.RESD
CHL,2010,pat_res,328.0,IP.PAT.RESD
CHL,2011,pat_res,339.0,IP.PAT.RESD
CHL,2012,pat_res,336.0,IP.PAT.RESD
CHL,2013,pat_res,340.0,IP.PAT.RESD
CHL,2014,pat_res,452.0,IP.PAT.RESD
CHL,2015,pat_res,443.0,IP.PAT.RESD
CHL,2016,pat_res,386.0,IP.PAT.RESD
CHL,2017,pat_res,425.0,IP.PAT.RESD
CHL,2018,pat_res,406.0,IP.PAT.RESD
CHL,2019,pat_res,438.0,IP.PAT.RESD
CHL,2020,pat_res,372.0,IP.PAT.RESD
CHL,2021,pat_res,402.0,IP.PAT.RESD
CHN,2000,pat_res,25346.0,IP.PAT.RESD
CHN,2001,pat_res,30038.0,IP.PAT.RESD
CHN,2002,pat_res,39806.0,IP.PAT.RESD
CHN,2003,pat_res,56769.0,IP.PAT.RESD
CHN,2004,pat_res,65786.0,IP.PAT.RESD
CHN,2005,pat_res,93485.0,IP.PAT.RESD
CHN,2006,pat_res,122318.0,IP.PAT.RESD
CHN,2007,pat_res,153060.0,IP.PAT.RESD
CHN,2008,pat_res,194579.0,IP.PAT.RESD
CHN,2009,pat_res,229096.0,IP.PAT.RESD
CHN,2010,pat_res,293066.0,IP.PAT.RESD
CHN,2011,pat_res,415829.0,IP.PAT.RESD
CHN,2012,pat_res,535313.0,IP.PAT.RESD
CHN,2013,pat_res,704936.0,IP.PAT.RESD
CHN,2014,pat_res,801135.0,IP.PAT.RESD
CHN,2015,pat_res,968252.0,IP.PAT.RESD
CHN,2016,pat_res,1204981.0,IP.PAT.RESD
CHN,2017,pat_res,1245709.0,IP.PAT.RESD
CHN,2018,pat_res,1393815.0,IP.PAT.RESD
CHN,2019,pat_res,1243568.0,IP.PAT.RESD
CHN,2020,pat_res,1344817.0,IP.PAT.RESD
CHN,2021,pat_res,1426644.0,IP.PAT.RESD
COL,2000,pat_res,75.0,IP.PAT.RESD
COL,2001,pat_res,65.0,IP.PAT.RESD
COL,2002,pat_res,54.0,IP.PAT.RESD
COL,2003,pat_res,82.0,IP.PAT.RESD
COL,2004,pat_res,76.0,IP.PAT.RESD
COL,2005,pat_res,99.0,IP.PAT.RESD
COL,2006,pat_res,142.0,IP.PAT.RESD
COL,2007,pat_res,128.0,IP.PAT.RESD
COL,2008,pat_res,126.0,IP.PAT.RESD
COL,2009,pat_res,128.0,IP.PAT.RESD
COL,2010,pat_res,133.0,IP.PAT.RESD
COL,2011,pat_res,183.0,IP.PAT.RESD
COL,2012,pat_res,213.0,IP.PAT.RESD
COL,2013,pat_res,251.0,IP.PAT.RESD
COL,2014,pat_res,260.0,IP.PAT.RESD
COL,2015,pat_res,321.0,IP.PAT.RESD
COL,2016,pat_res,545.0,IP.PAT.RESD
COL,2017,pat_res,595.0,IP.PAT.RESD
COL,2018,pat_res,415.0,IP.PAT.RESD
COL,2019,pat_res,422.0,IP.PAT.RESD
COL,2020,pat_res,369.0,IP.PAT.RESD
COL,2021,pat_res,432.0,IP.PAT.RESD
CRI,2000,pat_res,28.0,IP.PAT.RESD
CRI,2001,pat_res,21.0,IP.PAT.RESD
CRI,2002,pat_res,23.0,IP.PAT.RESD
CRI,2003,pat_res,33.0,IP.PAT.RESD
CRI,2004,pat_res,26.0,IP.PAT.RESD
CRI,2005,pat_res,17.0,IP.PAT.RESD
CRI,2006,pat_res,22.0,IP.PAT.RESD
CRI,2007,pat_res,20.0,IP.PAT.RESD
CRI,2008,pat_res,24.0,IP.PAT.RESD
CRI,2009,pat_res,16.0,IP.PAT.RESD
CRI,2010,pat_res,8.0,IP.PAT.RESD
CRI,2011,pat_res,13.0,IP.PAT.RESD
CRI,2012,pat_res,9.0,IP.PAT.RESD
CRI,2013,pat_res,18.0,IP.PAT.RESD
CRI,2014,pat_res,15.0,IP.PAT.RESD
CRI,2015,pat_res,17.0,IP.PAT.RESD
CRI,2016,pat_res,9.0,IP.PAT.RESD
CRI,2017,pat_res,19.0,IP.PAT.RESD
CRI,2018,pat_res,8.0,IP.PAT.RESD
CRI,2019,pat_res,16.0,IP.PAT.RESD
CRI,2020,pat_res,12.0,IP.PAT.RESD
CRI,2021,pat_res,15.0,IP.PAT.RESD
CZE,2000,pat_res,555.0,IP.PAT.RESD
CZE,2001,pat_res,568.0,IP.PAT.RESD
CZE,2002,pat_res,526.0,IP.PAT.RESD
CZE,2003,pat_res,625.0,IP.PAT.RESD
CZE,2004,pat_res,623.0,IP.PAT.RESD
CZE,2005,pat_res,586.0,IP.PAT.RESD
CZE,2006,pat_res,641.0,IP.PAT.RESD
CZE,2007,pat_res,716.0,IP.PAT.RESD
CZE,2008,pat_res,712.0,IP.PAT.RESD
CZE,2009,pat_res,789.0,IP.PAT.RESD
CZE,2010,pat_res,868.0,IP.PAT.RESD
CZE,2011,pat_res,783.0,IP.PAT.RESD
CZE,2012,pat_res,867.0,IP.PAT.RESD
CZE,2013,pat_res,984.0,IP.PAT.RESD
CZE,2014,pat_res,910.0,IP.PAT.RESD
CZE,2015,pat_res,880.0,IP.PAT.RESD
CZE,2016,pat_res,792.0,IP.PAT.RESD
CZE,2017,pat_res,794.0,IP.PAT.RESD
CZE,2018,pat_res,678.0,IP.PAT.RESD
CZE,2019,pat_res,765.0,IP.PAT.RESD
CZE,2020,pat_res,673.0,IP.PAT.RESD
CZE,2021,pat_res,541.0,IP.PAT.RESD
DEU,2000,pat_res,51736.0,IP.PAT.RESD
DEU,2001,pat_res,49989.0,IP.PAT.RESD
DEU,2002,pat_res,47598.0,IP.PAT.RESD
DEU,2003,pat_res,47818.0,IP.PAT.RESD
DEU,2004,pat_res,48448.0,IP.PAT.RESD
DEU,2005,pat_res,48367.0,IP.PAT.RESD
DEU,2006,pat_res,48012.0,IP.PAT.RESD
DEU,2007,pat_res,47853.0,IP.PAT.RESD
DEU,2008,pat_res,49240.0,IP.PAT.RESD
DEU,2009,pat_res,47859.0,IP.PAT.RESD
DEU,2010,pat_res,47047.0,IP.PAT.RESD
DEU,2011,pat_res,46986.0,IP.PAT.RESD
DEU,2012,pat_res,46620.0,IP.PAT.RESD
DEU,2013,pat_res,47353.0,IP.PAT.RESD
DEU,2014,pat_res,48154.0,IP.PAT.RESD
DEU,2015,pat_res,47384.0,IP.PAT.RESD
DEU,2016,pat_res,48480.0,IP.PAT.RESD
DEU,2017,pat_res,47785.0,IP.PAT.RESD
DEU,2018,pat_res,46617.0,IP.PAT.RESD
DEU,2019,pat_res,46632.0,IP.PAT.RESD
DEU,2020,pat_res,42260.0,IP.PAT.RESD
DEU,2021,pat_res,39822.0,IP.PAT.RESD
DNK,2000,pat_res,1730.0,IP.PAT.RESD
DNK,2001,pat_res,1757.0,IP.PAT.RESD
DNK,2002,pat_res,1815.0,IP.PAT.RESD
DNK,2003,pat_res,1772.0,IP.PAT.RESD
DNK,2004,pat_res,1877.0,IP.PAT.RESD
DNK,2005,pat_res,1658.0,IP.PAT.RESD
DNK,2006,pat_res,1503.0,IP.PAT.RESD
DNK,2007,pat_res,1660.0,IP.PAT.RESD
DNK,2008,pat_res,1634.0,IP.PAT.RESD
DNK,2009,pat_res,1518.0,IP.PAT.RESD
DNK,2010,pat_res,1626.0,IP.PAT.RESD
DNK,2011,pat_res,1574.0,IP.PAT.RESD
DNK,2012,pat_res,1406.0,IP.PAT.RESD
DNK,2013,pat_res,1341.0,IP.PAT.RESD
DNK,2014,pat_res,1377.0,IP.PAT.RESD
DNK,2015,pat_res,1462.0,IP.PAT.RESD
DNK,2016,pat_res,1552.0,IP.PAT.RESD
DNK,2017,pat_res,1490.0,IP.PAT.RESD
DNK,2018,pat_res,1262.0,IP.PAT.RESD
DNK,2019,pat_res,1351.0,IP.PAT.RESD
DNK,2020,pat_res,1261.0,IP.PAT.RESD
DNK,2021,pat_res,1090.0,IP.PAT.RESD
ESP,2000,pat_res,2710.0,IP.PAT.RESD
ESP,2001,pat_res,2528.0,IP.PAT.RESD
ESP,2002,pat_res,2763.0,IP.PAT.RESD
ESP,2003,pat_res,2813.0,IP.PAT.RESD
ESP,2004,pat_res,2871.0,IP.PAT.RESD
ESP,2005,pat_res,3040.0,IP.PAT.RESD
ESP,2006,pat_res,3111.0,IP.PAT.RESD
ESP,2007,pat_res,3267.0,IP.PAT.RESD
ESP,2008,pat_res,3632.0,IP.PAT.RESD
ESP,2009,pat_res,3596.0,IP.PAT.RESD
ESP,2010,pat_res,3566.0,IP.PAT.RESD
ESP,2011,pat_res,3430.0,IP.PAT.RESD
ESP,2012,pat_res,3266.0,IP.PAT.RESD
ESP,2013,pat_res,3026.0,IP.PAT.RESD
ESP,2014,pat_res,2953.0,IP.PAT.RESD
ESP,2015,pat_res,2799.0,IP.PAT.RESD
ESP,2016,pat_res,2745.0,IP.PAT.RESD
ESP,2017,pat_res,2167.0,IP.PAT.RESD
ESP,2018,pat_res,1525.0,IP.PAT.RESD
ESP,2019,pat_res,1288.0,IP.PAT.RESD
ESP,2020,pat_res,1431.0,IP.PAT.RESD
ESP,2021,pat_res,1308.0,IP.PAT.RESD
EST,2000,pat_res,13.0,IP.PAT.RESD
EST,2001,pat_res,18.0,IP.PAT.RESD
EST,2002,pat_res,19.0,IP.PAT.RESD
EST,2003,pat_res,18.0,IP.PAT.RESD
EST,2004,pat_res,27.0,IP.PAT.RESD
EST,2005,pat_res,23.0,IP.PAT.RESD
EST,2006,pat_res,36.0,IP.PAT.RESD
EST,2007,pat_res,44.0,IP.PAT.RESD
EST,2008,pat_res,62.0,IP.PAT.RESD
EST,2009,pat_res,76.0,IP.PAT.RESD
EST,2010,pat_res,84.0,IP.PAT.RESD
EST,2011,pat_res,62.0,IP.PAT.RESD
EST,2012,pat_res,20.0,IP.PAT.RESD
EST,2013,pat_res,25.0,IP.PAT.RESD
EST,2014,pat_res,44.0,IP.PAT.RESD
EST,2015,pat_res,30.0,IP.PAT.RESD
EST,2016,pat_res,29.0,IP.PAT.RESD
EST,2017,pat_res,37.0,IP.PAT.RESD
EST,2018,pat_res,24.0,IP.PAT.RESD
EST,2019,pat_res,31.0,IP.PAT.RESD
EST,2020,pat_res,21.0,IP.PAT.RESD
EST,2021,pat_res,25.0,IP.PAT.RESD
FIN,2000,pat_res,2579.0,IP.PAT.RESD
FIN,2001,pat_res,2390.0,IP.PAT.RESD
FIN,2002,pat_res,2162.0,IP.PAT.RESD
FIN,2003,pat_res,1972.0,IP.PAT.RESD
FIN,2004,pat_res,2011.0,IP.PAT.RESD
FIN,2005,pat_res,1830.0,IP.PAT.RESD
FIN,2006,pat_res,1816.0,IP.PAT.RESD
FIN,2007,pat_res,1804.0,IP.PAT.RESD
FIN,2008,pat_res,1799.0,IP.PAT.RESD
FIN,2009,pat_res,1806.0,IP.PAT.RESD
FIN,2010,pat_res,1731.0,IP.PAT.RESD
FIN,2011,pat_res,1650.0,IP.PAT.RESD
FIN,2012,pat_res,1698.0,IP.PAT.RESD
FIN,2013,pat_res,1596.0,IP.PAT.RESD
FIN,2014,pat_res,1419.0,IP.PAT.RESD
FIN,2015,pat_res,1289.0,IP.PAT.RESD
FIN,2016,pat_res,1260.0,IP.PAT.RESD
FIN,2017,pat_res,1390.0,IP.PAT.RESD
FIN,2018,pat_res,1387.0,IP.PAT.RESD
FIN,2019,pat_res,1321.0,IP.PAT.RESD
FIN,2020,pat_res,1588.0,IP.PAT.RESD
FIN,2021,pat_res,1557.0,IP.PAT.RESD
FRA,2000,pat_res,13870.0,IP.PAT.RESD
FRA,2001,pat_res,13499.0,IP.PAT.RESD
FRA,2002,pat_res,13519.0,IP.PAT.RESD
FRA,2003,pat_res,13511.0,IP.PAT.RESD
FRA,2004,pat_res,14230.0,IP.PAT.RESD
FRA,2005,pat_res,14327.0,IP.PAT.RESD
FRA,2006,pat_res,14529.0,IP.PAT.RESD
FRA,2007,pat_res,14722.0,IP.PAT.RESD
FRA,2008,pat_res,14658.0,IP.PAT.RESD
FRA,2009,pat_res,14100.0,IP.PAT.RESD
FRA,2010,pat_res,14748.0,IP.PAT.RESD
FRA,2011,pat_res,14655.0,IP.PAT.RESD
FRA,2012,pat_res,14540.0,IP.PAT.RESD
FRA,2013,pat_res,14690.0,IP.PAT.RESD
FRA,2014,pat_res,14500.0,IP.PAT.RESD
FRA,2015,pat_res,14306.0,IP.PAT.RESD
FRA,2016,pat_res,14206.0,IP.PAT.RESD
FRA,2017,pat_res,14415.0,IP.PAT.RESD
FRA,2018,pat_res,14303.0,IP.PAT.RESD
FRA,2019,pat_res,14103.0,IP.PAT.RESD
FRA,2020,pat_res,12771.0,IP.PAT.RESD
FRA,2021,pat_res,13386.0,IP.PAT.RESD
GBR,2000,pat_res,22050.0,IP.PAT.RESD
GBR,2001,pat_res,21423.0,IP.PAT.RESD
GBR,2002,pat_res,20624.0,IP.PAT.RESD
GBR,2003,pat_res,20426.0,IP.PAT.RESD
GBR,2004,pat_res,19178.0,IP.PAT.RESD
GBR,2005,pat_res,17833.0,IP.PAT.RESD
GBR,2006,pat_res,17484.0,IP.PAT.RESD
GBR,2007,pat_res,17375.0,IP.PAT.RESD
GBR,2008,pat_res,16523.0,IP.PAT.RESD
GBR,2009,pat_res,15985.0,IP.PAT.RESD
GBR,2010,pat_res,15490.0,IP.PAT.RESD
GBR,2011,pat_res,15343.0,IP.PAT.RESD
GBR,2012,pat_res,15370.0,IP.PAT.RESD
GBR,2013,pat_res,14972.0,IP.PAT.RESD
GBR,2014,pat_res,15196.0,IP.PAT.RESD
GBR,2015,pat_res,14867.0,IP.PAT.RESD
GBR,2016,pat_res,13876.0,IP.PAT.RESD
GBR,2017,pat_res,13301.0,IP.PAT.RESD
GBR,2018,pat_res,12865.0,IP.PAT.RESD
GBR,2019,pat_res,12061.0,IP.PAT.RESD
GBR,2020,pat_res,11990.0,IP.PAT.RESD
GBR,2021,pat_res,11592.0,IP.PAT.RESD
GRC,2000,pat_res,306.0,IP.PAT.RESD
GRC,2001,pat_res,385.0,IP.PAT.RESD
GRC,2002,pat_res,376.0,IP.PAT.RESD
GRC,2003,pat_res,393.0,IP.PAT.RESD
GRC,2004,pat_res,379.0,IP.PAT.RESD
GRC,2005,pat_res,462.0,IP.PAT.RESD
GRC,2006,pat_res,532.0,IP.PAT.RESD
GRC,2007,pat_res,575.0,IP.PAT.RESD
GRC,2008,pat_res,628.0,IP.PAT.RESD
GRC,2009,pat_res,698.0,IP.PAT.RESD
GRC,2010,pat_res,728.0,IP.PAT.RESD
GRC,2011,pat_res,722.0,IP.PAT.RESD
GRC,2012,pat_res,628.0,IP.PAT.RESD
GRC,2013,pat_res,698.0,IP.PAT.RESD
GRC,2014,pat_res,651.0,IP.PAT.RESD
GRC,2015,pat_res,550.0,IP.PAT.RESD
GRC,2016,pat_res,606.0,IP.PAT.RESD
GRC,2017,pat_res,498.0,IP.PAT.RESD
GRC,2018,pat_res,430.0,IP.PAT.RESD
GRC,2019,pat_res,356.0,IP.PAT.RESD
GRC,2020,pat_res,400.0,IP.PAT.RESD
GRC,2021,pat_res,394.0,IP.PAT.RESD
HUN,2000,pat_res,810.0,IP.PAT.RESD
HUN,2001,pat_res,919.0,IP.PAT.RESD
HUN,2002,pat_res,842.0,IP.PAT.RESD
HUN,2003,pat_res,756.0,IP.PAT.RESD
HUN,2004,pat_res,748.0,IP.PAT.RESD
HUN,2005,pat_res,705.0,IP.PAT.RESD
HUN,2006,pat_res,718.0,IP.PAT.RESD
HUN,2007,pat_res,689.0,IP.PAT.RESD
HUN,2008,pat_res,683.0,IP.PAT.RESD
HUN,2009,pat_res,757.0,IP.PAT.RESD
HUN,2010,pat_res,649.0,IP.PAT.RESD
HUN,2011,pat_res,662.0,IP.PAT.RESD
HUN,2012,pat_res,692.0,IP.PAT.RESD
HUN,2013,pat_res,642.0,IP.PAT.RESD
HUN,2014,pat_res,546.0,IP.PAT.RESD
HUN,2015,pat_res,569.0,IP.PAT.RESD
HUN,2016,pat_res,616.0,IP.PAT.RESD
HUN,2017,pat_res,496.0,IP.PAT.RESD
HUN,2018,pat_res,407.0,IP.PAT.RESD
HUN,2019,pat_res,427.0,IP.PAT.RESD
HUN,2020,pat_res,428.0,IP.PAT.RESD
HUN,2021,pat_res,433.0,IP.PAT.RESD
IRL,2016,pat_res,79.0,IP.PAT.RESD
IRL,2017,pat_res,62.0,IP.PAT.RESD
IRL,2018,pat_res,76.0,IP.PAT.RESD
IRL,2019,pat_res,58.0,IP.PAT.RESD
IRL,2020,pat_res,75.0,IP.PAT.RESD
IRL,2021,pat_res,75.0,IP.PAT.RESD
ISL,2000,pat_res,51.0,IP.PAT.RESD
ISL,2001,pat_res,49.0,IP.PAT.RESD
ISL,2002,pat_res,71.0,IP.PAT.RESD
ISL,2003,pat_res,57.0,IP.PAT.RESD
ISL,2004,pat_res,66.0,IP.PAT.RESD
ISL,2005,pat_res,47.0,IP.PAT.RESD
ISL,2006,pat_res,45.0,IP.PAT.RESD
ISL,2007,pat_res,61.0,IP.PAT.RESD
ISL,2008,pat_res,50.0,IP.PAT.RESD
ISL,2009,pat_res,64.0,IP.PAT.RESD
ISL,2010,pat_res,57.0,IP.PAT.RESD
ISL,2011,pat_res,50.0,IP.PAT.RESD
ISL,2012,pat_res,37.0,IP.PAT.RESD
ISL,2013,pat_res,33.0,IP.PAT.RESD
ISL,2014,pat_res,51.0,IP.PAT.RESD
ISL,2015,pat_res,40.0,IP.PAT.RESD
ISL,2016,pat_res,35.0,IP.PAT.RESD
ISL,2017,pat_res,36.0,IP.PAT.RESD
ISL,2018,pat_res,56.0,IP.PAT.RESD
ISL,2019,pat_res,47.0,IP.PAT.RESD
ISL,2020,pat_res,44.0,IP.PAT.RESD
ISL,2021,pat_res,34.0,IP.PAT.RESD
ISR,2000,pat_res,1599.0,IP.PAT.RESD
ISR,2001,pat_res,1248.0,IP.PAT.RESD
ISR,2002,pat_res,1213.0,IP.PAT.RESD
ISR,2003,pat_res,1329.0,IP.PAT.RESD
ISR,2004,pat_res,1544.0,IP.PAT.RESD
ISR,2005,pat_res,1669.0,IP.PAT.RESD
ISR,2006,pat_res,1342.0,IP.PAT.RESD
ISR,2007,pat_res,1615.0,IP.PAT.RESD
ISR,2008,pat_res,1528.0,IP.PAT.RESD
ISR,2009,pat_res,1387.0,IP.PAT.RESD
ISR,2010,pat_res,1450.0,IP.PAT.RESD
ISR,2011,pat_res,1360.0,IP.PAT.RESD
ISR,2012,pat_res,1319.0,IP.PAT.RESD
ISR,2013,pat_res,1201.0,IP.PAT.RESD
ISR,2014,pat_res,1125.0,IP.PAT.RESD
ISR,2015,pat_res,1285.0,IP.PAT.RESD
ISR,2016,pat_res,1300.0,IP.PAT.RESD
ISR,2017,pat_res,1436.0,IP.PAT.RESD
ISR,2018,pat_res,1506.0,IP.PAT.RESD
ISR,2019,pat_res,1368.0,IP.PAT.RESD
ISR,2020,pat_res,1642.0,IP.PAT.RESD
ISR,2021,pat_res,1592.0,IP.PAT.RESD
ITA,2000,pat_res,7877.0,IP.PAT.RESD
ITA,2007,pat_res,9255.0,IP.PAT.RESD
ITA,2008,pat_res,8588.0,IP.PAT.RESD
ITA,2009,pat_res,8814.0,IP.PAT.RESD
ITA,2010,pat_res,8877.0,IP.PAT.RESD
ITA,2011,pat_res,8794.0,IP.PAT.RESD
ITA,2012,pat_res,8439.0,IP.PAT.RESD
ITA,2013,pat_res,8307.0,IP.PAT.RESD
ITA,2014,pat_res,8601.0,IP.PAT.RESD
ITA,2016,pat_res,8848.0,IP.PAT.RESD
ITA,2017,pat_res,8643.0,IP.PAT.RESD
ITA,2018,pat_res,8921.0,IP.PAT.RESD
ITA,2019,pat_res,9229.0,IP.PAT.RESD
ITA,2020,pat_res,10061.0,IP.PAT.RESD
ITA,2021,pat_res,10281.0,IP.PAT.RESD
JPN,2000,pat_res,387364.0,IP.PAT.RESD
JPN,2001,pat_res,386767.0,IP.PAT.RESD
JPN,2002,pat_res,369458.0,IP.PAT.RESD
JPN,2003,pat_res,358184.0,IP.PAT.RESD
JPN,2004,pat_res,368416.0,IP.PAT.RESD
JPN,2005,pat_res,367960.0,IP.PAT.RESD
JPN,2006,pat_res,347060.0,IP.PAT.RESD
JPN,2007,pat_res,333498.0,IP.PAT.RESD
JPN,2008,pat_res,330110.0,IP.PAT.RESD
JPN,2009,pat_res,295315.0,IP.PAT.RESD
JPN,2010,pat_res,290081.0,IP.PAT.RESD
JPN,2011,pat_res,287580.0,IP.PAT.RESD
JPN,2012,pat_res,287013.0,IP.PAT.RESD
JPN,2013,pat_res,271731.0,IP.PAT.RESD
JPN,2014,pat_res,265959.0,IP.PAT.RESD
JPN,2015,pat_res,258839.0,IP.PAT.RESD
JPN,2016,pat_res,260244.0,IP.PAT.RESD
JPN,2017,pat_res,260292.0,IP.PAT.RESD
JPN,2018,pat_res,253630.0,IP.PAT.RESD
JPN,2019,pat_res,245372.0,IP.PAT.RESD
JPN,2020,pat_res,227348.0,IP.PAT.RESD
JPN,2021,pat_res,222452.0,IP.PAT.RESD
KOR,2000,pat_res,72831.0,IP.PAT.RESD
KOR,2001,pat_res,73714.0,IP.PAT.RESD
KOR,2002,pat_res,76570.0,IP.PAT.RESD
KOR,2003,pat_res,90313.0,IP.PAT.RESD
KOR,2004,pat_res,105250.0,IP.PAT.RESD
KOR,2005,pat_res,122188.0,IP.PAT.RESD
KOR,2006,pat_res,125476.0,IP.PAT.RESD
KOR,2007,pat_res,128701.0,IP.PAT.RESD
KOR,2008,pat_res,127114.0,IP.PAT.RESD
KOR,2009,pat_res,127316.0,IP.PAT.RESD
KOR,2010,pat_res,131805.0,IP.PAT.RESD
KOR,2011,pat_res,138034.0,IP.PAT.RESD
KOR,2012,pat_res,148136.0,IP.PAT.RESD
KOR,2013,pat_res,159978.0,IP.PAT.RESD
KOR,2014,pat_res,164073.0,IP.PAT.RESD
KOR,2015,pat_res,167275.0,IP.PAT.RESD
KOR,2016,pat_res,163424.0,IP.PAT.RESD
KOR,2017,pat_res,159084.0,IP.PAT.RESD
KOR,2018,pat_res,162561.0,IP.PAT.RESD
KOR,2019,pat_res,171603.0,IP.PAT.RESD
KOR,2020,pat_res,180477.0,IP.PAT.RESD
KOR,2021,pat_res,186245.0,IP.PAT.RESD
LTU,2000,pat_res,66.0,IP.PAT.RESD
LTU,2001,pat_res,68.0,IP.PAT.RESD
LTU,2002,pat_res,85.0,IP.PAT.RESD
LTU,2003,pat_res,64.0,IP.PAT.RESD
LTU,2004,pat_res,70.0,IP.PAT.RESD
LTU,2005,pat_res,68.0,IP.PAT.RESD
LTU,2006,pat_res,65.0,IP.PAT.RESD
LTU,2007,pat_res,62.0,IP.PAT.RESD
LTU,2008,pat_res,87.0,IP.PAT.RESD
LTU,2009,pat_res,91.0,IP.PAT.RESD
LTU,2010,pat_res,108.0,IP.PAT.RESD
LTU,2011,pat_res,93.0,IP.PAT.RESD
LTU,2012,pat_res,109.0,IP.PAT.RESD
LTU,2013,pat_res,117.0,IP.PAT.RESD
LTU,2014,pat_res,123.0,IP.PAT.RESD
LTU,2015,pat_res,101.0,IP.PAT.RESD
LTU,2016,pat_res,95.0,IP.PAT.RESD
LTU,2017,pat_res,81.0,IP.PAT.RESD
LTU,2018,pat_res,81.0,IP.PAT.RESD
LTU,2019,pat_res,90.0,IP.PAT.RESD
LTU,2020,pat_res,95.0,IP.PAT.RESD
LTU,2021,pat_res,81.0,IP.PAT.RESD
LUX,2000,pat_res,85.0,IP.PAT.RESD
LUX,2001,pat_res,51.0,IP.PAT.RESD
LUX,2002,pat_res,41.0,IP.PAT.RESD
LUX,2003,pat_res,16.0,IP.PAT.RESD
LUX,2004,pat_res,23.0,IP.PAT.RESD
LUX,2005,pat_res,24.0,IP.PAT.RESD
LUX,2006,pat_res,26.0,IP.PAT.RESD
LUX,2007,pat_res,15.0,IP.PAT.RESD
LUX,2008,pat_res,48.0,IP.PAT.RESD
LUX,2009,pat_res,60.0,IP.PAT.RESD
LUX,2010,pat_res,79.0,IP.PAT.RESD
LUX,2011,pat_res,85.0,IP.PAT.RESD
LUX,2012,pat_res,109.0,IP.PAT.RESD
LUX,2013,pat_res,113.0,IP.PAT.RESD
LUX,2014,pat_res,128.0,IP.PAT.RESD
LUX,2015,pat_res,128.0,IP.PAT.RESD
LUX,2016,pat_res,143.0,IP.PAT.RESD
LUX,2017,pat_res,156.0,IP.PAT.RESD
LUX,2018,pat_res,152.0,IP.PAT.RESD
LUX,2019,pat_res,117.0,IP.PAT.RESD
LUX,2020,pat_res,129.0,IP.PAT.RESD
LUX,2021,pat_res,112.0,IP.PAT.RESD
LVA,2000,pat_res,98.0,IP.PAT.RESD
LVA,2001,pat_res,117.0,IP.PAT.RESD
LVA,2002,pat_res,150.0,IP.PAT.RESD
LVA,2003,pat_res,91.0,IP.PAT.RESD
LVA,2004,pat_res,108.0,IP.PAT.RESD
LVA,2005,pat_res,112.0,IP.PAT.RESD
LVA,2006,pat_res,114.0,IP.PAT.RESD
LVA,2007,pat_res,139.0,IP.PAT.RESD
LVA,2008,pat_res,206.0,IP.PAT.RESD
LVA,2009,pat_res,240.0,IP.PAT.RESD
LVA,2010,pat_res,178.0,IP.PAT.RESD
LVA,2011,pat_res,173.0,IP.PAT.RESD
LVA,2012,pat_res,193.0,IP.PAT.RESD
LVA,2013,pat_res,225.0,IP.PAT.RESD
LVA,2014,pat_res,103.0,IP.PAT.RESD
LVA,2015,pat_res,136.0,IP.PAT.RESD
LVA,2016,pat_res,95.0,IP.PAT.RESD
LVA,2017,pat_res,90.0,IP.PAT.RESD
LVA,2018,pat_res,86.0,IP.PAT.RESD
LVA,2019,pat_res,82.0,IP.PAT.RESD
LVA,2020,pat_res,93.0,IP.PAT.RESD
LVA,2021,pat_res,104.0,IP.PAT.RESD
MEX,2000,pat_res,431.0,IP.PAT.RESD
MEX,2001,pat_res,534.0,IP.PAT.RESD
MEX,2002,pat_res,526.0,IP.PAT.RESD
MEX,2003,pat_res,468.0,IP.PAT.RESD
MEX,2004,pat_res,565.0,IP.PAT.RESD
MEX,2005,pat_res,584.0,IP.PAT.RESD
MEX,2006,pat_res,574.0,IP.PAT.RESD
MEX,2007,pat_res,629.0,IP.PAT.RESD
MEX,2008,pat_res,685.0,IP.PAT.RESD
MEX,2009,pat_res,822.0,IP.PAT.RESD
MEX,2010,pat_res,951.0,IP.PAT.RESD
MEX,2011,pat_res,1065.0,IP.PAT.RESD
MEX,2012,pat_res,1294.0,IP.PAT.RESD
MEX,2013,pat_res,1210.0,IP.PAT.RESD
MEX,2014,pat_res,1246.0,IP.PAT.RESD
MEX,2015,pat_res,1364.0,IP.PAT.RESD
MEX,2016,pat_res,1310.0,IP.PAT.RESD
MEX,2017,pat_res,1334.0,IP.PAT.RESD
MEX,2018,pat_res,1555.0,IP.PAT.RESD
MEX,2019,pat_res,1305.0,IP.PAT.RESD
MEX,2020,pat_res,1132.0,IP.PAT.RESD
MEX,2021,pat_res,1117.0,IP.PAT.RESD
NLD,2000,pat_res,2465.0,IP.PAT.RESD
NLD,2001,pat_res,2110.0,IP.PAT.RESD
NLD,2002,pat_res,2122.0,IP.PAT.RESD
NLD,2003,pat_res,2288.0,IP.PAT.RESD
NLD,2004,pat_res,2187.0,IP.PAT.RESD
NLD,2005,pat_res,2217.0,IP.PAT.RESD
NLD,2006,pat_res,2168.0,IP.PAT.RESD
NLD,2007,pat_res,2079.0,IP.PAT.RESD
NLD,2008,pat_res,2421.0,IP.PAT.RESD
NLD,2009,pat_res,2575.0,IP.PAT.RESD
NLD,2010,pat_res,2527.0,IP.PAT.RESD
NLD,2011,pat_res,2585.0,IP.PAT.RESD
NLD,2012,pat_res,2375.0,IP.PAT.RESD
NLD,2013,pat_res,2315.0,IP.PAT.RESD
NLD,2014,pat_res,2294.0,IP.PAT.RESD
NLD,2015,pat_res,2207.0,IP.PAT.RESD
NLD,2016,pat_res,2290.0,IP.PAT.RESD
NLD,2017,pat_res,2241.0,IP.PAT.RESD
NLD,2018,pat_res,2111.0,IP.PAT.RESD
NLD,2019,pat_res,2228.0,IP.PAT.RESD
NLD,2020,pat_res,2198.0,IP.PAT.RESD
NLD,2021,pat_res,2080.0,IP.PAT.RESD
NOR,2000,pat_res,1311.0,IP.PAT.RESD
NOR,2001,pat_res,1189.0,IP.PAT.RESD
NOR,2002,pat_res,1178.0,IP.PAT.RESD
NOR,2003,pat_res,1079.0,IP.PAT.RESD
NOR,2004,pat_res,1142.0,IP.PAT.RESD
NOR,2005,pat_res,1143.0,IP.PAT.RESD
NOR,2006,pat_res,1119.0,IP.PAT.RESD
NOR,2007,pat_res,1225.0,IP.PAT.RESD
NOR,2008,pat_res,1150.0,IP.PAT.RESD
NOR,2009,pat_res,1246.0,IP.PAT.RESD
NOR,2010,pat_res,1117.0,IP.PAT.RESD
NOR,2011,pat_res,1122.0,IP.PAT.RESD
NOR,2012,pat_res,1009.0,IP.PAT.RESD
NOR,2013,pat_res,1101.0,IP.PAT.RESD
NOR,2014,pat_res,1106.0,IP.PAT.RESD
NOR,2015,pat_res,1153.0,IP.PAT.RESD
NOR,2016,pat_res,1227.0,IP.PAT.RESD
NOR,2017,pat_res,1152.0,IP.PAT.RESD
NOR,2018,pat_res,1082.0,IP.PAT.RESD
NOR,2019,pat_res,957.0,IP.PAT.RESD
NOR,2020,pat_res,880.0,IP.PAT.RESD
NOR,2021,pat_res,946.0,IP.PAT.RESD
NZL,2000,pat_res,1463.0,IP.PAT.RESD
NZL,2001,pat_res,1768.0,IP.PAT.RESD
NZL,2002,pat_res,1839.0,IP.PAT.RESD
NZL,2003,pat_res,1845.0,IP.PAT.RESD
NZL,2004,pat_res,1631.0,IP.PAT.RESD
NZL,2005,pat_res,1893.0,IP.PAT.RESD
NZL,2006,pat_res,2153.0,IP.PAT.RESD
NZL,2007,pat_res,1892.0,IP.PAT.RESD
NZL,2008,pat_res,1256.0,IP.PAT.RESD
NZL,2009,pat_res,1555.0,IP.PAT.RESD
NZL,2010,pat_res,1585.0,IP.PAT.RESD
NZL,2011,pat_res,1501.0,IP.PAT.RESD
NZL,2012,pat_res,1425.0,IP.PAT.RESD
NZL,2013,pat_res,1614.0,IP.PAT.RESD
NZL,2014,pat_res,1636.0,IP.PAT.RESD
NZL,2015,pat_res,1184.0,IP.PAT.RESD
NZL,2016,pat_res,1075.0,IP.PAT.RESD
NZL,2017,pat_res,1014.0,IP.PAT.RESD
NZL,2018,pat_res,1017.0,IP.PAT.RESD
NZL,2019,pat_res,324.0,IP.PAT.RESD
NZL,2020,pat_res,348.0,IP.PAT.RESD
NZL,2021,pat_res,330.0,IP.PAT.RESD
POL,2000,pat_res,2404.0,IP.PAT.RESD
POL,2001,pat_res,2202.0,IP.PAT.RESD
POL,2002,pat_res,2313.0,IP.PAT.RESD
POL,2003,pat_res,2268.0,IP.PAT.RESD
POL,2004,pat_res,2381.0,IP.PAT.RESD
POL,2005,pat_res,2028.0,IP.PAT.RESD
POL,2006,pat_res,2157.0,IP.PAT.RESD
POL,2007,pat_res,2392.0,IP.PAT.RESD
POL,2008,pat_res,2488.0,IP.PAT.RESD
POL,2009,pat_res,2899.0,IP.PAT.RESD
POL,2010,pat_res,3203.0,IP.PAT.RESD
POL,2011,pat_res,3879.0,IP.PAT.RESD
POL,2012,pat_res,4410.0,IP.PAT.RESD
POL,2013,pat_res,4237.0,IP.PAT.RESD
POL,2014,pat_res,3941.0,IP.PAT.RESD
POL,2015,pat_res,4676.0,IP.PAT.RESD
POL,2016,pat_res,4261.0,IP.PAT.RESD
POL,2017,pat_res,3924.0,IP.PAT.RESD
POL,2018,pat_res,4207.0,IP.PAT.RESD
POL,2019,pat_res,3887.0,IP.PAT.RESD
POL,2020,pat_res,4010.0,IP.PAT.RESD
POL,2021,pat_res,3377.0,IP.PAT.RESD
PRT,2000,pat_res,81.0,IP.PAT.RESD
PRT,2001,pat_res,107.0,IP.PAT.RESD
PRT,2002,pat_res,130.0,IP.PAT.RESD
PRT,2003,pat_res,125.0,IP.PAT.RESD
PRT,2004,pat_res,123.0,IP.PAT.RESD
PRT,2005,pat_res,158.0,IP.PAT.RESD
PRT,2006,pat_res,184.0,IP.PAT.RESD
PRT,2007,pat_res,250.0,IP.PAT.RESD
PRT,2008,pat_res,381.0,IP.PAT.RESD
PRT,2009,pat_res,571.0,IP.PAT.RESD
PRT,2010,pat_res,499.0,IP.PAT.RESD
PRT,2011,pat_res,571.0,IP.PAT.RESD
PRT,2012,pat_res,621.0,IP.PAT.RESD
PRT,2013,pat_res,647.0,IP.PAT.RESD
PRT,2014,pat_res,722.0,IP.PAT.RESD
PRT,2015,pat_res,925.0,IP.PAT.RESD
PRT,2016,pat_res,724.0,IP.PAT.RESD
PRT,2017,pat_res,644.0,IP.PAT.RESD
PRT,2018,pat_res,661.0,IP.PAT.RESD
PRT,2019,pat_res,703.0,IP.PAT.RESD
PRT,2020,pat_res,695.0,IP.PAT.RESD
PRT,2021,pat_res,711.0,IP.PAT.RESD
SVK,2000,pat_res,236.0,IP.PAT.RESD
SVK,2001,pat_res,246.0,IP.PAT.RESD
SVK,2002,pat_res,259.0,IP.PAT.RESD
SVK,2003,pat_res,210.0,IP.PAT.RESD
SVK,2004,pat_res,215.0,IP.PAT.RESD
SVK,2005,pat_res,155.0,IP.PAT.RESD
SVK,2006,pat_res,193.0,IP.PAT.RESD
SVK,2007,pat_res,239.0,IP.PAT.RESD
SVK,2008,pat_res,167.0,IP.PAT.RESD
SVK,2009,pat_res,176.0,IP.PAT.RESD
SVK,2010,pat_res,234.0,IP.PAT.RESD
SVK,2011,pat_res,224.0,IP.PAT.RESD
SVK,2012,pat_res,168.0,IP.PAT.RESD
SVK,2013,pat_res,184.0,IP.PAT.RESD
SVK,2014,pat_res,211.0,IP.PAT.RESD
SVK,2015,pat_res,228.0,IP.PAT.RESD
SVK,2016,pat_res,220.0,IP.PAT.RESD
SVK,2017,pat_res,183.0,IP.PAT.RESD
SVK,2018,pat_res,217.0,IP.PAT.RESD
SVK,2019,pat_res,206.0,IP.PAT.RESD
SVK,2020,pat_res,206.0,IP.PAT.RESD
SVK,2021,pat_res,146.0,IP.PAT.RESD
SVN,2000,pat_res,307.0,IP.PAT.RESD
SVN,2001,pat_res,301.0,IP.PAT.RESD
SVN,2002,pat_res,300.0,IP.PAT.RESD
SVN,2003,pat_res,310.0,IP.PAT.RESD
SVN,2004,pat_res,342.0,IP.PAT.RESD
SVN,2005,pat_res,344.0,IP.PAT.RESD
SVN,2006,pat_res,287.0,IP.PAT.RESD
SVN,2007,pat_res,331.0,IP.PAT.RESD
SVN,2008,pat_res,301.0,IP.PAT.RESD
SVN,2009,pat_res,373.0,IP.PAT.RESD
SVN,2010,pat_res,442.0,IP.PAT.RESD
SVN,2011,pat_res,470.0,IP.PAT.RESD
SVN,2018,pat_res,255.0,IP.PAT.RESD
SVN,2020,pat_res,232.0,IP.PAT.RESD
SVN,2021,pat_res,222.0,IP.PAT.RESD
SWE,2000,pat_res,4224.0,IP.PAT.RESD
SWE,2001,pat_res,3926.0,IP.PAT.RESD
SWE,2002,pat_res,3358.0,IP.PAT.RESD
SWE,2003,pat_res,3025.0,IP.PAT.RESD
SWE,2004,pat_res,2768.0,IP.PAT.RESD
SWE,2005,pat_res,2522.0,IP.PAT.RESD
SWE,2006,pat_res,2446.0,IP.PAT.RESD
SWE,2007,pat_res,2527.0,IP.PAT.RESD
SWE,2008,pat_res,2549.0,IP.PAT.RESD
SWE,2009,pat_res,2186.0,IP.PAT.RESD
SWE,2010,pat_res,2196.0,IP.PAT.RESD
SWE,2011,pat_res,2004.0,IP.PAT.RESD
SWE,2012,pat_res,2288.0,IP.PAT.RESD
SWE,2013,pat_res,2332.0,IP.PAT.RESD
SWE,2014,pat_res,1984.0,IP.PAT.RESD
SWE,2015,pat_res,2038.0,IP.PAT.RESD
SWE,2016,pat_res,2032.0,IP.PAT.RESD
SWE,2017,pat_res,1992.0,IP.PAT.RESD
SWE,2018,pat_res,1838.0,IP.PAT.RESD
SWE,2019,pat_res,1802.0,IP.PAT.RESD
SWE,2020,pat_res,1764.0,IP.PAT.RESD
SWE,2021,pat_res,1771.0,IP.PAT.RESD
TUR,2000,pat_res,277.0,IP.PAT.RESD
TUR,2001,pat_res,337.0,IP.PAT.RESD
TUR,2002,pat_res,414.0,IP.PAT.RESD
TUR,2003,pat_res,489.0,IP.PAT.RESD
TUR,2004,pat_res,682.0,IP.PAT.RESD
TUR,2005,pat_res,928.0,IP.PAT.RESD
TUR,2006,pat_res,1072.0,IP.PAT.RESD
TUR,2007,pat_res,1810.0,IP.PAT.RESD
TUR,2008,pat_res,2221.0,IP.PAT.RESD
TUR,2009,pat_res,2555.0,IP.PAT.RESD
TUR,2010,pat_res,3180.0,IP.PAT.RESD
TUR,2011,pat_res,3885.0,IP.PAT.RESD
TUR,2012,pat_res,4434.0,IP.PAT.RESD
TUR,2013,pat_res,4392.0,IP.PAT.RESD
TUR,2014,pat_res,4766.0,IP.PAT.RESD
TUR,2015,pat_res,5352.0,IP.PAT.RESD
TUR,2016,pat_res,6230.0,IP.PAT.RESD
TUR,2017,pat_res,8175.0,IP.PAT.RESD
TUR,2018,pat_res,7156.0,IP.PAT.RESD
TUR,2019,pat_res,7871.0,IP.PAT.RESD
TUR,2020,pat_res,7920.0,IP.PAT.RESD
TUR,2021,pat_res,8234.0,IP.PAT.RESD
USA,2000,pat_res,164795.0,IP.PAT.RESD
USA,2001,pat_res,177513.0,IP.PAT.RESD
USA,2002,pat_res,184245.0,IP.PAT.RESD
USA,2003,pat_res,188941.0,IP.PAT.RESD
USA,2004,pat_res,189536.0,IP.PAT.RESD
USA,2005,pat_res,207867.0,IP.PAT.RESD
USA,2006,pat_res,221784.0,IP.PAT.RESD
USA,2007,pat_res,241347.0,IP.PAT.RESD
USA,2008,pat_res,231588.0,IP.PAT.RESD
USA,2009,pat_res,224912.0,IP.PAT.RESD
USA,2010,pat_res,241977.0,IP.PAT.RESD
USA,2011,pat_res,247750.0,IP.PAT.RESD
USA,2012,pat_res,268782.0,IP.PAT.RESD
USA,2013,pat_res,287831.0,IP.PAT.RESD
USA,2014,pat_res,285096.0,IP.PAT.RESD
USA,2015,pat_res,288335.0,IP.PAT.RESD
USA,2016,pat_res,295327.0,IP.PAT.RESD
USA,2017,pat_res,293904.0,IP.PAT.RESD
USA,2018,pat_res,285095.0,IP.PAT.RESD
USA,2019,pat_res,285113.0,IP.PAT.RESD
USA,2020,pat_res,269586.0,IP.PAT.RESD
USA,2021,pat_res,262244.0,IP.PAT.RESD
AUS,2000,pop,19028802.0,SP.POP.TOTL
AUS,2001,pop,19274701.0,SP.POP.TOTL
AUS,2002,pop,19495210.0,SP.POP.TOTL
AUS,2003,pop,19720737.0,SP.POP.TOTL
AUS,2004,pop,19932722.0,SP.POP.TOTL
AUS,2005,pop,20176844.0,SP.POP.TOTL
AUS,2006,pop,20450966.0,SP.POP.TOTL
AUS,2007,pop,20827622.0,SP.POP.TOTL
AUS,2008,pop,21249199.0,SP.POP.TOTL
AUS,2009,pop,21691653.0,SP.POP.TOTL
AUS,2010,pop,22031750.0,SP.POP.TOTL
AUS,2011,pop,22340024.0,SP.POP.TOTL
AUS,2012,pop,22733465.0,SP.POP.TOTL
AUS,2013,pop,23128129.0,SP.POP.TOTL
AUS,2014,pop,23475686.0,SP.POP.TOTL
AUS,2015,pop,23815995.0,SP.POP.TOTL
AUS,2016,pop,24190907.0,SP.POP.TOTL
AUS,2017,pop,24592588.0,SP.POP.TOTL
AUS,2018,pop,24963258.0,SP.POP.TOTL
AUS,2019,pop,25334826.0,SP.POP.TOTL
AUS,2020,pop,25649248.0,SP.POP.TOTL
AUS,2021,pop,25685412.0,SP.POP.TOTL
AUS,2022,pop,26018721.0,SP.POP.TOTL
AUS,2023,pop,26659922.0,SP.POP.TOTL
AUS,2024,pop,27194286.0,SP.POP.TOTL
AUT,2000,pop,8011566.0,SP.POP.TOTL
AUT,2001,pop,8042293.0,SP.POP.TOTL
AUT,2002,pop,8081957.0,SP.POP.TOTL
AUT,2003,pop,8121423.0,SP.POP.TOTL
AUT,2004,pop,8171966.0,SP.POP.TOTL
AUT,2005,pop,8227829.0,SP.POP.TOTL
AUT,2006,pop,8268641.0,SP.POP.TOTL
AUT,2007,pop,8295487.0,SP.POP.TOTL
AUT,2008,pop,8321496.0,SP.POP.TOTL
AUT,2009,pop,8343323.0,SP.POP.TOTL
AUT,2010,pop,8363404.0,SP.POP.TOTL
AUT,2011,pop,8391643.0,SP.POP.TOTL
AUT,2012,pop,8429991.0,SP.POP.TOTL
AUT,2013,pop,8479823.0,SP.POP.TOTL
AUT,2014,pop,8546356.0,SP.POP.TOTL
AUT,2015,pop,8642699.0,SP.POP.TOTL
AUT,2016,pop,8736668.0,SP.POP.TOTL
AUT,2017,pop,8797566.0,SP.POP.TOTL
AUT,2018,pop,8840521.0,SP.POP.TOTL
AUT,2019,pop,8879920.0,SP.POP.TOTL
AUT,2020,pop,8916864.0,SP.POP.TOTL
AUT,2021,pop,8955797.0,SP.POP.TOTL
AUT,2022,pop,9041851.0,SP.POP.TOTL
AUT,2023,pop,9131761.0,SP.POP.TOTL
AUT,2024,pop,9177982.0,SP.POP.TOTL
BEL,2000,pop,10251250.0,SP.POP.TOTL
BEL,2001,pop,10286570.0,SP.POP.TOTL
BEL,2002,pop,10332785.0,SP.POP.TOTL
BEL,2003,pop,10376133.0,SP.POP.TOTL
BEL,2004,pop,10421137.0,SP.POP.TOTL
BEL,2005,pop,10478617.0,SP.POP.TOTL
BEL,2006,pop,10547958.0,SP.POP.TOTL
BEL,2007,pop,10625700.0,SP.POP.TOTL
BEL,2008,pop,10709973.0,SP.POP.TOTL
BEL,2009,pop,10796493.0,SP.POP.TOTL
BEL,2010,pop,10895586.0,SP.POP.TOTL
BEL,2011,pop,11038264.0,SP.POP.TOTL
BEL,2012,pop,11106932.0,SP.POP.TOTL
BEL,2013,pop,11159407.0,SP.POP.TOTL
BEL,2014,pop,11209057.0,SP.POP.TOTL
BEL,2015,pop,11274196.0,SP.POP.TOTL
BEL,2016,pop,11331422.0,SP.POP.TOTL
BEL,2017,pop,11375158.0,SP.POP.TOTL
BEL,2018,pop,11427054.0,SP.POP.TOTL
BEL,2019,pop,11488980.0,SP.POP.TOTL
BEL,2020,pop,11538604.0,SP.POP.TOTL
BEL,2021,pop,11586195.0,SP.POP.TOTL
BEL,2022,pop,11680210.0,SP.POP.TOTL
BEL,2023,pop,11779946.0,SP.POP.TOTL
BEL,2024,pop,11858610.0,SP.POP.TOTL
CAN,2000,pop,30685730.0,SP.POP.TOTL
CAN,2001,pop,31020855.0,SP.POP.TOTL
CAN,2002,pop,31359199.0,SP.POP.TOTL
CAN,2003,pop,31642461.0,SP.POP.TOTL
CAN,2004,pop,31938807.0,SP.POP.TOTL
CAN,2005,pop,32242732.0,SP.POP.TOTL
CAN,2006,pop,32571193.0,SP.POP.TOTL
CAN,2007,pop,32888886.0,SP.POP.TOTL
CAN,2008,pop,33247298.0,SP.POP.TOTL
CAN,2009,pop,33630069.0,SP.POP.TOTL
CAN,2010,pop,34005902.0,SP.POP.TOTL
CAN,2011,pop,34339221.0,SP.POP.TOTL
CAN,2012,pop,34713395.0,SP.POP.TOTL
CAN,2013,pop,35080992.0,SP.POP.TOTL
CAN,2014,pop,35434066.0,SP.POP.TOTL
CAN,2015,pop,35704498.0,SP.POP.TOTL
CAN,2016,pop,36110803.0,SP.POP.TOTL
CAN,2017,pop,36545075.0,SP.POP.TOTL
CAN,2018,pop,37072620.0,SP.POP.TOTL
CAN,2019,pop,37618495.0,SP.POP.TOTL
CAN,2020,pop,38028638.0,SP.POP.TOTL
CAN,2021,pop,38239864.0,SP.POP.TOTL
CAN,2022,pop,38950132.0,SP.POP.TOTL
CAN,2023,pop,40049088.0,SP.POP.TOTL
CAN,2024,pop,41262329.0,SP.POP.TOTL
CHE,2000,pop,7184250.0,SP.POP.TOTL
CHE,2001,pop,7229854.0,SP.POP.TOTL
CHE,2002,pop,7284753.0,SP.POP.TOTL
CHE,2003,pop,7339001.0,SP.POP.TOTL
CHE,2004,pop,7389625.0,SP.POP.TOTL
CHE,2005,pop,7437115.0,SP.POP.TOTL
CHE,2006,pop,7483934.0,SP.POP.TOTL
CHE,2007,pop,7551117.0,SP.POP.TOTL
CHE,2008,pop,7647675.0,SP.POP.TOTL
CHE,2009,pop,7743831.0,SP.POP.TOTL
CHE,2010,pop,7824909.0,SP.POP.TOTL
CHE,2011,pop,7912398.0,SP.POP.TOTL
CHE,2012,pop,7996861.0,SP.POP.TOTL
CHE,2013,pop,8089346.0,SP.POP.TOTL
CHE,2014,pop,8188649.0,SP.POP.TOTL
CHE,2015,pop,8282396.0,SP.POP.TOTL
CHE,2016,pop,8373338.0,SP.POP.TOTL
CHE,2017,pop,8451840.0,SP.POP.TOTL
CHE,2018,pop,8514329.0,SP.POP.TOTL
CHE,2019,pop,8575280.0,SP.POP.TOTL
CHE,2020,pop,8638167.0,SP.POP.TOTL
CHE,2021,pop,8704546.0,SP.POP.TOTL
CHE,2022,pop,8777088.0,SP.POP.TOTL
CHE,2023,pop,8888822.0,SP.POP.TOTL
CHE,2024,pop,9005582.0,SP.POP.TOTL
CHL,2000,pop,15503635.0,SP.POP.TOTL
CHL,2001,pop,15683849.0,SP.POP.TOTL
CHL,2002,pop,15857925.0,SP.POP.TOTL
CHL,2003,pop,16024752.0,SP.POP.TOTL
CHL,2004,pop,16187322.0,SP.POP.TOTL
CHL,2005,pop,16348778.0,SP.POP.TOTL
CHL,2006,pop,16509195.0,SP.POP.TOTL
CHL,2007,pop,16671581.0,SP.POP.TOTL
CHL,2008,pop,16838988.0,SP.POP.TOTL
CHL,2009,pop,17009731.0,SP.POP.TOTL
CHL,2010,pop,17181464.0,SP.POP.TOTL
CHL,2011,pop,17351816.0,SP.POP.TOTL
CHL,2012,pop,17519119.0,SP.POP.TOTL
CHL,2013,pop,17687006.0,SP.POP.TOTL
CHL,2014,pop,17864195.0,SP.POP.TOTL
CHL,2015,pop,18047625.0,SP.POP.TOTL
CHL,2016,pop,18267221.0,SP.POP.TOTL
CHL,2017,pop,18558868.0,SP.POP.TOTL
CHL,2018,pop,18893191.0,SP.POP.TOTL
CHL,2019,pop,19197744.0,SP.POP.TOTL
CHL,2020,pop,19370624.0,SP.POP.TOTL
CHL,2021,pop,19456334.0,SP.POP.TOTL
CHL,2022,pop,19553036.0,SP.POP.TOTL
CHL,2023,pop,19658835.0,SP.POP.TOTL
CHL,2024,pop,19764771.0,SP.POP.TOTL
CHN,2000,pop,1262645000.0,SP.POP.TOTL
CHN,2001,pop,1271850000.0,SP.POP.TOTL
CHN,2002,pop,1280400000.0,SP.POP.TOTL
CHN,2003,pop,1288400000.0,SP.POP.TOTL
CHN,2004,pop,1296075000.0,SP.POP.TOTL
CHN,2005,pop,1303720000.0,SP.POP.TOTL
CHN,2006,pop,1311020000.0,SP.POP.TOTL
CHN,2007,pop,1317885000.0,SP.POP.TOTL
CHN,2008,pop,1324655000.0,SP.POP.TOTL
CHN,2009,pop,1331260000.0,SP.POP.TOTL
CHN,2010,pop,1337705000.0,SP.POP.TOTL
CHN,2011,pop,1345035000.0,SP.POP.TOTL
CHN,2012,pop,1354190000.0,SP.POP.TOTL
CHN,2013,pop,1363240000.0,SP.POP.TOTL
CHN,2014,pop,1371860000.0,SP.POP.TOTL
CHN,2015,pop,1379860000.0,SP.POP.TOTL
CHN,2016,pop,1387790000.0,SP.POP.TOTL
CHN,2017,pop,1396215000.0,SP.POP.TOTL
CHN,2018,pop,1402760000.0,SP.POP.TOTL
CHN,2019,pop,1407745000.0,SP.POP.TOTL
CHN,2020,pop,1411100000.0,SP.POP.TOTL
CHN,2021,pop,1412360000.0,SP.POP.TOTL
CHN,2022,pop,1412175000.0,SP.POP.TOTL
CHN,2023,pop,1410710000.0,SP.POP.TOTL
CHN,2024,pop,1408975000.0,SP.POP.TOTL
COL,2000,pop,39089934.0,SP.POP.TOTL
COL,2001,pop,39709262.0,SP.POP.TOTL
COL,2002,pop,40324680.0,SP.POP.TOTL
COL,2003,pop,40937429.0,SP.POP.TOTL
COL,2004,pop,41543171.0,SP.POP.TOTL
COL,2005,pop,42128977.0,SP.POP.TOTL
COL,2006,pop,42691084.0,SP.POP.TOTL
COL,2007,pop,43235374.0,SP.POP.TOTL
COL,2008,pop,43758808.0,SP.POP.TOTL
COL,2009,pop,44271541.0,SP.POP.TOTL
COL,2010,pop,44777319.0,SP.POP.TOTL
COL,2011,pop,45259614.0,SP.POP.TOTL
COL,2012,pop,45715810.0,SP.POP.TOTL
COL,2013,pop,46151584.0,SP.POP.TOTL
COL,2014,pop,46565429.0,SP.POP.TOTL
COL,2015,pop,46969940.0,SP.POP.TOTL
COL,2016,pop,47437512.0,SP.POP.TOTL
COL,2017,pop,48131078.0,SP.POP.TOTL
COL,2018,pop,49024465.0,SP.POP.TOTL
COL,2019,pop,49907985.0,SP.POP.TOTL
COL,2020,pop,50629997.0,SP.POP.TOTL
COL,2021,pop,51188173.0,SP.POP.TOTL
COL,2022,pop,51737944.0,SP.POP.TOTL
COL,2023,pop,52321152.0,SP.POP.TOTL
COL,2024,pop,52886363.0,SP.POP.TOTL
CRI,2000,pop,3937739.0,SP.POP.TOTL
CRI,2001,pop,4008947.0,SP.POP.TOTL
CRI,2002,pop,4075705.0,SP.POP.TOTL
CRI,2003,pop,4138784.0,SP.POP.TOTL
CRI,2004,pop,4200078.0,SP.POP.TOTL
CRI,2005,pop,4261240.0,SP.POP.TOTL
CRI,2006,pop,4321340.0,SP.POP.TOTL
CRI,2007,pop,4380248.0,SP.POP.TOTL
CRI,2008,pop,4440056.0,SP.POP.TOTL
CRI,2009,pop,4499791.0,SP.POP.TOTL
CRI,2010,pop,4555962.0,SP.POP.TOTL
CRI,2011,pop,4609833.0,SP.POP.TOTL
CRI,2012,pop,4663934.0,SP.POP.TOTL
CRI,2013,pop,4716147.0,SP.POP.TOTL
CRI,2014,pop,4767119.0,SP.POP.TOTL
CRI,2015,pop,4818038.0,SP.POP.TOTL
CRI,2016,pop,4866998.0,SP.POP.TOTL
CRI,2017,pop,4913177.0,SP.POP.TOTL
CRI,2018,pop,4957818.0,SP.POP.TOTL
CRI,2019,pop,4999553.0,SP.POP.TOTL
CRI,2020,pop,5034320.0,SP.POP.TOTL
CRI,2021,pop,5059988.0,SP.POP.TOTL
CRI,2022,pop,5081765.0,SP.POP.TOTL
CRI,2023,pop,5105525.0,SP.POP.TOTL
CRI,2024,pop,5129910.0,SP.POP.TOTL
CZE,2000,pop,10255063.0,SP.POP.TOTL
CZE,2001,pop,10216605.0,SP.POP.TOTL
CZE,2002,pop,10196916.0,SP.POP.TOTL
CZE,2003,pop,10193998.0,SP.POP.TOTL
CZE,2004,pop,10197101.0,SP.POP.TOTL
CZE,2005,pop,10211216.0,SP.POP.TOTL
CZE,2006,pop,10238905.0,SP.POP.TOTL
CZE,2007,pop,10298828.0,SP.POP.TOTL
CZE,2008,pop,10384603.0,SP.POP.TOTL
CZE,2009,pop,10443936.0,SP.POP.TOTL
CZE,2010,pop,10474410.0,SP.POP.TOTL
CZE,2011,pop,10496088.0,SP.POP.TOTL
CZE,2012,pop,10510785.0,SP.POP.TOTL
CZE,2013,pop,10514272.0,SP.POP.TOTL
CZE,2014,pop,10525347.0,SP.POP.TOTL
CZE,2015,pop,10546059.0,SP.POP.TOTL
CZE,2016,pop,10566332.0,SP.POP.TOTL
CZE,2017,pop,10594438.0,SP.POP.TOTL
CZE,2018,pop,10629928.0,SP.POP.TOTL
CZE,2019,pop,10671870.0,SP.POP.TOTL
CZE,2020,pop,10697858.0,SP.POP.TOTL
CZE,2021,pop,10505772.0,SP.POP.TOTL
CZE,2022,pop,10672118.0,SP.POP.TOTL
CZE,2023,pop,10864042.0,SP.POP.TOTL
CZE,2024,pop,10905028.0,SP.POP.TOTL
DEU,2000,pop,82211508.0,SP.POP.TOTL
DEU,2001,pop,82349925.0,SP.POP.TOTL
DEU,2002,pop,82488495.0,SP.POP.TOTL
DEU,2003,pop,82534176.0,SP.POP.TOTL
DEU,2004,pop,82516260.0,SP.POP.TOTL
DEU,2005,pop,82469422.0,SP.POP.TOTL
DEU,2006,pop,82376451.0,SP.POP.TOTL
DEU,2007,pop,82266372.0,SP.POP.TOTL
DEU,2008,pop,82110097.0,SP.POP.TOTL
DEU,2009,pop,81902307.0,SP.POP.TOTL
DEU,2010,pop,81776930.0,SP.POP.TOTL
DEU,2011,pop,80274983.0,SP.POP.TOTL
DEU,2012,pop,80425823.0,SP.POP.TOTL
DEU,2013,pop,80645605.0,SP.POP.TOTL
DEU,2014,pop,80982500.0,SP.POP.TOTL
DEU,2015,pop,81686611.0,SP.POP.TOTL
DEU,2016,pop,82348669.0,SP.POP.TOTL
DEU,2017,pop,82657002.0,SP.POP.TOTL
DEU,2018,pop,82905782.0,SP.POP.TOTL
DEU,2019,pop,83092962.0,SP.POP.TOTL
DEU,2020,pop,83160871.0,SP.POP.TOTL
DEU,2021,pop,83196078.0,SP.POP.TOTL
DEU,2022,pop,83177813.0,SP.POP.TOTL
DEU,2023,pop,83287273.0,SP.POP.TOTL
DEU,2024,pop,83516593.0,SP.POP.TOTL
DNK,2000,pop,5339616.0,SP.POP.TOTL
DNK,2001,pop,5358783.0,SP.POP.TOTL
DNK,2002,pop,5375931.0,SP.POP.TOTL
DNK,2003,pop,5390574.0,SP.POP.TOTL
DNK,2004,pop,5404523.0,SP.POP.TOTL
DNK,2005,pop,5419432.0,SP.POP.TOTL
DNK,2006,pop,5437272.0,SP.POP.TOTL
DNK,2007,pop,5461438.0,SP.POP.TOTL
DNK,2008,pop,5493621.0,SP.POP.TOTL
DNK,2009,pop,5523095.0,SP.POP.TOTL
DNK,2010,pop,5547683.0,SP.POP.TOTL
DNK,2011,pop,5570572.0,SP.POP.TOTL
DNK,2012,pop,5591572.0,SP.POP.TOTL
DNK,2013,pop,5614932.0,SP.POP.TOTL
DNK,2014,pop,5643475.0,SP.POP.TOTL
DNK,2015,pop,5683483.0,SP.POP.TOTL
DNK,2016,pop,5728010.0,SP.POP.TOTL
DNK,2017,pop,5764980.0,SP.POP.TOTL
DNK,2018,pop,5793636.0,SP.POP.TOTL
DNK,2019,pop,5814422.0,SP.POP.TOTL
DNK,2020,pop,5831404.0,SP.POP.TOTL
DNK,2021,pop,5856733.0,SP.POP.TOTL
DNK,2022,pop,5903037.0,SP.POP.TOTL
DNK,2023,pop,5946952.0,SP.POP.TOTL
DNK,2024,pop,5976992.0,SP.POP.TOTL
ESP,2000,pop,40567864.0,SP.POP.TOTL
ESP,2001,pop,40850412.0,SP.POP.TOTL
ESP,2002,pop,41431558.0,SP.POP.TOTL
ESP,2003,pop,42187645.0,SP.POP.TOTL
ESP,2004,pop,42921895.0,SP.POP.TOTL
ESP,2005,pop,43653155.0,SP.POP.TOTL
ESP,2006,pop,44397319.0,SP.POP.TOTL
ESP,2007,pop,45226803.0,SP.POP.TOTL
ESP,2008,pop,45954106.0,SP.POP.TOTL
ESP,2009,pop,46362946.0,SP.POP.TOTL
ESP,2010,pop,46576897.0,SP.POP.TOTL
ESP,2011,pop,46742697.0,SP.POP.TOTL
ESP,2012,pop,46773055.0,SP.POP.TOTL
ESP,2013,pop,46604197.0,SP.POP.TOTL
ESP,2014,pop,46460733.0,SP.POP.TOTL
ESP,2015,pop,46422303.0,SP.POP.TOTL
ESP,2016,pop,46458139.0,SP.POP.TOTL
ESP,2017,pop,46571232.0,SP.POP.TOTL
ESP,2018,pop,46782011.0,SP.POP.TOTL
ESP,2019,pop,47118501.0,SP.POP.TOTL
ESP,2020,pop,47359424.0,SP.POP.TOTL
ESP,2021,pop,47443821.0,SP.POP.TOTL
ESP,2022,pop,47786102.0,SP.POP.TOTL
ESP,2023,pop,48352528.0,SP.POP.TOTL
ESP,2024,pop,48848840.0,SP.POP.TOTL
EST,2000,pop,1396985.0,SP.POP.TOTL
EST,2001,pop,1388115.0,SP.POP.TOTL
EST,2002,pop,1379350.0,SP.POP.TOTL
EST,2003,pop,1370720.0,SP.POP.TOTL
EST,2004,pop,1362550.0,SP.POP.TOTL
EST,2005,pop,1354775.0,SP.POP.TOTL
EST,2006,pop,1346810.0,SP.POP.TOTL
EST,2007,pop,1340680.0,SP.POP.TOTL
EST,2008,pop,1337090.0,SP.POP.TOTL
EST,2009,pop,1334515.0,SP.POP.TOTL
EST,2010,pop,1331475.0,SP.POP.TOTL
EST,2011,pop,1327439.0,SP.POP.TOTL
EST,2012,pop,1322696.0,SP.POP.TOTL
EST,2013,pop,1317997.0,SP.POP.TOTL
EST,2014,pop,1314545.0,SP.POP.TOTL
EST,2015,pop,1315407.0,SP.POP.TOTL
EST,2016,pop,1315790.0,SP.POP.TOTL
EST,2017,pop,1317384.0,SP.POP.TOTL
EST,2018,pop,1321977.0,SP.POP.TOTL
EST,2019,pop,1326898.0,SP.POP.TOTL
EST,2020,pop,1329522.0,SP.POP.TOTL
EST,2021,pop,1330932.0,SP.POP.TOTL
EST,2022,pop,1348840.0,SP.POP.TOTL
EST,2023,pop,1370286.0,SP.POP.TOTL
EST,2024,pop,1372341.0,SP.POP.TOTL
FIN,2000,pop,5176209.0,SP.POP.TOTL
FIN,2001,pop,5188008.0,SP.POP.TOTL
FIN,2002,pop,5200598.0,SP.POP.TOTL
FIN,2003,pop,5213014.0,SP.POP.TOTL
FIN,2004,pop,5228172.0,SP.POP.TOTL
FIN,2005,pop,5246096.0,SP.POP.TOTL
FIN,2006,pop,5266268.0,SP.POP.TOTL
FIN,2007,pop,5288720.0,SP.POP.TOTL
FIN,2008,pop,5313399.0,SP.POP.TOTL
FIN,2009,pop,5338871.0,SP.POP.TOTL
FIN,2010,pop,5363352.0,SP.POP.TOTL
FIN,2011,pop,5388272.0,SP.POP.TOTL
FIN,2012,pop,5413971.0,SP.POP.TOTL
FIN,2013,pop,5438972.0,SP.POP.TOTL
FIN,2014,pop,5461512.0,SP.POP.TOTL
FIN,2015,pop,5479531.0,SP.POP.TOTL
FIN,2016,pop,5495303.0,SP.POP.TOTL
FIN,2017,pop,5508214.0,SP.POP.TOTL
FIN,2018,pop,5515525.0,SP.POP.TOTL
FIN,2019,pop,5521606.0,SP.POP.TOTL
FIN,2020,pop,5529543.0,SP.POP.TOTL
FIN,2021,pop,5541017.0,SP.POP.TOTL
FIN,2022,pop,5556106.0,SP.POP.TOTL
FIN,2023,pop,5583911.0,SP.POP.TOTL
FIN,2024,pop,5619911.0,SP.POP.TOTL
FRA,2000,pop,60918661.0,SP.POP.TOTL
FRA,2001,pop,61364377.0,SP.POP.TOTL
FRA,2002,pop,61812142.0,SP.POP.TOTL
FRA,2003,pop,62249855.0,SP.POP.TOTL
FRA,2004,pop,62707588.0,SP.POP.TOTL
FRA,2005,pop,63180854.0,SP.POP.TOTL
FRA,2006,pop,63622342.0,SP.POP.TOTL
FRA,2007,pop,64016890.0,SP.POP.TOTL
FRA,2008,pop,64375116.0,SP.POP.TOTL
FRA,2009,pop,64706436.0,SP.POP.TOTL
FRA,2010,pop,65026211.0,SP.POP.TOTL
FRA,2011,pop,65340830.0,SP.POP.TOTL
FRA,2012,pop,65657659.0,SP.POP.TOTL
FRA,2013,pop,65997932.0,SP.POP.TOTL
FRA,2014,pop,66312067.0,SP.POP.TOTL
FRA,2015,pop,66548272.0,SP.POP.TOTL
FRA,2016,pop,66724104.0,SP.POP.TOTL
FRA,2017,pop,66918020.0,SP.POP.TOTL
FRA,2018,pop,67158348.0,SP.POP.TOTL
FRA,2019,pop,67382061.0,SP.POP.TOTL
FRA,2020,pop,67601110.0,SP.POP.TOTL
FRA,2021,pop,67842811.0,SP.POP.TOTL
FRA,2022,pop,68184457.0,SP.POP.TOTL
FRA,2023,pop,68372286.0,SP.POP.TOTL
FRA,2024,pop,68551653.0,SP.POP.TOTL
GBR,2000,pop,58892514.0,SP.POP.TOTL
GBR,2001,pop,59119673.0,SP.POP.TOTL
GBR,2002,pop,59370479.0,SP.POP.TOTL
GBR,2003,pop,59647577.0,SP.POP.TOTL
GBR,2004,pop,59987905.0,SP.POP.TOTL
GBR,2005,pop,60401206.0,SP.POP.TOTL
GBR,2006,pop,60846820.0,SP.POP.TOTL
GBR,2007,pop,61322463.0,SP.POP.TOTL
GBR,2008,pop,61806995.0,SP.POP.TOTL
GBR,2009,pop,62276270.0,SP.POP.TOTL
GBR,2010,pop,62766365.0,SP.POP.TOTL
GBR,2011,pop,63258810.0,SP.POP.TOTL
GBR,2012,pop,63711000.0,SP.POP.TOTL
GBR,2013,pop,64138000.0,SP.POP.TOTL
GBR,2014,pop,64619000.0,SP.POP.TOTL
GBR,2015,pop,65087000.0,SP.POP.TOTL
GBR,2016,pop,65606000.0,SP.POP.TOTL
GBR,2017,pop,65964000.0,SP.POP.TOTL
GBR,2018,pop,66287000.0,SP.POP.TOTL
GBR,2019,pop,66628000.0,SP.POP.TOTL
GBR,2020,pop,66740000.0,SP.POP.TOTL
GBR,2021,pop,66978000.0,SP.POP.TOTL
GBR,2022,pop,67636000.0,SP.POP.TOTL
GBR,2023,pop,68526000.0,SP.POP.TOTL
GBR,2024,pop,69281000.0,SP.POP.TOTL
GRC,2000,pop,10805808.0,SP.POP.TOTL
GRC,2001,pop,10862132.0,SP.POP.TOTL
GRC,2002,pop,10902022.0,SP.POP.TOTL
GRC,2003,pop,10928070.0,SP.POP.TOTL
GRC,2004,pop,10955141.0,SP.POP.TOTL
GRC,2005,pop,10987314.0,SP.POP.TOTL
GRC,2006,pop,11020362.0,SP.POP.TOTL
GRC,2007,pop,11048473.0,SP.POP.TOTL
GRC,2008,pop,11077841.0,SP.POP.TOTL
GRC,2009,pop,11107017.0,SP.POP.TOTL
GRC,2010,pop,11121341.0,SP.POP.TOTL
GRC,2011,pop,11104899.0,SP.POP.TOTL
GRC,2012,pop,11045011.0,SP.POP.TOTL
GRC,2013,pop,10965211.0,SP.POP.TOTL
GRC,2014,pop,10892413.0,SP.POP.TOTL
GRC,2015,pop,10820883.0,SP.POP.TOTL
GRC,2016,pop,10775971.0,SP.POP.TOTL
GRC,2017,pop,10754679.0,SP.POP.TOTL
GRC,2018,pop,10732882.0,SP.POP.TOTL
GRC,2019,pop,10721582.0,SP.POP.TOTL
GRC,2020,pop,10698599.0,SP.POP.TOTL
GRC,2021,pop,10570130.0,SP.POP.TOTL
GRC,2022,pop,10437805.0,SP.POP.TOTL
GRC,2023,pop,10407351.0,SP.POP.TOTL
GRC,2024,pop,10405134.0,SP.POP.TOTL
HUN,2000,pop,10210971.0,SP.POP.TOTL
HUN,2001,pop,10187576.0,SP.POP.TOTL
HUN,2002,pop,10158608.0,SP.POP.TOTL
HUN,2003,pop,10129552.0,SP.POP.TOTL
HUN,2004,pop,10107146.0,SP.POP.TOTL
HUN,2005,pop,10087065.0,SP.POP.TOTL
HUN,2006,pop,10071370.0,SP.POP.TOTL
HUN,2007,pop,10055780.0,SP.POP.TOTL
HUN,2008,pop,10038188.0,SP.POP.TOTL
HUN,2009,pop,10022650.0,SP.POP.TOTL
HUN,2010,pop,10000023.0,SP.POP.TOTL
HUN,2011,pop,9971727.0,SP.POP.TOTL
HUN,2012,pop,9920362.0,SP.POP.TOTL
HUN,2013,pop,9872734.0,SP.POP.TOTL
HUN,2014,pop,9833038.0,SP.POP.TOTL
HUN,2015,pop,9797755.0,SP.POP.TOTL
HUN,2016,pop,9759755.0,SP.POP.TOTL
HUN,2017,pop,9726756.0,SP.POP.TOTL
HUN,2018,pop,9706964.0,SP.POP.TOTL
HUN,2019,pop,9694824.0,SP.POP.TOTL
HUN,2020,pop,9670419.0,SP.POP.TOTL
HUN,2021,pop,9630932.0,SP.POP.TOTL
HUN,2022,pop,9605074.0,SP.POP.TOTL
HUN,2023,pop,9592186.0,SP.POP.TOTL
HUN,2024,pop,9562065.0,SP.POP.TOTL
IRL,2000,pop,3805174.0,SP.POP.TOTL
IRL,2001,pop,3866243.0,SP.POP.TOTL
IRL,2002,pop,3931947.0,SP.POP.TOTL
IRL,2003,pop,3996521.0,SP.POP.TOTL
IRL,2004,pop,4070262.0,SP.POP.TOTL
IRL,2005,pop,4159914.0,SP.POP.TOTL
IRL,2006,pop,4273591.0,SP.POP.TOTL
IRL,2007,pop,4398942.0,SP.POP.TOTL
IRL,2008,pop,4489544.0,SP.POP.TOTL
IRL,2009,pop,4535375.0,SP.POP.TOTL
IRL,2010,pop,4560155.0,SP.POP.TOTL
IRL,2011,pop,4580084.0,SP.POP.TOTL
IRL,2012,pop,4599533.0,SP.POP.TOTL
IRL,2013,pop,4623816.0,SP.POP.TOTL
IRL,2014,pop,4657740.0,SP.POP.TOTL
IRL,2015,pop,4701957.0,SP.POP.TOTL
IRL,2016,pop,4762722.0,SP.POP.TOTL
IRL,2017,pop,4827445.0,SP.POP.TOTL
IRL,2018,pop,4898022.0,SP.POP.TOTL
IRL,2019,pop,4976456.0,SP.POP.TOTL
IRL,2020,pop,5039747.0,SP.POP.TOTL
IRL,2021,pop,5110585.0,SP.POP.TOTL
IRL,2022,pop,5212836.0,SP.POP.TOTL
IRL,2023,pop,5311538.0,SP.POP.TOTL
IRL,2024,pop,5395790.0,SP.POP.TOTL
ISL,2000,pop,281205.0,SP.POP.TOTL
ISL,2001,pop,284968.0,SP.POP.TOTL
ISL,2002,pop,287523.0,SP.POP.TOTL
ISL,2003,pop,289521.0,SP.POP.TOTL
ISL,2004,pop,292074.0,SP.POP.TOTL
ISL,2005,pop,296734.0,SP.POP.TOTL
ISL,2006,pop,303782.0,SP.POP.TOTL
ISL,2007,pop,311566.0,SP.POP.TOTL
ISL,2008,pop,317414.0,SP.POP.TOTL
ISL,2009,pop,318499.0,SP.POP.TOTL
ISL,2010,pop,318041.0,SP.POP.TOTL
ISL,2011,pop,319014.0,SP.POP.TOTL
ISL,2012,pop,320716.0,SP.POP.TOTL
ISL,2013,pop,323764.0,SP.POP.TOTL
ISL,2014,pop,327386.0,SP.POP.TOTL
ISL,2015,pop,330815.0,SP.POP.TOTL
ISL,2016,pop,335439.0,SP.POP.TOTL
ISL,2017,pop,343400.0,SP.POP.TOTL
ISL,2018,pop,352721.0,SP.POP.TOTL
ISL,2019,pop,360563.0,SP.POP.TOTL
ISL,2020,pop,366463.0,SP.POP.TOTL
ISL,2021,pop,372520.0,SP.POP.TOTL
ISL,2022,pop,382003.0,SP.POP.TOTL
ISL,2023,pop,385663.0,SP.POP.TOTL
ISL,2024,pop,386506.0,SP.POP.TOTL
ISR,2000,pop,6289000.0,SP.POP.TOTL
ISR,2001,pop,6439000.0,SP.POP.TOTL
ISR,2002,pop,6570000.0,SP.POP.TOTL
ISR,2003,pop,6689700.0,SP.POP.TOTL
ISR,2004,pop,6809000.0,SP.POP.TOTL
ISR,2005,pop,6930100.0,SP.POP.TOTL
ISR,2006,pop,7053700.0,SP.POP.TOTL
ISR,2007,pop,7180100.0,SP.POP.TOTL
ISR,2008,pop,7308800.0,SP.POP.TOTL
ISR,2009,pop,7485600.0,SP.POP.TOTL
ISR,2010,pop,7623600.0,SP.POP.TOTL
ISR,2011,pop,7765800.0,SP.POP.TOTL
ISR,2012,pop,7910500.0,SP.POP.TOTL
ISR,2013,pop,8059500.0,SP.POP.TOTL
ISR,2014,pop,8215700.0,SP.POP.TOTL
ISR,2015,pop,8380100.0,SP.POP.TOTL
ISR,2016,pop,8546000.0,SP.POP.TOTL
ISR,2017,pop,8713300.0,SP.POP.TOTL
ISR,2018,pop,8882800.0,SP.POP.TOTL
ISR,2019,pop,9054000.0,SP.POP.TOTL
ISR,2020,pop,9215100.0,SP.POP.TOTL
ISR,2021,pop,9371400.0,SP.POP.TOTL
ISR,2022,pop,9557500.0,SP.POP.TOTL
ISR,2023,pop,9849000.0,SP.POP.TOTL
ISR,2024,pop,10002200.0,SP.POP.TOTL
ITA,2000,pop,56942108.0,SP.POP.TOTL
ITA,2001,pop,56976981.0,SP.POP.TOTL
ITA,2002,pop,57089824.0,SP.POP.TOTL
ITA,2003,pop,57399184.0,SP.POP.TOTL
ITA,2004,pop,57828179.0,SP.POP.TOTL
ITA,2005,pop,58166682.0,SP.POP.TOTL
ITA,2006,pop,58399861.0,SP.POP.TOTL
ITA,2007,pop,58756247.0,SP.POP.TOTL
ITA,2008,pop,59211181.0,SP.POP.TOTL
ITA,2009,pop,59555454.0,SP.POP.TOTL
ITA,2010,pop,59819407.0,SP.POP.TOTL
ITA,2011,pop,60026841.0,SP.POP.TOTL
ITA,2012,pop,60191247.0,SP.POP.TOTL
ITA,2013,pop,60311613.0,SP.POP.TOTL
ITA,2014,pop,60320707.0,SP.POP.TOTL
ITA,2015,pop,60229605.0,SP.POP.TOTL
ITA,2016,pop,60115223.0,SP.POP.TOTL
ITA,2017,pop,60002252.0,SP.POP.TOTL
ITA,2018,pop,59877221.0,SP.POP.TOTL
ITA,2019,pop,59729081.0,SP.POP.TOTL
ITA,2020,pop,59438851.0,SP.POP.TOTL
ITA,2021,pop,59133173.0,SP.POP.TOTL
ITA,2022,pop,59013667.0,SP.POP.TOTL
ITA,2023,pop,58984216.0,SP.POP.TOTL
ITA,2024,pop,58952704.0,SP.POP.TOTL
JPN,2000,pop,126843000.0,SP.POP.TOTL
JPN,2001,pop,127149000.0,SP.POP.TOTL
JPN,2002,pop,127445000.0,SP.POP.TOTL
JPN,2003,pop,127718000.0,SP.POP.TOTL
JPN,2004,pop,127761000.0,SP.POP.TOTL
JPN,2005,pop,127773000.0,SP.POP.TOTL
JPN,2006,pop,127854000.0,SP.POP.TOTL
JPN,2007,pop,128001000.0,SP.POP.TOTL
JPN,2008,pop,128063000.0,SP.POP.TOTL
JPN,2009,pop,128047000.0,SP.POP.TOTL
JPN,2010,pop,128070000.0,SP.POP.TOTL
JPN,2011,pop,127833000.0,SP.POP.TOTL
JPN,2012,pop,127629000.0,SP.POP.TOTL
JPN,2013,pop,127445000.0,SP.POP.TOTL
JPN,2014,pop,127276000.0,SP.POP.TOTL
JPN,2015,pop,127141000.0,SP.POP.TOTL
JPN,2016,pop,127076000.0,SP.POP.TOTL
JPN,2017,pop,126972000.0,SP.POP.TOTL
JPN,2018,pop,126811000.0,SP.POP.TOTL
JPN,2019,pop,126633000.0,SP.POP.TOTL
JPN,2020,pop,126261000.0,SP.POP.TOTL
JPN,2021,pop,125681593.0,SP.POP.TOTL
JPN,2022,pop,125124989.0,SP.POP.TOTL
JPN,2023,pop,124516650.0,SP.POP.TOTL
JPN,2024,pop,123975371.0,SP.POP.TOTL
KOR,2000,pop,47008111.0,SP.POP.TOTL
KOR,2001,pop,47370164.0,SP.POP.TOTL
KOR,2002,pop,47644736.0,SP.POP.TOTL
KOR,2003,pop,47892330.0,SP.POP.TOTL
KOR,2004,pop,48082519.0,SP.POP.TOTL
KOR,2005,pop,48184561.0,SP.POP.TOTL
KOR,2006,pop,48438292.0,SP.POP.TOTL
KOR,2007,pop,48683638.0,SP.POP.TOTL
KOR,2008,pop,49054708.0,SP.POP.TOTL
KOR,2009,pop,49307835.0,SP.POP.TOTL
KOR,2010,pop,49554112.0,SP.POP.TOTL
KOR,2011,pop,49936638.0,SP.POP.TOTL
KOR,2012,pop,50199853.0,SP.POP.TOTL
KOR,2013,pop,50428893.0,SP.POP.TOTL
KOR,2014,pop,50746659.0,SP.POP.TOTL
KOR,2015,pop,51014947.0,SP.POP.TOTL
KOR,2016,pop,51217803.0,SP.POP.TOTL
KOR,2017,pop,51361911.0,SP.POP.TOTL
KOR,2018,pop,51585058.0,SP.POP.TOTL
KOR,2019,pop,51764822.0,SP.POP.TOTL
KOR,2020,pop,51836239.0,SP.POP.TOTL
KOR,2021,pop,51769539.0,SP.POP.TOTL
KOR,2022,pop,51672569.0,SP.POP.TOTL
KOR,2023,pop,51712619.0,SP.POP.TOTL
KOR,2024,pop,51751065.0,SP.POP.TOTL
LTU,2000,pop,3499536.0,SP.POP.TOTL
LTU,2001,pop,3470818.0,SP.POP.TOTL
LTU,2002,pop,3443067.0,SP.POP.TOTL
LTU,2003,pop,3415213.0,SP.POP.TOTL
LTU,2004,pop,3377075.0,SP.POP.TOTL
LTU,2005,pop,3322528.0,SP.POP.TOTL
LTU,2006,pop,3269909.0,SP.POP.TOTL
LTU,2007,pop,3231294.0,SP.POP.TOTL
LTU,2008,pop,3198231.0,SP.POP.TOTL
LTU,2009,pop,3162916.0,SP.POP.TOTL
LTU,2010,pop,3097282.0,SP.POP.TOTL
LTU,2011,pop,3028115.0,SP.POP.TOTL
LTU,2012,pop,2989139.0,SP.POP.TOTL
LTU,2013,pop,2961250.0,SP.POP.TOTL
LTU,2014,pop,2937253.0,SP.POP.TOTL
LTU,2015,pop,2911109.0,SP.POP.TOTL
LTU,2016,pop,2877325.0,SP.POP.TOTL
LTU,2017,pop,2842639.0,SP.POP.TOTL
LTU,2018,pop,2819200.0,SP.POP.TOTL
LTU,2019,pop,2811089.0,SP.POP.TOTL
LTU,2020,pop,2810369.0,SP.POP.TOTL
LTU,2021,pop,2808380.0,SP.POP.TOTL
LTU,2022,pop,2831639.0,SP.POP.TOTL
LTU,2023,pop,2871585.0,SP.POP.TOTL
LTU,2024,pop,2888278.0,SP.POP.TOTL
LUX,2000,pop,436300.0,SP.POP.TOTL
LUX,2001,pop,441525.0,SP.POP.TOTL
LUX,2002,pop,446175.0,SP.POP.TOTL
LUX,2003,pop,451630.0,SP.POP.TOTL
LUX,2004,pop,458095.0,SP.POP.TOTL
LUX,2005,pop,465158.0,SP.POP.TOTL
LUX,2006,pop,472637.0,SP.POP.TOTL
LUX,2007,pop,479993.0,SP.POP.TOTL
LUX,2008,pop,488650.0,SP.POP.TOTL
LUX,2009,pop,497783.0,SP.POP.TOTL
LUX,2010,pop,506953.0,SP.POP.TOTL
LUX,2011,pop,518347.0,SP.POP.TOTL
LUX,2012,pop,530946.0,SP.POP.TOTL
LUX,2013,pop,543360.0,SP.POP.TOTL
LUX,2014,pop,556319.0,SP.POP.TOTL
LUX,2015,pop,569604.0,SP.POP.TOTL
LUX,2016,pop,582014.0,SP.POP.TOTL
LUX,2017,pop,596336.0,SP.POP.TOTL
LUX,2018,pop,607950.0,SP.POP.TOTL
LUX,2019,pop,620001.0,SP.POP.TOTL
LUX,2020,pop,630419.0,SP.POP.TOTL
LUX,2021,pop,640064.0,SP.POP.TOTL
LUX,2022,pop,653103.0,SP.POP.TOTL
LUX,2023,pop,666430.0,SP.POP.TOTL
LUX,2024,pop,677012.0,SP.POP.TOTL
LVA,2000,pop,2367550.0,SP.POP.TOTL
LVA,2001,pop,2337170.0,SP.POP.TOTL
LVA,2002,pop,2310173.0,SP.POP.TOTL
LVA,2003,pop,2287955.0,SP.POP.TOTL
LVA,2004,pop,2263122.0,SP.POP.TOTL
LVA,2005,pop,2238799.0,SP.POP.TOTL
LVA,2006,pop,2218357.0,SP.POP.TOTL
LVA,2007,pop,2200325.0,SP.POP.TOTL
LVA,2008,pop,2177322.0,SP.POP.TOTL
LVA,2009,pop,2141669.0,SP.POP.TOTL
LVA,2010,pop,2097555.0,SP.POP.TOTL
LVA,2011,pop,2059709.0,SP.POP.TOTL
LVA,2012,pop,2034319.0,SP.POP.TOTL
LVA,2013,pop,2012647.0,SP.POP.TOTL
LVA,2014,pop,1993782.0,SP.POP.TOTL
LVA,2015,pop,1977527.0,SP.POP.TOTL
LVA,2016,pop,1959537.0,SP.POP.TOTL
LVA,2017,pop,1942248.0,SP.POP.TOTL
LVA,2018,pop,1927174.0,SP.POP.TOTL
LVA,2019,pop,1913822.0,SP.POP.TOTL
LVA,2020,pop,1900449.0,SP.POP.TOTL
LVA,2021,pop,1884490.0,SP.POP.TOTL
LVA,2022,pop,1879383.0,SP.POP.TOTL
LVA,2023,pop,1883710.0,SP.POP.TOTL
LVA,2024,pop,1866124.0,SP.POP.TOTL
MEX,2000,pop,98625552.0,SP.POP.TOTL
MEX,2001,pop,100099099.0,SP.POP.TOTL
MEX,2002,pop,101548624.0,SP.POP.TOTL
MEX,2003,pop,102978515.0,SP.POP.TOTL
MEX,2004,pop,104394131.0,SP.POP.TOTL
MEX,2005,pop,105811504.0,SP.POP.TOTL
MEX,2006,pop,107253666.0,SP.POP.TOTL
MEX,2007,pop,108774360.0,SP.POP.TOTL
MEX,2008,pop,110374288.0,SP.POP.TOTL
MEX,2009,pop,111999721.0,SP.POP.TOTL
MEX,2010,pop,113623895.0,SP.POP.TOTL
MEX,2011,pop,115243504.0,SP.POP.TOTL
MEX,2012,pop,116818208.0,SP.POP.TOTL
MEX,2013,pop,118343573.0,SP.POP.TOTL
MEX,2014,pop,119784261.0,SP.POP.TOTL
MEX,2015,pop,121072306.0,SP.POP.TOTL
MEX,2016,pop,122251351.0,SP.POP.TOTL
MEX,2017,pop,123400057.0,SP.POP.TOTL
MEX,2018,pop,124573711.0,SP.POP.TOTL
MEX,2019,pop,125762982.0,SP.POP.TOTL
MEX,2020,pop,126799054.0,SP.POP.TOTL
MEX,2021,pop,127648148.0,SP.POP.TOTL
MEX,2022,pop,128613117.0,SP.POP.TOTL
MEX,2023,pop,129739759.0,SP.POP.TOTL
MEX,2024,pop,130861007.0,SP.POP.TOTL
NLD,2000,pop,15925513.0,SP.POP.TOTL
NLD,2001,pop,16046180.0,SP.POP.TOTL
NLD,2002,pop,16148929.0,SP.POP.TOTL
NLD,2003,pop,16225302.0,SP.POP.TOTL
NLD,2004,pop,16281779.0,SP.POP.TOTL
NLD,2005,pop,16319868.0,SP.POP.TOTL
NLD,2006,pop,16346101.0,SP.POP.TOTL
NLD,2007,pop,16381696.0,SP.POP.TOTL
NLD,2008,pop,16445593.0,SP.POP.TOTL
NLD,2009,pop,16530388.0,SP.POP.TOTL
NLD,2010,pop,16615394.0,SP.POP.TOTL
NLD,2011,pop,16693074.0,SP.POP.TOTL
NLD,2012,pop,16754962.0,SP.POP.TOTL
NLD,2013,pop,16804432.0,SP.POP.TOTL
NLD,2014,pop,16865008.0,SP.POP.TOTL
NLD,2015,pop,16939923.0,SP.POP.TOTL
NLD,2016,pop,17030314.0,SP.POP.TOTL
NLD,2017,pop,17131296.0,SP.POP.TOTL
NLD,2018,pop,17231624.0,SP.POP.TOTL
NLD,2019,pop,17344874.0,SP.POP.TOTL
NLD,2020,pop,17441500.0,SP.POP.TOTL
NLD,2021,pop,17533044.0,SP.POP.TOTL
NLD,2022,pop,17700982.0,SP.POP.TOTL
NLD,2023,pop,17877117.0,SP.POP.TOTL
NLD,2024,pop,17993485.0,SP.POP.TOTL
NOR,2000,pop,4490967.0,SP.POP.TOTL
NOR,2001,pop,4513751.0,SP.POP.TOTL
NOR,2002,pop,4538159.0,SP.POP.TOTL
NOR,2003,pop,4564855.0,SP.POP.TOTL
NOR,2004,pop,4591910.0,SP.POP.TOTL
NOR,2005,pop,4623291.0,SP.POP.TOTL
NOR,2006,pop,4660677.0,SP.POP.TOTL
NOR,2007,pop,4709153.0,SP.POP.TOTL
NOR,2008,pop,4768212.0,SP.POP.TOTL
NOR,2009,pop,4828726.0,SP.POP.TOTL
NOR,2010,pop,4889252.0,SP.POP.TOTL
NOR,2011,pop,4953088.0,SP.POP.TOTL
NOR,2012,pop,5018573.0,SP.POP.TOTL
NOR,2013,pop,5079623.0,SP.POP.TOTL
NOR,2014,pop,5137232.0,SP.POP.TOTL
NOR,2015,pop,5188607.0,SP.POP.TOTL
NOR,2016,pop,5234519.0,SP.POP.TOTL
NOR,2017,pop,5276968.0,SP.POP.TOTL
NOR,2018,pop,5311916.0,SP.POP.TOTL
NOR,2019,pop,5347896.0,SP.POP.TOTL
NOR,2020,pop,5379475.0,SP.POP.TOTL
NOR,2021,pop,5408320.0,SP.POP.TOTL
NOR,2022,pop,5457127.0,SP.POP.TOTL
NOR,2023,pop,5519601.0,SP.POP.TOTL
NOR,2024,pop,5572279.0,SP.POP.TOTL
NZL,2000,pop,3857700.0,SP.POP.TOTL
NZL,2001,pop,3880500.0,SP.POP.TOTL
NZL,2002,pop,3948500.0,SP.POP.TOTL
NZL,2003,pop,4027200.0,SP.POP.TOTL
NZL,2004,pop,4087500.0,SP.POP.TOTL
NZL,2005,pop,4133900.0,SP.POP.TOTL
NZL,2006,pop,4184600.0,SP.POP.TOTL
NZL,2007,pop,4223800.0,SP.POP.TOTL
NZL,2008,pop,4259800.0,SP.POP.TOTL
NZL,2009,pop,4302600.0,SP.POP.TOTL
NZL,2010,pop,4350700.0,SP.POP.TOTL
NZL,2011,pop,4384000.0,SP.POP.TOTL
NZL,2012,pop,4408100.0,SP.POP.TOTL
NZL,2013,pop,4442100.0,SP.POP.TOTL
NZL,2014,pop,4516500.0,SP.POP.TOTL
NZL,2015,pop,4609400.0,SP.POP.TOTL
NZL,2016,pop,4714100.0,SP.POP.TOTL
NZL,2017,pop,4813600.0,SP.POP.TOTL
NZL,2018,pop,4900600.0,SP.POP.TOTL
NZL,2019,pop,4970300.0,SP.POP.TOTL
NZL,2020,pop,5072400.0,SP.POP.TOTL
NZL,2021,pop,5084600.0,SP.POP.TOTL
NZL,2022,pop,5081700.0,SP.POP.TOTL
NZL,2023,pop,5200000.0,SP.POP.TOTL
NZL,2024,pop,5290000.0,SP.POP.TOTL
POL,2000,pop,38258629.0,SP.POP.TOTL
POL,2001,pop,38248076.0,SP.POP.TOTL
POL,2002,pop,38230364.0,SP.POP.TOTL
POL,2003,pop,38204570.0,SP.POP.TOTL
POL,2004,pop,38182222.0,SP.POP.TOTL
POL,2005,pop,38165445.0,SP.POP.TOTL
POL,2006,pop,38141267.0,SP.POP.TOTL
POL,2007,pop,38120560.0,SP.POP.TOTL
POL,2008,pop,38125759.0,SP.POP.TOTL
POL,2009,pop,38151603.0,SP.POP.TOTL
POL,2010,pop,38042794.0,SP.POP.TOTL
POL,2011,pop,38063255.0,SP.POP.TOTL
POL,2012,pop,38063164.0,SP.POP.TOTL
POL,2013,pop,38040196.0,SP.POP.TOTL
POL,2014,pop,38011735.0,SP.POP.TOTL
POL,2015,pop,37986412.0,SP.POP.TOTL
POL,2016,pop,37970087.0,SP.POP.TOTL
POL,2017,pop,37974826.0,SP.POP.TOTL
POL,2018,pop,37974750.0,SP.POP.TOTL
POL,2019,pop,37965475.0,SP.POP.TOTL
POL,2020,pop,37515748.0,SP.POP.TOTL
POL,2021,pop,36981559.0,SP.POP.TOTL
POL,2022,pop,36821749.0,SP.POP.TOTL
POL,2023,pop,36687353.0,SP.POP.TOTL
POL,2024,pop,36559233.0,SP.POP.TOTL
PRT,2000,pop,10289898.0,SP.POP.TOTL
PRT,2001,pop,10362722.0,SP.POP.TOTL
PRT,2002,pop,10419631.0,SP.POP.TOTL
PRT,2003,pop,10458821.0,SP.POP.TOTL
PRT,2004,pop,10483861.0,SP.POP.TOTL
PRT,2005,pop,10503330.0,SP.POP.TOTL
PRT,2006,pop,10522288.0,SP.POP.TOTL
PRT,2007,pop,10542964.0,SP.POP.TOTL
PRT,2008,pop,10558177.0,SP.POP.TOTL
PRT,2009,pop,10568247.0,SP.POP.TOTL
PRT,2010,pop,10573100.0,SP.POP.TOTL
PRT,2011,pop,10557560.0,SP.POP.TOTL
PRT,2012,pop,10514844.0,SP.POP.TOTL
PRT,2013,pop,10457295.0,SP.POP.TOTL
PRT,2014,pop,10401062.0,SP.POP.TOTL
PRT,2015,pop,10358076.0,SP.POP.TOTL
PRT,2016,pop,10325452.0,SP.POP.TOTL
PRT,2017,pop,10300300.0,SP.POP.TOTL
PRT,2018,pop,10283822.0,SP.POP.TOTL
PRT,2019,pop,10286263.0,SP.POP.TOTL
PRT,2020,pop,10297081.0,SP.POP.TOTL
PRT,2021,pop,10361831.0,SP.POP.TOTL
PRT,2022,pop,10434332.0,SP.POP.TOTL
PRT,2023,pop,10578174.0,SP.POP.TOTL
PRT,2024,pop,10694681.0,SP.POP.TOTL
SVK,2000,pop,5388720.0,SP.POP.TOTL
SVK,2001,pop,5378867.0,SP.POP.TOTL
SVK,2002,pop,5376912.0,SP.POP.TOTL
SVK,2003,pop,5373374.0,SP.POP.TOTL
SVK,2004,pop,5372280.0,SP.POP.TOTL
SVK,2005,pop,5372807.0,SP.POP.TOTL
SVK,2006,pop,5373054.0,SP.POP.TOTL
SVK,2007,pop,5374622.0,SP.POP.TOTL
SVK,2008,pop,5379233.0,SP.POP.TOTL
SVK,2009,pop,5386406.0,SP.POP.TOTL
SVK,2010,pop,5391428.0,SP.POP.TOTL
SVK,2011,pop,5398384.0,SP.POP.TOTL
SVK,2012,pop,5407579.0,SP.POP.TOTL
SVK,2013,pop,5413393.0,SP.POP.TOTL
SVK,2014,pop,5418649.0,SP.POP.TOTL
SVK,2015,pop,5423801.0,SP.POP.TOTL
SVK,2016,pop,5430798.0,SP.POP.TOTL
SVK,2017,pop,5439232.0,SP.POP.TOTL
SVK,2018,pop,5446771.0,SP.POP.TOTL
SVK,2019,pop,5454147.0,SP.POP.TOTL
SVK,2020,pop,5458827.0,SP.POP.TOTL
SVK,2021,pop,5447247.0,SP.POP.TOTL
SVK,2022,pop,5431752.0,SP.POP.TOTL
SVK,2023,pop,5426740.0,SP.POP.TOTL
SVK,2024,pop,5422069.0,SP.POP.TOTL
SVN,2000,pop,1988925.0,SP.POP.TOTL
SVN,2001,pop,1992060.0,SP.POP.TOTL
SVN,2002,pop,1994530.0,SP.POP.TOTL
SVN,2003,pop,1995733.0,SP.POP.TOTL
SVN,2004,pop,1997012.0,SP.POP.TOTL
SVN,2005,pop,2000474.0,SP.POP.TOTL
SVN,2006,pop,2006868.0,SP.POP.TOTL
SVN,2007,pop,2018122.0,SP.POP.TOTL
SVN,2008,pop,2021316.0,SP.POP.TOTL
SVN,2009,pop,2039669.0,SP.POP.TOTL
SVN,2010,pop,2048583.0,SP.POP.TOTL
SVN,2011,pop,2052843.0,SP.POP.TOTL
SVN,2012,pop,2057159.0,SP.POP.TOTL
SVN,2013,pop,2059953.0,SP.POP.TOTL
SVN,2014,pop,2061980.0,SP.POP.TOTL
SVN,2015,pop,2063531.0,SP.POP.TOTL
SVN,2016,pop,2065042.0,SP.POP.TOTL
SVN,2017,pop,2066388.0,SP.POP.TOTL
SVN,2018,pop,2073894.0,SP.POP.TOTL
SVN,2019,pop,2088385.0,SP.POP.TOTL
SVN,2020,pop,2102419.0,SP.POP.TOTL
SVN,2021,pop,2108079.0,SP.POP.TOTL
SVN,2022,pop,2112076.0,SP.POP.TOTL
SVN,2023,pop,2120461.0,SP.POP.TOTL
SVN,2024,pop,2127400.0,SP.POP.TOTL
SWE,2000,pop,8872109.0,SP.POP.TOTL
SWE,2001,pop,8895960.0,SP.POP.TOTL
SWE,2002,pop,8924958.0,SP.POP.TOTL
SWE,2003,pop,8958229.0,SP.POP.TOTL
SWE,2004,pop,8993531.0,SP.POP.TOTL
SWE,2005,pop,9029572.0,SP.POP.TOTL
SWE,2006,pop,9080505.0,SP.POP.TOTL
SWE,2007,pop,9148092.0,SP.POP.TOTL
SWE,2008,pop,9219637.0,SP.POP.TOTL
SWE,2009,pop,9298515.0,SP.POP.TOTL
SWE,2010,pop,9378126.0,SP.POP.TOTL
SWE,2011,pop,9449213.0,SP.POP.TOTL
SWE,2012,pop,9519374.0,SP.POP.TOTL
SWE,2013,pop,9600379.0,SP.POP.TOTL
SWE,2014,pop,9696110.0,SP.POP.TOTL
SWE,2015,pop,9799186.0,SP.POP.TOTL
SWE,2016,pop,9923085.0,SP.POP.TOTL
SWE,2017,pop,10057698.0,SP.POP.TOTL
SWE,2018,pop,10175214.0,SP.POP.TOTL
SWE,2019,pop,10278887.0,SP.POP.TOTL
SWE,2020,pop,10353442.0,SP.POP.TOTL
SWE,2021,pop,10415811.0,SP.POP.TOTL
SWE,2022,pop,10486941.0,SP.POP.TOTL
SWE,2023,pop,10536632.0,SP.POP.TOTL
SWE,2024,pop,10569709.0,SP.POP.TOTL
TUR,2000,pop,65425961.0,SP.POP.TOTL
TUR,2001,pop,66245128.0,SP.POP.TOTL
TUR,2002,pop,67048795.0,SP.POP.TOTL
TUR,2003,pop,67831730.0,SP.POP.TOTL
TUR,2004,pop,68592617.0,SP.POP.TOTL
TUR,2005,pop,69329557.0,SP.POP.TOTL
TUR,2006,pop,70045349.0,SP.POP.TOTL
TUR,2007,pop,70158112.0,SP.POP.TOTL
TUR,2008,pop,71051678.0,SP.POP.TOTL
TUR,2009,pop,72039206.0,SP.POP.TOTL
TUR,2010,pop,73142150.0,SP.POP.TOTL
TUR,2011,pop,74223629.0,SP.POP.TOTL
TUR,2012,pop,75175827.0,SP.POP.TOTL
TUR,2013,pop,76147624.0,SP.POP.TOTL
TUR,2014,pop,77181884.0,SP.POP.TOTL
TUR,2015,pop,78218479.0,SP.POP.TOTL
TUR,2016,pop,79277962.0,SP.POP.TOTL
TUR,2017,pop,80312698.0,SP.POP.TOTL
TUR,2018,pop,81407204.0,SP.POP.TOTL
TUR,2019,pop,82579440.0,SP.POP.TOTL
TUR,2020,pop,83384680.0,SP.POP.TOTL
TUR,2021,pop,84147318.0,SP.POP.TOTL
TUR,2022,pop,84979913.0,SP.POP.TOTL
TUR,2023,pop,85325965.0,SP.POP.TOTL
TUR,2024,pop,85518661.0,SP.POP.TOTL
USA,2000,pop,282162411.0,SP.POP.TOTL
USA,2001,pop,284968955.0,SP.POP.TOTL
USA,2002,pop,287625193.0,SP.POP.TOTL
USA,2003,pop,290107933.0,SP.POP.TOTL
USA,2004,pop,292805298.0,SP.POP.TOTL
USA,2005,pop,295516599.0,SP.POP.TOTL
USA,2006,pop,298379912.0,SP.POP.TOTL
USA,2007,pop,301231207.0,SP.POP.TOTL
USA,2008,pop,304093966.0,SP.POP.TOTL
USA,2009,pop,306771529.0,SP.POP.TOTL
USA,2010,pop,309378227.0,SP.POP.TOTL
USA,2011,pop,311839461.0,SP.POP.TOTL
USA,2012,pop,314339099.0,SP.POP.TOTL
USA,2013,pop,316726282.0,SP.POP.TOTL
USA,2014,pop,319257560.0,SP.POP.TOTL
USA,2015,pop,321815121.0,SP.POP.TOTL
USA,2016,pop,324353340.0,SP.POP.TOTL
USA,2017,pop,326608609.0,SP.POP.TOTL
USA,2018,pop,328529577.0,SP.POP.TOTL
USA,2019,pop,330226227.0,SP.POP.TOTL
USA,2020,pop,331578104.0,SP.POP.TOTL
USA,2021,pop,332100166.0,SP.POP.TOTL
USA,2022,pop,333996304.0,SP.POP.TOTL
USA,2023,pop,336755052.0,SP.POP.TOTL
USA,2024,pop,340003797.0,SP.POP.TOTL
AUS,2000,rd_gdp,1.57198,GB.XPD.RSDV.GD.ZS
AUS,2002,rd_gdp,1.74654,GB.XPD.RSDV.GD.ZS
AUS,2004,rd_gdp,1.84802,GB.XPD.RSDV.GD.ZS
AUS,2006,rd_gdp,2.17862,GB.XPD.RSDV.GD.ZS
AUS,2008,rd_gdp,2.39898,GB.XPD.RSDV.GD.ZS
AUS,2010,rd_gdp,2.3702,GB.XPD.RSDV.GD.ZS
AUS,2011,rd_gdp,2.23459,GB.XPD.RSDV.GD.ZS
AUS,2013,rd_gdp,2.17733,GB.XPD.RSDV.GD.ZS
AUS,2015,rd_gdp,1.91969,GB.XPD.RSDV.GD.ZS
AUS,2017,rd_gdp,1.88102,GB.XPD.RSDV.GD.ZS
AUS,2019,rd_gdp,1.82826,GB.XPD.RSDV.GD.ZS
AUS,2021,rd_gdp,1.85783,GB.XPD.RSDV.GD.ZS
AUT,2000,rd_gdp,1.89667,GB.XPD.RSDV.GD.ZS
AUT,2001,rd_gdp,2.00257,GB.XPD.RSDV.GD.ZS
AUT,2002,rd_gdp,2.0811,GB.XPD.RSDV.GD.ZS
AUT,2003,rd_gdp,2.18701,GB.XPD.RSDV.GD.ZS
AUT,2004,rd_gdp,2.18238,GB.XPD.RSDV.GD.ZS
AUT,2005,rd_gdp,2.38942,GB.XPD.RSDV.GD.ZS
AUT,2006,rd_gdp,2.376,GB.XPD.RSDV.GD.ZS
AUT,2007,rd_gdp,2.4336,GB.XPD.RSDV.GD.ZS
AUT,2008,rd_gdp,2.58632,GB.XPD.RSDV.GD.ZS
AUT,2009,rd_gdp,2.61279,GB.XPD.RSDV.GD.ZS
AUT,2010,rd_gdp,2.74321,GB.XPD.RSDV.GD.ZS
AUT,2011,rd_gdp,2.68567,GB.XPD.RSDV.GD.ZS
AUT,2012,rd_gdp,2.93372,GB.XPD.RSDV.GD.ZS
AUT,2013,rd_gdp,2.97993,GB.XPD.RSDV.GD.ZS
AUT,2014,rd_gdp,3.11263,GB.XPD.RSDV.GD.ZS
AUT,2015,rd_gdp,3.06917,GB.XPD.RSDV.GD.ZS
AUT,2016,rd_gdp,3.13356,GB.XPD.RSDV.GD.ZS
AUT,2017,rd_gdp,3.07376,GB.XPD.RSDV.GD.ZS
AUT,2018,rd_gdp,3.10828,GB.XPD.RSDV.GD.ZS
AUT,2019,rd_gdp,3.14405,GB.XPD.RSDV.GD.ZS
AUT,2020,rd_gdp,3.20758,GB.XPD.RSDV.GD.ZS
AUT,2021,rd_gdp,3.25565,GB.XPD.RSDV.GD.ZS
AUT,2022,rd_gdp,3.17775,GB.XPD.RSDV.GD.ZS
AUT,2023,rd_gdp,3.25517,GB.XPD.RSDV.GD.ZS
BEL,2000,rd_gdp,1.9362,GB.XPD.RSDV.GD.ZS
BEL,2001,rd_gdp,2.03279,GB.XPD.RSDV.GD.ZS
BEL,2002,rd_gdp,1.90325,GB.XPD.RSDV.GD.ZS
BEL,2003,rd_gdp,1.8412,GB.XPD.RSDV.GD.ZS
BEL,2004,rd_gdp,1.8205,GB.XPD.RSDV.GD.ZS
BEL,2005,rd_gdp,1.7906,GB.XPD.RSDV.GD.ZS
BEL,2006,rd_gdp,1.82269,GB.XPD.RSDV.GD.ZS
BEL,2007,rd_gdp,1.84999,GB.XPD.RSDV.GD.ZS
BEL,2008,rd_gdp,1.93684,GB.XPD.RSDV.GD.ZS
BEL,2009,rd_gdp,1.99134,GB.XPD.RSDV.GD.ZS
BEL,2010,rd_gdp,2.0613,GB.XPD.RSDV.GD.ZS
BEL,2011,rd_gdp,2.15739,GB.XPD.RSDV.GD.ZS
BEL,2012,rd_gdp,2.27079,GB.XPD.RSDV.GD.ZS
BEL,2013,rd_gdp,2.32047,GB.XPD.RSDV.GD.ZS
BEL,2014,rd_gdp,2.35858,GB.XPD.RSDV.GD.ZS
BEL,2015,rd_gdp,2.43496,GB.XPD.RSDV.GD.ZS
BEL,2016,rd_gdp,2.53291,GB.XPD.RSDV.GD.ZS
BEL,2017,rd_gdp,2.67654,GB.XPD.RSDV.GD.ZS
BEL,2018,rd_gdp,2.86365,GB.XPD.RSDV.GD.ZS
BEL,2019,rd_gdp,3.15154,GB.XPD.RSDV.GD.ZS
BEL,2020,rd_gdp,3.36823,GB.XPD.RSDV.GD.ZS
BEL,2021,rd_gdp,3.40589,GB.XPD.RSDV.GD.ZS
BEL,2022,rd_gdp,3.19592,GB.XPD.RSDV.GD.ZS
BEL,2023,rd_gdp,3.27235,GB.XPD.RSDV.GD.ZS
CAN,2000,rd_gdp,1.85849,GB.XPD.RSDV.GD.ZS
CAN,2001,rd_gdp,2.02116,GB.XPD.RSDV.GD.ZS
CAN,2002,rd_gdp,1.9717,GB.XPD.RSDV.GD.ZS
CAN,2003,rd_gdp,1.96782,GB.XPD.RSDV.GD.ZS
CAN,2004,rd_gdp,1.99735,GB.XPD.RSDV.GD.ZS
CAN,2005,rd_gdp,1.97127,GB.XPD.RSDV.GD.ZS
CAN,2006,rd_gdp,1.94304,GB.XPD.RSDV.GD.ZS
CAN,2007,rd_gdp,1.90358,GB.XPD.RSDV.GD.ZS
CAN,2008,rd_gdp,1.85578,GB.XPD.RSDV.GD.ZS
CAN,2009,rd_gdp,1.91742,GB.XPD.RSDV.GD.ZS
CAN,2010,rd_gdp,1.82504,GB.XPD.RSDV.GD.ZS
CAN,2011,rd_gdp,1.78714,GB.XPD.RSDV.GD.ZS
CAN,2012,rd_gdp,1.77303,GB.XPD.RSDV.GD.ZS
CAN,2013,rd_gdp,1.70624,GB.XPD.RSDV.GD.ZS
CAN,2014,rd_gdp,1.71482,GB.XPD.RSDV.GD.ZS
CAN,2015,rd_gdp,1.6936,GB.XPD.RSDV.GD.ZS
CAN,2016,rd_gdp,1.72903,GB.XPD.RSDV.GD.ZS
CAN,2017,rd_gdp,1.68702,GB.XPD.RSDV.GD.ZS
CAN,2018,rd_gdp,1.7372,GB.XPD.RSDV.GD.ZS
CAN,2019,rd_gdp,1.75578,GB.XPD.RSDV.GD.ZS
CAN,2020,rd_gdp,1.93413,GB.XPD.RSDV.GD.ZS
CAN,2021,rd_gdp,1.87064,GB.XPD.RSDV.GD.ZS
CAN,2022,rd_gdp,1.81291,GB.XPD.RSDV.GD.ZS
CAN,2023,rd_gdp,1.81048,GB.XPD.RSDV.GD.ZS
CAN,2024,rd_gdp,1.7908,GB.XPD.RSDV.GD.ZS
CHE,2000,rd_gdp,2.26386,GB.XPD.RSDV.GD.ZS
CHE,2004,rd_gdp,2.60818,GB.XPD.RSDV.GD.ZS
CHE,2008,rd_gdp,2.65296,GB.XPD.RSDV.GD.ZS
CHE,2012,rd_gdp,2.87456,GB.XPD.RSDV.GD.ZS
CHE,2015,rd_gdp,3.04577,GB.XPD.RSDV.GD.ZS
CHE,2017,rd_gdp,3.04671,GB.XPD.RSDV.GD.ZS
CHE,2019,rd_gdp,3.14983,GB.XPD.RSDV.GD.ZS
CHE,2021,rd_gdp,3.24862,GB.XPD.RSDV.GD.ZS
CHE,2023,rd_gdp,3.22178,GB.XPD.RSDV.GD.ZS
CHL,2007,rd_gdp,0.31143,GB.XPD.RSDV.GD.ZS
CHL,2008,rd_gdp,0.37492,GB.XPD.RSDV.GD.ZS
CHL,2009,rd_gdp,0.35403,GB.XPD.RSDV.GD.ZS
CHL,2010,rd_gdp,0.33165,GB.XPD.RSDV.GD.ZS
CHL,2011,rd_gdp,0.35288,GB.XPD.RSDV.GD.ZS
CHL,2012,rd_gdp,0.36213,GB.XPD.RSDV.GD.ZS
CHL,2013,rd_gdp,0.39031,GB.XPD.RSDV.GD.ZS
CHL,2014,rd_gdp,0.37668,GB.XPD.RSDV.GD.ZS
CHL,2015,rd_gdp,0.38296,GB.XPD.RSDV.GD.ZS
CHL,2016,rd_gdp,0.37103,GB.XPD.RSDV.GD.ZS
CHL,2017,rd_gdp,0.35679,GB.XPD.RSDV.GD.ZS
CHL,2018,rd_gdp,0.36916,GB.XPD.RSDV.GD.ZS
CHL,2019,rd_gdp,0.34243,GB.XPD.RSDV.GD.ZS
CHL,2020,rd_gdp,0.33525,GB.XPD.RSDV.GD.ZS
CHL,2021,rd_gdp,0.36063,GB.XPD.RSDV.GD.ZS
CHL,2022,rd_gdp,0.39205,GB.XPD.RSDV.GD.ZS
CHN,2000,rd_gdp,0.88409,GB.XPD.RSDV.GD.ZS
CHN,2001,rd_gdp,0.92948,GB.XPD.RSDV.GD.ZS
CHN,2002,rd_gdp,1.04418,GB.XPD.RSDV.GD.ZS
CHN,2003,rd_gdp,1.10465,GB.XPD.RSDV.GD.ZS
CHN,2004,rd_gdp,1.19732,GB.XPD.RSDV.GD.ZS
CHN,2005,rd_gdp,1.29008,GB.XPD.RSDV.GD.ZS
CHN,2006,rd_gdp,1.34923,GB.XPD.RSDV.GD.ZS
CHN,2007,rd_gdp,1.35321,GB.XPD.RSDV.GD.ZS
CHN,2008,rd_gdp,1.4233,GB.XPD.RSDV.GD.ZS
CHN,2009,rd_gdp,1.6366,GB.XPD.RSDV.GD.ZS
CHN,2010,rd_gdp,1.68456,GB.XPD.RSDV.GD.ZS
CHN,2011,rd_gdp,1.75244,GB.XPD.RSDV.GD.ZS
CHN,2012,rd_gdp,1.88095,GB.XPD.RSDV.GD.ZS
CHN,2013,rd_gdp,1.96246,GB.XPD.RSDV.GD.ZS
CHN,2014,rd_gdp,1.98475,GB.XPD.RSDV.GD.ZS
CHN,2015,rd_gdp,2.01703,GB.XPD.RSDV.GD.ZS
CHN,2016,rd_gdp,2.0595,GB.XPD.RSDV.GD.ZS
CHN,2017,rd_gdp,2.07771,GB.XPD.RSDV.GD.ZS
CHN,2018,rd_gdp,2.10232,GB.XPD.RSDV.GD.ZS
CHN,2019,rd_gdp,2.20144,GB.XPD.RSDV.GD.ZS
CHN,2020,rd_gdp,2.35712,GB.XPD.RSDV.GD.ZS
CHN,2021,rd_gdp,2.38165,GB.XPD.RSDV.GD.ZS
CHN,2022,rd_gdp,2.4945,GB.XPD.RSDV.GD.ZS
CHN,2023,rd_gdp,2.57729,GB.XPD.RSDV.GD.ZS
COL,2000,rd_gdp,0.13106,GB.XPD.RSDV.GD.ZS
COL,2001,rd_gdp,0.1329,GB.XPD.RSDV.GD.ZS
COL,2002,rd_gdp,0.15559,GB.XPD.RSDV.GD.ZS
COL,2003,rd_gdp,0.17398,GB.XPD.RSDV.GD.ZS
COL,2004,rd_gdp,0.16964,GB.XPD.RSDV.GD.ZS
COL,2005,rd_gdp,0.16557,GB.XPD.RSDV.GD.ZS
COL,2006,rd_gdp,0.16427,GB.XPD.RSDV.GD.ZS
COL,2007,rd_gdp,0.18307,GB.XPD.RSDV.GD.ZS
COL,2008,rd_gdp,0.19541,GB.XPD.RSDV.GD.ZS
COL,2009,rd_gdp,0.19351,GB.XPD.RSDV.GD.ZS
COL,2010,rd_gdp,0.19358,GB.XPD.RSDV.GD.ZS
COL,2011,rd_gdp,0.19842,GB.XPD.RSDV.GD.ZS
COL,2012,rd_gdp,0.22116,GB.XPD.RSDV.GD.ZS
COL,2013,rd_gdp,0.25761,GB.XPD.RSDV.GD.ZS
COL,2014,rd_gdp,0.30317,GB.XPD.RSDV.GD.ZS
COL,2015,rd_gdp,0.36542,GB.XPD.RSDV.GD.ZS
COL,2016,rd_gdp,0.27051,GB.XPD.RSDV.GD.ZS
COL,2017,rd_gdp,0.26109,GB.XPD.RSDV.GD.ZS
COL,2018,rd_gdp,0.31233,GB.XPD.RSDV.GD.ZS
COL,2019,rd_gdp,0.32201,GB.XPD.RSDV.GD.ZS
COL,2020,rd_gdp,0.2894,GB.XPD.RSDV.GD.ZS
CRI,2000,rd_gdp,0.41135,GB.XPD.RSDV.GD.ZS
CRI,2003,rd_gdp,0.3619,GB.XPD.RSDV.GD.ZS
CRI,2004,rd_gdp,0.37288,GB.XPD.RSDV.GD.ZS
CRI,2006,rd_gdp,0.42693,GB.XPD.RSDV.GD.ZS
CRI,2007,rd_gdp,0.35655,GB.XPD.RSDV.GD.ZS
CRI,2008,rd_gdp,0.38593,GB.XPD.RSDV.GD.ZS
CRI,2009,rd_gdp,0.51718,GB.XPD.RSDV.GD.ZS
CRI,2010,rd_gdp,0.4799,GB.XPD.RSDV.GD.ZS
CRI,2011,rd_gdp,0.46235,GB.XPD.RSDV.GD.ZS
CRI,2012,rd_gdp,0.54713,GB.XPD.RSDV.GD.ZS
CRI,2013,rd_gdp,0.54253,GB.XPD.RSDV.GD.ZS
CRI,2014,rd_gdp,0.55627,GB.XPD.RSDV.GD.ZS
CRI,2015,rd_gdp,0.43665,GB.XPD.RSDV.GD.ZS
CRI,2016,rd_gdp,0.44335,GB.XPD.RSDV.GD.ZS
CRI,2017,rd_gdp,0.42587,GB.XPD.RSDV.GD.ZS
CRI,2018,rd_gdp,0.37144,GB.XPD.RSDV.GD.ZS
CRI,2020,rd_gdp,0.33002,GB.XPD.RSDV.GD.ZS
CRI,2021,rd_gdp,0.27385,GB.XPD.RSDV.GD.ZS
CRI,2022,rd_gdp,0.33789,GB.XPD.RSDV.GD.ZS
CRI,2023,rd_gdp,0.33738,GB.XPD.RSDV.GD.ZS
CZE,2000,rd_gdp,1.10377,GB.XPD.RSDV.GD.ZS
CZE,2001,rd_gdp,1.09343,GB.XPD.RSDV.GD.ZS
CZE,2002,rd_gdp,1.09272,GB.XPD.RSDV.GD.ZS
CZE,2003,rd_gdp,1.13817,GB.XPD.RSDV.GD.ZS
CZE,2004,rd_gdp,1.13619,GB.XPD.RSDV.GD.ZS
CZE,2005,rd_gdp,1.15998,GB.XPD.RSDV.GD.ZS
CZE,2006,rd_gdp,1.22564,GB.XPD.RSDV.GD.ZS
CZE,2007,rd_gdp,1.2967,GB.XPD.RSDV.GD.ZS
CZE,2008,rd_gdp,1.2352,GB.XPD.RSDV.GD.ZS
CZE,2009,rd_gdp,1.28943,GB.XPD.RSDV.GD.ZS
CZE,2010,rd_gdp,1.31352,GB.XPD.RSDV.GD.ZS
CZE,2011,rd_gdp,1.5323,GB.XPD.RSDV.GD.ZS
CZE,2012,rd_gdp,1.757,GB.XPD.RSDV.GD.ZS
CZE,2013,rd_gdp,1.86743,GB.XPD.RSDV.GD.ZS
CZE,2014,rd_gdp,1.94392,GB.XPD.RSDV.GD.ZS
CZE,2015,rd_gdp,1.906,GB.XPD.RSDV.GD.ZS
CZE,2016,rd_gdp,1.65411,GB.XPD.RSDV.GD.ZS
CZE,2017,rd_gdp,1.74513,GB.XPD.RSDV.GD.ZS
CZE,2018,rd_gdp,1.87652,GB.XPD.RSDV.GD.ZS
CZE,2019,rd_gdp,1.89547,GB.XPD.RSDV.GD.ZS
CZE,2020,rd_gdp,1.94537,GB.XPD.RSDV.GD.ZS
CZE,2021,rd_gdp,1.93302,GB.XPD.RSDV.GD.ZS
CZE,2022,rd_gdp,1.89089,GB.XPD.RSDV.GD.ZS
CZE,2023,rd_gdp,1.83369,GB.XPD.RSDV.GD.ZS
DEU,2000,rd_gdp,2.38654,GB.XPD.RSDV.GD.ZS
DEU,2001,rd_gdp,2.3792,GB.XPD.RSDV.GD.ZS
DEU,2002,rd_gdp,2.40856,GB.XPD.RSDV.GD.ZS
DEU,2003,rd_gdp,2.44232,GB.XPD.RSDV.GD.ZS
DEU,2004,rd_gdp,2.40278,GB.XPD.RSDV.GD.ZS
DEU,2005,rd_gdp,2.40266,GB.XPD.RSDV.GD.ZS
DEU,2006,rd_gdp,2.43043,GB.XPD.RSDV.GD.ZS
DEU,2007,rd_gdp,2.41918,GB.XPD.RSDV.GD.ZS
DEU,2008,rd_gdp,2.57152,GB.XPD.RSDV.GD.ZS
DEU,2009,rd_gdp,2.68864,GB.XPD.RSDV.GD.ZS
DEU,2010,rd_gdp,2.67632,GB.XPD.RSDV.GD.ZS
DEU,2011,rd_gdp,2.75016,GB.XPD.RSDV.GD.ZS
DEU,2012,rd_gdp,2.82499,GB.XPD.RSDV.GD.ZS
DEU,2013,rd_gdp,2.78067,GB.XPD.RSDV.GD.ZS
DEU,2014,rd_gdp,2.82218,GB.XPD.RSDV.GD.ZS
DEU,2015,rd_gdp,2.87725,GB.XPD.RSDV.GD.ZS
DEU,2016,rd_gdp,2.88393,GB.XPD.RSDV.GD.ZS
DEU,2017,rd_gdp,2.9886,GB.XPD.RSDV.GD.ZS
DEU,2018,rd_gdp,3.05057,GB.XPD.RSDV.GD.ZS
DEU,2019,rd_gdp,3.11256,GB.XPD.RSDV.GD.ZS
DEU,2020,rd_gdp,3.0897,GB.XPD.RSDV.GD.ZS
DEU,2021,rd_gdp,3.0786,GB.XPD.RSDV.GD.ZS
DEU,2022,rd_gdp,3.07096,GB.XPD.RSDV.GD.ZS
DEU,2023,rd_gdp,3.1539,GB.XPD.RSDV.GD.ZS
DNK,2000,rd_gdp,2.18774,GB.XPD.RSDV.GD.ZS
DNK,2001,rd_gdp,2.32339,GB.XPD.RSDV.GD.ZS
DNK,2002,rd_gdp,2.43935,GB.XPD.RSDV.GD.ZS
DNK,2003,rd_gdp,2.50711,GB.XPD.RSDV.GD.ZS
DNK,2004,rd_gdp,2.41328,GB.XPD.RSDV.GD.ZS
DNK,2005,rd_gdp,2.38721,GB.XPD.RSDV.GD.ZS
DNK,2006,rd_gdp,2.39875,GB.XPD.RSDV.GD.ZS
DNK,2007,rd_gdp,2.50921,GB.XPD.RSDV.GD.ZS
DNK,2008,rd_gdp,2.76081,GB.XPD.RSDV.GD.ZS
DNK,2009,rd_gdp,3.04209,GB.XPD.RSDV.GD.ZS
DNK,2010,rd_gdp,2.91389,GB.XPD.RSDV.GD.ZS
DNK,2011,rd_gdp,2.94198,GB.XPD.RSDV.GD.ZS
DNK,2012,rd_gdp,2.9845,GB.XPD.RSDV.GD.ZS
DNK,2013,rd_gdp,2.96145,GB.XPD.RSDV.GD.ZS
DNK,2014,rd_gdp,2.91543,GB.XPD.RSDV.GD.ZS
DNK,2015,rd_gdp,3.06422,GB.XPD.RSDV.GD.ZS
DNK,2016,rd_gdp,3.10209,GB.XPD.RSDV.GD.ZS
DNK,2017,rd_gdp,2.93576,GB.XPD.RSDV.GD.ZS
DNK,2018,rd_gdp,2.97895,GB.XPD.RSDV.GD.ZS
DNK,2019,rd_gdp,2.90605,GB.XPD.RSDV.GD.ZS
DNK,2020,rd_gdp,2.96533,GB.XPD.RSDV.GD.ZS
DNK,2021,rd_gdp,2.74323,GB.XPD.RSDV.GD.ZS
DNK,2022,rd_gdp,2.86709,GB.XPD.RSDV.GD.ZS
DNK,2023,rd_gdp,3.04841,GB.XPD.RSDV.GD.ZS
ESP,2000,rd_gdp,0.88315,GB.XPD.RSDV.GD.ZS
ESP,2001,rd_gdp,0.88838,GB.XPD.RSDV.GD.ZS
ESP,2002,rd_gdp,0.95947,GB.XPD.RSDV.GD.ZS
ESP,2003,rd_gdp,1.0232,GB.XPD.RSDV.GD.ZS
ESP,2004,rd_gdp,1.04013,GB.XPD.RSDV.GD.ZS
ESP,2005,rd_gdp,1.09866,GB.XPD.RSDV.GD.ZS
ESP,2006,rd_gdp,1.17567,GB.XPD.RSDV.GD.ZS
ESP,2007,rd_gdp,1.23823,GB.XPD.RSDV.GD.ZS
ESP,2008,rd_gdp,1.32156,GB.XPD.RSDV.GD.ZS
ESP,2009,rd_gdp,1.35898,GB.XPD.RSDV.GD.ZS
ESP,2010,rd_gdp,1.35436,GB.XPD.RSDV.GD.ZS
ESP,2011,rd_gdp,1.32726,GB.XPD.RSDV.GD.ZS
ESP,2012,rd_gdp,1.29268,GB.XPD.RSDV.GD.ZS
ESP,2013,rd_gdp,1.26864,GB.XPD.RSDV.GD.ZS
ESP,2014,rd_gdp,1.23401,GB.XPD.RSDV.GD.ZS
ESP,2015,rd_gdp,1.21165,GB.XPD.RSDV.GD.ZS
ESP,2016,rd_gdp,1.1808,GB.XPD.RSDV.GD.ZS
ESP,2017,rd_gdp,1.20198,GB.XPD.RSDV.GD.ZS
ESP,2018,rd_gdp,1.23288,GB.XPD.RSDV.GD.ZS
ESP,2019,rd_gdp,1.24207,GB.XPD.RSDV.GD.ZS
ESP,2020,rd_gdp,1.39637,GB.XPD.RSDV.GD.ZS
ESP,2021,rd_gdp,1.39617,GB.XPD.RSDV.GD.ZS
ESP,2022,rd_gdp,1.40684,GB.XPD.RSDV.GD.ZS
ESP,2023,rd_gdp,1.49362,GB.XPD.RSDV.GD.ZS
EST,2000,rd_gdp,0.6,GB.XPD.RSDV.GD.ZS
EST,2001,rd_gdp,0.69889,GB.XPD.RSDV.GD.ZS
EST,2002,rd_gdp,0.71182,GB.XPD.RSDV.GD.ZS
EST,2003,rd_gdp,0.76445,GB.XPD.RSDV.GD.ZS
EST,2004,rd_gdp,0.84566,GB.XPD.RSDV.GD.ZS
EST,2005,rd_gdp,0.91687,GB.XPD.RSDV.GD.ZS
EST,2006,rd_gdp,1.11259,GB.XPD.RSDV.GD.ZS
EST,2007,rd_gdp,1.05869,GB.XPD.RSDV.GD.ZS
EST,2008,rd_gdp,1.25182,GB.XPD.RSDV.GD.ZS
EST,2009,rd_gdp,1.39673,GB.XPD.RSDV.GD.ZS
EST,2010,rd_gdp,1.57892,GB.XPD.RSDV.GD.ZS
EST,2011,rd_gdp,2.29632,GB.XPD.RSDV.GD.ZS
EST,2012,rd_gdp,2.10485,GB.XPD.RSDV.GD.ZS
EST,2013,rd_gdp,1.70141,GB.XPD.RSDV.GD.ZS
EST,2014,rd_gdp,1.40794,GB.XPD.RSDV.GD.ZS
EST,2015,rd_gdp,1.44125,GB.XPD.RSDV.GD.ZS
EST,2016,rd_gdp,1.21835,GB.XPD.RSDV.GD.ZS
EST,2017,rd_gdp,1.25152,GB.XPD.RSDV.GD.ZS
EST,2018,rd_gdp,1.38298,GB.XPD.RSDV.GD.ZS
EST,2019,rd_gdp,1.59093,GB.XPD.RSDV.GD.ZS
EST,2020,rd_gdp,1.72614,GB.XPD.RSDV.GD.ZS
EST,2021,rd_gdp,1.75152,GB.XPD.RSDV.GD.ZS
EST,2022,rd_gdp,1.76094,GB.XPD.RSDV.GD.ZS
EST,2023,rd_gdp,1.83878,GB.XPD.RSDV.GD.ZS
FIN,2000,rd_gdp,3.24271,GB.XPD.RSDV.GD.ZS
FIN,2001,rd_gdp,3.19405,GB.XPD.RSDV.GD.ZS
FIN,2002,rd_gdp,3.25409,GB.XPD.RSDV.GD.ZS
FIN,2003,rd_gdp,3.29898,GB.XPD.RSDV.GD.ZS
FIN,2004,rd_gdp,3.30943,GB.XPD.RSDV.GD.ZS
FIN,2005,rd_gdp,3.32412,GB.XPD.RSDV.GD.ZS
FIN,2006,rd_gdp,3.33285,GB.XPD.RSDV.GD.ZS
FIN,2007,rd_gdp,3.33727,GB.XPD.RSDV.GD.ZS
FIN,2008,rd_gdp,3.53719,GB.XPD.RSDV.GD.ZS
FIN,2009,rd_gdp,3.73427,GB.XPD.RSDV.GD.ZS
FIN,2010,rd_gdp,3.70524,GB.XPD.RSDV.GD.ZS
FIN,2011,rd_gdp,3.62434,GB.XPD.RSDV.GD.ZS
FIN,2012,rd_gdp,3.4095,GB.XPD.RSDV.GD.ZS
FIN,2013,rd_gdp,3.28462,GB.XPD.RSDV.GD.ZS
FIN,2014,rd_gdp,3.16344,GB.XPD.RSDV.GD.ZS
FIN,2015,rd_gdp,2.88826,GB.XPD.RSDV.GD.ZS
FIN,2016,rd_gdp,2.74716,GB.XPD.RSDV.GD.ZS
FIN,2017,rd_gdp,2.74723,GB.XPD.RSDV.GD.ZS
FIN,2018,rd_gdp,2.77601,GB.XPD.RSDV.GD.ZS
FIN,2019,rd_gdp,2.81534,GB.XPD.RSDV.GD.ZS
FIN,2020,rd_gdp,2.93278,GB.XPD.RSDV.GD.ZS
FIN,2021,rd_gdp,3.01133,GB.XPD.RSDV.GD.ZS
FIN,2022,rd_gdp,2.982,GB.XPD.RSDV.GD.ZS
FIN,2023,rd_gdp,3.0938,GB.XPD.RSDV.GD.ZS
FRA,2000,rd_gdp,2.10066,GB.XPD.RSDV.GD.ZS
FRA,2001,rd_gdp,2.1494,GB.XPD.RSDV.GD.ZS
FRA,2002,rd_gdp,2.18758,GB.XPD.RSDV.GD.ZS
FRA,2003,rd_gdp,2.13086,GB.XPD.RSDV.GD.ZS
FRA,2004,rd_gdp,2.10438,GB.XPD.RSDV.GD.ZS
FRA,2005,rd_gdp,2.05599,GB.XPD.RSDV.GD.ZS
FRA,2006,rd_gdp,2.05331,GB.XPD.RSDV.GD.ZS
FRA,2007,rd_gdp,2.02815,GB.XPD.RSDV.GD.ZS
FRA,2008,rd_gdp,2.06363,GB.XPD.RSDV.GD.ZS
FRA,2009,rd_gdp,2.21273,GB.XPD.RSDV.GD.ZS
FRA,2010,rd_gdp,2.17771,GB.XPD.RSDV.GD.ZS
FRA,2011,rd_gdp,2.18761,GB.XPD.RSDV.GD.ZS
FRA,2012,rd_gdp,2.22761,GB.XPD.RSDV.GD.ZS
FRA,2013,rd_gdp,2.23369,GB.XPD.RSDV.GD.ZS
FRA,2014,rd_gdp,2.27173,GB.XPD.RSDV.GD.ZS
FRA,2015,rd_gdp,2.22401,GB.XPD.RSDV.GD.ZS
FRA,2016,rd_gdp,2.22468,GB.XPD.RSDV.GD.ZS
FRA,2017,rd_gdp,2.20422,GB.XPD.RSDV.GD.ZS
FRA,2018,rd_gdp,2.20407,GB.XPD.RSDV.GD.ZS
FRA,2019,rd_gdp,2.19668,GB.XPD.RSDV.GD.ZS
FRA,2020,rd_gdp,2.2742,GB.XPD.RSDV.GD.ZS
FRA,2021,rd_gdp,2.21278,GB.XPD.RSDV.GD.ZS
FRA,2022,rd_gdp,2.21937,GB.XPD.RSDV.GD.ZS
FRA,2023,rd_gdp,2.17832,GB.XPD.RSDV.GD.ZS
GBR,2000,rd_gdp,1.60963,GB.XPD.RSDV.GD.ZS
GBR,2001,rd_gdp,1.59544,GB.XPD.RSDV.GD.ZS
GBR,2002,rd_gdp,1.61383,GB.XPD.RSDV.GD.ZS
GBR,2003,rd_gdp,1.58131,GB.XPD.RSDV.GD.ZS
GBR,2004,rd_gdp,1.53089,GB.XPD.RSDV.GD.ZS
GBR,2005,rd_gdp,1.55004,GB.XPD.RSDV.GD.ZS
GBR,2006,rd_gdp,1.57625,GB.XPD.RSDV.GD.ZS
GBR,2007,rd_gdp,1.6183,GB.XPD.RSDV.GD.ZS
GBR,2008,rd_gdp,1.60901,GB.XPD.RSDV.GD.ZS
GBR,2009,rd_gdp,1.66991,GB.XPD.RSDV.GD.ZS
GBR,2010,rd_gdp,1.63887,GB.XPD.RSDV.GD.ZS
GBR,2011,rd_gdp,1.64681,GB.XPD.RSDV.GD.ZS
GBR,2012,rd_gdp,1.57587,GB.XPD.RSDV.GD.ZS
GBR,2013,rd_gdp,1.62096,GB.XPD.RSDV.GD.ZS
GBR,2014,rd_gdp,2.26488,GB.XPD.RSDV.GD.ZS
GBR,2015,rd_gdp,2.27566,GB.XPD.RSDV.GD.ZS
GBR,2016,rd_gdp,2.32051,GB.XPD.RSDV.GD.ZS
GBR,2017,rd_gdp,2.32602,GB.XPD.RSDV.GD.ZS
GBR,2018,rd_gdp,2.70889,GB.XPD.RSDV.GD.ZS
GBR,2019,rd_gdp,2.6707,GB.XPD.RSDV.GD.ZS
GBR,2020,rd_gdp,2.93993,GB.XPD.RSDV.GD.ZS
GBR,2021,rd_gdp,2.89968,GB.XPD.RSDV.GD.ZS
GBR,2022,rd_gdp,2.75224,GB.XPD.RSDV.GD.ZS
GBR,2023,rd_gdp,2.67614,GB.XPD.RSDV.GD.ZS
GRC,2001,rd_gdp,0.57753,GB.XPD.RSDV.GD.ZS
GRC,2003,rd_gdp,0.56163,GB.XPD.RSDV.GD.ZS
GRC,2004,rd_gdp,0.54073,GB.XPD.RSDV.GD.ZS
GRC,2005,rd_gdp,0.59224,GB.XPD.RSDV.GD.ZS
GRC,2006,rd_gdp,0.57051,GB.XPD.RSDV.GD.ZS
GRC,2007,rd_gdp,0.58513,GB.XPD.RSDV.GD.ZS
GRC,2008,rd_gdp,0.67086,GB.XPD.RSDV.GD.ZS
GRC,2009,rd_gdp,0.63414,GB.XPD.RSDV.GD.ZS
GRC,2010,rd_gdp,0.60491,GB.XPD.RSDV.GD.ZS
GRC,2011,rd_gdp,0.6837,GB.XPD.RSDV.GD.ZS
GRC,2012,rd_gdp,0.71953,GB.XPD.RSDV.GD.ZS
GRC,2013,rd_gdp,0.82288,GB.XPD.RSDV.GD.ZS
GRC,2014,rd_gdp,0.84553,GB.XPD.RSDV.GD.ZS
GRC,2015,rd_gdp,0.9716,GB.XPD.RSDV.GD.ZS
GRC,2016,rd_gdp,1.00556,GB.XPD.RSDV.GD.ZS
GRC,2017,rd_gdp,1.1492,GB.XPD.RSDV.GD.ZS
GRC,2018,rd_gdp,1.2066,GB.XPD.RSDV.GD.ZS
GRC,2019,rd_gdp,1.26236,GB.XPD.RSDV.GD.ZS
GRC,2020,rd_gdp,1.48872,GB.XPD.RSDV.GD.ZS
GRC,2021,rd_gdp,1.43353,GB.XPD.RSDV.GD.ZS
GRC,2022,rd_gdp,1.47714,GB.XPD.RSDV.GD.ZS
GRC,2023,rd_gdp,1.4943,GB.XPD.RSDV.GD.ZS
HUN,2000,rd_gdp,0.78999,GB.XPD.RSDV.GD.ZS
HUN,2001,rd_gdp,0.91225,GB.XPD.RSDV.GD.ZS
HUN,2002,rd_gdp,0.98314,GB.XPD.RSDV.GD.ZS
HUN,2003,rd_gdp,0.91985,GB.XPD.RSDV.GD.ZS
HUN,2004,rd_gdp,0.86077,GB.XPD.RSDV.GD.ZS
HUN,2005,rd_gdp,0.92043,GB.XPD.RSDV.GD.ZS
HUN,2006,rd_gdp,0.97835,GB.XPD.RSDV.GD.ZS
HUN,2007,rd_gdp,0.95488,GB.XPD.RSDV.GD.ZS
HUN,2008,rd_gdp,0.97817,GB.XPD.RSDV.GD.ZS
HUN,2009,rd_gdp,1.13027,GB.XPD.RSDV.GD.ZS
HUN,2010,rd_gdp,1.13102,GB.XPD.RSDV.GD.ZS
HUN,2011,rd_gdp,1.18116,GB.XPD.RSDV.GD.ZS
HUN,2012,rd_gdp,1.25758,GB.XPD.RSDV.GD.ZS
HUN,2013,rd_gdp,1.38449,GB.XPD.RSDV.GD.ZS
HUN,2014,rd_gdp,1.3437,GB.XPD.RSDV.GD.ZS
HUN,2015,rd_gdp,1.33884,GB.XPD.RSDV.GD.ZS
HUN,2016,rd_gdp,1.17645,GB.XPD.RSDV.GD.ZS
HUN,2017,rd_gdp,1.31498,GB.XPD.RSDV.GD.ZS
HUN,2018,rd_gdp,1.50196,GB.XPD.RSDV.GD.ZS
HUN,2019,rd_gdp,1.46473,GB.XPD.RSDV.GD.ZS
HUN,2020,rd_gdp,1.58067,GB.XPD.RSDV.GD.ZS
HUN,2021,rd_gdp,1.63327,GB.XPD.RSDV.GD.ZS
HUN,2022,rd_gdp,1.39056,GB.XPD.RSDV.GD.ZS
HUN,2023,rd_gdp,1.37748,GB.XPD.RSDV.GD.ZS
IRL,2000,rd_gdp,1.08383,GB.XPD.RSDV.GD.ZS
IRL,2001,rd_gdp,1.05194,GB.XPD.RSDV.GD.ZS
IRL,2002,rd_gdp,1.05575,GB.XPD.RSDV.GD.ZS
IRL,2003,rd_gdp,1.12435,GB.XPD.RSDV.GD.ZS
IRL,2004,rd_gdp,1.17778,GB.XPD.RSDV.GD.ZS
IRL,2005,rd_gdp,1.19197,GB.XPD.RSDV.GD.ZS
IRL,2006,rd_gdp,1.19887,GB.XPD.RSDV.GD.ZS
IRL,2007,rd_gdp,1.23409,GB.XPD.RSDV.GD.ZS
IRL,2008,rd_gdp,1.39126,GB.XPD.RSDV.GD.ZS
IRL,2009,rd_gdp,1.61371,GB.XPD.RSDV.GD.ZS
IRL,2010,rd_gdp,1.59425,GB.XPD.RSDV.GD.ZS
IRL,2011,rd_gdp,1.53761,GB.XPD.RSDV.GD.ZS
IRL,2012,rd_gdp,1.5455,GB.XPD.RSDV.GD.ZS
IRL,2013,rd_gdp,1.53562,GB.XPD.RSDV.GD.ZS
IRL,2014,rd_gdp,1.47756,GB.XPD.RSDV.GD.ZS
IRL,2015,rd_gdp,1.14062,GB.XPD.RSDV.GD.ZS
IRL,2016,rd_gdp,1.14954,GB.XPD.RSDV.GD.ZS
IRL,2017,rd_gdp,1.20821,GB.XPD.RSDV.GD.ZS
IRL,2018,rd_gdp,1.08244,GB.XPD.RSDV.GD.ZS
IRL,2019,rd_gdp,1.13733,GB.XPD.RSDV.GD.ZS
IRL,2020,rd_gdp,1.12466,GB.XPD.RSDV.GD.ZS
IRL,2021,rd_gdp,1.0732,GB.XPD.RSDV.GD.ZS
IRL,2022,rd_gdp,1.53215,GB.XPD.RSDV.GD.ZS
IRL,2023,rd_gdp,1.58829,GB.XPD.RSDV.GD.ZS
ISL,2000,rd_gdp,2.57201,GB.XPD.RSDV.GD.ZS
ISL,2001,rd_gdp,2.83989,GB.XPD.RSDV.GD.ZS
ISL,2002,rd_gdp,2.8212,GB.XPD.RSDV.GD.ZS
ISL,2003,rd_gdp,2.7055,GB.XPD.RSDV.GD.ZS
ISL,2005,rd_gdp,2.67969,GB.XPD.RSDV.GD.ZS
ISL,2006,rd_gdp,2.85265,GB.XPD.RSDV.GD.ZS
ISL,2007,rd_gdp,2.53294,GB.XPD.RSDV.GD.ZS
ISL,2008,rd_gdp,2.46413,GB.XPD.RSDV.GD.ZS
ISL,2009,rd_gdp,2.59713,GB.XPD.RSDV.GD.ZS
ISL,2011,rd_gdp,2.40366,GB.XPD.RSDV.GD.ZS
ISL,2013,rd_gdp,1.69237,GB.XPD.RSDV.GD.ZS
ISL,2014,rd_gdp,1.93616,GB.XPD.RSDV.GD.ZS
ISL,2015,rd_gdp,2.18137,GB.XPD.RSDV.GD.ZS
ISL,2016,rd_gdp,2.11011,GB.XPD.RSDV.GD.ZS
ISL,2017,rd_gdp,2.08365,GB.XPD.RSDV.GD.ZS
ISL,2018,rd_gdp,2.00081,GB.XPD.RSDV.GD.ZS
ISL,2019,rd_gdp,2.34018,GB.XPD.RSDV.GD.ZS
ISL,2020,rd_gdp,2.4864,GB.XPD.RSDV.GD.ZS
ISL,2021,rd_gdp,2.78171,GB.XPD.RSDV.GD.ZS
ISL,2022,rd_gdp,2.60089,GB.XPD.RSDV.GD.ZS
ISL,2023,rd_gdp,2.64005,GB.XPD.RSDV.GD.ZS
ISR,2000,rd_gdp,3.81316,GB.XPD.RSDV.GD.ZS
ISR,2001,rd_gdp,4.05338,GB.XPD.RSDV.GD.ZS
ISR,2002,rd_gdp,3.99197,GB.XPD.RSDV.GD.ZS
ISR,2003,rd_gdp,3.76142,GB.XPD.RSDV.GD.ZS
ISR,2004,rd_gdp,3.74703,GB.XPD.RSDV.GD.ZS
ISR,2005,rd_gdp,3.91123,GB.XPD.RSDV.GD.ZS
ISR,2006,rd_gdp,4.01416,GB.XPD.RSDV.GD.ZS
ISR,2007,rd_gdp,4.28533,GB.XPD.RSDV.GD.ZS
ISR,2008,rd_gdp,4.24165,GB.XPD.RSDV.GD.ZS
ISR,2009,rd_gdp,4.01799,GB.XPD.RSDV.GD.ZS
ISR,2010,rd_gdp,3.8421,GB.XPD.RSDV.GD.ZS
ISR,2011,rd_gdp,3.91608,GB.XPD.RSDV.GD.ZS
ISR,2012,rd_gdp,4.06028,GB.XPD.RSDV.GD.ZS
ISR,2013,rd_gdp,4.10651,GB.XPD.RSDV.GD.ZS
ISR,2014,rd_gdp,4.19613,GB.XPD.RSDV.GD.ZS
ISR,2015,rd_gdp,4.29761,GB.XPD.RSDV.GD.ZS
ISR,2016,rd_gdp,4.59051,GB.XPD.RSDV.GD.ZS
ISR,2017,rd_gdp,4.74032,GB.XPD.RSDV.GD.ZS
ISR,2018,rd_gdp,4.91965,GB.XPD.RSDV.GD.ZS
ISR,2019,rd_gdp,5.35528,GB.XPD.RSDV.GD.ZS
ISR,2020,rd_gdp,5.83209,GB.XPD.RSDV.GD.ZS
ISR,2021,rd_gdp,5.75725,GB.XPD.RSDV.GD.ZS
ISR,2022,rd_gdp,6.17831,GB.XPD.RSDV.GD.ZS
ISR,2023,rd_gdp,6.34589,GB.XPD.RSDV.GD.ZS
ITA,2000,rd_gdp,1.00104,GB.XPD.RSDV.GD.ZS
ITA,2001,rd_gdp,1.03714,GB.XPD.RSDV.GD.ZS
ITA,2002,rd_gdp,1.07704,GB.XPD.RSDV.GD.ZS
ITA,2003,rd_gdp,1.05539,GB.XPD.RSDV.GD.ZS
ITA,2004,rd_gdp,1.04662,GB.XPD.RSDV.GD.ZS
ITA,2005,rd_gdp,1.04057,GB.XPD.RSDV.GD.ZS
ITA,2006,rd_gdp,1.07903,GB.XPD.RSDV.GD.ZS
ITA,2007,rd_gdp,1.12421,GB.XPD.RSDV.GD.ZS
ITA,2008,rd_gdp,1.15548,GB.XPD.RSDV.GD.ZS
ITA,2009,rd_gdp,1.21261,GB.XPD.RSDV.GD.ZS
ITA,2010,rd_gdp,1.21296,GB.XPD.RSDV.GD.ZS
ITA,2011,rd_gdp,1.19531,GB.XPD.RSDV.GD.ZS
ITA,2012,rd_gdp,1.25559,GB.XPD.RSDV.GD.ZS
ITA,2013,rd_gdp,1.29425,GB.XPD.RSDV.GD.ZS
ITA,2014,rd_gdp,1.33148,GB.XPD.RSDV.GD.ZS
ITA,2015,rd_gdp,1.33213,GB.XPD.RSDV.GD.ZS
ITA,2016,rd_gdp,1.35915,GB.XPD.RSDV.GD.ZS
ITA,2017,rd_gdp,1.36393,GB.XPD.RSDV.GD.ZS
ITA,2018,rd_gdp,1.41934,GB.XPD.RSDV.GD.ZS
ITA,2019,rd_gdp,1.45558,GB.XPD.RSDV.GD.ZS
ITA,2020,rd_gdp,1.49869,GB.XPD.RSDV.GD.ZS
ITA,2021,rd_gdp,1.41065,GB.XPD.RSDV.GD.ZS
ITA,2022,rd_gdp,1.36563,GB.XPD.RSDV.GD.ZS
ITA,2023,rd_gdp,1.37935,GB.XPD.RSDV.GD.ZS
JPN,2000,rd_gdp,2.85841,GB.XPD.RSDV.GD.ZS
JPN,2001,rd_gdp,2.92348,GB.XPD.RSDV.GD.ZS
JPN,2002,rd_gdp,2.96514,GB.XPD.RSDV.GD.ZS
JPN,2003,rd_gdp,2.99319,GB.XPD.RSDV.GD.ZS
JPN,2004,rd_gdp,2.98125,GB.XPD.RSDV.GD.ZS
JPN,2005,rd_gdp,3.13092,GB.XPD.RSDV.GD.ZS
JPN,2006,rd_gdp,3.22766,GB.XPD.RSDV.GD.ZS
JPN,2007,rd_gdp,3.29257,GB.XPD.RSDV.GD.ZS
JPN,2008,rd_gdp,3.29224,GB.XPD.RSDV.GD.ZS
JPN,2009,rd_gdp,3.1959,GB.XPD.RSDV.GD.ZS
JPN,2010,rd_gdp,3.10495,GB.XPD.RSDV.GD.ZS
JPN,2011,rd_gdp,3.20537,GB.XPD.RSDV.GD.ZS
JPN,2012,rd_gdp,3.1737,GB.XPD.RSDV.GD.ZS
JPN,2013,rd_gdp,3.27895,GB.XPD.RSDV.GD.ZS
JPN,2014,rd_gdp,3.36788,GB.XPD.RSDV.GD.ZS
JPN,2015,rd_gdp,3.24071,GB.XPD.RSDV.GD.ZS
JPN,2016,rd_gdp,3.10665,GB.XPD.RSDV.GD.ZS
JPN,2017,rd_gdp,3.16636,GB.XPD.RSDV.GD.ZS
JPN,2018,rd_gdp,3.2192,GB.XPD.RSDV.GD.ZS
JPN,2019,rd_gdp,3.21824,GB.XPD.RSDV.GD.ZS
JPN,2020,rd_gdp,3.26556,GB.XPD.RSDV.GD.ZS
JPN,2021,rd_gdp,3.27383,GB.XPD.RSDV.GD.ZS
JPN,2022,rd_gdp,3.40053,GB.XPD.RSDV.GD.ZS
JPN,2023,rd_gdp,3.44125,GB.XPD.RSDV.GD.ZS
KOR,2000,rd_gdp,2.0494,GB.XPD.RSDV.GD.ZS
KOR,2001,rd_gdp,2.19872,GB.XPD.RSDV.GD.ZS
KOR,2002,rd_gdp,2.13042,GB.XPD.RSDV.GD.ZS
KOR,2003,rd_gdp,2.19657,GB.XPD.RSDV.GD.ZS
KOR,2004,rd_gdp,2.35292,GB.XPD.RSDV.GD.ZS
KOR,2005,rd_gdp,2.42725,GB.XPD.RSDV.GD.ZS
KOR,2006,rd_gdp,2.61516,GB.XPD.RSDV.GD.ZS
KOR,2007,rd_gdp,2.75895,GB.XPD.RSDV.GD.ZS
KOR,2008,rd_gdp,2.86774,GB.XPD.RSDV.GD.ZS
KOR,2009,rd_gdp,3.02145,GB.XPD.RSDV.GD.ZS
KOR,2010,rd_gdp,3.17913,GB.XPD.RSDV.GD.ZS
KOR,2011,rd_gdp,3.44409,GB.XPD.RSDV.GD.ZS
KOR,2012,rd_gdp,3.6852,GB.XPD.RSDV.GD.ZS
KOR,2013,rd_gdp,3.77487,GB.XPD.RSDV.GD.ZS
KOR,2014,rd_gdp,3.88983,GB.XPD.RSDV.GD.ZS
KOR,2015,rd_gdp,3.78907,GB.XPD.RSDV.GD.ZS
KOR,2016,rd_gdp,3.78638,GB.XPD.RSDV.GD.ZS
KOR,2017,rd_gdp,4.07341,GB.XPD.RSDV.GD.ZS
KOR,2018,rd_gdp,4.27155,GB.XPD.RSDV.GD.ZS
KOR,2019,rd_gdp,4.36379,GB.XPD.RSDV.GD.ZS
KOR,2020,rd_gdp,4.5214,GB.XPD.RSDV.GD.ZS
KOR,2021,rd_gdp,4.59673,GB.XPD.RSDV.GD.ZS
KOR,2022,rd_gdp,4.84753,GB.XPD.RSDV.GD.ZS
KOR,2023,rd_gdp,4.94352,GB.XPD.RSDV.GD.ZS
LTU,2000,rd_gdp,0.58422,GB.XPD.RSDV.GD.ZS
LTU,2001,rd_gdp,0.66634,GB.XPD.RSDV.GD.ZS
LTU,2002,rd_gdp,0.65651,GB.XPD.RSDV.GD.ZS
LTU,2003,rd_gdp,0.66316,GB.XPD.RSDV.GD.ZS
LTU,2004,rd_gdp,0.74758,GB.XPD.RSDV.GD.ZS
LTU,2005,rd_gdp,0.74799,GB.XPD.RSDV.GD.ZS
LTU,2006,rd_gdp,0.79381,GB.XPD.RSDV.GD.ZS
LTU,2007,rd_gdp,0.80111,GB.XPD.RSDV.GD.ZS
LTU,2008,rd_gdp,0.78876,GB.XPD.RSDV.GD.ZS
LTU,2009,rd_gdp,0.82848,GB.XPD.RSDV.GD.ZS
LTU,2010,rd_gdp,0.79379,GB.XPD.RSDV.GD.ZS
LTU,2011,rd_gdp,0.90998,GB.XPD.RSDV.GD.ZS
LTU,2012,rd_gdp,0.8976,GB.XPD.RSDV.GD.ZS
LTU,2013,rd_gdp,0.95322,GB.XPD.RSDV.GD.ZS
LTU,2014,rd_gdp,1.03495,GB.XPD.RSDV.GD.ZS
LTU,2015,rd_gdp,1.04077,GB.XPD.RSDV.GD.ZS
LTU,2016,rd_gdp,0.84391,GB.XPD.RSDV.GD.ZS
LTU,2017,rd_gdp,0.8963,GB.XPD.RSDV.GD.ZS
LTU,2018,rd_gdp,0.92781,GB.XPD.RSDV.GD.ZS
LTU,2019,rd_gdp,0.98701,GB.XPD.RSDV.GD.ZS
LTU,2020,rd_gdp,1.12379,GB.XPD.RSDV.GD.ZS
LTU,2021,rd_gdp,1.10044,GB.XPD.RSDV.GD.ZS
LTU,2022,rd_gdp,1.05289,GB.XPD.RSDV.GD.ZS
LTU,2023,rd_gdp,1.04977,GB.XPD.RSDV.GD.ZS
LUX,2000,rd_gdp,1.58314,GB.XPD.RSDV.GD.ZS
LUX,2003,rd_gdp,1.6235,GB.XPD.RSDV.GD.ZS
LUX,2004,rd_gdp,1.58819,GB.XPD.RSDV.GD.ZS
LUX,2005,rd_gdp,1.55873,GB.XPD.RSDV.GD.ZS
LUX,2006,rd_gdp,1.64886,GB.XPD.RSDV.GD.ZS
LUX,2007,rd_gdp,1.57165,GB.XPD.RSDV.GD.ZS
LUX,2008,rd_gdp,1.54663,GB.XPD.RSDV.GD.ZS
LUX,2009,rd_gdp,1.58839,GB.XPD.RSDV.GD.ZS
LUX,2010,rd_gdp,1.42373,GB.XPD.RSDV.GD.ZS
LUX,2011,rd_gdp,1.42453,GB.XPD.RSDV.GD.ZS
LUX,2012,rd_gdp,1.20664,GB.XPD.RSDV.GD.ZS
LUX,2013,rd_gdp,1.23381,GB.XPD.RSDV.GD.ZS
LUX,2014,rd_gdp,1.217,GB.XPD.RSDV.GD.ZS
LUX,2015,rd_gdp,1.25226,GB.XPD.RSDV.GD.ZS
LUX,2016,rd_gdp,1.2669,GB.XPD.RSDV.GD.ZS
LUX,2017,rd_gdp,1.23898,GB.XPD.RSDV.GD.ZS
LUX,2018,rd_gdp,1.17039,GB.XPD.RSDV.GD.ZS
LUX,2019,rd_gdp,1.18209,GB.XPD.RSDV.GD.ZS
LUX,2020,rd_gdp,1.09627,GB.XPD.RSDV.GD.ZS
LUX,2021,rd_gdp,1.03153,GB.XPD.RSDV.GD.ZS
LUX,2022,rd_gdp,1.0653,GB.XPD.RSDV.GD.ZS
LUX,2023,rd_gdp,1.07045,GB.XPD.RSDV.GD.ZS
LVA,2000,rd_gdp,0.4459,GB.XPD.RSDV.GD.ZS
LVA,2001,rd_gdp,0.41106,GB.XPD.RSDV.GD.ZS
LVA,2002,rd_gdp,0.42203,GB.XPD.RSDV.GD.ZS
LVA,2003,rd_gdp,0.37616,GB.XPD.RSDV.GD.ZS
LVA,2004,rd_gdp,0.41593,GB.XPD.RSDV.GD.ZS
LVA,2005,rd_gdp,0.54958,GB.XPD.RSDV.GD.ZS
LVA,2006,rd_gdp,0.68285,GB.XPD.RSDV.GD.ZS
LVA,2007,rd_gdp,0.58167,GB.XPD.RSDV.GD.ZS
LVA,2008,rd_gdp,0.60627,GB.XPD.RSDV.GD.ZS
LVA,2009,rd_gdp,0.46114,GB.XPD.RSDV.GD.ZS
LVA,2010,rd_gdp,0.6183,GB.XPD.RSDV.GD.ZS
LVA,2011,rd_gdp,0.73982,GB.XPD.RSDV.GD.ZS
LVA,2012,rd_gdp,0.68884,GB.XPD.RSDV.GD.ZS
LVA,2013,rd_gdp,0.63536,GB.XPD.RSDV.GD.ZS
LVA,2014,rd_gdp,0.71433,GB.XPD.RSDV.GD.ZS
LVA,2015,rd_gdp,0.641,GB.XPD.RSDV.GD.ZS
LVA,2016,rd_gdp,0.45065,GB.XPD.RSDV.GD.ZS
LVA,2017,rd_gdp,0.53004,GB.XPD.RSDV.GD.ZS
LVA,2018,rd_gdp,0.66138,GB.XPD.RSDV.GD.ZS
LVA,2019,rd_gdp,0.6602,GB.XPD.RSDV.GD.ZS
LVA,2020,rd_gdp,0.75663,GB.XPD.RSDV.GD.ZS
LVA,2021,rd_gdp,0.77085,GB.XPD.RSDV.GD.ZS
LVA,2022,rd_gdp,0.8122,GB.XPD.RSDV.GD.ZS
LVA,2023,rd_gdp,0.8236,GB.XPD.RSDV.GD.ZS
MEX,2000,rd_gdp,0.29205,GB.XPD.RSDV.GD.ZS
MEX,2001,rd_gdp,0.30815,GB.XPD.RSDV.GD.ZS
MEX,2002,rd_gdp,0.33745,GB.XPD.RSDV.GD.ZS
MEX,2003,rd_gdp,0.37454,GB.XPD.RSDV.GD.ZS
MEX,2004,rd_gdp,0.37053,GB.XPD.RSDV.GD.ZS
MEX,2005,rd_gdp,0.38103,GB.XPD.RSDV.GD.ZS
MEX,2006,rd_gdp,0.35298,GB.XPD.RSDV.GD.ZS
MEX,2007,rd_gdp,0.38039,GB.XPD.RSDV.GD.ZS
MEX,2008,rd_gdp,0.42416,GB.XPD.RSDV.GD.ZS
MEX,2009,rd_gdp,0.45748,GB.XPD.RSDV.GD.ZS
MEX,2010,rd_gdp,0.47353,GB.XPD.RSDV.GD.ZS
MEX,2011,rd_gdp,0.45268,GB.XPD.RSDV.GD.ZS
MEX,2012,rd_gdp,0.40284,GB.XPD.RSDV.GD.ZS
MEX,2013,rd_gdp,0.40806,GB.XPD.RSDV.GD.ZS
MEX,2014,rd_gdp,0.41962,GB.XPD.RSDV.GD.ZS
MEX,2015,rd_gdp,0.41477,GB.XPD.RSDV.GD.ZS
MEX,2016,rd_gdp,0.37601,GB.XPD.RSDV.GD.ZS
MEX,2017,rd_gdp,0.31955,GB.XPD.RSDV.GD.ZS
MEX,2018,rd_gdp,0.29816,GB.XPD.RSDV.GD.ZS
MEX,2019,rd_gdp,0.27629,GB.XPD.RSDV.GD.ZS
MEX,2020,rd_gdp,0.29185,GB.XPD.RSDV.GD.ZS
MEX,2021,rd_gdp,0.27305,GB.XPD.RSDV.GD.ZS
MEX,2022,rd_gdp,0.25727,GB.XPD.RSDV.GD.ZS
MEX,2023,rd_gdp,0.26746,GB.XPD.RSDV.GD.ZS
MEX,2024,rd_gdp,0.25372,GB.XPD.RSDV.GD.ZS
NLD,2000,rd_gdp,1.78907,GB.XPD.RSDV.GD.ZS
NLD,2001,rd_gdp,1.79214,GB.XPD.RSDV.GD.ZS
NLD,2002,rd_gdp,1.73931,GB.XPD.RSDV.GD.ZS
NLD,2003,rd_gdp,1.77665,GB.XPD.RSDV.GD.ZS
NLD,2004,rd_gdp,1.78132,GB.XPD.RSDV.GD.ZS
NLD,2005,rd_gdp,1.7667,GB.XPD.RSDV.GD.ZS
NLD,2006,rd_gdp,1.73208,GB.XPD.RSDV.GD.ZS
NLD,2007,rd_gdp,1.66063,GB.XPD.RSDV.GD.ZS
NLD,2008,rd_gdp,1.61247,GB.XPD.RSDV.GD.ZS
NLD,2009,rd_gdp,1.65161,GB.XPD.RSDV.GD.ZS
NLD,2010,rd_gdp,1.69388,GB.XPD.RSDV.GD.ZS
NLD,2011,rd_gdp,1.8651,GB.XPD.RSDV.GD.ZS
NLD,2012,rd_gdp,1.90094,GB.XPD.RSDV.GD.ZS
NLD,2013,rd_gdp,2.13953,GB.XPD.RSDV.GD.ZS
NLD,2014,rd_gdp,2.15067,GB.XPD.RSDV.GD.ZS
NLD,2015,rd_gdp,2.11792,GB.XPD.RSDV.GD.ZS
NLD,2016,rd_gdp,2.11546,GB.XPD.RSDV.GD.ZS
NLD,2017,rd_gdp,2.14167,GB.XPD.RSDV.GD.ZS
NLD,2018,rd_gdp,2.1027,GB.XPD.RSDV.GD.ZS
NLD,2019,rd_gdp,2.14036,GB.XPD.RSDV.GD.ZS
NLD,2020,rd_gdp,2.26514,GB.XPD.RSDV.GD.ZS
NLD,2021,rd_gdp,2.21542,GB.XPD.RSDV.GD.ZS
NLD,2022,rd_gdp,2.17529,GB.XPD.RSDV.GD.ZS
NLD,2023,rd_gdp,2.26719,GB.XPD.RSDV.GD.ZS
NOR,2001,rd_gdp,1.56019,GB.XPD.RSDV.GD.ZS
NOR,2002,rd_gdp,1.62644,GB.XPD.RSDV.GD.ZS
NOR,2003,rd_gdp,1.67572,GB.XPD.RSDV.GD.ZS
NOR,2004,rd_gdp,1.53976,GB.XPD.RSDV.GD.ZS
NOR,2005,rd_gdp,1.47715,GB.XPD.RSDV.GD.ZS
NOR,2006,rd_gdp,1.44972,GB.XPD.RSDV.GD.ZS
NOR,2007,rd_gdp,1.55795,GB.XPD.RSDV.GD.ZS
NOR,2008,rd_gdp,1.54556,GB.XPD.RSDV.GD.ZS
NOR,2009,rd_gdp,1.71678,GB.XPD.RSDV.GD.ZS
NOR,2010,rd_gdp,1.6412,GB.XPD.RSDV.GD.ZS
NOR,2011,rd_gdp,1.61714,GB.XPD.RSDV.GD.ZS
NOR,2012,rd_gdp,1.61053,GB.XPD.RSDV.GD.ZS
NOR,2013,rd_gdp,1.64216,GB.XPD.RSDV.GD.ZS
NOR,2014,rd_gdp,1.70369,GB.XPD.RSDV.GD.ZS
NOR,2015,rd_gdp,1.92351,GB.XPD.RSDV.GD.ZS
NOR,2016,rd_gdp,2.03286,GB.XPD.RSDV.GD.ZS
NOR,2017,rd_gdp,2.08168,GB.XPD.RSDV.GD.ZS
NOR,2018,rd_gdp,2.03482,GB.XPD.RSDV.GD.ZS
NOR,2019,rd_gdp,2.13599,GB.XPD.RSDV.GD.ZS
NOR,2020,rd_gdp,2.24436,GB.XPD.RSDV.GD.ZS
NOR,2021,rd_gdp,1.88764,GB.XPD.RSDV.GD.ZS
NOR,2022,rd_gdp,1.55081,GB.XPD.RSDV.GD.ZS
NOR,2023,rd_gdp,1.85142,GB.XPD.RSDV.GD.ZS
NZL,2001,rd_gdp,1.10029,GB.XPD.RSDV.GD.ZS
NZL,2003,rd_gdp,1.14891,GB.XPD.RSDV.GD.ZS
NZL,2005,rd_gdp,1.12043,GB.XPD.RSDV.GD.ZS
NZL,2007,rd_gdp,1.15764,GB.XPD.RSDV.GD.ZS
NZL,2009,rd_gdp,1.24916,GB.XPD.RSDV.GD.ZS
NZL,2011,rd_gdp,1.23083,GB.XPD.RSDV.GD.ZS
NZL,2013,rd_gdp,1.15275,GB.XPD.RSDV.GD.ZS
NZL,2015,rd_gdp,1.22707,GB.XPD.RSDV.GD.ZS
NZL,2017,rd_gdp,1.34788,GB.XPD.RSDV.GD.ZS
NZL,2019,rd_gdp,1.4642,GB.XPD.RSDV.GD.ZS
NZL,2021,rd_gdp,1.48604,GB.XPD.RSDV.GD.ZS
NZL,2023,rd_gdp,1.54848,GB.XPD.RSDV.GD.ZS
POL,2000,rd_gdp,0.63806,GB.XPD.RSDV.GD.ZS
POL,2001,rd_gdp,0.61861,GB.XPD.RSDV.GD.ZS
POL,2002,rd_gdp,0.55501,GB.XPD.RSDV.GD.ZS
POL,2003,rd_gdp,0.53626,GB.XPD.RSDV.GD.ZS
POL,2004,rd_gdp,0.54999,GB.XPD.RSDV.GD.ZS
POL,2005,rd_gdp,0.56121,GB.XPD.RSDV.GD.ZS
POL,2006,rd_gdp,0.54899,GB.XPD.RSDV.GD.ZS
POL,2007,rd_gdp,0.56103,GB.XPD.RSDV.GD.ZS
POL,2008,rd_gdp,0.59719,GB.XPD.RSDV.GD.ZS
POL,2009,rd_gdp,0.65932,GB.XPD.RSDV.GD.ZS
POL,2010,rd_gdp,0.72252,GB.XPD.RSDV.GD.ZS
POL,2011,rd_gdp,0.74726,GB.XPD.RSDV.GD.ZS
POL,2012,rd_gdp,0.88476,GB.XPD.RSDV.GD.ZS
POL,2013,rd_gdp,0.8807,GB.XPD.RSDV.GD.ZS
POL,2014,rd_gdp,0.9454,GB.XPD.RSDV.GD.ZS
POL,2015,rd_gdp,0.99807,GB.XPD.RSDV.GD.ZS
POL,2016,rd_gdp,0.9616,GB.XPD.RSDV.GD.ZS
POL,2017,rd_gdp,1.03055,GB.XPD.RSDV.GD.ZS
POL,2018,rd_gdp,1.19426,GB.XPD.RSDV.GD.ZS
POL,2019,rd_gdp,1.3088,GB.XPD.RSDV.GD.ZS
POL,2020,rd_gdp,1.37128,GB.XPD.RSDV.GD.ZS
POL,2021,rd_gdp,1.41558,GB.XPD.RSDV.GD.ZS
POL,2022,rd_gdp,1.44162,GB.XPD.RSDV.GD.ZS
POL,2023,rd_gdp,1.55525,GB.XPD.RSDV.GD.ZS
PRT,2000,rd_gdp,0.72156,GB.XPD.RSDV.GD.ZS
PRT,2001,rd_gdp,0.76482,GB.XPD.RSDV.GD.ZS
PRT,2002,rd_gdp,0.72184,GB.XPD.RSDV.GD.ZS
PRT,2003,rd_gdp,0.69802,GB.XPD.RSDV.GD.ZS
PRT,2004,rd_gdp,0.7293,GB.XPD.RSDV.GD.ZS
PRT,2005,rd_gdp,0.75755,GB.XPD.RSDV.GD.ZS
PRT,2006,rd_gdp,0.95448,GB.XPD.RSDV.GD.ZS
PRT,2007,rd_gdp,1.12417,GB.XPD.RSDV.GD.ZS
PRT,2008,rd_gdp,1.44335,GB.XPD.RSDV.GD.ZS
PRT,2009,rd_gdp,1.58002,GB.XPD.RSDV.GD.ZS
PRT,2010,rd_gdp,1.53317,GB.XPD.RSDV.GD.ZS
PRT,2011,rd_gdp,1.45558,GB.XPD.RSDV.GD.ZS
PRT,2012,rd_gdp,1.37661,GB.XPD.RSDV.GD.ZS
PRT,2013,rd_gdp,1.32325,GB.XPD.RSDV.GD.ZS
PRT,2014,rd_gdp,1.28892,GB.XPD.RSDV.GD.ZS
PRT,2015,rd_gdp,1.24552,GB.XPD.RSDV.GD.ZS
PRT,2016,rd_gdp,1.2815,GB.XPD.RSDV.GD.ZS
PRT,2017,rd_gdp,1.32224,GB.XPD.RSDV.GD.ZS
PRT,2018,rd_gdp,1.35078,GB.XPD.RSDV.GD.ZS
PRT,2019,rd_gdp,1.39487,GB.XPD.RSDV.GD.ZS
PRT,2020,rd_gdp,1.60979,GB.XPD.RSDV.GD.ZS
PRT,2021,rd_gdp,1.66711,GB.XPD.RSDV.GD.ZS
PRT,2022,rd_gdp,1.69051,GB.XPD.RSDV.GD.ZS
PRT,2023,rd_gdp,1.69491,GB.XPD.RSDV.GD.ZS
SVK,2000,rd_gdp,0.63865,GB.XPD.RSDV.GD.ZS
SVK,2001,rd_gdp,0.62571,GB.XPD.RSDV.GD.ZS
SVK,2002,rd_gdp,0.564,GB.XPD.RSDV.GD.ZS
SVK,2003,rd_gdp,0.56511,GB.XPD.RSDV.GD.ZS
SVK,2004,rd_gdp,0.50263,GB.XPD.RSDV.GD.ZS
SVK,2005,rd_gdp,0.49537,GB.XPD.RSDV.GD.ZS
SVK,2006,rd_gdp,0.47498,GB.XPD.RSDV.GD.ZS
SVK,2007,rd_gdp,0.44734,GB.XPD.RSDV.GD.ZS
SVK,2008,rd_gdp,0.4616,GB.XPD.RSDV.GD.ZS
SVK,2009,rd_gdp,0.47302,GB.XPD.RSDV.GD.ZS
SVK,2010,rd_gdp,0.60583,GB.XPD.RSDV.GD.ZS
SVK,2011,rd_gdp,0.65398,GB.XPD.RSDV.GD.ZS
SVK,2012,rd_gdp,0.79377,GB.XPD.RSDV.GD.ZS
SVK,2013,rd_gdp,0.8184,GB.XPD.RSDV.GD.ZS
SVK,2014,rd_gdp,0.87462,GB.XPD.RSDV.GD.ZS
SVK,2015,rd_gdp,1.15366,GB.XPD.RSDV.GD.ZS
SVK,2016,rd_gdp,0.78513,GB.XPD.RSDV.GD.ZS
SVK,2017,rd_gdp,0.88153,GB.XPD.RSDV.GD.ZS
SVK,2018,rd_gdp,0.83184,GB.XPD.RSDV.GD.ZS
SVK,2019,rd_gdp,0.82138,GB.XPD.RSDV.GD.ZS
SVK,2020,rd_gdp,0.88944,GB.XPD.RSDV.GD.ZS
SVK,2021,rd_gdp,0.90093,GB.XPD.RSDV.GD.ZS
SVK,2022,rd_gdp,0.97686,GB.XPD.RSDV.GD.ZS
SVK,2023,rd_gdp,1.03359,GB.XPD.RSDV.GD.ZS
SVN,2000,rd_gdp,1.36862,GB.XPD.RSDV.GD.ZS
SVN,2001,rd_gdp,1.4824,GB.XPD.RSDV.GD.ZS
SVN,2002,rd_gdp,1.46036,GB.XPD.RSDV.GD.ZS
SVN,2003,rd_gdp,1.25957,GB.XPD.RSDV.GD.ZS
SVN,2004,rd_gdp,1.38062,GB.XPD.RSDV.GD.ZS
SVN,2005,rd_gdp,1.42797,GB.XPD.RSDV.GD.ZS
SVN,2006,rd_gdp,1.54569,GB.XPD.RSDV.GD.ZS
SVN,2007,rd_gdp,1.43261,GB.XPD.RSDV.GD.ZS
SVN,2008,rd_gdp,1.63465,GB.XPD.RSDV.GD.ZS
SVN,2009,rd_gdp,1.83331,GB.XPD.RSDV.GD.ZS
SVN,2010,rd_gdp,2.06914,GB.XPD.RSDV.GD.ZS
SVN,2011,rd_gdp,2.4311,GB.XPD.RSDV.GD.ZS
SVN,2012,rd_gdp,2.58339,GB.XPD.RSDV.GD.ZS
SVN,2013,rd_gdp,2.59426,GB.XPD.RSDV.GD.ZS
SVN,2014,rd_gdp,2.38854,GB.XPD.RSDV.GD.ZS
SVN,2015,rd_gdp,2.21611,GB.XPD.RSDV.GD.ZS
SVN,2016,rd_gdp,2.02922,GB.XPD.RSDV.GD.ZS
SVN,2017,rd_gdp,1.88219,GB.XPD.RSDV.GD.ZS
SVN,2018,rd_gdp,1.96365,GB.XPD.RSDV.GD.ZS
SVN,2019,rd_gdp,2.05725,GB.XPD.RSDV.GD.ZS
SVN,2020,rd_gdp,2.15559,GB.XPD.RSDV.GD.ZS
SVN,2021,rd_gdp,2.13847,GB.XPD.RSDV.GD.ZS
SVN,2022,rd_gdp,2.1,GB.XPD.RSDV.GD.ZS
SVN,2023,rd_gdp,2.13385,GB.XPD.RSDV.GD.ZS
SWE,2001,rd_gdp,3.87215,GB.XPD.RSDV.GD.ZS
SWE,2003,rd_gdp,3.5823,GB.XPD.RSDV.GD.ZS
SWE,2004,rd_gdp,3.36628,GB.XPD.RSDV.GD.ZS
SWE,2005,rd_gdp,3.3641,GB.XPD.RSDV.GD.ZS
SWE,2006,rd_gdp,3.47963,GB.XPD.RSDV.GD.ZS
SWE,2007,rd_gdp,3.24176,GB.XPD.RSDV.GD.ZS
SWE,2008,rd_gdp,3.49083,GB.XPD.RSDV.GD.ZS
SWE,2009,rd_gdp,3.41266,GB.XPD.RSDV.GD.ZS
SWE,2010,rd_gdp,3.18756,GB.XPD.RSDV.GD.ZS
SWE,2011,rd_gdp,3.20686,GB.XPD.RSDV.GD.ZS
SWE,2012,rd_gdp,3.24636,GB.XPD.RSDV.GD.ZS
SWE,2013,rd_gdp,3.27557,GB.XPD.RSDV.GD.ZS
SWE,2014,rd_gdp,3.12457,GB.XPD.RSDV.GD.ZS
SWE,2015,rd_gdp,3.24088,GB.XPD.RSDV.GD.ZS
SWE,2016,rd_gdp,3.25643,GB.XPD.RSDV.GD.ZS
SWE,2017,rd_gdp,3.39374,GB.XPD.RSDV.GD.ZS
SWE,2018,rd_gdp,3.34602,GB.XPD.RSDV.GD.ZS
SWE,2019,rd_gdp,3.39847,GB.XPD.RSDV.GD.ZS
SWE,2020,rd_gdp,3.50181,GB.XPD.RSDV.GD.ZS
SWE,2021,rd_gdp,3.41565,GB.XPD.RSDV.GD.ZS
SWE,2022,rd_gdp,3.47239,GB.XPD.RSDV.GD.ZS
SWE,2023,rd_gdp,3.59978,GB.XPD.RSDV.GD.ZS
TUR,2000,rd_gdp,0.46558,GB.XPD.RSDV.GD.ZS
TUR,2001,rd_gdp,0.52247,GB.XPD.RSDV.GD.ZS
TUR,2002,rd_gdp,0.50904,GB.XPD.RSDV.GD.ZS
TUR,2003,rd_gdp,0.46532,GB.XPD.RSDV.GD.ZS
TUR,2004,rd_gdp,0.49713,GB.XPD.RSDV.GD.ZS
TUR,2005,rd_gdp,0.56381,GB.XPD.RSDV.GD.ZS
TUR,2006,rd_gdp,0.55292,GB.XPD.RSDV.GD.ZS
TUR,2007,rd_gdp,0.68616,GB.XPD.RSDV.GD.ZS
TUR,2008,rd_gdp,0.68741,GB.XPD.RSDV.GD.ZS
TUR,2009,rd_gdp,0.80363,GB.XPD.RSDV.GD.ZS
TUR,2010,rd_gdp,0.79369,GB.XPD.RSDV.GD.ZS
TUR,2011,rd_gdp,0.79393,GB.XPD.RSDV.GD.ZS
TUR,2012,rd_gdp,0.82595,GB.XPD.RSDV.GD.ZS
TUR,2013,rd_gdp,0.81206,GB.XPD.RSDV.GD.ZS
TUR,2014,rd_gdp,0.8564,GB.XPD.RSDV.GD.ZS
TUR,2015,rd_gdp,0.96732,GB.XPD.RSDV.GD.ZS
TUR,2016,rd_gdp,1.11979,GB.XPD.RSDV.GD.ZS
TUR,2017,rd_gdp,1.17632,GB.XPD.RSDV.GD.ZS
TUR,2018,rd_gdp,1.27093,GB.XPD.RSDV.GD.ZS
TUR,2019,rd_gdp,1.3196,GB.XPD.RSDV.GD.ZS
TUR,2020,rd_gdp,1.36748,GB.XPD.RSDV.GD.ZS
TUR,2021,rd_gdp,1.40209,GB.XPD.RSDV.GD.ZS
TUR,2022,rd_gdp,1.32342,GB.XPD.RSDV.GD.ZS
TUR,2023,rd_gdp,1.42224,GB.XPD.RSDV.GD.ZS
USA,2000,rd_gdp,2.61982,GB.XPD.RSDV.GD.ZS
USA,2001,rd_gdp,2.63715,GB.XPD.RSDV.GD.ZS
USA,2002,rd_gdp,2.54746,GB.XPD.RSDV.GD.ZS
USA,2003,rd_gdp,2.55014,GB.XPD.RSDV.GD.ZS
USA,2004,rd_gdp,2.48685,GB.XPD.RSDV.GD.ZS
USA,2005,rd_gdp,2.50192,GB.XPD.RSDV.GD.ZS
USA,2006,rd_gdp,2.54545,GB.XPD.RSDV.GD.ZS
USA,2007,rd_gdp,2.61516,GB.XPD.RSDV.GD.ZS
USA,2008,rd_gdp,2.74481,GB.XPD.RSDV.GD.ZS
USA,2009,rd_gdp,2.7918,GB.XPD.RSDV.GD.ZS
USA,2010,rd_gdp,2.71443,GB.XPD.RSDV.GD.ZS
USA,2011,rd_gdp,2.73803,GB.XPD.RSDV.GD.ZS
USA,2012,rd_gdp,2.67272,GB.XPD.RSDV.GD.ZS
USA,2013,rd_gdp,2.69591,GB.XPD.RSDV.GD.ZS
USA,2014,rd_gdp,2.70882,GB.XPD.RSDV.GD.ZS
USA,2015,rd_gdp,2.77328,GB.XPD.RSDV.GD.ZS
USA,2016,rd_gdp,2.83677,GB.XPD.RSDV.GD.ZS
USA,2017,rd_gdp,2.88315,GB.XPD.RSDV.GD.ZS
USA,2018,rd_gdp,2.98956,GB.XPD.RSDV.GD.ZS
USA,2019,rd_gdp,3.14297,GB.XPD.RSDV.GD.ZS
USA,2020,rd_gdp,3.41788,GB.XPD.RSDV.GD.ZS
USA,2021,rd_gdp,3.4689,GB.XPD.RSDV.GD.ZS
USA,2022,rd_gdp,3.48736,GB.XPD.RSDV.GD.ZS
USA,2023,rd_gdp,3.44716,GB.XPD.RSDV.GD.ZS
AUS,2000,researchers_pm,3470.70203,SP.POP.SCIE.RD.P6
AUS,2002,researchers_pm,3755.80266,SP.POP.SCIE.RD.P6
AUS,2004,researchers_pm,4073.65927,SP.POP.SCIE.RD.P6
AUS,2006,researchers_pm,4269.01789,SP.POP.SCIE.RD.P6
AUS,2008,researchers_pm,4379.63519,SP.POP.SCIE.RD.P6
AUS,2010,researchers_pm,4568.56658,SP.POP.SCIE.RD.P6
AUT,2002,researchers_pm,2992.22105,SP.POP.SCIE.RD.P6
AUT,2004,researchers_pm,3186.95396,SP.POP.SCIE.RD.P6
AUT,2005,researchers_pm,3470.7262,SP.POP.SCIE.RD.P6
AUT,2006,researchers_pm,3536.82275,SP.POP.SCIE.RD.P6
AUT,2007,researchers_pm,3823.63127,SP.POP.SCIE.RD.P6
AUT,2008,researchers_pm,4152.75477,SP.POP.SCIE.RD.P6
AUT,2009,researchers_pm,4157.93027,SP.POP.SCIE.RD.P6
AUT,2010,researchers_pm,4379.18237,SP.POP.SCIE.RD.P6
AUT,2011,researchers_pm,4430.53569,SP.POP.SCIE.RD.P6
AUT,2012,researchers_pm,4720.81116,SP.POP.SCIE.RD.P6
AUT,2013,researchers_pm,4782.1241,SP.POP.SCIE.RD.P6
AUT,2014,researchers_pm,5009.44199,SP.POP.SCIE.RD.P6
AUT,2015,researchers_pm,5073.42857,SP.POP.SCIE.RD.P6
AUT,2016,researchers_pm,5400.34772,SP.POP.SCIE.RD.P6
AUT,2017,researchers_pm,5416.07999,SP.POP.SCIE.RD.P6
AUT,2018,researchers_pm,5682.44087,SP.POP.SCIE.RD.P6
AUT,2019,researchers_pm,5958.85643,SP.POP.SCIE.RD.P6
AUT,2020,researchers_pm,5829.2859,SP.POP.SCIE.RD.P6
AUT,2021,researchers_pm,6323.00331,SP.POP.SCIE.RD.P6
AUT,2022,researchers_pm,6632.30683,SP.POP.SCIE.RD.P6
AUT,2023,researchers_pm,6633.64894,SP.POP.SCIE.RD.P6
BEL,2000,researchers_pm,2982.55342,SP.POP.SCIE.RD.P6
BEL,2001,researchers_pm,3140.73254,SP.POP.SCIE.RD.P6
BEL,2002,researchers_pm,2974.5959,SP.POP.SCIE.RD.P6
BEL,2003,researchers_pm,2985.44684,SP.POP.SCIE.RD.P6
BEL,2004,researchers_pm,3116.44787,SP.POP.SCIE.RD.P6
BEL,2005,researchers_pm,3173.07923,SP.POP.SCIE.RD.P6
BEL,2006,researchers_pm,3318.08595,SP.POP.SCIE.RD.P6
BEL,2007,researchers_pm,3431.0838,SP.POP.SCIE.RD.P6
BEL,2008,researchers_pm,3447.86531,SP.POP.SCIE.RD.P6
BEL,2009,researchers_pm,3554.67756,SP.POP.SCIE.RD.P6
BEL,2010,researchers_pm,3755.63584,SP.POP.SCIE.RD.P6
BEL,2011,researchers_pm,3880.19574,SP.POP.SCIE.RD.P6
BEL,2012,researchers_pm,4116.61624,SP.POP.SCIE.RD.P6
BEL,2013,researchers_pm,4161.62059,SP.POP.SCIE.RD.P6
BEL,2014,researchers_pm,4544.86674,SP.POP.SCIE.RD.P6
BEL,2015,researchers_pm,4731.81573,SP.POP.SCIE.RD.P6
BEL,2016,researchers_pm,4798.32663,SP.POP.SCIE.RD.P6
BEL,2017,researchers_pm,4757.30821,SP.POP.SCIE.RD.P6
BEL,2018,researchers_pm,5040.00069,SP.POP.SCIE.RD.P6
BEL,2019,researchers_pm,5290.87935,SP.POP.SCIE.RD.P6
BEL,2020,researchers_pm,5418.91258,SP.POP.SCIE.RD.P6
BEL,2021,researchers_pm,5770.89032,SP.POP.SCIE.RD.P6
BEL,2022,researchers_pm,5818.71223,SP.POP.SCIE.RD.P6
BEL,2023,researchers_pm,5990.12849,SP.POP.SCIE.RD.P6
CAN,2000,researchers_pm,3510.48256,SP.POP.SCIE.RD.P6
CAN,2001,researchers_pm,3688.26825,SP.POP.SCIE.RD.P6
CAN,2002,researchers_pm,3695.33994,SP.POP.SCIE.RD.P6
CAN,2003,researchers_pm,3888.4744,SP.POP.SCIE.RD.P6
CAN,2004,researchers_pm,4076.68444,SP.POP.SCIE.RD.P6
CAN,2005,researchers_pm,4234.36344,SP.POP.SCIE.RD.P6
CAN,2006,researchers_pm,4315.13916,SP.POP.SCIE.RD.P6
CAN,2007,researchers_pm,4596.69506,SP.POP.SCIE.RD.P6
CAN,2008,researchers_pm,4725.99112,SP.POP.SCIE.RD.P6
CAN,2009,researchers_pm,4466.14043,SP.POP.SCIE.RD.P6
CAN,2010,researchers_pm,4664.07888,SP.POP.SCIE.RD.P6
CAN,2011,researchers_pm,4802.7188,SP.POP.SCIE.RD.P6
CAN,2012,researchers_pm,4652.42914,SP.POP.SCIE.RD.P6
CAN,2013,researchers_pm,4647.61399,SP.POP.SCIE.RD.P6
CAN,2014,researchers_pm,4564.22043,SP.POP.SCIE.RD.P6
CAN,2015,researchers_pm,4545.96875,SP.POP.SCIE.RD.P6
CAN,2016,researchers_pm,4400.49278,SP.POP.SCIE.RD.P6
CAN,2017,researchers_pm,4429.05796,SP.POP.SCIE.RD.P6
CAN,2018,researchers_pm,4715.91861,SP.POP.SCIE.RD.P6
CAN,2019,researchers_pm,4850.93689,SP.POP.SCIE.RD.P6
CAN,2020,researchers_pm,5155.65021,SP.POP.SCIE.RD.P6
CAN,2021,researchers_pm,5507.58596,SP.POP.SCIE.RD.P6
CAN,2022,researchers_pm,5624.26883,SP.POP.SCIE.RD.P6
CHE,2000,researchers_pm,3643.69175,SP.POP.SCIE.RD.P6
CHE,2004,researchers_pm,3451.74588,SP.POP.SCIE.RD.P6
CHE,2008,researchers_pm,3313.52642,SP.POP.SCIE.RD.P6
CHE,2012,researchers_pm,4497.48676,SP.POP.SCIE.RD.P6
CHE,2015,researchers_pm,5310.67497,SP.POP.SCIE.RD.P6
CHE,2017,researchers_pm,5257.57173,SP.POP.SCIE.RD.P6
CHE,2019,researchers_pm,5561.84719,SP.POP.SCIE.RD.P6
CHE,2021,researchers_pm,6003.41115,SP.POP.SCIE.RD.P6
CHE,2023,researchers_pm,6107.95842,SP.POP.SCIE.RD.P6
CHL,2007,researchers_pm,334.61639,SP.POP.SCIE.RD.P6
CHL,2008,researchers_pm,355.67666,SP.POP.SCIE.RD.P6
CHL,2009,researchers_pm,287.11073,SP.POP.SCIE.RD.P6
CHL,2010,researchers_pm,318.2091,SP.POP.SCIE.RD.P6
CHL,2011,researchers_pm,352.01898,SP.POP.SCIE.RD.P6
CHL,2012,researchers_pm,389.87508,SP.POP.SCIE.RD.P6
CHL,2013,researchers_pm,334.78846,SP.POP.SCIE.RD.P6
CHL,2014,researchers_pm,426.80476,SP.POP.SCIE.RD.P6
CHL,2015,researchers_pm,455.29183,SP.POP.SCIE.RD.P6
CHL,2016,researchers_pm,495.36438,SP.POP.SCIE.RD.P6
CHL,2017,researchers_pm,494.62971,SP.POP.SCIE.RD.P6
CHL,2018,researchers_pm,523.65457,SP.POP.SCIE.RD.P6
CHL,2019,researchers_pm,507.31033,SP.POP.SCIE.RD.P6
CHL,2020,researchers_pm,515.32026,SP.POP.SCIE.RD.P6
CHL,2021,researchers_pm,638.83802,SP.POP.SCIE.RD.P6
CHL,2022,researchers_pm,707.0557,SP.POP.SCIE.RD.P6
CHN,2000,researchers_pm,549.57477,SP.POP.SCIE.RD.P6
CHN,2001,researchers_pm,582.78825,SP.POP.SCIE.RD.P6
CHN,2002,researchers_pm,631.73478,SP.POP.SCIE.RD.P6
CHN,2003,researchers_pm,667.9285,SP.POP.SCIE.RD.P6
CHN,2004,researchers_pm,713.42588,SP.POP.SCIE.RD.P6
CHN,2005,researchers_pm,856.65892,SP.POP.SCIE.RD.P6
CHN,2006,researchers_pm,931.20148,SP.POP.SCIE.RD.P6
CHN,2007,researchers_pm,1076.73747,SP.POP.SCIE.RD.P6
CHN,2008,researchers_pm,1197.58885,SP.POP.SCIE.RD.P6
CHN,2009,researchers_pm,861.24883,SP.POP.SCIE.RD.P6
CHN,2010,researchers_pm,898.85545,SP.POP.SCIE.RD.P6
CHN,2011,researchers_pm,972.01743,SP.POP.SCIE.RD.P6
CHN,2012,researchers_pm,1028.98334,SP.POP.SCIE.RD.P6
CHN,2013,researchers_pm,1079.63795,SP.POP.SCIE.RD.P6
CHN,2014,researchers_pm,1101.80087,SP.POP.SCIE.RD.P6
CHN,2015,researchers_pm,1162.7108,SP.POP.SCIE.RD.P6
CHN,2016,researchers_pm,1208.86205,SP.POP.SCIE.RD.P6
CHN,2017,researchers_pm,1235.84935,SP.POP.SCIE.RD.P6
CHN,2018,researchers_pm,1317.48914,SP.POP.SCIE.RD.P6
CHN,2019,researchers_pm,1483.85803,SP.POP.SCIE.RD.P6
CHN,2020,researchers_pm,1600.30633,SP.POP.SCIE.RD.P6
CHN,2021,researchers_pm,1685.97511,SP.POP.SCIE.RD.P6
CHN,2022,researchers_pm,1849.23669,SP.POP.SCIE.RD.P6
CHN,2023,researchers_pm,2107.27003,SP.POP.SCIE.RD.P6
COL,2013,researchers_pm,58.0547,SP.POP.SCIE.RD.P6
COL,2014,researchers_pm,59.05478,SP.POP.SCIE.RD.P6
COL,2015,researchers_pm,70.66931,SP.POP.SCIE.RD.P6
COL,2016,researchers_pm,91.2603,SP.POP.SCIE.RD.P6
COL,2017,researchers_pm,90.24729,SP.POP.SCIE.RD.P6
CRI,2003,researchers_pm,133.40471,SP.POP.SCIE.RD.P6
CRI,2004,researchers_pm,110.07807,SP.POP.SCIE.RD.P6
CRI,2005,researchers_pm,124.52761,SP.POP.SCIE.RD.P6
CRI,2008,researchers_pm,264.17779,SP.POP.SCIE.RD.P6
CRI,2009,researchers_pm,343.38493,SP.POP.SCIE.RD.P6
CRI,2010,researchers_pm,385.92478,SP.POP.SCIE.RD.P6
CRI,2011,researchers_pm,410.68891,SP.POP.SCIE.RD.P6
CRI,2012,researchers_pm,340.94423,SP.POP.SCIE.RD.P6
CRI,2013,researchers_pm,359.00481,SP.POP.SCIE.RD.P6
CRI,2014,researchers_pm,574.91761,SP.POP.SCIE.RD.P6
CRI,2015,researchers_pm,500.97138,SP.POP.SCIE.RD.P6
CRI,2016,researchers_pm,531.44617,SP.POP.SCIE.RD.P6
CRI,2017,researchers_pm,385.02378,SP.POP.SCIE.RD.P6
CRI,2018,researchers_pm,349.49117,SP.POP.SCIE.RD.P6
CRI,2020,researchers_pm,371.97029,SP.POP.SCIE.RD.P6
CRI,2021,researchers_pm,406.58119,SP.POP.SCIE.RD.P6
CRI,2022,researchers_pm,462.47421,SP.POP.SCIE.RD.P6
CRI,2023,researchers_pm,507.75814,SP.POP.SCIE.RD.P6
CZE,2000,researchers_pm,1352.21409,SP.POP.SCIE.RD.P6
CZE,2001,researchers_pm,1465.05243,SP.POP.SCIE.RD.P6
CZE,2002,researchers_pm,1463.13284,SP.POP.SCIE.RD.P6
CZE,2003,researchers_pm,1543.13456,SP.POP.SCIE.RD.P6
CZE,2004,researchers_pm,1589.73189,SP.POP.SCIE.RD.P6
CZE,2005,researchers_pm,2353.41029,SP.POP.SCIE.RD.P6
CZE,2006,researchers_pm,2552.57872,SP.POP.SCIE.RD.P6
CZE,2007,researchers_pm,2701.68545,SP.POP.SCIE.RD.P6
CZE,2008,researchers_pm,2876.01839,SP.POP.SCIE.RD.P6
CZE,2009,researchers_pm,2765.27088,SP.POP.SCIE.RD.P6
CZE,2010,researchers_pm,2799.12504,SP.POP.SCIE.RD.P6
CZE,2011,researchers_pm,2925.87928,SP.POP.SCIE.RD.P6
CZE,2012,researchers_pm,3162.1117,SP.POP.SCIE.RD.P6
CZE,2013,researchers_pm,3260.83143,SP.POP.SCIE.RD.P6
CZE,2014,researchers_pm,3428.30846,SP.POP.SCIE.RD.P6
CZE,2015,researchers_pm,3619.16017,SP.POP.SCIE.RD.P6
CZE,2016,researchers_pm,3546.92776,SP.POP.SCIE.RD.P6
CZE,2017,researchers_pm,3718.34571,SP.POP.SCIE.RD.P6
CZE,2018,researchers_pm,3906.6782,SP.POP.SCIE.RD.P6
CZE,2019,researchers_pm,4027.58714,SP.POP.SCIE.RD.P6
CZE,2020,researchers_pm,4187.18471,SP.POP.SCIE.RD.P6
CZE,2021,researchers_pm,4560.45106,SP.POP.SCIE.RD.P6
CZE,2022,researchers_pm,4696.6857,SP.POP.SCIE.RD.P6
CZE,2023,researchers_pm,4504.58395,SP.POP.SCIE.RD.P6
DEU,2000,researchers_pm,3154.48437,SP.POP.SCIE.RD.P6
DEU,2001,researchers_pm,3230.26868,SP.POP.SCIE.RD.P6
DEU,2002,researchers_pm,3240.75467,SP.POP.SCIE.RD.P6
DEU,2003,researchers_pm,3275.18656,SP.POP.SCIE.RD.P6
DEU,2004,researchers_pm,3290.96185,SP.POP.SCIE.RD.P6
DEU,2005,researchers_pm,3315.75626,SP.POP.SCIE.RD.P6
DEU,2006,researchers_pm,3411.78697,SP.POP.SCIE.RD.P6
DEU,2007,researchers_pm,3573.67338,SP.POP.SCIE.RD.P6
DEU,2008,researchers_pm,3726.67445,SP.POP.SCIE.RD.P6
DEU,2009,researchers_pm,3916.78276,SP.POP.SCIE.RD.P6
DEU,2010,researchers_pm,4056.42386,SP.POP.SCIE.RD.P6
DEU,2011,researchers_pm,4191.51741,SP.POP.SCIE.RD.P6
DEU,2012,researchers_pm,4355.567,SP.POP.SCIE.RD.P6
DEU,2013,researchers_pm,4380.38742,SP.POP.SCIE.RD.P6
DEU,2014,researchers_pm,4336.01915,SP.POP.SCIE.RD.P6
DEU,2015,researchers_pm,4755.29531,SP.POP.SCIE.RD.P6
DEU,2016,researchers_pm,4839.84645,SP.POP.SCIE.RD.P6
DEU,2017,researchers_pm,5058.39528,SP.POP.SCIE.RD.P6
DEU,2018,researchers_pm,5209.2143,SP.POP.SCIE.RD.P6
DEU,2019,researchers_pm,5398.63462,SP.POP.SCIE.RD.P6
DEU,2020,researchers_pm,5390.05249,SP.POP.SCIE.RD.P6
DEU,2021,researchers_pm,5520.57631,SP.POP.SCIE.RD.P6
DEU,2022,researchers_pm,5801.62324,SP.POP.SCIE.RD.P6
DEU,2023,researchers_pm,5926.07432,SP.POP.SCIE.RD.P6
DNK,2001,researchers_pm,3636.56281,SP.POP.SCIE.RD.P6
DNK,2002,researchers_pm,4758.77798,SP.POP.SCIE.RD.P6
DNK,2003,researchers_pm,4621.86049,SP.POP.SCIE.RD.P6
DNK,2004,researchers_pm,4847.79783,SP.POP.SCIE.RD.P6
DNK,2005,researchers_pm,5207.24681,SP.POP.SCIE.RD.P6
DNK,2006,researchers_pm,5314.72934,SP.POP.SCIE.RD.P6
DNK,2007,researchers_pm,5539.33467,SP.POP.SCIE.RD.P6
DNK,2008,researchers_pm,6519.6824,SP.POP.SCIE.RD.P6
DNK,2009,researchers_pm,6674.9003,SP.POP.SCIE.RD.P6
DNK,2010,researchers_pm,6763.58309,SP.POP.SCIE.RD.P6
DNK,2011,researchers_pm,7045.77406,SP.POP.SCIE.RD.P6
DNK,2012,researchers_pm,7181.8507,SP.POP.SCIE.RD.P6
DNK,2013,researchers_pm,7115.41931,SP.POP.SCIE.RD.P6
DNK,2014,researchers_pm,7358.18842,SP.POP.SCIE.RD.P6
DNK,2015,researchers_pm,7566.45783,SP.POP.SCIE.RD.P6
DNK,2016,researchers_pm,7852.0565,SP.POP.SCIE.RD.P6
DNK,2017,researchers_pm,7647.61749,SP.POP.SCIE.RD.P6
DNK,2018,researchers_pm,7597.52556,SP.POP.SCIE.RD.P6
DNK,2019,researchers_pm,7693.54905,SP.POP.SCIE.RD.P6
DNK,2020,researchers_pm,7651.2843,SP.POP.SCIE.RD.P6
DNK,2021,researchers_pm,7708.2373,SP.POP.SCIE.RD.P6
DNK,2022,researchers_pm,9037.46818,SP.POP.SCIE.RD.P6
DNK,2023,researchers_pm,8837.51688,SP.POP.SCIE.RD.P6
ESP,2000,researchers_pm,1874.09659,SP.POP.SCIE.RD.P6
ESP,2001,researchers_pm,1947.04358,SP.POP.SCIE.RD.P6
ESP,2002,researchers_pm,2014.3626,SP.POP.SCIE.RD.P6
ESP,2003,researchers_pm,2195.10581,SP.POP.SCIE.RD.P6
ESP,2004,researchers_pm,2356.18397,SP.POP.SCIE.RD.P6
ESP,2005,researchers_pm,2516.19827,SP.POP.SCIE.RD.P6
ESP,2006,researchers_pm,2613.24064,SP.POP.SCIE.RD.P6
ESP,2007,researchers_pm,2720.22197,SP.POP.SCIE.RD.P6
ESP,2008,researchers_pm,2850.35985,SP.POP.SCIE.RD.P6
ESP,2009,researchers_pm,2876.51477,SP.POP.SCIE.RD.P6
ESP,2010,researchers_pm,2879.99747,SP.POP.SCIE.RD.P6
ESP,2011,researchers_pm,2775.30203,SP.POP.SCIE.RD.P6
ESP,2012,researchers_pm,2693.39973,SP.POP.SCIE.RD.P6
ESP,2013,researchers_pm,2623.64689,SP.POP.SCIE.RD.P6
ESP,2014,researchers_pm,2614.44648,SP.POP.SCIE.RD.P6
ESP,2015,researchers_pm,2622.53289,SP.POP.SCIE.RD.P6
ESP,2016,researchers_pm,2712.74943,SP.POP.SCIE.RD.P6
ESP,2017,researchers_pm,2847.3656,SP.POP.SCIE.RD.P6
ESP,2018,researchers_pm,2984.29629,SP.POP.SCIE.RD.P6
ESP,2019,researchers_pm,3048.15265,SP.POP.SCIE.RD.P6
ESP,2020,researchers_pm,3051.64642,SP.POP.SCIE.RD.P6
ESP,2021,researchers_pm,3229.64887,SP.POP.SCIE.RD.P6
ESP,2022,researchers_pm,3387.49657,SP.POP.SCIE.RD.P6
ESP,2023,researchers_pm,3653.80306,SP.POP.SCIE.RD.P6
EST,2000,researchers_pm,1902.60055,SP.POP.SCIE.RD.P6
EST,2001,researchers_pm,1924.96306,SP.POP.SCIE.RD.P6
EST,2002,researchers_pm,2210.91668,SP.POP.SCIE.RD.P6
EST,2003,researchers_pm,2193.7335,SP.POP.SCIE.RD.P6
EST,2004,researchers_pm,2465.56876,SP.POP.SCIE.RD.P6
EST,2005,researchers_pm,2451.18781,SP.POP.SCIE.RD.P6
EST,2006,researchers_pm,2600.75424,SP.POP.SCIE.RD.P6
EST,2007,researchers_pm,2747.58209,SP.POP.SCIE.RD.P6
EST,2008,researchers_pm,2972.93057,SP.POP.SCIE.RD.P6
EST,2009,researchers_pm,3229.67528,SP.POP.SCIE.RD.P6
EST,2010,researchers_pm,3057.78287,SP.POP.SCIE.RD.P6
EST,2011,researchers_pm,3392.80584,SP.POP.SCIE.RD.P6
EST,2012,researchers_pm,3457.75569,SP.POP.SCIE.RD.P6
EST,2013,researchers_pm,3338.3961,SP.POP.SCIE.RD.P6
EST,2014,researchers_pm,3285.59355,SP.POP.SCIE.RD.P6
EST,2015,researchers_pm,3188.49188,SP.POP.SCIE.RD.P6
EST,2016,researchers_pm,3296.37262,SP.POP.SCIE.RD.P6
EST,2017,researchers_pm,3552.46537,SP.POP.SCIE.RD.P6
EST,2018,researchers_pm,3766.08146,SP.POP.SCIE.RD.P6
EST,2019,researchers_pm,3770.42028,SP.POP.SCIE.RD.P6
EST,2020,researchers_pm,3836.37969,SP.POP.SCIE.RD.P6
EST,2021,researchers_pm,4036.13127,SP.POP.SCIE.RD.P6
EST,2022,researchers_pm,4654.85436,SP.POP.SCIE.RD.P6
EST,2023,researchers_pm,4800.4412,SP.POP.SCIE.RD.P6
FIN,2004,researchers_pm,7855.56192,SP.POP.SCIE.RD.P6
FIN,2005,researchers_pm,7558.69966,SP.POP.SCIE.RD.P6
FIN,2006,researchers_pm,7689.18984,SP.POP.SCIE.RD.P6
FIN,2007,researchers_pm,7390.55027,SP.POP.SCIE.RD.P6
FIN,2008,researchers_pm,7712.31606,SP.POP.SCIE.RD.P6
FIN,2009,researchers_pm,7669.28354,SP.POP.SCIE.RD.P6
FIN,2010,researchers_pm,7740.92101,SP.POP.SCIE.RD.P6
FIN,2011,researchers_pm,7441.97757,SP.POP.SCIE.RD.P6
FIN,2012,researchers_pm,7492.46096,SP.POP.SCIE.RD.P6
FIN,2013,researchers_pm,7222.80668,SP.POP.SCIE.RD.P6
FIN,2014,researchers_pm,7022.1865,SP.POP.SCIE.RD.P6
FIN,2015,researchers_pm,6855.97138,SP.POP.SCIE.RD.P6
FIN,2016,researchers_pm,6543.69993,SP.POP.SCIE.RD.P6
FIN,2017,researchers_pm,6731.45341,SP.POP.SCIE.RD.P6
FIN,2018,researchers_pm,6872.68968,SP.POP.SCIE.RD.P6
FIN,2019,researchers_pm,7245.85837,SP.POP.SCIE.RD.P6
FIN,2020,researchers_pm,7548.32504,SP.POP.SCIE.RD.P6
FIN,2021,researchers_pm,7870.42868,SP.POP.SCIE.RD.P6
FIN,2022,researchers_pm,8073.32591,SP.POP.SCIE.RD.P6
FIN,2023,researchers_pm,8314.89822,SP.POP.SCIE.RD.P6
FRA,2000,researchers_pm,2902.95091,SP.POP.SCIE.RD.P6
FRA,2001,researchers_pm,2971.39049,SP.POP.SCIE.RD.P6
FRA,2002,researchers_pm,3100.95366,SP.POP.SCIE.RD.P6
FRA,2003,researchers_pm,3184.63585,SP.POP.SCIE.RD.P6
FRA,2004,researchers_pm,3320.66694,SP.POP.SCIE.RD.P6
FRA,2005,researchers_pm,3297.84746,SP.POP.SCIE.RD.P6
FRA,2006,researchers_pm,3405.181,SP.POP.SCIE.RD.P6
FRA,2007,researchers_pm,3563.56539,SP.POP.SCIE.RD.P6
FRA,2008,researchers_pm,3636.48425,SP.POP.SCIE.RD.P6
FRA,2009,researchers_pm,3722.99987,SP.POP.SCIE.RD.P6
FRA,2010,researchers_pm,3849.5934,SP.POP.SCIE.RD.P6
FRA,2011,researchers_pm,3920.65709,SP.POP.SCIE.RD.P6
FRA,2012,researchers_pm,4052.17043,SP.POP.SCIE.RD.P6
FRA,2013,researchers_pm,4133.56261,SP.POP.SCIE.RD.P6
FRA,2014,researchers_pm,4210.03605,SP.POP.SCIE.RD.P6
FRA,2015,researchers_pm,4310.70957,SP.POP.SCIE.RD.P6
FRA,2016,researchers_pm,4392.04699,SP.POP.SCIE.RD.P6
FRA,2017,researchers_pm,4546.76212,SP.POP.SCIE.RD.P6
FRA,2018,researchers_pm,4670.53241,SP.POP.SCIE.RD.P6
FRA,2019,researchers_pm,4773.97249,SP.POP.SCIE.RD.P6
FRA,2020,researchers_pm,4883.2219,SP.POP.SCIE.RD.P6
FRA,2021,researchers_pm,5058.05374,SP.POP.SCIE.RD.P6
FRA,2022,researchers_pm,5181.84576,SP.POP.SCIE.RD.P6
FRA,2023,researchers_pm,5368.63555,SP.POP.SCIE.RD.P6
GBR,2000,researchers_pm,2893.37563,SP.POP.SCIE.RD.P6
GBR,2001,researchers_pm,3078.40932,SP.POP.SCIE.RD.P6
GBR,2002,researchers_pm,3335.62719,SP.POP.SCIE.RD.P6
GBR,2003,researchers_pm,3631.25708,SP.POP.SCIE.RD.P6
GBR,2004,researchers_pm,3818.23524,SP.POP.SCIE.RD.P6
GBR,2005,researchers_pm,4117.74512,SP.POP.SCIE.RD.P6
GBR,2006,researchers_pm,4176.43751,SP.POP.SCIE.RD.P6
GBR,2007,researchers_pm,4122.71329,SP.POP.SCIE.RD.P6
GBR,2008,researchers_pm,4077.28663,SP.POP.SCIE.RD.P6
GBR,2009,researchers_pm,4113.41572,SP.POP.SCIE.RD.P6
GBR,2010,researchers_pm,4089.20558,SP.POP.SCIE.RD.P6
GBR,2011,researchers_pm,3973.02377,SP.POP.SCIE.RD.P6
GBR,2012,researchers_pm,4017.98198,SP.POP.SCIE.RD.P6
GBR,2013,researchers_pm,4171.80763,SP.POP.SCIE.RD.P6
GBR,2014,researchers_pm,4280.79983,SP.POP.SCIE.RD.P6
GBR,2015,researchers_pm,4389.5625,SP.POP.SCIE.RD.P6
GBR,2016,researchers_pm,4434.65942,SP.POP.SCIE.RD.P6
GBR,2017,researchers_pm,4472.69458,SP.POP.SCIE.RD.P6
GRC,2001,researchers_pm,1329.34234,SP.POP.SCIE.RD.P6
GRC,2003,researchers_pm,1433.39172,SP.POP.SCIE.RD.P6
GRC,2005,researchers_pm,1787.19397,SP.POP.SCIE.RD.P6
GRC,2006,researchers_pm,1809.7524,SP.POP.SCIE.RD.P6
GRC,2007,researchers_pm,1904.75068,SP.POP.SCIE.RD.P6
GRC,2011,researchers_pm,2217.3345,SP.POP.SCIE.RD.P6
GRC,2012,researchers_pm,2236.28739,SP.POP.SCIE.RD.P6
GRC,2013,researchers_pm,2655.47213,SP.POP.SCIE.RD.P6
GRC,2014,researchers_pm,2733.92303,SP.POP.SCIE.RD.P6
GRC,2015,researchers_pm,3196.52298,SP.POP.SCIE.RD.P6
GRC,2016,researchers_pm,2726.60076,SP.POP.SCIE.RD.P6
GRC,2017,researchers_pm,3250.61522,SP.POP.SCIE.RD.P6
GRC,2018,researchers_pm,3416.08087,SP.POP.SCIE.RD.P6
GRC,2019,researchers_pm,3644.60084,SP.POP.SCIE.RD.P6
GRC,2020,researchers_pm,4008.18457,SP.POP.SCIE.RD.P6
GRC,2021,researchers_pm,4244.36826,SP.POP.SCIE.RD.P6
GRC,2022,researchers_pm,4926.78077,SP.POP.SCIE.RD.P6
GRC,2023,researchers_pm,5283.3671,SP.POP.SCIE.RD.P6
HUN,2000,researchers_pm,1411.99814,SP.POP.SCIE.RD.P6
HUN,2001,researchers_pm,1440.86103,SP.POP.SCIE.RD.P6
HUN,2002,researchers_pm,1473.69545,SP.POP.SCIE.RD.P6
HUN,2003,researchers_pm,1499.67591,SP.POP.SCIE.RD.P6
HUN,2004,researchers_pm,1476.26637,SP.POP.SCIE.RD.P6
HUN,2005,researchers_pm,1575.84829,SP.POP.SCIE.RD.P6
HUN,2006,researchers_pm,1745.00319,SP.POP.SCIE.RD.P6
HUN,2007,researchers_pm,1731.42684,SP.POP.SCIE.RD.P6
HUN,2008,researchers_pm,1845.99803,SP.POP.SCIE.RD.P6
HUN,2009,researchers_pm,2004.50214,SP.POP.SCIE.RD.P6
HUN,2010,researchers_pm,2135.63344,SP.POP.SCIE.RD.P6
HUN,2011,researchers_pm,2309.99213,SP.POP.SCIE.RD.P6
HUN,2012,researchers_pm,2400.89424,SP.POP.SCIE.RD.P6
HUN,2013,researchers_pm,2527.84945,SP.POP.SCIE.RD.P6
HUN,2014,researchers_pm,2654.79529,SP.POP.SCIE.RD.P6
HUN,2015,researchers_pm,2569.66887,SP.POP.SCIE.RD.P6
HUN,2016,researchers_pm,2625.94197,SP.POP.SCIE.RD.P6
HUN,2017,researchers_pm,2902.24254,SP.POP.SCIE.RD.P6
HUN,2018,researchers_pm,3846.48666,SP.POP.SCIE.RD.P6
HUN,2019,researchers_pm,4021.15293,SP.POP.SCIE.RD.P6
HUN,2020,researchers_pm,4309.61589,SP.POP.SCIE.RD.P6
HUN,2021,researchers_pm,4452.48668,SP.POP.SCIE.RD.P6
HUN,2022,researchers_pm,4725.1504,SP.POP.SCIE.RD.P6
HUN,2023,researchers_pm,4567.0829,SP.POP.SCIE.RD.P6
IRL,2000,researchers_pm,2255.69685,SP.POP.SCIE.RD.P6
IRL,2001,researchers_pm,2336.65114,SP.POP.SCIE.RD.P6
IRL,2002,researchers_pm,2406.49548,SP.POP.SCIE.RD.P6
IRL,2003,researchers_pm,2534.61201,SP.POP.SCIE.RD.P6
IRL,2004,researchers_pm,2735.33169,SP.POP.SCIE.RD.P6
IRL,2005,researchers_pm,2821.26494,SP.POP.SCIE.RD.P6
IRL,2006,researchers_pm,2895.65117,SP.POP.SCIE.RD.P6
IRL,2007,researchers_pm,2929.08877,SP.POP.SCIE.RD.P6
IRL,2008,researchers_pm,3256.66919,SP.POP.SCIE.RD.P6
IRL,2009,researchers_pm,3139.86576,SP.POP.SCIE.RD.P6
IRL,2010,researchers_pm,3116.61747,SP.POP.SCIE.RD.P6
IRL,2011,researchers_pm,3341.4018,SP.POP.SCIE.RD.P6
IRL,2012,researchers_pm,4873.66344,SP.POP.SCIE.RD.P6
IRL,2013,researchers_pm,5141.73776,SP.POP.SCIE.RD.P6
IRL,2014,researchers_pm,5290.95054,SP.POP.SCIE.RD.P6
IRL,2015,researchers_pm,5242.06636,SP.POP.SCIE.RD.P6
IRL,2016,researchers_pm,5143.85544,SP.POP.SCIE.RD.P6
IRL,2017,researchers_pm,5114.19434,SP.POP.SCIE.RD.P6
IRL,2018,researchers_pm,4656.77702,SP.POP.SCIE.RD.P6
IRL,2019,researchers_pm,4961.4389,SP.POP.SCIE.RD.P6
IRL,2020,researchers_pm,5196.11055,SP.POP.SCIE.RD.P6
IRL,2021,researchers_pm,5213.43167,SP.POP.SCIE.RD.P6
IRL,2022,researchers_pm,5554.98837,SP.POP.SCIE.RD.P6
IRL,2023,researchers_pm,5752.79698,SP.POP.SCIE.RD.P6
ISL,2001,researchers_pm,6560.18798,SP.POP.SCIE.RD.P6
ISL,2003,researchers_pm,6643.65474,SP.POP.SCIE.RD.P6
ISL,2005,researchers_pm,7337.75322,SP.POP.SCIE.RD.P6
ISL,2006,researchers_pm,7999.30666,SP.POP.SCIE.RD.P6
ISL,2007,researchers_pm,7175.58294,SP.POP.SCIE.RD.P6
ISL,2008,researchers_pm,7313.20175,SP.POP.SCIE.RD.P6
ISL,2009,researchers_pm,7841.17942,SP.POP.SCIE.RD.P6
ISL,2011,researchers_pm,7088.82137,SP.POP.SCIE.RD.P6
ISL,2013,researchers_pm,5739.72216,SP.POP.SCIE.RD.P6
ISL,2017,researchers_pm,5979.72684,SP.POP.SCIE.RD.P6
ISL,2018,researchers_pm,5645.66563,SP.POP.SCIE.RD.P6
ISL,2021,researchers_pm,6941.30115,SP.POP.SCIE.RD.P6
ISL,2022,researchers_pm,6863.54747,SP.POP.SCIE.RD.P6
ISL,2023,researchers_pm,5952.52033,SP.POP.SCIE.RD.P6
ITA,2000,researchers_pm,1154.70198,SP.POP.SCIE.RD.P6
ITA,2001,researchers_pm,1164.25597,SP.POP.SCIE.RD.P6
ITA,2002,researchers_pm,1242.88215,SP.POP.SCIE.RD.P6
ITA,2003,researchers_pm,1222.71837,SP.POP.SCIE.RD.P6
ITA,2004,researchers_pm,1242.48468,SP.POP.SCIE.RD.P6
ITA,2005,researchers_pm,1412.59398,SP.POP.SCIE.RD.P6
ITA,2006,researchers_pm,1507.90404,SP.POP.SCIE.RD.P6
ITA,2007,researchers_pm,1579.89282,SP.POP.SCIE.RD.P6
ITA,2008,researchers_pm,1613.51417,SP.POP.SCIE.RD.P6
ITA,2009,researchers_pm,1703.84695,SP.POP.SCIE.RD.P6
ITA,2010,researchers_pm,1722.66807,SP.POP.SCIE.RD.P6
ITA,2011,researchers_pm,1760.64483,SP.POP.SCIE.RD.P6
ITA,2012,researchers_pm,1831.34278,SP.POP.SCIE.RD.P6
ITA,2013,researchers_pm,1916.30366,SP.POP.SCIE.RD.P6
ITA,2014,researchers_pm,1947.34437,SP.POP.SCIE.RD.P6
ITA,2015,researchers_pm,2075.80841,SP.POP.SCIE.RD.P6
ITA,2016,researchers_pm,2209.59265,SP.POP.SCIE.RD.P6
ITA,2017,researchers_pm,2322.42382,SP.POP.SCIE.RD.P6
ITA,2018,researchers_pm,2524.31271,SP.POP.SCIE.RD.P6
ITA,2019,researchers_pm,2670.65345,SP.POP.SCIE.RD.P6
ITA,2020,researchers_pm,2614.68181,SP.POP.SCIE.RD.P6
ITA,2021,researchers_pm,2658.8949,SP.POP.SCIE.RD.P6
ITA,2022,researchers_pm,2795.53412,SP.POP.SCIE.RD.P6
ITA,2023,researchers_pm,2855.12509,SP.POP.SCIE.RD.P6
JPN,2000,researchers_pm,5102.41299,SP.POP.SCIE.RD.P6
JPN,2001,researchers_pm,5136.2064,SP.POP.SCIE.RD.P6
JPN,2002,researchers_pm,4891.16889,SP.POP.SCIE.RD.P6
JPN,2003,researchers_pm,5113.02549,SP.POP.SCIE.RD.P6
JPN,2004,researchers_pm,5117.27802,SP.POP.SCIE.RD.P6
JPN,2005,researchers_pm,5322.47485,SP.POP.SCIE.RD.P6
JPN,2006,researchers_pm,5352.83117,SP.POP.SCIE.RD.P6
JPN,2007,researchers_pm,5344.2381,SP.POP.SCIE.RD.P6
JPN,2008,researchers_pm,5125.12165,SP.POP.SCIE.RD.P6
JPN,2009,researchers_pm,5114.01193,SP.POP.SCIE.RD.P6
JPN,2010,researchers_pm,5117.18164,SP.POP.SCIE.RD.P6
JPN,2011,researchers_pm,5123.33234,SP.POP.SCIE.RD.P6
JPN,2012,researchers_pm,5048.63399,SP.POP.SCIE.RD.P6
JPN,2013,researchers_pm,5166.83422,SP.POP.SCIE.RD.P6
JPN,2014,researchers_pm,5351.53211,SP.POP.SCIE.RD.P6
JPN,2015,researchers_pm,5198.48902,SP.POP.SCIE.RD.P6
JPN,2016,researchers_pm,5232.70894,SP.POP.SCIE.RD.P6
JPN,2017,researchers_pm,5319.83455,SP.POP.SCIE.RD.P6
JPN,2018,researchers_pm,5339.51713,SP.POP.SCIE.RD.P6
JPN,2019,researchers_pm,5376.11987,SP.POP.SCIE.RD.P6
JPN,2020,researchers_pm,5450.44287,SP.POP.SCIE.RD.P6
JPN,2021,researchers_pm,5589.76698,SP.POP.SCIE.RD.P6
JPN,2022,researchers_pm,5629.79566,SP.POP.SCIE.RD.P6
JPN,2023,researchers_pm,5608.63075,SP.POP.SCIE.RD.P6
KOR,2000,researchers_pm,2324.08478,SP.POP.SCIE.RD.P6
KOR,2001,researchers_pm,2906.71111,SP.POP.SCIE.RD.P6
KOR,2002,researchers_pm,3007.81714,SP.POP.SCIE.RD.P6
KOR,2003,researchers_pm,3189.96825,SP.POP.SCIE.RD.P6
KOR,2004,researchers_pm,3281.04385,SP.POP.SCIE.RD.P6
KOR,2005,researchers_pm,3763.23464,SP.POP.SCIE.RD.P6
KOR,2006,researchers_pm,4173.2456,SP.POP.SCIE.RD.P6
KOR,2007,researchers_pm,4614.74679,SP.POP.SCIE.RD.P6
KOR,2008,researchers_pm,4892.49313,SP.POP.SCIE.RD.P6
KOR,2009,researchers_pm,5037.92837,SP.POP.SCIE.RD.P6
KOR,2010,researchers_pm,5429.43919,SP.POP.SCIE.RD.P6
KOR,2011,researchers_pm,5908.82443,SP.POP.SCIE.RD.P6
KOR,2012,researchers_pm,6393.34374,SP.POP.SCIE.RD.P6
KOR,2013,researchers_pm,6457.88851,SP.POP.SCIE.RD.P6
KOR,2014,researchers_pm,6867.33385,SP.POP.SCIE.RD.P6
KOR,2015,researchers_pm,7020.43916,SP.POP.SCIE.RD.P6
KOR,2016,researchers_pm,7057.16003,SP.POP.SCIE.RD.P6
KOR,2017,researchers_pm,7453.21918,SP.POP.SCIE.RD.P6
KOR,2018,researchers_pm,7918.46916,SP.POP.SCIE.RD.P6
KOR,2019,researchers_pm,8328.96727,SP.POP.SCIE.RD.P6
KOR,2020,researchers_pm,8620.009,SP.POP.SCIE.RD.P6
KOR,2021,researchers_pm,9071.4503,SP.POP.SCIE.RD.P6
KOR,2022,researchers_pm,9434.7613,SP.POP.SCIE.RD.P6
KOR,2023,researchers_pm,9471.82543,SP.POP.SCIE.RD.P6
LTU,2000,researchers_pm,2215.11542,SP.POP.SCIE.RD.P6
LTU,2001,researchers_pm,2313.80264,SP.POP.SCIE.RD.P6
LTU,2002,researchers_pm,1830.39639,SP.POP.SCIE.RD.P6
LTU,2003,researchers_pm,1924.81452,SP.POP.SCIE.RD.P6
LTU,2004,researchers_pm,2164.46077,SP.POP.SCIE.RD.P6
LTU,2005,researchers_pm,2276.39834,SP.POP.SCIE.RD.P6
LTU,2006,researchers_pm,2425.77892,SP.POP.SCIE.RD.P6
LTU,2007,researchers_pm,2605.27005,SP.POP.SCIE.RD.P6
LTU,2008,researchers_pm,2624.8157,SP.POP.SCIE.RD.P6
LTU,2009,researchers_pm,2666.31995,SP.POP.SCIE.RD.P6
LTU,2010,researchers_pm,2736.49225,SP.POP.SCIE.RD.P6
LTU,2011,researchers_pm,2748.0311,SP.POP.SCIE.RD.P6
LTU,2012,researchers_pm,2670.60517,SP.POP.SCIE.RD.P6
LTU,2013,researchers_pm,2878.7497,SP.POP.SCIE.RD.P6
LTU,2014,researchers_pm,3082.27902,SP.POP.SCIE.RD.P6
LTU,2015,researchers_pm,2794.92116,SP.POP.SCIE.RD.P6
LTU,2016,researchers_pm,2950.39665,SP.POP.SCIE.RD.P6
LTU,2017,researchers_pm,3068.33424,SP.POP.SCIE.RD.P6
LTU,2018,researchers_pm,3180.95498,SP.POP.SCIE.RD.P6
LTU,2019,researchers_pm,3445.30515,SP.POP.SCIE.RD.P6
LTU,2020,researchers_pm,3643.24539,SP.POP.SCIE.RD.P6
LTU,2021,researchers_pm,3946.51068,SP.POP.SCIE.RD.P6
LTU,2022,researchers_pm,4153.6584,SP.POP.SCIE.RD.P6
LTU,2023,researchers_pm,3703.86273,SP.POP.SCIE.RD.P6
LUX,2000,researchers_pm,3800.20738,SP.POP.SCIE.RD.P6
LUX,2003,researchers_pm,4345.49954,SP.POP.SCIE.RD.P6
LUX,2004,researchers_pm,4461.66893,SP.POP.SCIE.RD.P6
LUX,2005,researchers_pm,4826.35315,SP.POP.SCIE.RD.P6
LUX,2006,researchers_pm,4377.13881,SP.POP.SCIE.RD.P6
LUX,2007,researchers_pm,4618.93667,SP.POP.SCIE.RD.P6
LUX,2008,researchers_pm,4725.37233,SP.POP.SCIE.RD.P6
LUX,2009,researchers_pm,4852.27924,SP.POP.SCIE.RD.P6
LUX,2010,researchers_pm,5200.13851,SP.POP.SCIE.RD.P6
LUX,2011,researchers_pm,5525.72816,SP.POP.SCIE.RD.P6
LUX,2012,researchers_pm,4401.98152,SP.POP.SCIE.RD.P6
LUX,2013,researchers_pm,4661.60191,SP.POP.SCIE.RD.P6
LUX,2014,researchers_pm,4782.93933,SP.POP.SCIE.RD.P6
LUX,2015,researchers_pm,4636.38043,SP.POP.SCIE.RD.P6
LUX,2016,researchers_pm,4802.1785,SP.POP.SCIE.RD.P6
LUX,2017,researchers_pm,4969.23004,SP.POP.SCIE.RD.P6
LUX,2018,researchers_pm,4754.92191,SP.POP.SCIE.RD.P6
LUX,2019,researchers_pm,5090.81552,SP.POP.SCIE.RD.P6
LUX,2020,researchers_pm,4920.65038,SP.POP.SCIE.RD.P6
LUX,2021,researchers_pm,4939.08633,SP.POP.SCIE.RD.P6
LUX,2022,researchers_pm,5311.53147,SP.POP.SCIE.RD.P6
LUX,2023,researchers_pm,5359.06637,SP.POP.SCIE.RD.P6
LVA,2000,researchers_pm,1600.9967,SP.POP.SCIE.RD.P6
LVA,2001,researchers_pm,1485.32998,SP.POP.SCIE.RD.P6
LVA,2002,researchers_pm,1486.06326,SP.POP.SCIE.RD.P6
LVA,2003,researchers_pm,1392.33083,SP.POP.SCIE.RD.P6
LVA,2004,researchers_pm,1459.48929,SP.POP.SCIE.RD.P6
LVA,2005,researchers_pm,1458.12295,SP.POP.SCIE.RD.P6
LVA,2006,researchers_pm,1765.58108,SP.POP.SCIE.RD.P6
LVA,2007,researchers_pm,1881.56079,SP.POP.SCIE.RD.P6
LVA,2008,researchers_pm,1993.41671,SP.POP.SCIE.RD.P6
LVA,2009,researchers_pm,1673.90361,SP.POP.SCIE.RD.P6
LVA,2010,researchers_pm,1836.97506,SP.POP.SCIE.RD.P6
LVA,2011,researchers_pm,1902.3667,SP.POP.SCIE.RD.P6
LVA,2012,researchers_pm,1908.95404,SP.POP.SCIE.RD.P6
LVA,2013,researchers_pm,1790.85926,SP.POP.SCIE.RD.P6
LVA,2014,researchers_pm,1872.26628,SP.POP.SCIE.RD.P6
LVA,2015,researchers_pm,1818.82619,SP.POP.SCIE.RD.P6
LVA,2016,researchers_pm,1600.57848,SP.POP.SCIE.RD.P6
LVA,2017,researchers_pm,1785.24003,SP.POP.SCIE.RD.P6
LVA,2018,researchers_pm,1786.2773,SP.POP.SCIE.RD.P6
LVA,2019,researchers_pm,1891.24705,SP.POP.SCIE.RD.P6
LVA,2020,researchers_pm,2134.06006,SP.POP.SCIE.RD.P6
LVA,2021,researchers_pm,2395.27344,SP.POP.SCIE.RD.P6
LVA,2022,researchers_pm,2270.07923,SP.POP.SCIE.RD.P6
LVA,2023,researchers_pm,2190.86637,SP.POP.SCIE.RD.P6
MEX,2000,researchers_pm,227.09051,SP.POP.SCIE.RD.P6
MEX,2001,researchers_pm,235.3859,SP.POP.SCIE.RD.P6
MEX,2002,researchers_pm,308.76297,SP.POP.SCIE.RD.P6
MEX,2003,researchers_pm,328.13432,SP.POP.SCIE.RD.P6
MEX,2004,researchers_pm,383.11111,SP.POP.SCIE.RD.P6
MEX,2005,researchers_pm,417.90546,SP.POP.SCIE.RD.P6
MEX,2006,researchers_pm,340.43454,SP.POP.SCIE.RD.P6
MEX,2007,researchers_pm,351.25363,SP.POP.SCIE.RD.P6
MEX,2008,researchers_pm,343.53328,SP.POP.SCIE.RD.P6
MEX,2009,researchers_pm,386.49816,SP.POP.SCIE.RD.P6
MEX,2010,researchers_pm,341.23898,SP.POP.SCIE.RD.P6
MEX,2011,researchers_pm,348.02663,SP.POP.SCIE.RD.P6
MEX,2012,researchers_pm,250.69335,SP.POP.SCIE.RD.P6
MEX,2013,researchers_pm,254.46546,SP.POP.SCIE.RD.P6
MEX,2014,researchers_pm,262.92059,SP.POP.SCIE.RD.P6
MEX,2015,researchers_pm,284.58114,SP.POP.SCIE.RD.P6
MEX,2016,researchers_pm,319.5511,SP.POP.SCIE.RD.P6
MEX,2017,researchers_pm,330.64996,SP.POP.SCIE.RD.P6
MEX,2018,researchers_pm,342.55971,SP.POP.SCIE.RD.P6
MEX,2019,researchers_pm,355.30353,SP.POP.SCIE.RD.P6
MEX,2020,researchers_pm,369.04189,SP.POP.SCIE.RD.P6
MEX,2021,researchers_pm,384.76538,SP.POP.SCIE.RD.P6
MEX,2022,researchers_pm,401.92849,SP.POP.SCIE.RD.P6
MEX,2023,researchers_pm,419.44361,SP.POP.SCIE.RD.P6
MEX,2024,researchers_pm,438.24497,SP.POP.SCIE.RD.P6
NLD,2000,researchers_pm,2637.93221,SP.POP.SCIE.RD.P6
NLD,2001,researchers_pm,2828.29837,SP.POP.SCIE.RD.P6
NLD,2002,researchers_pm,2701.16441,SP.POP.SCIE.RD.P6
NLD,2003,researchers_pm,2681.97594,SP.POP.SCIE.RD.P6
NLD,2004,researchers_pm,2951.21244,SP.POP.SCIE.RD.P6
NLD,2005,researchers_pm,2908.98454,SP.POP.SCIE.RD.P6
NLD,2006,researchers_pm,3224.9245,SP.POP.SCIE.RD.P6
NLD,2007,researchers_pm,3093.10821,SP.POP.SCIE.RD.P6
NLD,2008,researchers_pm,3063.96158,SP.POP.SCIE.RD.P6
NLD,2009,researchers_pm,2822.24977,SP.POP.SCIE.RD.P6
NLD,2010,researchers_pm,3210.02025,SP.POP.SCIE.RD.P6
NLD,2011,researchers_pm,3648.13368,SP.POP.SCIE.RD.P6
NLD,2012,researchers_pm,4336.14629,SP.POP.SCIE.RD.P6
NLD,2013,researchers_pm,4887.39056,SP.POP.SCIE.RD.P6
NLD,2014,researchers_pm,4926.09272,SP.POP.SCIE.RD.P6
NLD,2015,researchers_pm,4891.78146,SP.POP.SCIE.RD.P6
NLD,2016,researchers_pm,5109.20509,SP.POP.SCIE.RD.P6
NLD,2017,researchers_pm,5273.17623,SP.POP.SCIE.RD.P6
NLD,2018,researchers_pm,5496.79039,SP.POP.SCIE.RD.P6
NLD,2019,researchers_pm,5592.12175,SP.POP.SCIE.RD.P6
NLD,2020,researchers_pm,5799.27532,SP.POP.SCIE.RD.P6
NLD,2021,researchers_pm,6003.86605,SP.POP.SCIE.RD.P6
NLD,2022,researchers_pm,6319.17518,SP.POP.SCIE.RD.P6
NLD,2023,researchers_pm,6563.33599,SP.POP.SCIE.RD.P6
NOR,2001,researchers_pm,4371.19907,SP.POP.SCIE.RD.P6
NOR,2003,researchers_pm,4513.7416,SP.POP.SCIE.RD.P6
NOR,2004,researchers_pm,4514.09712,SP.POP.SCIE.RD.P6
NOR,2005,researchers_pm,4602.55542,SP.POP.SCIE.RD.P6
NOR,2006,researchers_pm,4866.24486,SP.POP.SCIE.RD.P6
NOR,2007,researchers_pm,5202.07257,SP.POP.SCIE.RD.P6
NOR,2008,researchers_pm,5399.5311,SP.POP.SCIE.RD.P6
NOR,2009,researchers_pm,5474.54077,SP.POP.SCIE.RD.P6
NOR,2010,researchers_pm,5444.69765,SP.POP.SCIE.RD.P6
NOR,2011,researchers_pm,5533.91801,SP.POP.SCIE.RD.P6
NOR,2012,researchers_pm,5584.13377,SP.POP.SCIE.RD.P6
NOR,2013,researchers_pm,5605.02472,SP.POP.SCIE.RD.P6
NOR,2014,researchers_pm,5722.57126,SP.POP.SCIE.RD.P6
NOR,2015,researchers_pm,5929.85725,SP.POP.SCIE.RD.P6
NOR,2016,researchers_pm,6120.84923,SP.POP.SCIE.RD.P6
NOR,2017,researchers_pm,6396.1696,SP.POP.SCIE.RD.P6
NOR,2018,researchers_pm,6484.23611,SP.POP.SCIE.RD.P6
NOR,2019,researchers_pm,6737.55318,SP.POP.SCIE.RD.P6
NOR,2020,researchers_pm,6766.01432,SP.POP.SCIE.RD.P6
NOR,2021,researchers_pm,7228.72168,SP.POP.SCIE.RD.P6
NOR,2022,researchers_pm,7394.77328,SP.POP.SCIE.RD.P6
NOR,2023,researchers_pm,7450.59492,SP.POP.SCIE.RD.P6
NZL,2001,researchers_pm,2669.46316,SP.POP.SCIE.RD.P6
NZL,2003,researchers_pm,3100.17298,SP.POP.SCIE.RD.P6
NZL,2005,researchers_pm,3159.23406,SP.POP.SCIE.RD.P6
NZL,2007,researchers_pm,3472.58808,SP.POP.SCIE.RD.P6
NZL,2009,researchers_pm,3760.38719,SP.POP.SCIE.RD.P6
NZL,2011,researchers_pm,3731.3373,SP.POP.SCIE.RD.P6
NZL,2013,researchers_pm,4043.95577,SP.POP.SCIE.RD.P6
NZL,2015,researchers_pm,5476.90357,SP.POP.SCIE.RD.P6
NZL,2017,researchers_pm,5035.55839,SP.POP.SCIE.RD.P6
NZL,2019,researchers_pm,5665.38305,SP.POP.SCIE.RD.P6
NZL,2021,researchers_pm,5094.76159,SP.POP.SCIE.RD.P6
NZL,2023,researchers_pm,5435.46099,SP.POP.SCIE.RD.P6
POL,2000,researchers_pm,1441.97757,SP.POP.SCIE.RD.P6
POL,2001,researchers_pm,1467.79064,SP.POP.SCIE.RD.P6
POL,2002,researchers_pm,1483.34389,SP.POP.SCIE.RD.P6
POL,2003,researchers_pm,1533.19754,SP.POP.SCIE.RD.P6
POL,2004,researchers_pm,1595.82994,SP.POP.SCIE.RD.P6
POL,2005,researchers_pm,1629.60294,SP.POP.SCIE.RD.P6
POL,2006,researchers_pm,1563.45879,SP.POP.SCIE.RD.P6
POL,2007,researchers_pm,1614.00137,SP.POP.SCIE.RD.P6
POL,2008,researchers_pm,1626.3818,SP.POP.SCIE.RD.P6
POL,2009,researchers_pm,1608.44328,SP.POP.SCIE.RD.P6
POL,2010,researchers_pm,1697.02812,SP.POP.SCIE.RD.P6
POL,2011,researchers_pm,1679.90071,SP.POP.SCIE.RD.P6
POL,2012,researchers_pm,1752.07893,SP.POP.SCIE.RD.P6
POL,2013,researchers_pm,1868.31303,SP.POP.SCIE.RD.P6
POL,2014,researchers_pm,2054.74753,SP.POP.SCIE.RD.P6
POL,2015,researchers_pm,2158.37831,SP.POP.SCIE.RD.P6
POL,2016,researchers_pm,2304.00747,SP.POP.SCIE.RD.P6
POL,2017,researchers_pm,2994.85672,SP.POP.SCIE.RD.P6
POL,2018,researchers_pm,3079.49249,SP.POP.SCIE.RD.P6
POL,2019,researchers_pm,3159.06604,SP.POP.SCIE.RD.P6
POL,2020,researchers_pm,3260.15498,SP.POP.SCIE.RD.P6
POL,2021,researchers_pm,3558.20467,SP.POP.SCIE.RD.P6
POL,2022,researchers_pm,3721.07204,SP.POP.SCIE.RD.P6
POL,2023,researchers_pm,3675.06022,SP.POP.SCIE.RD.P6
PRT,2000,researchers_pm,1633.81566,SP.POP.SCIE.RD.P6
PRT,2001,researchers_pm,1717.30179,SP.POP.SCIE.RD.P6
PRT,2002,researchers_pm,1827.5988,SP.POP.SCIE.RD.P6
PRT,2003,researchers_pm,1939.08763,SP.POP.SCIE.RD.P6
PRT,2004,researchers_pm,1975.6442,SP.POP.SCIE.RD.P6
PRT,2005,researchers_pm,2013.3272,SP.POP.SCIE.RD.P6
PRT,2006,researchers_pm,2344.86601,SP.POP.SCIE.RD.P6
PRT,2007,researchers_pm,2674.3872,SP.POP.SCIE.RD.P6
PRT,2008,researchers_pm,3827.16557,SP.POP.SCIE.RD.P6
PRT,2009,researchers_pm,3768.61566,SP.POP.SCIE.RD.P6
PRT,2010,researchers_pm,3923.75527,SP.POP.SCIE.RD.P6
PRT,2011,researchers_pm,4166.14892,SP.POP.SCIE.RD.P6
PRT,2012,researchers_pm,4032.33558,SP.POP.SCIE.RD.P6
PRT,2013,researchers_pm,3605.75824,SP.POP.SCIE.RD.P6
PRT,2014,researchers_pm,3658.36239,SP.POP.SCIE.RD.P6
PRT,2015,researchers_pm,3724.60014,SP.POP.SCIE.RD.P6
PRT,2016,researchers_pm,3992.10969,SP.POP.SCIE.RD.P6
PRT,2017,researchers_pm,4348.10903,SP.POP.SCIE.RD.P6
PRT,2018,researchers_pm,4614.40041,SP.POP.SCIE.RD.P6
PRT,2019,researchers_pm,4859.21726,SP.POP.SCIE.RD.P6
PRT,2020,researchers_pm,5131.43982,SP.POP.SCIE.RD.P6
PRT,2021,researchers_pm,5430.93667,SP.POP.SCIE.RD.P6
PRT,2022,researchers_pm,5686.65428,SP.POP.SCIE.RD.P6
PRT,2023,researchers_pm,5983.27041,SP.POP.SCIE.RD.P6
SVK,2000,researchers_pm,1850.51312,SP.POP.SCIE.RD.P6
SVK,2001,researchers_pm,1781.46308,SP.POP.SCIE.RD.P6
SVK,2002,researchers_pm,1706.99261,SP.POP.SCIE.RD.P6
SVK,2003,researchers_pm,1790.43354,SP.POP.SCIE.RD.P6
SVK,2004,researchers_pm,1993.83051,SP.POP.SCIE.RD.P6
SVK,2005,researchers_pm,2031.13681,SP.POP.SCIE.RD.P6
SVK,2006,researchers_pm,2190.13371,SP.POP.SCIE.RD.P6
SVK,2007,researchers_pm,2297.64491,SP.POP.SCIE.RD.P6
SVK,2008,researchers_pm,2340.90823,SP.POP.SCIE.RD.P6
SVK,2009,researchers_pm,2469.7369,SP.POP.SCIE.RD.P6
SVK,2010,researchers_pm,2817.3661,SP.POP.SCIE.RD.P6
SVK,2011,researchers_pm,2840.91952,SP.POP.SCIE.RD.P6
SVK,2012,researchers_pm,2827.14865,SP.POP.SCIE.RD.P6
SVK,2013,researchers_pm,2723.15005,SP.POP.SCIE.RD.P6
SVK,2014,researchers_pm,2723.67121,SP.POP.SCIE.RD.P6
SVK,2015,researchers_pm,2658.90096,SP.POP.SCIE.RD.P6
SVK,2016,researchers_pm,2609.14992,SP.POP.SCIE.RD.P6
SVK,2017,researchers_pm,2803.05136,SP.POP.SCIE.RD.P6
SVK,2018,researchers_pm,3003.38839,SP.POP.SCIE.RD.P6
SVK,2019,researchers_pm,3116.82472,SP.POP.SCIE.RD.P6
SVK,2020,researchers_pm,3167.43232,SP.POP.SCIE.RD.P6
SVK,2021,researchers_pm,3211.13115,SP.POP.SCIE.RD.P6
SVK,2022,researchers_pm,3387.47411,SP.POP.SCIE.RD.P6
SVK,2023,researchers_pm,3506.62001,SP.POP.SCIE.RD.P6
SVN,2000,researchers_pm,2183.7261,SP.POP.SCIE.RD.P6
SVN,2001,researchers_pm,2262.53562,SP.POP.SCIE.RD.P6
SVN,2002,researchers_pm,2331.11354,SP.POP.SCIE.RD.P6
SVN,2003,researchers_pm,1895.25158,SP.POP.SCIE.RD.P6
SVN,2004,researchers_pm,2021.91495,SP.POP.SCIE.RD.P6
SVN,2005,researchers_pm,2634.49569,SP.POP.SCIE.RD.P6
SVN,2006,researchers_pm,2928.65083,SP.POP.SCIE.RD.P6
SVN,2007,researchers_pm,3115.13903,SP.POP.SCIE.RD.P6
SVN,2008,researchers_pm,3477.77233,SP.POP.SCIE.RD.P6
SVN,2009,researchers_pm,3671.25911,SP.POP.SCIE.RD.P6
SVN,2010,researchers_pm,3770.38211,SP.POP.SCIE.RD.P6
SVN,2011,researchers_pm,4287.95887,SP.POP.SCIE.RD.P6
SVN,2012,researchers_pm,4330.67354,SP.POP.SCIE.RD.P6
SVN,2013,researchers_pm,4236.51087,SP.POP.SCIE.RD.P6
SVN,2014,researchers_pm,4166.88131,SP.POP.SCIE.RD.P6
SVN,2015,researchers_pm,3836.54008,SP.POP.SCIE.RD.P6
SVN,2016,researchers_pm,3939.83347,SP.POP.SCIE.RD.P6
SVN,2017,researchers_pm,4510.81305,SP.POP.SCIE.RD.P6
SVN,2018,researchers_pm,4880.49036,SP.POP.SCIE.RD.P6
SVN,2019,researchers_pm,5060.56961,SP.POP.SCIE.RD.P6
SVN,2020,researchers_pm,5187.16109,SP.POP.SCIE.RD.P6
SVN,2021,researchers_pm,5235.17998,SP.POP.SCIE.RD.P6
SVN,2022,researchers_pm,5370.37458,SP.POP.SCIE.RD.P6
SVN,2023,researchers_pm,5616.34857,SP.POP.SCIE.RD.P6
SWE,2001,researchers_pm,5177.98913,SP.POP.SCIE.RD.P6
SWE,2003,researchers_pm,5389.38189,SP.POP.SCIE.RD.P6
SWE,2004,researchers_pm,5434.9691,SP.POP.SCIE.RD.P6
SWE,2005,researchers_pm,6103.30894,SP.POP.SCIE.RD.P6
SWE,2006,researchers_pm,6159.34885,SP.POP.SCIE.RD.P6
SWE,2007,researchers_pm,5026.89783,SP.POP.SCIE.RD.P6
SWE,2008,researchers_pm,5468.69683,SP.POP.SCIE.RD.P6
SWE,2009,researchers_pm,5110.718,SP.POP.SCIE.RD.P6
SWE,2010,researchers_pm,5279.17412,SP.POP.SCIE.RD.P6
SWE,2011,researchers_pm,5172.47477,SP.POP.SCIE.RD.P6
SWE,2012,researchers_pm,5196.71759,SP.POP.SCIE.RD.P6
SWE,2013,researchers_pm,6717.6193,SP.POP.SCIE.RD.P6
SWE,2014,researchers_pm,6909.46438,SP.POP.SCIE.RD.P6
SWE,2015,researchers_pm,6846.13413,SP.POP.SCIE.RD.P6
SWE,2016,researchers_pm,7143.443,SP.POP.SCIE.RD.P6
SWE,2017,researchers_pm,7316.6476,SP.POP.SCIE.RD.P6
SWE,2018,researchers_pm,7425.66896,SP.POP.SCIE.RD.P6
SWE,2019,researchers_pm,7685.83827,SP.POP.SCIE.RD.P6
SWE,2020,researchers_pm,7754.64384,SP.POP.SCIE.RD.P6
SWE,2021,researchers_pm,8159.79705,SP.POP.SCIE.RD.P6
SWE,2022,researchers_pm,8639.24439,SP.POP.SCIE.RD.P6
SWE,2023,researchers_pm,8910.73864,SP.POP.SCIE.RD.P6
TUR,2000,researchers_pm,355.04829,SP.POP.SCIE.RD.P6
TUR,2001,researchers_pm,344.81485,SP.POP.SCIE.RD.P6
TUR,2002,researchers_pm,360.00407,SP.POP.SCIE.RD.P6
TUR,2003,researchers_pm,484.24236,SP.POP.SCIE.RD.P6
TUR,2004,researchers_pm,496.59332,SP.POP.SCIE.RD.P6
TUR,2005,researchers_pm,567.50023,SP.POP.SCIE.RD.P6
TUR,2006,researchers_pm,612.17385,SP.POP.SCIE.RD.P6
TUR,2007,researchers_pm,705.52013,SP.POP.SCIE.RD.P6
TUR,2008,researchers_pm,742.74528,SP.POP.SCIE.RD.P6
TUR,2009,researchers_pm,801.95239,SP.POP.SCIE.RD.P6
TUR,2010,researchers_pm,882.50416,SP.POP.SCIE.RD.P6
TUR,2011,researchers_pm,977.26304,SP.POP.SCIE.RD.P6
TUR,2012,researchers_pm,1100.18611,SP.POP.SCIE.RD.P6
TUR,2013,researchers_pm,1175.90164,SP.POP.SCIE.RD.P6
TUR,2014,researchers_pm,1163.53689,SP.POP.SCIE.RD.P6
TUR,2015,researchers_pm,1136.18026,SP.POP.SCIE.RD.P6
TUR,2016,researchers_pm,1263.789,SP.POP.SCIE.RD.P6
TUR,2017,researchers_pm,1420.59574,SP.POP.SCIE.RD.P6
TUR,2018,researchers_pm,1585.08328,SP.POP.SCIE.RD.P6
TUR,2019,researchers_pm,1737.57621,SP.POP.SCIE.RD.P6
TUR,2020,researchers_pm,1964.65668,SP.POP.SCIE.RD.P6
TUR,2021,researchers_pm,2209.69913,SP.POP.SCIE.RD.P6
TUR,2022,researchers_pm,2478.67633,SP.POP.SCIE.RD.P6
TUR,2023,researchers_pm,2644.6573,SP.POP.SCIE.RD.P6
USA,2000,researchers_pm,3556.3917,SP.POP.SCIE.RD.P6
USA,2001,researchers_pm,3598.59475,SP.POP.SCIE.RD.P6
USA,2002,researchers_pm,3645.74808,SP.POP.SCIE.RD.P6
USA,2003,researchers_pm,3851.4654,SP.POP.SCIE.RD.P6
USA,2004,researchers_pm,3710.14634,SP.POP.SCIE.RD.P6
USA,2005,researchers_pm,3635.29099,SP.POP.SCIE.RD.P6
USA,2006,researchers_pm,3674.19384,SP.POP.SCIE.RD.P6
USA,2007,researchers_pm,3624.05411,SP.POP.SCIE.RD.P6
USA,2008,researchers_pm,3751.46069,SP.POP.SCIE.RD.P6
USA,2009,researchers_pm,3877.89208,SP.POP.SCIE.RD.P6
USA,2010,researchers_pm,3643.92768,SP.POP.SCIE.RD.P6
USA,2011,researchers_pm,3754.88228,SP.POP.SCIE.RD.P6
USA,2012,researchers_pm,3734.6577,SP.POP.SCIE.RD.P6
USA,2013,researchers_pm,3815.20951,SP.POP.SCIE.RD.P6
USA,2014,researchers_pm,3915.0339,SP.POP.SCIE.RD.P6
USA,2015,researchers_pm,3949.66371,SP.POP.SCIE.RD.P6
USA,2016,researchers_pm,3897.11007,SP.POP.SCIE.RD.P6
USA,2017,researchers_pm,4020.59227,SP.POP.SCIE.RD.P6
USA,2018,researchers_pm,4322.78826,SP.POP.SCIE.RD.P6
USA,2019,researchers_pm,4367.20971,SP.POP.SCIE.RD.P6
USA,2020,researchers_pm,4567.79267,SP.POP.SCIE.RD.P6
USA,2021,researchers_pm,4900.77179,SP.POP.SCIE.RD.P6
USA,2022,researchers_pm,4937.49441,SP.POP.SCIE.RD.P6
AUS,2000,trade_open,40.8631257691954,NE.TRD.GNFS.ZS
AUS,2001,trade_open,44.1337313971929,NE.TRD.GNFS.ZS
AUS,2002,trade_open,41.3813128146921,NE.TRD.GNFS.ZS
AUS,2003,trade_open,40.1348011794482,NE.TRD.GNFS.ZS
AUS,2004,trade_open,36.9505159618289,NE.TRD.GNFS.ZS
AUS,2005,trade_open,39.0978822564811,NE.TRD.GNFS.ZS
AUS,2006,trade_open,41.4878923489153,NE.TRD.GNFS.ZS
AUS,2007,trade_open,41.9297451276561,NE.TRD.GNFS.ZS
AUS,2008,trade_open,42.7522207880308,NE.TRD.GNFS.ZS
AUS,2009,trade_open,45.5936120867789,NE.TRD.GNFS.ZS
AUS,2010,trade_open,40.3905070860606,NE.TRD.GNFS.ZS
AUS,2011,trade_open,41.7219860149689,NE.TRD.GNFS.ZS
AUS,2012,trade_open,43.0198495527558,NE.TRD.GNFS.ZS
AUS,2013,trade_open,41.100511881056,NE.TRD.GNFS.ZS
AUS,2014,trade_open,42.2993095385282,NE.TRD.GNFS.ZS
AUS,2015,trade_open,41.4947506939901,NE.TRD.GNFS.ZS
AUS,2016,trade_open,40.813402217321,NE.TRD.GNFS.ZS
AUS,2017,trade_open,42.0354135251854,NE.TRD.GNFS.ZS
AUS,2018,trade_open,43.5732253645218,NE.TRD.GNFS.ZS
AUS,2019,trade_open,46.0016827052171,NE.TRD.GNFS.ZS
AUS,2020,trade_open,44.499564103879,NE.TRD.GNFS.ZS
AUS,2021,trade_open,40.2022359390595,NE.TRD.GNFS.ZS
AUS,2022,trade_open,45.6946418805752,NE.TRD.GNFS.ZS
AUS,2023,trade_open,49.044339318428,NE.TRD.GNFS.ZS
AUS,2024,trade_open,47.1453811065195,NE.TRD.GNFS.ZS
AUT,2000,trade_open,85.8426077336549,NE.TRD.GNFS.ZS
AUT,2001,trade_open,87.9962567186047,NE.TRD.GNFS.ZS
AUT,2002,trade_open,87.5844937054619,NE.TRD.GNFS.ZS
AUT,2003,trade_open,86.8822263228608,NE.TRD.GNFS.ZS
AUT,2004,trade_open,91.4742201880009,NE.TRD.GNFS.ZS
AUT,2005,trade_open,94.6747547827805,NE.TRD.GNFS.ZS
AUT,2006,trade_open,98.7857253161241,NE.TRD.GNFS.ZS
AUT,2007,trade_open,101.36495843546,NE.TRD.GNFS.ZS
AUT,2008,trade_open,102.7437043613,NE.TRD.GNFS.ZS
AUT,2009,trade_open,87.6004931021953,NE.TRD.GNFS.ZS
AUT,2010,trade_open,99.6448825546716,NE.TRD.GNFS.ZS
AUT,2011,trade_open,105.775098372378,NE.TRD.GNFS.ZS
AUT,2012,trade_open,105.840791389706,NE.TRD.GNFS.ZS
AUT,2013,trade_open,104.985374015367,NE.TRD.GNFS.ZS
AUT,2014,trade_open,104.49673998926,NE.TRD.GNFS.ZS
AUT,2015,trade_open,103.11758174626,NE.TRD.GNFS.ZS
AUT,2016,trade_open,101.573494597172,NE.TRD.GNFS.ZS
AUT,2017,trade_open,105.556066755438,NE.TRD.GNFS.ZS
AUT,2018,trade_open,108.377969971828,NE.TRD.GNFS.ZS
AUT,2019,trade_open,108.207284904426,NE.TRD.GNFS.ZS
AUT,2020,trade_open,99.9482141095975,NE.TRD.GNFS.ZS
AUT,2021,trade_open,111.032932124165,NE.TRD.GNFS.ZS
AUT,2022,trade_open,123.579578652902,NE.TRD.GNFS.ZS
AUT,2023,trade_open,115.152914822732,NE.TRD.GNFS.ZS
AUT,2024,trade_open,108.825777834405,NE.TRD.GNFS.ZS
BEL,2000,trade_open,142.230135067034,NE.TRD.GNFS.ZS
BEL,2001,trade_open,139.576839834619,NE.TRD.GNFS.ZS
BEL,2002,trade_open,136.085149488081,NE.TRD.GNFS.ZS
BEL,2003,trade_open,132.715552833888,NE.TRD.GNFS.ZS
BEL,2004,trade_open,136.918405348432,NE.TRD.GNFS.ZS
BEL,2005,trade_open,144.529050669983,NE.TRD.GNFS.ZS
BEL,2006,trade_open,149.567509299511,NE.TRD.GNFS.ZS
BEL,2007,trade_open,152.468446875303,NE.TRD.GNFS.ZS
BEL,2008,trade_open,161.088447790447,NE.TRD.GNFS.ZS
BEL,2009,trade_open,135.13840572229,NE.TRD.GNFS.ZS
BEL,2010,trade_open,150.162563621427,NE.TRD.GNFS.ZS
BEL,2011,trade_open,160.765516888126,NE.TRD.GNFS.ZS
BEL,2012,trade_open,160.383301425059,NE.TRD.GNFS.ZS
BEL,2013,trade_open,157.573622782434,NE.TRD.GNFS.ZS
BEL,2014,trade_open,158.571610953523,NE.TRD.GNFS.ZS
BEL,2015,trade_open,155.068682045926,NE.TRD.GNFS.ZS
BEL,2016,trade_open,159.057696611945,NE.TRD.GNFS.ZS
BEL,2017,trade_open,166.904078237791,NE.TRD.GNFS.ZS
BEL,2018,trade_open,168.277692877218,NE.TRD.GNFS.ZS
BEL,2019,trade_open,165.46547893199,NE.TRD.GNFS.ZS
BEL,2020,trade_open,156.950121282783,NE.TRD.GNFS.ZS
BEL,2021,trade_open,177.381912201075,NE.TRD.GNFS.ZS
BEL,2022,trade_open,191.053418131592,NE.TRD.GNFS.ZS
BEL,2023,trade_open,165.987440736442,NE.TRD.GNFS.ZS
BEL,2024,trade_open,159.023481148927,NE.TRD.GNFS.ZS
CAN,2000,trade_open,82.7653578503214,NE.TRD.GNFS.ZS
CAN,2001,trade_open,78.3442183943698,NE.TRD.GNFS.ZS
CAN,2002,trade_open,75.7069052324349,NE.TRD.GNFS.ZS
CAN,2003,trade_open,69.8399832953973,NE.TRD.GNFS.ZS
CAN,2004,trade_open,70.1923674409029,NE.TRD.GNFS.ZS
CAN,2005,trade_open,69.7585441602155,NE.TRD.GNFS.ZS
CAN,2006,trade_open,68.0508003453151,NE.TRD.GNFS.ZS
CAN,2007,trade_open,66.2834197482347,NE.TRD.GNFS.ZS
CAN,2008,trade_open,67.023446571123,NE.TRD.GNFS.ZS
CAN,2009,trade_open,58.4742801830543,NE.TRD.GNFS.ZS
CAN,2010,trade_open,60.2079046752442,NE.TRD.GNFS.ZS
CAN,2011,trade_open,62.4984217100546,NE.TRD.GNFS.ZS
CAN,2012,trade_open,62.5957887432013,NE.TRD.GNFS.ZS
CAN,2013,trade_open,62.2315329073432,NE.TRD.GNFS.ZS
CAN,2014,trade_open,64.3785976132125,NE.TRD.GNFS.ZS
CAN,2015,trade_open,66.1648355844224,NE.TRD.GNFS.ZS
CAN,2016,trade_open,65.3636199818813,NE.TRD.GNFS.ZS
CAN,2017,trade_open,65.1009087910845,NE.TRD.GNFS.ZS
CAN,2018,trade_open,66.59982627163,NE.TRD.GNFS.ZS
CAN,2019,trade_open,66.1713422730605,NE.TRD.GNFS.ZS
CAN,2020,trade_open,61.1566883386797,NE.TRD.GNFS.ZS
CAN,2021,trade_open,62.2468612630348,NE.TRD.GNFS.ZS
CAN,2022,trade_open,66.9531620692051,NE.TRD.GNFS.ZS
CAN,2023,trade_open,66.5745425015033,NE.TRD.GNFS.ZS
CAN,2024,trade_open,65.1214987304374,NE.TRD.GNFS.ZS
CHE,2000,trade_open,97.3533027751465,NE.TRD.GNFS.ZS
CHE,2001,trade_open,95.2126294750525,NE.TRD.GNFS.ZS
CHE,2002,trade_open,90.8996540981166,NE.TRD.GNFS.ZS
CHE,2003,trade_open,89.7492121342442,NE.TRD.GNFS.ZS
CHE,2004,trade_open,95.0327601603667,NE.TRD.GNFS.ZS
CHE,2005,trade_open,101.668892487876,NE.TRD.GNFS.ZS
CHE,2006,trade_open,105.761916866753,NE.TRD.GNFS.ZS
CHE,2007,trade_open,112.709971761703,NE.TRD.GNFS.ZS
CHE,2008,trade_open,116.342641744869,NE.TRD.GNFS.ZS
CHE,2009,trade_open,109.062731270231,NE.TRD.GNFS.ZS
CHE,2010,trade_open,119.202460523177,NE.TRD.GNFS.ZS
CHE,2011,trade_open,125.047367558638,NE.TRD.GNFS.ZS
CHE,2012,trade_open,125.865940588688,NE.TRD.GNFS.ZS
CHE,2013,trade_open,132.800535321539,NE.TRD.GNFS.ZS
CHE,2014,trade_open,119.230530793932,NE.TRD.GNFS.ZS
CHE,2015,trade_open,116.370019931647,NE.TRD.GNFS.ZS
CHE,2016,trade_open,122.941735178779,NE.TRD.GNFS.ZS
CHE,2017,trade_open,122.948395589146,NE.TRD.GNFS.ZS
CHE,2018,trade_open,123.499829706856,NE.TRD.GNFS.ZS
CHE,2019,trade_open,123.022509832864,NE.TRD.GNFS.ZS
CHE,2020,trade_open,121.451100609762,NE.TRD.GNFS.ZS
CHE,2021,trade_open,128.004119652561,NE.TRD.GNFS.ZS
CHE,2022,trade_open,136.235871048363,NE.TRD.GNFS.ZS
CHE,2023,trade_open,129.7371945484,NE.TRD.GNFS.ZS
CHE,2024,trade_open,130.354516041578,NE.TRD.GNFS.ZS
CHL,2000,trade_open,58.7119233335812,NE.TRD.GNFS.ZS
CHL,2001,trade_open,62.144766332768,NE.TRD.GNFS.ZS
CHL,2002,trade_open,62.4838547414591,NE.TRD.GNFS.ZS
CHL,2003,trade_open,65.6934161956491,NE.TRD.GNFS.ZS
CHL,2004,trade_open,69.8893603825954,NE.TRD.GNFS.ZS
CHL,2005,trade_open,72.062533372953,NE.TRD.GNFS.ZS
CHL,2006,trade_open,73.7116341203328,NE.TRD.GNFS.ZS
CHL,2007,trade_open,76.9770240591423,NE.TRD.GNFS.ZS
CHL,2008,trade_open,80.676626653784,NE.TRD.GNFS.ZS
CHL,2009,trade_open,66.6860312494996,NE.TRD.GNFS.ZS
CHL,2010,trade_open,69.7176802332624,NE.TRD.GNFS.ZS
CHL,2011,trade_open,72.481642209343,NE.TRD.GNFS.ZS
CHL,2012,trade_open,68.1561435339271,NE.TRD.GNFS.ZS
CHL,2013,trade_open,65.1432877063737,NE.TRD.GNFS.ZS
CHL,2014,trade_open,65.6346274347707,NE.TRD.GNFS.ZS
CHL,2015,trade_open,59.3491105681231,NE.TRD.GNFS.ZS
CHL,2016,trade_open,56.0578603070995,NE.TRD.GNFS.ZS
CHL,2017,trade_open,56.0261586393213,NE.TRD.GNFS.ZS
CHL,2018,trade_open,58.1770513035882,NE.TRD.GNFS.ZS
CHL,2019,trade_open,57.6069157856537,NE.TRD.GNFS.ZS
CHL,2020,trade_open,58.1687693933374,NE.TRD.GNFS.ZS
CHL,2021,trade_open,64.8399924791736,NE.TRD.GNFS.ZS
CHL,2022,trade_open,75.2334197533759,NE.TRD.GNFS.ZS
CHL,2023,trade_open,60.6766444736157,NE.TRD.GNFS.ZS
CHL,2024,trade_open,63.9577465302563,NE.TRD.GNFS.ZS
CHN,2000,trade_open,39.0109424774998,NE.TRD.GNFS.ZS
CHN,2001,trade_open,38.0826469518334,NE.TRD.GNFS.ZS
CHN,2002,trade_open,42.1944423387413,NE.TRD.GNFS.ZS
CHN,2003,trade_open,51.0774801301803,NE.TRD.GNFS.ZS
CHN,2004,trade_open,58.6403340408439,NE.TRD.GNFS.ZS
CHN,2005,trade_open,61.3600749408237,NE.TRD.GNFS.ZS
CHN,2006,trade_open,63.5695798621627,NE.TRD.GNFS.ZS
CHN,2007,trade_open,61.2664640006176,NE.TRD.GNFS.ZS
CHN,2008,trade_open,56.7111330003209,NE.TRD.GNFS.ZS
CHN,2009,trade_open,44.4197644331119,NE.TRD.GNFS.ZS
CHN,2010,trade_open,49.8540722338977,NE.TRD.GNFS.ZS
CHN,2011,trade_open,49.9458272253643,NE.TRD.GNFS.ZS
CHN,2012,trade_open,47.4802130784317,NE.TRD.GNFS.ZS
CHN,2013,trade_open,45.9160413795571,NE.TRD.GNFS.ZS
CHN,2014,trade_open,44.0684564812532,NE.TRD.GNFS.ZS
CHN,2015,trade_open,38.6971848362625,NE.TRD.GNFS.ZS
CHN,2016,trade_open,36.177170692978,NE.TRD.GNFS.ZS
CHN,2017,trade_open,36.95085261586,NE.TRD.GNFS.ZS
CHN,2018,trade_open,36.8943843914718,NE.TRD.GNFS.ZS
CHN,2019,trade_open,35.4544350281407,NE.TRD.GNFS.ZS
CHN,2020,trade_open,34.337778473884,NE.TRD.GNFS.ZS
CHN,2021,trade_open,36.6428789643754,NE.TRD.GNFS.ZS
CHN,2022,trade_open,37.512555678171,NE.TRD.GNFS.ZS
CHN,2023,trade_open,36.7391496938394,NE.TRD.GNFS.ZS
CHN,2024,trade_open,37.9560601372544,NE.TRD.GNFS.ZS
COL,2000,trade_open,32.6670854693067,NE.TRD.GNFS.ZS
COL,2001,trade_open,33.9011117949445,NE.TRD.GNFS.ZS
COL,2002,trade_open,32.9826392144234,NE.TRD.GNFS.ZS
COL,2003,trade_open,36.51618351723,NE.TRD.GNFS.ZS
COL,2004,trade_open,35.8634269337995,NE.TRD.GNFS.ZS
COL,2005,trade_open,37.422697494955,NE.TRD.GNFS.ZS
COL,2006,trade_open,39.6413559606293,NE.TRD.GNFS.ZS
COL,2007,trade_open,37.0988970982903,NE.TRD.GNFS.ZS
COL,2008,trade_open,39.1676494164355,NE.TRD.GNFS.ZS
COL,2009,trade_open,35.1561285074585,NE.TRD.GNFS.ZS
COL,2010,trade_open,34.2646031687681,NE.TRD.GNFS.ZS
COL,2011,trade_open,39.4704235545367,NE.TRD.GNFS.ZS
COL,2012,trade_open,38.835151018669,NE.TRD.GNFS.ZS
COL,2013,trade_open,37.9866487978457,NE.TRD.GNFS.ZS
COL,2014,trade_open,37.4874656411103,NE.TRD.GNFS.ZS
COL,2015,trade_open,38.3607641184453,NE.TRD.GNFS.ZS
COL,2016,trade_open,36.202652984202,NE.TRD.GNFS.ZS
COL,2017,trade_open,35.2829149424588,NE.TRD.GNFS.ZS
COL,2018,trade_open,36.5347527968973,NE.TRD.GNFS.ZS
COL,2019,trade_open,37.558533980839,NE.TRD.GNFS.ZS
COL,2020,trade_open,34.0555709680101,NE.TRD.GNFS.ZS
COL,2021,trade_open,40.0591463936128,NE.TRD.GNFS.ZS
COL,2022,trade_open,48.2826551123359,NE.TRD.GNFS.ZS
COL,2023,trade_open,40.1333165322581,NE.TRD.GNFS.ZS
COL,2024,trade_open,36.3179938785373,NE.TRD.GNFS.ZS
CRI,2000,trade_open,86.5249233826171,NE.TRD.GNFS.ZS
CRI,2001,trade_open,80.8527575070405,NE.TRD.GNFS.ZS
CRI,2002,trade_open,80.4139436754132,NE.TRD.GNFS.ZS
CRI,2003,trade_open,83.3277075502937,NE.TRD.GNFS.ZS
CRI,2004,trade_open,85.2564775039755,NE.TRD.GNFS.ZS
CRI,2005,trade_open,89.2226646399546,NE.TRD.GNFS.ZS
CRI,2006,trade_open,89.814554322106,NE.TRD.GNFS.ZS
CRI,2007,trade_open,86.4565956113537,NE.TRD.GNFS.ZS
CRI,2008,trade_open,86.4015124904847,NE.TRD.GNFS.ZS
CRI,2009,trade_open,69.7593172897331,NE.TRD.GNFS.ZS
CRI,2010,trade_open,67.5120894036891,NE.TRD.GNFS.ZS
CRI,2011,trade_open,68.6391459050112,NE.TRD.GNFS.ZS
CRI,2012,trade_open,67.0485391393947,NE.TRD.GNFS.ZS
CRI,2013,trade_open,64.0664108162845,NE.TRD.GNFS.ZS
CRI,2014,trade_open,65.1912422181011,NE.TRD.GNFS.ZS
CRI,2015,trade_open,60.7535621474841,NE.TRD.GNFS.ZS
CRI,2016,trade_open,62.178478293067,NE.TRD.GNFS.ZS
CRI,2017,trade_open,65.0719536997344,NE.TRD.GNFS.ZS
CRI,2018,trade_open,66.7874137887726,NE.TRD.GNFS.ZS
CRI,2019,trade_open,65.4194732486775,NE.TRD.GNFS.ZS
CRI,2020,trade_open,59.7463550719484,NE.TRD.GNFS.ZS
CRI,2021,trade_open,70.103693305909,NE.TRD.GNFS.ZS
CRI,2022,trade_open,79.0523903153884,NE.TRD.GNFS.ZS
CRI,2023,trade_open,71.4380310340536,NE.TRD.GNFS.ZS
CRI,2024,trade_open,69.8533786394509,NE.TRD.GNFS.ZS
CZE,2000,trade_open,97.4983956327874,NE.TRD.GNFS.ZS
CZE,2001,trade_open,98.5368737300189,NE.TRD.GNFS.ZS
CZE,2002,trade_open,90.8792715456582,NE.TRD.GNFS.ZS
CZE,2003,trade_open,94.6468600665608,NE.TRD.GNFS.ZS
CZE,2004,trade_open,113.173975970415,NE.TRD.GNFS.ZS
CZE,2005,trade_open,121.191287316105,NE.TRD.GNFS.ZS
CZE,2006,trade_open,127.051015055016,NE.TRD.GNFS.ZS
CZE,2007,trade_open,129.876739504889,NE.TRD.GNFS.ZS
CZE,2008,trade_open,123.904809929948,NE.TRD.GNFS.ZS
CZE,2009,trade_open,113.049254784875,NE.TRD.GNFS.ZS
CZE,2010,trade_open,126.756480116798,NE.TRD.GNFS.ZS
CZE,2011,trade_open,136.750855542438,NE.TRD.GNFS.ZS
CZE,2012,trade_open,145.480195396935,NE.TRD.GNFS.ZS
CZE,2013,trade_open,145.502230624961,NE.TRD.GNFS.ZS
CZE,2014,trade_open,156.415122826886,NE.TRD.GNFS.ZS
CZE,2015,trade_open,154.018400997633,NE.TRD.GNFS.ZS
CZE,2016,trade_open,148.547004664435,NE.TRD.GNFS.ZS
CZE,2017,trade_open,147.750834854762,NE.TRD.GNFS.ZS
CZE,2018,trade_open,145.141717890789,NE.TRD.GNFS.ZS
CZE,2019,trade_open,138.154609993871,NE.TRD.GNFS.ZS
CZE,2020,trade_open,128.780430305965,NE.TRD.GNFS.ZS
CZE,2021,trade_open,137.378116302868,NE.TRD.GNFS.ZS
CZE,2022,trade_open,144.011494109397,NE.TRD.GNFS.ZS
CZE,2023,trade_open,131.892598295876,NE.TRD.GNFS.ZS
CZE,2024,trade_open,131.466608125579,NE.TRD.GNFS.ZS
DEU,2000,trade_open,59.1955992975405,NE.TRD.GNFS.ZS
DEU,2001,trade_open,59.5592863682118,NE.TRD.GNFS.ZS
DEU,2002,trade_open,58.3325687248129,NE.TRD.GNFS.ZS
DEU,2003,trade_open,58.9145442942507,NE.TRD.GNFS.ZS
DEU,2004,trade_open,62.9064909465164,NE.TRD.GNFS.ZS
DEU,2005,trade_open,66.9531024934321,NE.TRD.GNFS.ZS
DEU,2006,trade_open,72.7591934646234,NE.TRD.GNFS.ZS
DEU,2007,trade_open,74.8838416816798,NE.TRD.GNFS.ZS
DEU,2008,trade_open,76.1131665945746,NE.TRD.GNFS.ZS
DEU,2009,trade_open,66.1391275757126,NE.TRD.GNFS.ZS
DEU,2010,trade_open,73.8852351200263,NE.TRD.GNFS.ZS
DEU,2011,trade_open,78.433002901442,NE.TRD.GNFS.ZS
DEU,2012,trade_open,79.3316495670315,NE.TRD.GNFS.ZS
DEU,2013,trade_open,77.5860288576931,NE.TRD.GNFS.ZS
DEU,2014,trade_open,76.8483516336234,NE.TRD.GNFS.ZS
DEU,2015,trade_open,77.7565815686922,NE.TRD.GNFS.ZS
DEU,2016,trade_open,76.0059902166055,NE.TRD.GNFS.ZS
DEU,2017,trade_open,77.4548394742448,NE.TRD.GNFS.ZS
DEU,2018,trade_open,79.1252260463654,NE.TRD.GNFS.ZS
DEU,2019,trade_open,79.0732427175683,NE.TRD.GNFS.ZS
DEU,2020,trade_open,72.9335327120137,NE.TRD.GNFS.ZS
DEU,2021,trade_open,79.9195348609851,NE.TRD.GNFS.ZS
DEU,2022,trade_open,88.7857542130501,NE.TRD.GNFS.ZS
DEU,2023,trade_open,81.9625483787634,NE.TRD.GNFS.ZS
DEU,2024,trade_open,79.0907305894936,NE.TRD.GNFS.ZS
DNK,2000,trade_open,83.0420859548864,NE.TRD.GNFS.ZS
DNK,2001,trade_open,83.922664599029,NE.TRD.GNFS.ZS
DNK,2002,trade_open,84.4845925538271,NE.TRD.GNFS.ZS
DNK,2003,trade_open,80.7613001763544,NE.TRD.GNFS.ZS
DNK,2004,trade_open,82.0077308240144,NE.TRD.GNFS.ZS
DNK,2005,trade_open,89.3987952460671,NE.TRD.GNFS.ZS
DNK,2006,trade_open,97.4298607727841,NE.TRD.GNFS.ZS
DNK,2007,trade_open,100.047674594039,NE.TRD.GNFS.ZS
DNK,2008,trade_open,104.470310168489,NE.TRD.GNFS.ZS
DNK,2009,trade_open,89.3948566562728,NE.TRD.GNFS.ZS
DNK,2010,trade_open,94.3877282319057,NE.TRD.GNFS.ZS
DNK,2011,trade_open,102.012930474308,NE.TRD.GNFS.ZS
DNK,2012,trade_open,104.362280505171,NE.TRD.GNFS.ZS
DNK,2013,trade_open,103.612813249189,NE.TRD.GNFS.ZS
DNK,2014,trade_open,103.210859225139,NE.TRD.GNFS.ZS
DNK,2015,trade_open,105.130362453899,NE.TRD.GNFS.ZS
DNK,2016,trade_open,101.452783808643,NE.TRD.GNFS.ZS
DNK,2017,trade_open,104.215676920442,NE.TRD.GNFS.ZS
DNK,2018,trade_open,108.813985501909,NE.TRD.GNFS.ZS
DNK,2019,trade_open,111.891475065653,NE.TRD.GNFS.ZS
DNK,2020,trade_open,104.433432671151,NE.TRD.GNFS.ZS
DNK,2021,trade_open,112.321472697291,NE.TRD.GNFS.ZS
DNK,2022,trade_open,131.995824909071,NE.TRD.GNFS.ZS
DNK,2023,trade_open,129.625337431278,NE.TRD.GNFS.ZS
DNK,2024,trade_open,131.765030975207,NE.TRD.GNFS.ZS
ESP,2000,trade_open,60.1216241049216,NE.TRD.GNFS.ZS
ESP,2001,trade_open,58.0138895625701,NE.TRD.GNFS.ZS
ESP,2002,trade_open,55.1021415309759,NE.TRD.GNFS.ZS
ESP,2003,trade_open,53.4357897202258,NE.TRD.GNFS.ZS
ESP,2004,trade_open,54.4795182656074,NE.TRD.GNFS.ZS
ESP,2005,trade_open,54.6991667043772,NE.TRD.GNFS.ZS
ESP,2006,trade_open,56.0839263823216,NE.TRD.GNFS.ZS
ESP,2007,trade_open,57.6269487657546,NE.TRD.GNFS.ZS
ESP,2008,trade_open,55.8281315172523,NE.TRD.GNFS.ZS
ESP,2009,trade_open,46.8366899971109,NE.TRD.GNFS.ZS
ESP,2010,trade_open,52.6933699734019,NE.TRD.GNFS.ZS
ESP,2011,trade_open,58.5118228859632,NE.TRD.GNFS.ZS
ESP,2012,trade_open,60.5540346961864,NE.TRD.GNFS.ZS
ESP,2013,trade_open,61.6687726441327,NE.TRD.GNFS.ZS
ESP,2014,trade_open,63.39926213895,NE.TRD.GNFS.ZS
ESP,2015,trade_open,63.5820412248232,NE.TRD.GNFS.ZS
ESP,2016,trade_open,63.1886778507294,NE.TRD.GNFS.ZS
ESP,2017,trade_open,66.167446137857,NE.TRD.GNFS.ZS
ESP,2018,trade_open,67.0094103982921,NE.TRD.GNFS.ZS
ESP,2019,trade_open,66.3662250440692,NE.TRD.GNFS.ZS
ESP,2020,trade_open,59.4461280147076,NE.TRD.GNFS.ZS
ESP,2021,trade_open,66.524588943191,NE.TRD.GNFS.ZS
ESP,2022,trade_open,78.4657338703054,NE.TRD.GNFS.ZS
ESP,2023,trade_open,71.7976366055733,NE.TRD.GNFS.ZS
ESP,2024,trade_open,69.9502612382631,NE.TRD.GNFS.ZS
EST,2000,trade_open,126.495626368659,NE.TRD.GNFS.ZS
EST,2001,trade_open,126.546640067292,NE.TRD.GNFS.ZS
EST,2002,trade_open,123.28234538757,NE.TRD.GNFS.ZS
EST,2003,trade_open,122.744772807796,NE.TRD.GNFS.ZS
EST,2004,trade_open,129.949500077661,NE.TRD.GNFS.ZS
EST,2005,trade_open,135.912792115107,NE.TRD.GNFS.ZS
EST,2006,trade_open,136.620737662645,NE.TRD.GNFS.ZS
EST,2007,trade_open,133.980829235754,NE.TRD.GNFS.ZS
EST,2008,trade_open,136.681988157836,NE.TRD.GNFS.ZS
EST,2009,trade_open,116.759079859802,NE.TRD.GNFS.ZS
EST,2010,trade_open,143.671762256978,NE.TRD.GNFS.ZS
EST,2011,trade_open,166.7460724339,NE.TRD.GNFS.ZS
EST,2012,trade_open,169.156067773865,NE.TRD.GNFS.ZS
EST,2013,trade_open,164.601632156916,NE.TRD.GNFS.ZS
EST,2014,trade_open,157.953944842229,NE.TRD.GNFS.ZS
EST,2015,trade_open,148.507157123558,NE.TRD.GNFS.ZS
EST,2016,trade_open,147.7462327097,NE.TRD.GNFS.ZS
EST,2017,trade_open,144.635650944133,NE.TRD.GNFS.ZS
EST,2018,trade_open,143.485224864735,NE.TRD.GNFS.ZS
EST,2019,trade_open,140.352147998549,NE.TRD.GNFS.ZS
EST,2020,trade_open,137.392641283846,NE.TRD.GNFS.ZS
EST,2021,trade_open,160.471922305927,NE.TRD.GNFS.ZS
EST,2022,trade_open,175.68711950524,NE.TRD.GNFS.ZS
EST,2023,trade_open,154.592617111149,NE.TRD.GNFS.ZS
EST,2024,trade_open,151.037702410455,NE.TRD.GNFS.ZS
FIN,2000,trade_open,74.9255788717317,NE.TRD.GNFS.ZS
FIN,2001,trade_open,70.2841376639721,NE.TRD.GNFS.ZS
FIN,2002,trade_open,69.3209377526273,NE.TRD.GNFS.ZS
FIN,2003,trade_open,68.0715029595159,NE.TRD.GNFS.ZS
FIN,2004,trade_open,70.967802899062,NE.TRD.GNFS.ZS
FIN,2005,trade_open,76.5889740444293,NE.TRD.GNFS.ZS
FIN,2006,trade_open,82.0005669294983,NE.TRD.GNFS.ZS
FIN,2007,trade_open,82.8631608209175,NE.TRD.GNFS.ZS
FIN,2008,trade_open,86.1896598765527,NE.TRD.GNFS.ZS
FIN,2009,trade_open,70.1279335295898,NE.TRD.GNFS.ZS
FIN,2010,trade_open,75.4612085231229,NE.TRD.GNFS.ZS
FIN,2011,trade_open,78.7159444486606,NE.TRD.GNFS.ZS
FIN,2012,trade_open,79.4303765882482,NE.TRD.GNFS.ZS
FIN,2013,trade_open,77.485171771574,NE.TRD.GNFS.ZS
FIN,2014,trade_open,74.6277719754196,NE.TRD.GNFS.ZS
FIN,2015,trade_open,71.9618253787014,NE.TRD.GNFS.ZS
FIN,2016,trade_open,71.7222101178859,NE.TRD.GNFS.ZS
FIN,2017,trade_open,75.9387822310041,NE.TRD.GNFS.ZS
FIN,2018,trade_open,79.1436148422846,NE.TRD.GNFS.ZS
FIN,2019,trade_open,80.5641502947367,NE.TRD.GNFS.ZS
FIN,2020,trade_open,72.1845955995888,NE.TRD.GNFS.ZS
FIN,2021,trade_open,79.7892781913782,NE.TRD.GNFS.ZS
FIN,2022,trade_open,94.5625340522667,NE.TRD.GNFS.ZS
FIN,2023,trade_open,85.5141847218915,NE.TRD.GNFS.ZS
FIN,2024,trade_open,83.4510295550974,NE.TRD.GNFS.ZS
FRA,2000,trade_open,57.7860470318197,NE.TRD.GNFS.ZS
FRA,2001,trade_open,56.8932328560722,NE.TRD.GNFS.ZS
FRA,2002,trade_open,55.1325248503102,NE.TRD.GNFS.ZS
FRA,2003,trade_open,52.5988822870657,NE.TRD.GNFS.ZS
FRA,2004,trade_open,53.7497648292028,NE.TRD.GNFS.ZS
FRA,2005,trade_open,55.8228361241299,NE.TRD.GNFS.ZS
FRA,2006,trade_open,57.8692775292673,NE.TRD.GNFS.ZS
FRA,2007,trade_open,58.1525611309659,NE.TRD.GNFS.ZS
FRA,2008,trade_open,59.1797928411748,NE.TRD.GNFS.ZS
FRA,2009,trade_open,52.1991123027613,NE.TRD.GNFS.ZS
FRA,2010,trade_open,56.587555247796,NE.TRD.GNFS.ZS
FRA,2011,trade_open,60.6056354816406,NE.TRD.GNFS.ZS
FRA,2012,trade_open,61.6589570771102,NE.TRD.GNFS.ZS
FRA,2013,trade_open,61.8192338733962,NE.TRD.GNFS.ZS
FRA,2014,trade_open,62.1992669379507,NE.TRD.GNFS.ZS
FRA,2015,trade_open,63.5046871956484,NE.TRD.GNFS.ZS
FRA,2016,trade_open,63.3427564383351,NE.TRD.GNFS.ZS
FRA,2017,trade_open,65.3958481559711,NE.TRD.GNFS.ZS
FRA,2018,trade_open,66.8022607812266,NE.TRD.GNFS.ZS
FRA,2019,trade_open,66.4289607281749,NE.TRD.GNFS.ZS
FRA,2020,trade_open,58.8388907240647,NE.TRD.GNFS.ZS
FRA,2021,trade_open,63.788482630872,NE.TRD.GNFS.ZS
FRA,2022,trade_open,75.9630077981996,NE.TRD.GNFS.ZS
FRA,2023,trade_open,70.6261450610225,NE.TRD.GNFS.ZS
FRA,2024,trade_open,68.1081875443744,NE.TRD.GNFS.ZS
GBR,2000,trade_open,52.3380212335903,NE.TRD.GNFS.ZS
GBR,2001,trade_open,52.6342367336438,NE.TRD.GNFS.ZS
GBR,2002,trade_open,51.2361820991323,NE.TRD.GNFS.ZS
GBR,2003,trade_open,50.0681187039704,NE.TRD.GNFS.ZS
GBR,2004,trade_open,50.2885521756133,NE.TRD.GNFS.ZS
GBR,2005,trade_open,52.5442740383211,NE.TRD.GNFS.ZS
GBR,2006,trade_open,56.7047791729812,NE.TRD.GNFS.ZS
GBR,2007,trade_open,52.7493524964733,NE.TRD.GNFS.ZS
GBR,2008,trade_open,56.4365501052604,NE.TRD.GNFS.ZS
GBR,2009,trade_open,54.6537301085991,NE.TRD.GNFS.ZS
GBR,2010,trade_open,59.0511802227821,NE.TRD.GNFS.ZS
GBR,2011,trade_open,63.3240615708901,NE.TRD.GNFS.ZS
GBR,2012,trade_open,61.9688704472535,NE.TRD.GNFS.ZS
GBR,2013,trade_open,61.7195395154583,NE.TRD.GNFS.ZS
GBR,2014,trade_open,58.8210228333296,NE.TRD.GNFS.ZS
GBR,2015,trade_open,57.125044605439,NE.TRD.GNFS.ZS
GBR,2016,trade_open,59.8395315138259,NE.TRD.GNFS.ZS
GBR,2017,trade_open,63.1899245764158,NE.TRD.GNFS.ZS
GBR,2018,trade_open,64.9097721959201,NE.TRD.GNFS.ZS
GBR,2019,trade_open,65.0035664177054,NE.TRD.GNFS.ZS
GBR,2020,trade_open,59.1598893030611,NE.TRD.GNFS.ZS
GBR,2021,trade_open,58.53838629291,NE.TRD.GNFS.ZS
GBR,2022,trade_open,69.1989264413981,NE.TRD.GNFS.ZS
GBR,2023,trade_open,64.9923841747803,NE.TRD.GNFS.ZS
GBR,2024,trade_open,62.839052044584,NE.TRD.GNFS.ZS
GRC,2000,trade_open,59.1126577488086,NE.TRD.GNFS.ZS
GRC,2001,trade_open,56.8576339551067,NE.TRD.GNFS.ZS
GRC,2002,trade_open,50.0533371904633,NE.TRD.GNFS.ZS
GRC,2003,trade_open,47.8943121550822,NE.TRD.GNFS.ZS
GRC,2004,trade_open,49.825317672568,NE.TRD.GNFS.ZS
GRC,2005,trade_open,50.3555334391407,NE.TRD.GNFS.ZS
GRC,2006,trade_open,51.1047465834807,NE.TRD.GNFS.ZS
GRC,2007,trade_open,54.5256818189044,NE.TRD.GNFS.ZS
GRC,2008,trade_open,57.1052836264926,NE.TRD.GNFS.ZS
GRC,2009,trade_open,46.3779593986083,NE.TRD.GNFS.ZS
GRC,2010,trade_open,50.9225181997227,NE.TRD.GNFS.ZS
GRC,2011,trade_open,56.2929957941907,NE.TRD.GNFS.ZS
GRC,2012,trade_open,62.3942117351318,NE.TRD.GNFS.ZS
GRC,2013,trade_open,62.9547272215374,NE.TRD.GNFS.ZS
GRC,2014,trade_open,66.4335364513677,NE.TRD.GNFS.ZS
GRC,2015,trade_open,65.2716454619318,NE.TRD.GNFS.ZS
GRC,2016,trade_open,63.6575490882866,NE.TRD.GNFS.ZS
GRC,2017,trade_open,70.8824967397253,NE.TRD.GNFS.ZS
GRC,2018,trade_open,79.2379908638706,NE.TRD.GNFS.ZS
GRC,2019,trade_open,80.5900949510457,NE.TRD.GNFS.ZS
GRC,2020,trade_open,70.2937464580745,NE.TRD.GNFS.ZS
GRC,2021,trade_open,88.0126654490379,NE.TRD.GNFS.ZS
GRC,2022,trade_open,108.121843229922,NE.TRD.GNFS.ZS
GRC,2023,trade_open,92.4710882947018,NE.TRD.GNFS.ZS
GRC,2024,trade_open,89.7765279446168,NE.TRD.GNFS.ZS
HUN,2000,trade_open,137.26231309347,NE.TRD.GNFS.ZS
HUN,2001,trade_open,130.903714236387,NE.TRD.GNFS.ZS
HUN,2002,trade_open,118.269335242555,NE.TRD.GNFS.ZS
HUN,2003,trade_open,116.787088540862,NE.TRD.GNFS.ZS
HUN,2004,trade_open,123.615686104174,NE.TRD.GNFS.ZS
HUN,2005,trade_open,128.004810647538,NE.TRD.GNFS.ZS
HUN,2006,trade_open,149.231531568461,NE.TRD.GNFS.ZS
HUN,2007,trade_open,155.60143236807,NE.TRD.GNFS.ZS
HUN,2008,trade_open,158.453224115619,NE.TRD.GNFS.ZS
HUN,2009,trade_open,145.30587733019,NE.TRD.GNFS.ZS
HUN,2010,trade_open,157.838960085896,NE.TRD.GNFS.ZS
HUN,2011,trade_open,166.754347209897,NE.TRD.GNFS.ZS
HUN,2012,trade_open,166.17569860957,NE.TRD.GNFS.ZS
HUN,2013,trade_open,164.476024791467,NE.TRD.GNFS.ZS
HUN,2014,trade_open,168.358355086413,NE.TRD.GNFS.ZS
HUN,2015,trade_open,167.290738494524,NE.TRD.GNFS.ZS
HUN,2016,trade_open,163.97194450015,NE.TRD.GNFS.ZS
HUN,2017,trade_open,165.032855840268,NE.TRD.GNFS.ZS
HUN,2018,trade_open,162.700858777925,NE.TRD.GNFS.ZS
HUN,2019,trade_open,159.925556464831,NE.TRD.GNFS.ZS
HUN,2020,trade_open,154.527002936377,NE.TRD.GNFS.ZS
HUN,2021,trade_open,159.187527332834,NE.TRD.GNFS.ZS
HUN,2022,trade_open,184.969952581351,NE.TRD.GNFS.ZS
HUN,2023,trade_open,158.618825607913,NE.TRD.GNFS.ZS
HUN,2024,trade_open,147.926666538068,NE.TRD.GNFS.ZS
IRL,2000,trade_open,174.954518071287,NE.TRD.GNFS.ZS
IRL,2001,trade_open,174.840711101871,NE.TRD.GNFS.ZS
IRL,2002,trade_open,163.719329359615,NE.TRD.GNFS.ZS
IRL,2003,trade_open,146.531474021275,NE.TRD.GNFS.ZS
IRL,2004,trade_open,146.587496370071,NE.TRD.GNFS.ZS
IRL,2005,trade_open,148.175564253129,NE.TRD.GNFS.ZS
IRL,2006,trade_open,150.021785809265,NE.TRD.GNFS.ZS
IRL,2007,trade_open,153.396847068025,NE.TRD.GNFS.ZS
IRL,2008,trade_open,160.039420132474,NE.TRD.GNFS.ZS
IRL,2009,trade_open,173.591474874665,NE.TRD.GNFS.ZS
IRL,2010,trade_open,190.08027278672,NE.TRD.GNFS.ZS
IRL,2011,trade_open,186.304879179038,NE.TRD.GNFS.ZS
IRL,2012,trade_open,190.355682317985,NE.TRD.GNFS.ZS
IRL,2013,trade_open,199.742586224446,NE.TRD.GNFS.ZS
IRL,2014,trade_open,211.181602002085,NE.TRD.GNFS.ZS
IRL,2015,trade_open,223.702938290642,NE.TRD.GNFS.ZS
IRL,2016,trade_open,239.708527798768,NE.TRD.GNFS.ZS
IRL,2017,trade_open,233.304083346711,NE.TRD.GNFS.ZS
IRL,2018,trade_open,222.453716000399,NE.TRD.GNFS.ZS
IRL,2019,trade_open,257.652772910421,NE.TRD.GNFS.ZS
IRL,2020,trade_open,258.780437026252,NE.TRD.GNFS.ZS
IRL,2021,trade_open,231.032350863586,NE.TRD.GNFS.ZS
IRL,2022,trade_open,237.755419559378,NE.TRD.GNFS.ZS
IRL,2023,trade_open,239.649627585111,NE.TRD.GNFS.ZS
IRL,2024,trade_open,246.169874857401,NE.TRD.GNFS.ZS
ISL,2000,trade_open,70.2477741981669,NE.TRD.GNFS.ZS
ISL,2001,trade_open,73.9395325755249,NE.TRD.GNFS.ZS
ISL,2002,trade_open,68.7108314689249,NE.TRD.GNFS.ZS
ISL,2003,trade_open,67.4009987460124,NE.TRD.GNFS.ZS
ISL,2004,trade_open,69.7326204452496,NE.TRD.GNFS.ZS
ISL,2005,trade_open,71.2106793861355,NE.TRD.GNFS.ZS
ISL,2006,trade_open,76.6308537686708,NE.TRD.GNFS.ZS
ISL,2007,trade_open,73.6249668831341,NE.TRD.GNFS.ZS
ISL,2008,trade_open,81.9027481853952,NE.TRD.GNFS.ZS
ISL,2009,trade_open,89.00144405735,NE.TRD.GNFS.ZS
ISL,2010,trade_open,92.4901528110187,NE.TRD.GNFS.ZS
ISL,2011,trade_open,100.133252648313,NE.TRD.GNFS.ZS
ISL,2012,trade_open,102.433137099998,NE.TRD.GNFS.ZS
ISL,2013,trade_open,97.6980221861272,NE.TRD.GNFS.ZS
ISL,2014,trade_open,95.2879194201667,NE.TRD.GNFS.ZS
ISL,2015,trade_open,94.8888027460231,NE.TRD.GNFS.ZS
ISL,2016,trade_open,87.7600165983392,NE.TRD.GNFS.ZS
ISL,2017,trade_open,86.3585336945067,NE.TRD.GNFS.ZS
ISL,2018,trade_open,88.934996973139,NE.TRD.GNFS.ZS
ISL,2019,trade_open,83.7923659518443,NE.TRD.GNFS.ZS
ISL,2020,trade_open,68.6550233460548,NE.TRD.GNFS.ZS
ISL,2021,trade_open,76.2317249850944,NE.TRD.GNFS.ZS
ISL,2022,trade_open,93.0164295134303,NE.TRD.GNFS.ZS
ISL,2023,trade_open,87.2388810922276,NE.TRD.GNFS.ZS
ISL,2024,trade_open,86.1815792789281,NE.TRD.GNFS.ZS
ISR,2000,trade_open,68.3981650564852,NE.TRD.GNFS.ZS
ISR,2001,trade_open,62.1915859412765,NE.TRD.GNFS.ZS
ISR,2002,trade_open,65.5319511383591,NE.TRD.GNFS.ZS
ISR,2003,trade_open,66.9479946684859,NE.TRD.GNFS.ZS
ISR,2004,trade_open,75.0388690350775,NE.TRD.GNFS.ZS
ISR,2005,trade_open,78.416693799205,NE.TRD.GNFS.ZS
ISR,2006,trade_open,78.5311825907368,NE.TRD.GNFS.ZS
ISR,2007,trade_open,78.9364099576763,NE.TRD.GNFS.ZS
ISR,2008,trade_open,75.4761705381509,NE.TRD.GNFS.ZS
ISR,2009,trade_open,61.7597291545045,NE.TRD.GNFS.ZS
ISR,2010,trade_open,65.717030394986,NE.TRD.GNFS.ZS
ISR,2011,trade_open,69.0009721692523,NE.TRD.GNFS.ZS
ISR,2012,trade_open,70.0759039186632,NE.TRD.GNFS.ZS
ISR,2013,trade_open,64.2271703557815,NE.TRD.GNFS.ZS
ISR,2014,trade_open,61.8390527979395,NE.TRD.GNFS.ZS
ISR,2015,trade_open,59.0201557126784,NE.TRD.GNFS.ZS
ISR,2016,trade_open,57.9533051643572,NE.TRD.GNFS.ZS
ISR,2017,trade_open,56.4519373834561,NE.TRD.GNFS.ZS
ISR,2018,trade_open,58.8734013354625,NE.TRD.GNFS.ZS
ISR,2019,trade_open,56.5281618447823,NE.TRD.GNFS.ZS
ISR,2020,trade_open,51.1403984551453,NE.TRD.GNFS.ZS
ISR,2021,trade_open,54.8184036562688,NE.TRD.GNFS.ZS
ISR,2022,trade_open,60.6358428266501,NE.TRD.GNFS.ZS
ISR,2023,trade_open,57.977782328645,NE.TRD.GNFS.ZS
ISR,2024,trade_open,54.3822563777332,NE.TRD.GNFS.ZS
ITA,2000,trade_open,50.2747311455639,NE.TRD.GNFS.ZS
ITA,2001,trade_open,49.8632723203495,NE.TRD.GNFS.ZS
ITA,2002,trade_open,47.8713186791542,NE.TRD.GNFS.ZS
ITA,2003,trade_open,45.9940859777074,NE.TRD.GNFS.ZS
ITA,2004,trade_open,47.2663923891771,NE.TRD.GNFS.ZS
ITA,2005,trade_open,49.1221742288618,NE.TRD.GNFS.ZS
ITA,2006,trade_open,52.9235429597012,NE.TRD.GNFS.ZS
ITA,2007,trade_open,54.8280415572531,NE.TRD.GNFS.ZS
ITA,2008,trade_open,54.2142548956671,NE.TRD.GNFS.ZS
ITA,2009,trade_open,45.1414765721604,NE.TRD.GNFS.ZS
ITA,2010,trade_open,51.6621118138339,NE.TRD.GNFS.ZS
ITA,2011,trade_open,54.4722149449288,NE.TRD.GNFS.ZS
ITA,2012,trade_open,54.8844952702204,NE.TRD.GNFS.ZS
ITA,2013,trade_open,54.0341846317499,NE.TRD.GNFS.ZS
ITA,2014,trade_open,54.4545299332032,NE.TRD.GNFS.ZS
ITA,2015,trade_open,55.4356858148221,NE.TRD.GNFS.ZS
ITA,2016,trade_open,54.4321467018313,NE.TRD.GNFS.ZS
ITA,2017,trade_open,57.5829940274911,NE.TRD.GNFS.ZS
ITA,2018,trade_open,59.2749835128154,NE.TRD.GNFS.ZS
ITA,2019,trade_open,58.6941902594738,NE.TRD.GNFS.ZS
ITA,2020,trade_open,53.9394839042764,NE.TRD.GNFS.ZS
ITA,2021,trade_open,60.3019776202798,NE.TRD.GNFS.ZS
ITA,2022,trade_open,72.0165023032697,NE.TRD.GNFS.ZS
ITA,2023,trade_open,65.1028419441908,NE.TRD.GNFS.ZS
ITA,2024,trade_open,62.5926144915658,NE.TRD.GNFS.ZS
JPN,2000,trade_open,19.2751936529389,NE.TRD.GNFS.ZS
JPN,2001,trade_open,19.2772303804527,NE.TRD.GNFS.ZS
JPN,2002,trade_open,20.1432481553025,NE.TRD.GNFS.ZS
JPN,2003,trade_open,21.0750119103347,NE.TRD.GNFS.ZS
JPN,2004,trade_open,23.4324185456932,NE.TRD.GNFS.ZS
JPN,2005,trade_open,25.9909279228382,NE.TRD.GNFS.ZS
JPN,2006,trade_open,29.714872929485,NE.TRD.GNFS.ZS
JPN,2007,trade_open,32.4957200262739,NE.TRD.GNFS.ZS
JPN,2008,trade_open,33.7738026089171,NE.TRD.GNFS.ZS
JPN,2009,trade_open,24.1730393019729,NE.TRD.GNFS.ZS
JPN,2010,trade_open,28.2400150860666,NE.TRD.GNFS.ZS
JPN,2011,trade_open,29.9713853558472,NE.TRD.GNFS.ZS
JPN,2012,trade_open,30.174299547803,NE.TRD.GNFS.ZS
JPN,2013,trade_open,33.5913694460807,NE.TRD.GNFS.ZS
JPN,2014,trade_open,36.7643250218282,NE.TRD.GNFS.ZS
JPN,2015,trade_open,34.7276305886293,NE.TRD.GNFS.ZS
JPN,2016,trade_open,30.6562793068554,NE.TRD.GNFS.ZS
JPN,2017,trade_open,33.6888336792782,NE.TRD.GNFS.ZS
JPN,2018,trade_open,35.8035749582494,NE.TRD.GNFS.ZS
JPN,2019,trade_open,34.3582972799989,NE.TRD.GNFS.ZS
JPN,2020,trade_open,30.5192226892273,NE.TRD.GNFS.ZS
JPN,2021,trade_open,35.4253927340539,NE.TRD.GNFS.ZS
JPN,2022,trade_open,44.86063102004,NE.TRD.GNFS.ZS
JPN,2023,trade_open,43.5950833802735,NE.TRD.GNFS.ZS
JPN,2024,trade_open,44.8529388577573,NE.TRD.GNFS.ZS
KOR,2000,trade_open,64.0588155729056,NE.TRD.GNFS.ZS
KOR,2001,trade_open,60.4277386641693,NE.TRD.GNFS.ZS
KOR,2002,trade_open,56.6688767960273,NE.TRD.GNFS.ZS
KOR,2003,trade_open,59.4242945541732,NE.TRD.GNFS.ZS
KOR,2004,trade_open,67.9270638751076,NE.TRD.GNFS.ZS
KOR,2005,trade_open,66.1695148242697,NE.TRD.GNFS.ZS
KOR,2006,trade_open,68.3749509402263,NE.TRD.GNFS.ZS
KOR,2007,trade_open,71.3239614988013,NE.TRD.GNFS.ZS
KOR,2008,trade_open,92.0833544961819,NE.TRD.GNFS.ZS
KOR,2009,trade_open,83.1246099057162,NE.TRD.GNFS.ZS
KOR,2010,trade_open,88.0278677123124,NE.TRD.GNFS.ZS
KOR,2011,trade_open,101.68061646213,NE.TRD.GNFS.ZS
KOR,2012,trade_open,101.51727207905,NE.TRD.GNFS.ZS
KOR,2013,trade_open,94.1675235855873,NE.TRD.GNFS.ZS
KOR,2014,trade_open,86.9342577972039,NE.TRD.GNFS.ZS
KOR,2015,trade_open,75.3881774564907,NE.TRD.GNFS.ZS
KOR,2016,trade_open,69.8997221316919,NE.TRD.GNFS.ZS
KOR,2017,trade_open,73.1921408264016,NE.TRD.GNFS.ZS
KOR,2018,trade_open,74.7075162140824,NE.TRD.GNFS.ZS
KOR,2019,trade_open,71.4470632403511,NE.TRD.GNFS.ZS
KOR,2020,trade_open,65.544957860621,NE.TRD.GNFS.ZS
KOR,2021,trade_open,75.3063047610912,NE.TRD.GNFS.ZS
KOR,2022,trade_open,90.5851475278549,NE.TRD.GNFS.ZS
KOR,2023,trade_open,82.2580090716629,NE.TRD.GNFS.ZS
KOR,2024,trade_open,84.6424951192038,NE.TRD.GNFS.ZS
LTU,2000,trade_open,83.1914942748116,NE.TRD.GNFS.ZS
LTU,2001,trade_open,93.4871373685836,NE.TRD.GNFS.ZS
LTU,2002,trade_open,100.332229474818,NE.TRD.GNFS.ZS
LTU,2003,trade_open,98.0914043206711,NE.TRD.GNFS.ZS
LTU,2004,trade_open,104.072070698543,NE.TRD.GNFS.ZS
LTU,2005,trade_open,117.449691165186,NE.TRD.GNFS.ZS
LTU,2006,trade_open,124.613633047292,NE.TRD.GNFS.ZS
LTU,2007,trade_open,116.295810328172,NE.TRD.GNFS.ZS
LTU,2008,trade_open,126.759707831841,NE.TRD.GNFS.ZS
LTU,2009,trade_open,105.040251236614,NE.TRD.GNFS.ZS
LTU,2010,trade_open,131.626507396009,NE.TRD.GNFS.ZS
LTU,2011,trade_open,149.645306927215,NE.TRD.GNFS.ZS
LTU,2012,trade_open,156.638925650513,NE.TRD.GNFS.ZS
LTU,2013,trade_open,156.626637927418,NE.TRD.GNFS.ZS
LTU,2014,trade_open,143.290115780694,NE.TRD.GNFS.ZS
LTU,2015,trade_open,138.195575009601,NE.TRD.GNFS.ZS
LTU,2016,trade_open,134.690449650877,NE.TRD.GNFS.ZS
LTU,2017,trade_open,144.918393101325,NE.TRD.GNFS.ZS
LTU,2018,trade_open,147.202132525221,NE.TRD.GNFS.ZS
LTU,2019,trade_open,148.374996011818,NE.TRD.GNFS.ZS
LTU,2020,trade_open,135.796565563519,NE.TRD.GNFS.ZS
LTU,2021,trade_open,154.726303914099,NE.TRD.GNFS.ZS
LTU,2022,trade_open,176.631817072239,NE.TRD.GNFS.ZS
LTU,2023,trade_open,147.990751776428,NE.TRD.GNFS.ZS
LTU,2024,trade_open,142.41991022479,NE.TRD.GNFS.ZS
LUX,2000,trade_open,272.412027714553,NE.TRD.GNFS.ZS
LUX,2001,trade_open,270.765343819583,NE.TRD.GNFS.ZS
LUX,2002,trade_open,250.689192191641,NE.TRD.GNFS.ZS
LUX,2003,trade_open,244.977946060528,NE.TRD.GNFS.ZS
LUX,2004,trade_open,265.226884855637,NE.TRD.GNFS.ZS
LUX,2005,trade_open,284.077242335139,NE.TRD.GNFS.ZS
LUX,2006,trade_open,305.879493786271,NE.TRD.GNFS.ZS
LUX,2007,trade_open,307.485020085196,NE.TRD.GNFS.ZS
LUX,2008,trade_open,292.21348078343,NE.TRD.GNFS.ZS
LUX,2009,trade_open,263.532701541684,NE.TRD.GNFS.ZS
LUX,2010,trade_open,293.671876906939,NE.TRD.GNFS.ZS
LUX,2011,trade_open,308.714453874162,NE.TRD.GNFS.ZS
LUX,2012,trade_open,311.786835204686,NE.TRD.GNFS.ZS
LUX,2013,trade_open,320.533506316768,NE.TRD.GNFS.ZS
LUX,2014,trade_open,333.428836459172,NE.TRD.GNFS.ZS
LUX,2015,trade_open,351.13195404466,NE.TRD.GNFS.ZS
LUX,2016,trade_open,348.437409376889,NE.TRD.GNFS.ZS
LUX,2017,trade_open,353.793991980303,NE.TRD.GNFS.ZS
LUX,2018,trade_open,361.865445198667,NE.TRD.GNFS.ZS
LUX,2019,trade_open,382.66078058442,NE.TRD.GNFS.ZS
LUX,2020,trade_open,375.581394826026,NE.TRD.GNFS.ZS
LUX,2021,trade_open,397.506180867971,NE.TRD.GNFS.ZS
LUX,2022,trade_open,412.177169924175,NE.TRD.GNFS.ZS
LUX,2023,trade_open,402.566968197345,NE.TRD.GNFS.ZS
LUX,2024,trade_open,351.267921153192,NE.TRD.GNFS.ZS
LVA,2000,trade_open,83.6121321100556,NE.TRD.GNFS.ZS
LVA,2001,trade_open,88.1768278184248,NE.TRD.GNFS.ZS
LVA,2002,trade_open,85.9772056778195,NE.TRD.GNFS.ZS
LVA,2003,trade_open,88.5815580418672,NE.TRD.GNFS.ZS
LVA,2004,trade_open,97.2352655771748,NE.TRD.GNFS.ZS
LVA,2005,trade_open,104.517156602918,NE.TRD.GNFS.ZS
LVA,2006,trade_open,105.695342080455,NE.TRD.GNFS.ZS
LVA,2007,trade_open,100.880910871828,NE.TRD.GNFS.ZS
LVA,2008,trade_open,95.7681628438571,NE.TRD.GNFS.ZS
LVA,2009,trade_open,88.8320494963692,NE.TRD.GNFS.ZS
LVA,2010,trade_open,110.86235386272,NE.TRD.GNFS.ZS
LVA,2011,trade_open,129.734758014485,NE.TRD.GNFS.ZS
LVA,2012,trade_open,133.211503650958,NE.TRD.GNFS.ZS
LVA,2013,trade_open,129.677184929099,NE.TRD.GNFS.ZS
LVA,2014,trade_open,130.042252244959,NE.TRD.GNFS.ZS
LVA,2015,trade_open,126.380014406006,NE.TRD.GNFS.ZS
LVA,2016,trade_open,123.330518429659,NE.TRD.GNFS.ZS
LVA,2017,trade_open,128.714003328884,NE.TRD.GNFS.ZS
LVA,2018,trade_open,128.234095559822,NE.TRD.GNFS.ZS
LVA,2019,trade_open,125.29163170793,NE.TRD.GNFS.ZS
LVA,2020,trade_open,123.88319804656,NE.TRD.GNFS.ZS
LVA,2021,trade_open,136.796615414819,NE.TRD.GNFS.ZS
LVA,2022,trade_open,159.892778190649,NE.TRD.GNFS.ZS
LVA,2023,trade_open,135.642989154266,NE.TRD.GNFS.ZS
LVA,2024,trade_open,131.309582395769,NE.TRD.GNFS.ZS
MEX,2000,trade_open,49.9104091872497,NE.TRD.GNFS.ZS
MEX,2001,trade_open,44.7401090123173,NE.TRD.GNFS.ZS
MEX,2002,trade_open,45.209829259652,NE.TRD.GNFS.ZS
MEX,2003,trade_open,48.7004168690455,NE.TRD.GNFS.ZS
MEX,2004,trade_open,52.0406200335632,NE.TRD.GNFS.ZS
MEX,2005,trade_open,52.5626446570451,NE.TRD.GNFS.ZS
MEX,2006,trade_open,54.4821160886169,NE.TRD.GNFS.ZS
MEX,2007,trade_open,55.2585243990368,NE.TRD.GNFS.ZS
MEX,2008,trade_open,56.3652818731773,NE.TRD.GNFS.ZS
MEX,2009,trade_open,54.5917421356323,NE.TRD.GNFS.ZS
MEX,2010,trade_open,59.2733845336286,NE.TRD.GNFS.ZS
MEX,2011,trade_open,62.1623872764498,NE.TRD.GNFS.ZS
MEX,2012,trade_open,64.2579318938989,NE.TRD.GNFS.ZS
MEX,2013,trade_open,62.6916747661852,NE.TRD.GNFS.ZS
MEX,2014,trade_open,64.0984090315875,NE.TRD.GNFS.ZS
MEX,2015,trade_open,70.4129746799259,NE.TRD.GNFS.ZS
MEX,2016,trade_open,75.6903034088551,NE.TRD.GNFS.ZS
MEX,2017,trade_open,76.95212604414,NE.TRD.GNFS.ZS
MEX,2018,trade_open,80.212661650262,NE.TRD.GNFS.ZS
MEX,2019,trade_open,77.4619722509459,NE.TRD.GNFS.ZS
MEX,2020,trade_open,76.8545557151738,NE.TRD.GNFS.ZS
MEX,2021,trade_open,83.0692976264524,NE.TRD.GNFS.ZS
MEX,2022,trade_open,88.7984855897261,NE.TRD.GNFS.ZS
MEX,2023,trade_open,73.7390758255664,NE.TRD.GNFS.ZS
MEX,2024,trade_open,75.4259015415068,NE.TRD.GNFS.ZS
NLD,2000,trade_open,125.667030082421,NE.TRD.GNFS.ZS
NLD,2001,trade_open,119.47546387654,NE.TRD.GNFS.ZS
NLD,2002,trade_open,112.750024358671,NE.TRD.GNFS.ZS
NLD,2003,trade_open,111.30450319576,NE.TRD.GNFS.ZS
NLD,2004,trade_open,116.958160026939,NE.TRD.GNFS.ZS
NLD,2005,trade_open,122.255849523252,NE.TRD.GNFS.ZS
NLD,2006,trade_open,127.195613539333,NE.TRD.GNFS.ZS
NLD,2007,trade_open,129.798241740597,NE.TRD.GNFS.ZS
NLD,2008,trade_open,130.152049980117,NE.TRD.GNFS.ZS
NLD,2009,trade_open,115.109660363107,NE.TRD.GNFS.ZS
NLD,2010,trade_open,130.081707935343,NE.TRD.GNFS.ZS
NLD,2011,trade_open,141.757099325776,NE.TRD.GNFS.ZS
NLD,2012,trade_open,149.393223058131,NE.TRD.GNFS.ZS
NLD,2013,trade_open,150.651850226949,NE.TRD.GNFS.ZS
NLD,2014,trade_open,151.715891056501,NE.TRD.GNFS.ZS
NLD,2015,trade_open,160.325812564809,NE.TRD.GNFS.ZS
NLD,2016,trade_open,150.96552921165,NE.TRD.GNFS.ZS
NLD,2017,trade_open,159.646059656847,NE.TRD.GNFS.ZS
NLD,2018,trade_open,163.559146573044,NE.TRD.GNFS.ZS
NLD,2019,trade_open,160.676671884999,NE.TRD.GNFS.ZS
NLD,2020,trade_open,152.233230409706,NE.TRD.GNFS.ZS
NLD,2021,trade_open,163.154842689698,NE.TRD.GNFS.ZS
NLD,2022,trade_open,184.107484252682,NE.TRD.GNFS.ZS
NLD,2023,trade_open,165.030429478933,NE.TRD.GNFS.ZS
NLD,2024,trade_open,153.956290574682,NE.TRD.GNFS.ZS
NOR,2000,trade_open,74.7840209460062,NE.TRD.GNFS.ZS
NOR,2001,trade_open,73.553666590214,NE.TRD.GNFS.ZS
NOR,2002,trade_open,67.8482927970815,NE.TRD.GNFS.ZS
NOR,2003,trade_open,66.5085380808884,NE.TRD.GNFS.ZS
NOR,2004,trade_open,68.7028173740954,NE.TRD.GNFS.ZS
NOR,2005,trade_open,70.2469613309236,NE.TRD.GNFS.ZS
NOR,2006,trade_open,71.1687450210659,NE.TRD.GNFS.ZS
NOR,2007,trade_open,71.1714206590972,NE.TRD.GNFS.ZS
NOR,2008,trade_open,73.8668579713193,NE.TRD.GNFS.ZS
NOR,2009,trade_open,66.3869035154741,NE.TRD.GNFS.ZS
NOR,2010,trade_open,67.1044480331039,NE.TRD.GNFS.ZS
NOR,2011,trade_open,68.3082228214528,NE.TRD.GNFS.ZS
NOR,2012,trade_open,67.2907057063447,NE.TRD.GNFS.ZS
NOR,2013,trade_open,66.6575278489713,NE.TRD.GNFS.ZS
NOR,2014,trade_open,67.7741797940433,NE.TRD.GNFS.ZS
NOR,2015,trade_open,68.8351790107466,NE.TRD.GNFS.ZS
NOR,2016,trade_open,67.3341230829057,NE.TRD.GNFS.ZS
NOR,2017,trade_open,67.1957153368952,NE.TRD.GNFS.ZS
NOR,2018,trade_open,68.1761206012317,NE.TRD.GNFS.ZS
NOR,2019,trade_open,68.880243105732,NE.TRD.GNFS.ZS
NOR,2020,trade_open,63.3673184179043,NE.TRD.GNFS.ZS
NOR,2021,trade_open,69.1060572345311,NE.TRD.GNFS.ZS
NOR,2022,trade_open,79.9216011363033,NE.TRD.GNFS.ZS
NOR,2023,trade_open,77.401189583706,NE.TRD.GNFS.ZS
NOR,2024,trade_open,79.5796368227724,NE.TRD.GNFS.ZS
NZL,2000,trade_open,68.5169268768932,NE.TRD.GNFS.ZS
NZL,2001,trade_open,67.2338243520418,NE.TRD.GNFS.ZS
NZL,2002,trade_open,62.6559945554479,NE.TRD.GNFS.ZS
NZL,2003,trade_open,57.914769345753,NE.TRD.GNFS.ZS
NZL,2004,trade_open,58.7995522745359,NE.TRD.GNFS.ZS
NZL,2005,trade_open,58.0187434407163,NE.TRD.GNFS.ZS
NZL,2006,trade_open,59.6032650403479,NE.TRD.GNFS.ZS
NZL,2007,trade_open,58.4251605749091,NE.TRD.GNFS.ZS
NZL,2008,trade_open,64.2611448527979,NE.TRD.GNFS.ZS
NZL,2009,trade_open,55.0143501856026,NE.TRD.GNFS.ZS
NZL,2010,trade_open,58.1047406012087,NE.TRD.GNFS.ZS
NZL,2011,trade_open,59.1815679267669,NE.TRD.GNFS.ZS
NZL,2012,trade_open,56.9257462326897,NE.TRD.GNFS.ZS
NZL,2013,trade_open,56.0063219921147,NE.TRD.GNFS.ZS
NZL,2014,trade_open,55.1213465284556,NE.TRD.GNFS.ZS
NZL,2015,trade_open,54.8749505791536,NE.TRD.GNFS.ZS
NZL,2016,trade_open,52.4796021733125,NE.TRD.GNFS.ZS
NZL,2017,trade_open,54.2775276299632,NE.TRD.GNFS.ZS
NZL,2018,trade_open,55.9063918509538,NE.TRD.GNFS.ZS
NZL,2019,trade_open,54.4612464097007,NE.TRD.GNFS.ZS
NZL,2020,trade_open,43.8262466218168,NE.TRD.GNFS.ZS
NZL,2021,trade_open,48.4315370741539,NE.TRD.GNFS.ZS
NZL,2022,trade_open,53.2091433736439,NE.TRD.GNFS.ZS
NZL,2023,trade_open,49.8655041498497,NE.TRD.GNFS.ZS
NZL,2024,trade_open,50.6607664427853,NE.TRD.GNFS.ZS
POL,2000,trade_open,60.6107209423297,NE.TRD.GNFS.ZS
POL,2001,trade_open,57.8785312712895,NE.TRD.GNFS.ZS
POL,2002,trade_open,60.7967990573911,NE.TRD.GNFS.ZS
POL,2003,trade_open,69.2134479841788,NE.TRD.GNFS.ZS
POL,2004,trade_open,70.9815765694162,NE.TRD.GNFS.ZS
POL,2005,trade_open,70.3114790902584,NE.TRD.GNFS.ZS
POL,2006,trade_open,77.7008035402352,NE.TRD.GNFS.ZS
POL,2007,trade_open,80.745399056691,NE.TRD.GNFS.ZS
POL,2008,trade_open,80.5746815569207,NE.TRD.GNFS.ZS
POL,2009,trade_open,74.9685965264269,NE.TRD.GNFS.ZS
POL,2010,trade_open,82.2258523219922,NE.TRD.GNFS.ZS
POL,2011,trade_open,86.9236892837618,NE.TRD.GNFS.ZS
POL,2012,trade_open,88.8299033066583,NE.TRD.GNFS.ZS
POL,2013,trade_open,90.4175072415629,NE.TRD.GNFS.ZS
POL,2014,trade_open,92.0340197113178,NE.TRD.GNFS.ZS
POL,2015,trade_open,92.2554272741942,NE.TRD.GNFS.ZS
POL,2016,trade_open,96.8659028060623,NE.TRD.GNFS.ZS
POL,2017,trade_open,100.56589524628,NE.TRD.GNFS.ZS
POL,2018,trade_open,102.442462168005,NE.TRD.GNFS.ZS
POL,2019,trade_open,101.581033817373,NE.TRD.GNFS.ZS
POL,2020,trade_open,99.2590912303436,NE.TRD.GNFS.ZS
POL,2021,trade_open,110.874283021945,NE.TRD.GNFS.ZS
POL,2022,trade_open,123.021332860345,NE.TRD.GNFS.ZS
POL,2023,trade_open,110.024935041815,NE.TRD.GNFS.ZS
POL,2024,trade_open,100.359442847164,NE.TRD.GNFS.ZS
PRT,2000,trade_open,67.4529979863247,NE.TRD.GNFS.ZS
PRT,2001,trade_open,65.0919551771122,NE.TRD.GNFS.ZS
PRT,2002,trade_open,62.3082594169772,NE.TRD.GNFS.ZS
PRT,2003,trade_open,61.1389474883653,NE.TRD.GNFS.ZS
PRT,2004,trade_open,63.2045936670279,NE.TRD.GNFS.ZS
PRT,2005,trade_open,62.944504560452,NE.TRD.GNFS.ZS
PRT,2006,trade_open,68.5470531182009,NE.TRD.GNFS.ZS
PRT,2007,trade_open,69.9461175817991,NE.TRD.GNFS.ZS
PRT,2008,trade_open,72.0757429221604,NE.TRD.GNFS.ZS
PRT,2009,trade_open,61.4926935267759,NE.TRD.GNFS.ZS
PRT,2010,trade_open,67.6892401927983,NE.TRD.GNFS.ZS
PRT,2011,trade_open,73.0075756700531,NE.TRD.GNFS.ZS
PRT,2012,trade_open,75.9411067187813,NE.TRD.GNFS.ZS
PRT,2013,trade_open,78.0305056874282,NE.TRD.GNFS.ZS
PRT,2014,trade_open,80.220669072079,NE.TRD.GNFS.ZS
PRT,2015,trade_open,80.6346756266443,NE.TRD.GNFS.ZS
PRT,2016,trade_open,79.5223464844001,NE.TRD.GNFS.ZS
PRT,2017,trade_open,84.8077923069539,NE.TRD.GNFS.ZS
PRT,2018,trade_open,86.7356954918399,NE.TRD.GNFS.ZS
PRT,2019,trade_open,86.7709889083586,NE.TRD.GNFS.ZS
PRT,2020,trade_open,76.5086407209215,NE.TRD.GNFS.ZS
PRT,2021,trade_open,85.8735452148975,NE.TRD.GNFS.ZS
PRT,2022,trade_open,101.364146479435,NE.TRD.GNFS.ZS
PRT,2023,trade_open,93.1358537072038,NE.TRD.GNFS.ZS
PRT,2024,trade_open,89.6615637070518,NE.TRD.GNFS.ZS
SVK,2000,trade_open,108.939262958746,NE.TRD.GNFS.ZS
SVK,2001,trade_open,121.931131222912,NE.TRD.GNFS.ZS
SVK,2002,trade_open,120.599168045888,NE.TRD.GNFS.ZS
SVK,2003,trade_open,125.998506220804,NE.TRD.GNFS.ZS
SVK,2004,trade_open,140.222460021585,NE.TRD.GNFS.ZS
SVK,2005,trade_open,148.705461161746,NE.TRD.GNFS.ZS
SVK,2006,trade_open,164.992205726236,NE.TRD.GNFS.ZS
SVK,2007,trade_open,166.580025216882,NE.TRD.GNFS.ZS
SVK,2008,trade_open,162.464472991641,NE.TRD.GNFS.ZS
SVK,2009,trade_open,136.714352092364,NE.TRD.GNFS.ZS
SVK,2010,trade_open,155.108497681586,NE.TRD.GNFS.ZS
SVK,2011,trade_open,169.178076311066,NE.TRD.GNFS.ZS
SVK,2012,trade_open,176.968958181431,NE.TRD.GNFS.ZS
SVK,2013,trade_open,180.903136491458,NE.TRD.GNFS.ZS
SVK,2014,trade_open,176.756316098132,NE.TRD.GNFS.ZS
SVK,2015,trade_open,179.42602289503,NE.TRD.GNFS.ZS
SVK,2016,trade_open,182.757379596201,NE.TRD.GNFS.ZS
SVK,2017,trade_open,186.644687399549,NE.TRD.GNFS.ZS
SVK,2018,trade_open,188.732964699496,NE.TRD.GNFS.ZS
SVK,2019,trade_open,183.722608631236,NE.TRD.GNFS.ZS
SVK,2020,trade_open,167.534173320366,NE.TRD.GNFS.ZS
SVK,2021,trade_open,181.97948448512,NE.TRD.GNFS.ZS
SVK,2022,trade_open,204.056318531151,NE.TRD.GNFS.ZS
SVK,2023,trade_open,181.39087235645,NE.TRD.GNFS.ZS
SVK,2024,trade_open,171.212800151635,NE.TRD.GNFS.ZS
SVN,2000,trade_open,104.620348581459,NE.TRD.GNFS.ZS
SVN,2001,trade_open,105.583223530684,NE.TRD.GNFS.ZS
SVN,2002,trade_open,104.880458289416,NE.TRD.GNFS.ZS
SVN,2003,trade_open,103.280027127626,NE.TRD.GNFS.ZS
SVN,2004,trade_open,112.399933466762,NE.TRD.GNFS.ZS
SVN,2005,trade_open,121.127284217914,NE.TRD.GNFS.ZS
SVN,2006,trade_open,130.517913086158,NE.TRD.GNFS.ZS
SVN,2007,trade_open,137.66309435102,NE.TRD.GNFS.ZS
SVN,2008,trade_open,135.387093664802,NE.TRD.GNFS.ZS
SVN,2009,trade_open,114.482301023638,NE.TRD.GNFS.ZS
SVN,2010,trade_open,128.606575425363,NE.TRD.GNFS.ZS
SVN,2011,trade_open,140.332355750319,NE.TRD.GNFS.ZS
SVN,2012,trade_open,143.656448572975,NE.TRD.GNFS.ZS
SVN,2013,trade_open,145.168789432403,NE.TRD.GNFS.ZS
SVN,2014,trade_open,146.471705096746,NE.TRD.GNFS.ZS
SVN,2015,trade_open,147.218367714503,NE.TRD.GNFS.ZS
SVN,2016,trade_open,148.238448080388,NE.TRD.GNFS.ZS
SVN,2017,trade_open,158.70213584467,NE.TRD.GNFS.ZS
SVN,2018,trade_open,162.613493975851,NE.TRD.GNFS.ZS
SVN,2019,trade_open,160.044275685249,NE.TRD.GNFS.ZS
SVN,2020,trade_open,147.549008584942,NE.TRD.GNFS.ZS
SVN,2021,trade_open,161.788727511439,NE.TRD.GNFS.ZS
SVN,2022,trade_open,186.647076274632,NE.TRD.GNFS.ZS
SVN,2023,trade_open,160.1596693009,NE.TRD.GNFS.ZS
SVN,2024,trade_open,155.657928684474,NE.TRD.GNFS.ZS
SWE,2000,trade_open,81.4721590850121,NE.TRD.GNFS.ZS
SWE,2001,trade_open,80.5691828117714,NE.TRD.GNFS.ZS
SWE,2002,trade_open,77.0853186972402,NE.TRD.GNFS.ZS
SWE,2003,trade_open,75.3282174864238,NE.TRD.GNFS.ZS
SWE,2004,trade_open,78.7358819187356,NE.TRD.GNFS.ZS
SWE,2005,trade_open,84.167923018031,NE.TRD.GNFS.ZS
SWE,2006,trade_open,88.3302608918239,NE.TRD.GNFS.ZS
SWE,2007,trade_open,89.5469236610223,NE.TRD.GNFS.ZS
SWE,2008,trade_open,92.8083687095596,NE.TRD.GNFS.ZS
SWE,2009,trade_open,81.958313967393,NE.TRD.GNFS.ZS
SWE,2010,trade_open,85.0914849272733,NE.TRD.GNFS.ZS
SWE,2011,trade_open,86.3907448060188,NE.TRD.GNFS.ZS
SWE,2012,trade_open,85.2980605424359,NE.TRD.GNFS.ZS
SWE,2013,trade_open,81.6402521329964,NE.TRD.GNFS.ZS
SWE,2014,trade_open,83.8229810483527,NE.TRD.GNFS.ZS
SWE,2015,trade_open,84.1730765958171,NE.TRD.GNFS.ZS
SWE,2016,trade_open,83.4519478574149,NE.TRD.GNFS.ZS
SWE,2017,trade_open,86.0693088740521,NE.TRD.GNFS.ZS
SWE,2018,trade_open,90.4087142361701,NE.TRD.GNFS.ZS
SWE,2019,trade_open,92.7511390290561,NE.TRD.GNFS.ZS
SWE,2020,trade_open,84.4745958141618,NE.TRD.GNFS.ZS
SWE,2021,trade_open,91.1102374413042,NE.TRD.GNFS.ZS
SWE,2022,trade_open,107.111751826512,NE.TRD.GNFS.ZS
SWE,2023,trade_open,107.619709443974,NE.TRD.GNFS.ZS
SWE,2024,trade_open,105.967492313344,NE.TRD.GNFS.ZS
TUR,2000,trade_open,42.3746746988077,NE.TRD.GNFS.ZS
TUR,2001,trade_open,49.9447830679013,NE.TRD.GNFS.ZS
TUR,2002,trade_open,48.1026101234402,NE.TRD.GNFS.ZS
TUR,2003,trade_open,46.3681553387846,NE.TRD.GNFS.ZS
TUR,2004,trade_open,48.9934575435266,NE.TRD.GNFS.ZS
TUR,2005,trade_open,46.3088308846211,NE.TRD.GNFS.ZS
TUR,2006,trade_open,48.9456766641314,NE.TRD.GNFS.ZS
TUR,2007,trade_open,48.027468179713,NE.TRD.GNFS.ZS
TUR,2008,trade_open,50.7612500066681,NE.TRD.GNFS.ZS
TUR,2009,trade_open,47.0391385732199,NE.TRD.GNFS.ZS
TUR,2010,trade_open,46.9433366709891,NE.TRD.GNFS.ZS
TUR,2011,trade_open,53.651583897618,NE.TRD.GNFS.ZS
TUR,2012,trade_open,53.3277612968607,NE.TRD.GNFS.ZS
TUR,2013,trade_open,53.0683530043043,NE.TRD.GNFS.ZS
TUR,2014,trade_open,54.30677404128,NE.TRD.GNFS.ZS
TUR,2015,trade_open,51.8749252596832,NE.TRD.GNFS.ZS
TUR,2016,trade_open,48.870183807987,NE.TRD.GNFS.ZS
TUR,2017,trade_open,56.1356585158689,NE.TRD.GNFS.ZS
TUR,2018,trade_open,62.8251323851165,NE.TRD.GNFS.ZS
TUR,2019,trade_open,62.5784589326239,NE.TRD.GNFS.ZS
TUR,2020,trade_open,60.389853117297,NE.TRD.GNFS.ZS
TUR,2021,trade_open,69.6088976086437,NE.TRD.GNFS.ZS
TUR,2022,trade_open,79.8982722314341,NE.TRD.GNFS.ZS
TUR,2023,trade_open,65.6832084738667,NE.TRD.GNFS.ZS
TUR,2024,trade_open,54.5988061195916,NE.TRD.GNFS.ZS
USA,2000,trade_open,25.1029855568536,NE.TRD.GNFS.ZS
USA,2001,trade_open,22.9671830154975,NE.TRD.GNFS.ZS
USA,2002,trade_open,22.2863842136065,NE.TRD.GNFS.ZS
USA,2003,trade_open,22.6272972866813,NE.TRD.GNFS.ZS
USA,2004,trade_open,24.4480566571904,NE.TRD.GNFS.ZS
USA,2005,trade_open,25.6385573436769,NE.TRD.GNFS.ZS
USA,2006,trade_open,26.9752858058903,NE.TRD.GNFS.ZS
USA,2007,trade_open,28.0120155631098,NE.TRD.GNFS.ZS
USA,2008,trade_open,29.8677875257061,NE.TRD.GNFS.ZS
USA,2009,trade_open,24.759527635837,NE.TRD.GNFS.ZS
USA,2010,trade_open,28.2198829408336,NE.TRD.GNFS.ZS
USA,2011,trade_open,30.842478575914,NE.TRD.GNFS.ZS
USA,2012,trade_open,30.681839575193,NE.TRD.GNFS.ZS
USA,2013,trade_open,29.9413062848227,NE.TRD.GNFS.ZS
USA,2014,trade_open,29.906569337428,NE.TRD.GNFS.ZS
USA,2015,trade_open,27.6882139340768,NE.TRD.GNFS.ZS
USA,2016,trade_open,26.4525977865465,NE.TRD.GNFS.ZS
USA,2017,trade_open,27.1253382222874,NE.TRD.GNFS.ZS
USA,2018,trade_open,27.4453591302618,NE.TRD.GNFS.ZS
USA,2019,trade_open,26.2584806245428,NE.TRD.GNFS.ZS
USA,2020,trade_open,23.1399437509149,NE.TRD.GNFS.ZS
USA,2021,trade_open,25.2327260228331,NE.TRD.GNFS.ZS
USA,2022,trade_open,26.9078981557739,NE.TRD.GNFS.ZS
USA,2023,trade_open,24.9292981752847,NE.TRD.GNFS.ZS
USA,2024,trade_open,25.0160172978284,NE.TRD.GNFS.ZS
