country_iso3,year,indicator,resid,pct_above
AUS,2000,rd_gdp,-0.07484213966810871,-0.07211004821654676
AUS,2002,rd_gdp,-0.01848073808443318,-0.018311016380005762
AUS,2004,rd_gdp,0.08361955892824524,0.08721519380602016
AUS,2006,rd_gdp,0.20690738457262314,0.22986866169419828
AUS,2008,rd_gdp,0.27364996822899523,0.3147545158343774
AUS,2010,rd_gdp,0.19337188198447175,0.21333392665824946
AUS,2011,rd_gdp,0.0931477909204399,0.0976239421341405
AUS,2013,rd_gdp,0.03063612121200654,0.031110236471602493
AUS,2015,rd_gdp,-0.1013416892330351,-0.09637577853708412
AUS,2017,rd_gdp,-0.07706612341615071,-0.07417136736951202
AUS,2019,rd_gdp,-0.15999843470819086,-0.14785487717905166
AUS,2021,rd_gdp,-0.16966608791625626,-0.15605342648832388
AUS,2023,rd_gdp,-0.33580367655344745,-0.2852365831400996
AUT,2000,rd_gdp,0.04321970120892493,0.04416727446472035
AUT,2001,rd_gdp,0.06074058191688503,0.06262321475058763
AUT,2002,rd_gdp,0.10429866830481704,0.10993190689711319
AUT,2003,rd_gdp,0.19653617980313642,0.21717935739110517
AUT,2004,rd_gdp,0.2224915185031413,0.24918522464516357
AUT,2005,rd_gdp,0.2838150718595913,0.3281872888350046
AUT,2006,rd_gdp,0.25729263233469013,0.2934235689431661
AUT,2007,rd_gdp,0.31333265191554904,0.36797651535596465
AUT,2008,rd_gdp,0.3056825765348863,0.35755131950490404
AUT,2009,rd_gdp,0.26913316172999036,0.30882941543209097
AUT,2010,rd_gdp,0.32839938172206007,0.3887435003185189
AUT,2011,rd_gdp,0.25153553712301757,0.2859985999423227
AUT,2012,rd_gdp,0.3362754204063485,0.39972448441304675
AUT,2013,rd_gdp,0.3584318735888965,0.43108353422191614
AUT,2014,rd_gdp,0.39490223543182834,0.4842390778350625
AUT,2015,rd_gdp,0.399276518106211,0.4907457798196351
AUT,2016,rd_gdp,0.46890703417773305,0.5982464095562394
AUT,2017,rd_gdp,0.4392358416054427,0.5515211574829821
AUT,2018,rd_gdp,0.4270562365717143,0.5327388552789354
AUT,2019,rd_gdp,0.39752221581698155,0.48813285368671
AUT,2020,rd_gdp,0.4138642756575033,0.5126518092791703
AUT,2021,rd_gdp,0.4375422564891649,0.5488957481476893
AUT,2022,rd_gdp,0.38979110605891587,0.47667229376672715
AUT,2023,rd_gdp,0.38756291197927095,0.4733856443104205
BEL,2000,rd_gdp,0.09398564280613919,0.09854397379515589
BEL,2001,rd_gdp,0.1076460396457064,0.1136534864319465
BEL,2002,rd_gdp,0.04433858123983114,0.04533622621347888
BEL,2003,rd_gdp,0.05420841694852563,0.0557046059605415
BEL,2004,rd_gdp,0.0596585030920449,0.06147399455667557
BEL,2005,rd_gdp,0.012625025647542976,0.012705057731571934
BEL,2006,rd_gdp,0.017846767092097537,0.018006972268990618
BEL,2007,rd_gdp,0.06933071702956095,0.07179060994875952
BEL,2008,rd_gdp,0.06075215404976653,0.06263551163878223
BEL,2009,rd_gdp,0.029397073843752453,0.029833433219926597
BEL,2010,rd_gdp,0.07163810609349319,0.074266503207014
BEL,2011,rd_gdp,0.07961631796493207,0.08287150961444945
BEL,2012,rd_gdp,0.1327530660386278,0.14196797283619844
BEL,2013,rd_gdp,0.15437691086189564,0.16693063273127562
BEL,2014,rd_gdp,0.15072798583047176,0.1626803495338618
BEL,2015,rd_gdp,0.19462437935772492,0.21485457632032823
BEL,2016,rd_gdp,0.28690444208929944,0.33229689588486755
BEL,2017,rd_gdp,0.3367123640847368,0.4003362188150035
BEL,2018,rd_gdp,0.38653957181124077,0.47187864081771647
BEL,2019,rd_gdp,0.43551659560418776,0.5457613862646613
BEL,2020,rd_gdp,0.4824777939668101,0.6200836666109291
BEL,2021,rd_gdp,0.48968875427186287,0.6318082475611686
BEL,2022,rd_gdp,0.41360009617701543,0.5122522504899765
BEL,2023,rd_gdp,0.3865324950363951,0.4718682247008317
CAN,2000,rd_gdp,-0.03281541770165897,-0.03228283343656968
CAN,2001,rd_gdp,0.014992976490949772,0.015105934984960268
CAN,2002,rd_gdp,-0.014188758169131677,-0.014088572138130195
CAN,2003,rd_gdp,0.02355288524495336,0.023832444944544173
CAN,2004,rd_gdp,0.06417011960631758,0.06627377740827534
CAN,2005,rd_gdp,0.015456331382362687,0.015576398272553194
CAN,2006,rd_gdp,-0.009236966636331445,-0.009194436909302772
CAN,2007,rd_gdp,0.024612334946716552,0.02491771871797166
CAN,2008,rd_gdp,-0.05810079084457831,-0.05644515904537806
CAN,2009,rd_gdp,-0.07130674719186303,-0.06882378737421291
CAN,2010,rd_gdp,-0.1149082781974613,-0.10855209463413062
CAN,2011,rd_gdp,-0.18798873213406586,-0.17137595599528455
CAN,2012,rd_gdp,-0.20506550689934588,-0.18540604686049367
CAN,2013,rd_gdp,-0.2581550213943187,-0.22752452740031437
CAN,2014,rd_gdp,-0.27893197544577,-0.24340863174485583
CAN,2015,rd_gdp,-0.2696898034952182,-0.23638367128148174
CAN,2016,rd_gdp,-0.18915143485911845,-0.172338839547153
CAN,2017,rd_gdp,-0.22712192164213263,-0.2031763736774589
CAN,2018,rd_gdp,-0.21537528705601428,-0.193761187595616
CAN,2019,rd_gdp,-0.23830342409750216,-0.21203643231668634
CAN,2020,rd_gdp,-0.15281718897962082,-0.14171338827837876
CAN,2021,rd_gdp,-0.18601668547742323,-0.1697402584138159
CAN,2022,rd_gdp,-0.22715745982011948,-0.20320469083414217
CAN,2023,rd_gdp,-0.26610275745522927,-0.23363962578699793
CHE,2000,rd_gdp,-0.016386851535127644,-0.016253317479385077
CHE,2004,rd_gdp,0.19348969599345733,0.21347688281334065
CHE,2008,rd_gdp,0.11122299133355651,0.11764410401821834
CHE,2012,rd_gdp,0.10275266383769632,0.10821727296822381
CHE,2015,rd_gdp,0.1479331027871884,0.15943533077647776
CHE,2017,rd_gdp,0.19917842018429632,0.22039969041374974
CHE,2019,rd_gdp,0.1708055948988194,0.1862601115868716
CHE,2021,rd_gdp,0.15861812841850464,0.17189034960271288
CHE,2023,rd_gdp,0.10287551020602459,0.10835342179804996
CHL,2007,rd_gdp,-0.8602265889480156,-0.5769337906710337
CHL,2008,rd_gdp,-0.7597647893274341,-0.5322235599176401
CHL,2009,rd_gdp,-0.8823485192818259,-0.5861900710027665
CHL,2010,rd_gdp,-0.9690075115268404,-0.6205405395844094
CHL,2011,rd_gdp,-0.9881905879967798,-0.6277503650202649
CHL,2012,rd_gdp,-1.0145154054029835,-0.637421909349363
CHL,2013,rd_gdp,-0.9646163632018762,-0.6188706130461713
CHL,2014,rd_gdp,-1.0155244375059103,-0.6377875777660365
CHL,2015,rd_gdp,-0.9896931480501909,-0.6283092724505399
CHL,2016,rd_gdp,-0.9678103465471284,-0.6200859919772292
CHL,2017,rd_gdp,-1.0006586245317128,-0.6323627734802144
CHL,2018,rd_gdp,-0.9930175104791406,-0.6295428555656473
CHL,2019,rd_gdp,-1.0881693304925548,-0.6631674412766715
CHL,2020,rd_gdp,-1.110697119057752,-0.6706707006971293
CHL,2021,rd_gdp,-1.0876915030068988,-0.6630064549632699
CHL,2022,rd_gdp,-1.000483064769115,-0.6322982255101571
CHN,2000,rd_gdp,1.2487719091921936,2.4860591303624404
CHN,2001,rd_gdp,1.1987409981775994,2.315939519711045
CHN,2002,rd_gdp,1.2487847621341646,2.4861039367660966
CHN,2003,rd_gdp,1.2646105832316614,2.541713264997786
CHN,2004,rd_gdp,1.3023702509926478,2.6780041370554137
CHN,2005,rd_gdp,1.2621032876200304,2.532844266118057
CHN,2006,rd_gdp,1.2001842188592402,2.320728607228778
CHN,2007,rd_gdp,1.142482682617509,2.134540782886295
CHN,2008,rd_gdp,1.0490197024244732,1.8548511422294132
CHN,2009,rd_gdp,1.0186674795077721,1.769501886076533
CHN,2010,rd_gdp,0.9781999518312501,1.659664406411657
CHN,2011,rd_gdp,0.9028515535053542,1.4666268104982376
CHN,2012,rd_gdp,0.9031848224780381,1.467448997678496
CHN,2013,rd_gdp,0.8760580228374222,1.4014147019511762
CHN,2014,rd_gdp,0.8150597800726894,1.2593107300724529
CHN,2015,rd_gdp,0.790840873826297,1.205249983834542
CHN,2016,rd_gdp,0.8118913965054779,1.2521636953346587
CHN,2017,rd_gdp,0.7657178064460148,1.1505374904327663
CHN,2018,rd_gdp,0.7134751895819078,1.0410720603163868
CHN,2019,rd_gdp,0.6766341781677965,0.9672451797217709
CHN,2020,rd_gdp,0.6521218890682273,0.9196097094885749
CHN,2021,rd_gdp,0.6343696615322912,0.8858330536168337
CHN,2022,rd_gdp,0.6695428396101316,0.9533441249229486
CHN,2023,rd_gdp,0.6062099017805807,0.8334691850852765
COL,2000,rd_gdp,-1.2270177263041742,-0.706834424741415
COL,2001,rd_gdp,-1.2430016783966615,-0.7114831180332166
COL,2002,rd_gdp,-1.0810352938850385,-0.6607558735940191
COL,2003,rd_gdp,-0.9446317601408276,-0.6111772754319696
COL,2004,rd_gdp,-0.9607888816019623,-0.6174090520658144
COL,2005,rd_gdp,-1.0320999813044616,-0.643741960738015
COL,2006,rd_gdp,-1.086155784477374,-0.6624885301402439
COL,2007,rd_gdp,-0.9653669366628466,-0.6191565713194445
COL,2008,rd_gdp,-0.9785794138809296,-0.6241553605307679
COL,2009,rd_gdp,-1.0746168039952875,-0.6585714357016157
COL,2010,rd_gdp,-1.0816712354584126,-0.6609715444532223
COL,2011,rd_gdp,-1.1441991036848371,-0.6815211157592093
COL,2012,rd_gdp,-1.0663510384408488,-0.6557375713411244
COL,2013,rd_gdp,-0.9562380717559986,-0.615663985692035
COL,2014,rd_gdp,-0.8356781917523382,-0.5664196689054258
COL,2015,rd_gdp,-0.6487704712585005,-0.47731195819132155
COL,2016,rd_gdp,-0.9011464480703852,-0.593896184177334
COL,2017,rd_gdp,-0.9314790502511021,-0.6060294230446797
COL,2018,rd_gdp,-0.7645696013885268,-0.5344657468418214
COL,2019,rd_gdp,-0.7771326785569961,-0.5402777051067027
COL,2020,rd_gdp,-0.8694045552689185,-0.5807989139744761
CRI,2000,rd_gdp,-0.07501800004464387,-0.07227321294532485
CRI,2003,rd_gdp,-0.23093984899087183,-0.20621278829892975
CRI,2004,rd_gdp,-0.18334858799410225,-0.16752208665342427
CRI,2006,rd_gdp,-0.13768743987495013,-0.12862899498326075
CRI,2007,rd_gdp,-0.31826217919124455,-0.2725879488912495
CRI,2008,rd_gdp,-0.3300525527852739,-0.2811140470199225
CRI,2009,rd_gdp,-0.10215204752148621,-0.09710774129849109
CRI,2010,rd_gdp,-0.19164458062247225,-0.17439974932108016
CRI,2011,rd_gdp,-0.2913379439559076,-0.2527368977066178
CRI,2012,rd_gdp,-0.16140223077896376,-0.14905027590986664
CRI,2013,rd_gdp,-0.18564802932385893,-0.16943412162488514
CRI,2014,rd_gdp,-0.1922090450745414,-0.17486563981252712
CRI,2015,rd_gdp,-0.4391284933233206,-0.35540205222427024
CRI,2016,rd_gdp,-0.3957059633575787,-0.3267953863373073
CRI,2017,rd_gdp,-0.46225784168975914,-0.3701400851419254
CRI,2018,rd_gdp,-0.6222574431408789,-0.46326857172123803
CRI,2020,rd_gdp,-0.8112658993268087,-0.5557047230112038
CRI,2021,rd_gdp,-1.0190518932055976,-0.6390630151923176
CRI,2022,rd_gdp,-0.838281622167647,-0.567546997029975
CRI,2023,rd_gdp,-0.9248961826345159,-0.6034274119407563
CZE,2000,rd_gdp,0.06645109001804873,0.0687086922740272
CZE,2001,rd_gdp,-0.0019473007107680268,-0.0019454059508275945
CZE,2002,rd_gdp,-0.0037838048132649987,-0.003776655244199789
CZE,2003,rd_gdp,0.05411011680994285,0.055600835151899064
CZE,2004,rd_gdp,0.05451309709674662,0.05602630720186541
CZE,2005,rd_gdp,0.0026453028605173123,0.00264880476131113
CZE,2006,rd_gdp,0.003170714440080491,0.0031757464720840733
CZE,2007,rd_gdp,0.0776516942034704,0.08074616295293535
CZE,2008,rd_gdp,-0.04619251004169875,-0.04514187528140334
CZE,2009,rd_gdp,-0.03472114303633772,-0.03412528040114915
CZE,2010,rd_gdp,-0.013988520011965877,-0.013891135284150313
CZE,2011,rd_gdp,0.09445263781622054,0.09905710815554047
CZE,2012,rd_gdp,0.23880117753568264,0.26972606142126154
CZE,2013,rd_gdp,0.2993410114519106,0.34896955911472993
CZE,2014,rd_gdp,0.31191909757680514,0.36604417227511354
CZE,2015,rd_gdp,0.2674224036216062,0.3065922390765712
CZE,2016,rd_gdp,0.16227011607619934,0.1761779029763726
CZE,2017,rd_gdp,0.17394608957684976,0.18999141115055518
CZE,2018,rd_gdp,0.21851008706979402,0.24422156711365406
CZE,2019,rd_gdp,0.1696496133913593,0.18488960912520658
CZE,2020,rd_gdp,0.17980069108772379,0.19697877080898518
CZE,2021,rd_gdp,0.17104283041370372,0.18654156799963917
CZE,2022,rd_gdp,0.1545122645200928,0.1670885917512026
CZE,2023,rd_gdp,0.0961404057896661,0.100913627790163
DEU,2000,rd_gdp,0.0716540191504852,0.0742835982071206
DEU,2001,rd_gdp,0.026766602424400987,0.027128045589535965
DEU,2002,rd_gdp,0.058161587998352804,0.05988624677095422
DEU,2003,rd_gdp,0.1274187678751717,0.13589259352442817
DEU,2004,rd_gdp,0.147206025185303,0.1585926377053879
DEU,2005,rd_gdp,0.12538437143584658,0.13358408668195465
DEU,2006,rd_gdp,0.10494907165905021,0.11065404514744293
DEU,2007,rd_gdp,0.13688917341191242,0.1467010565122917
DEU,2008,rd_gdp,0.1305784823257028,0.139487366002923
DEU,2009,rd_gdp,0.14421622961462843,0.155133855671032
DEU,2010,rd_gdp,0.12434302176922774,0.13240424369237513
DEU,2011,rd_gdp,0.06874830628185924,0.07116656931986398
DEU,2012,rd_gdp,0.09126914124063679,0.09556382698993526
DEU,2013,rd_gdp,0.07279698188294814,0.07551216629398994
DEU,2014,rd_gdp,0.06340792060900946,0.06546137425004539
DEU,2015,rd_gdp,0.09542188221296732,0.10012287951234766
DEU,2016,rd_gdp,0.14318972630850224,0.15394871532847332
DEU,2017,rd_gdp,0.1605463260928337,0.17415216576293968
DEU,2018,rd_gdp,0.16922018835297403,0.18438089709398486
DEU,2019,rd_gdp,0.15404378139215447,0.16654195849138542
DEU,2020,rd_gdp,0.11721974250150335,0.1243664736480401
DEU,2021,rd_gdp,0.12859854381871605,0.13723348309982186
DEU,2022,rd_gdp,0.1277294658634569,0.13624556789951892
DEU,2023,rd_gdp,0.12140266046150439,0.12907945650275732
DNK,2000,rd_gdp,0.16069523635462934,0.17432702208795892
DNK,2001,rd_gdp,0.18742544822198914,0.20614032616320688
DNK,2002,rd_gdp,0.24980411195577212,0.28377391609391167
DNK,2003,rd_gdp,0.3248083699531631,0.38376544953385383
DNK,2004,rd_gdp,0.30953196754533296,0.3627871362380817
DNK,2005,rd_gdp,0.2654268700565987,0.3039874902039934
DNK,2006,rd_gdp,0.24266600073867817,0.2746428232524152
DNK,2007,rd_gdp,0.34781560954512547,0.4159711341056411
DNK,2008,rd_gdp,0.3957083674162607,0.4854360528233399
DNK,2009,rd_gdp,0.4627657196483721,0.5884611535819086
DNK,2010,rd_gdp,0.4342540344817969,0.5438109995341864
DNK,2011,rd_gdp,0.4045306546307026,0.49859897448233914
DNK,2012,rd_gdp,0.4208439865045659,0.5232466128412405
DNK,2013,rd_gdp,0.40190900683122277,0.4946753212443078
DNK,2014,rd_gdp,0.3716217833074127,0.45008443142671317
DNK,2015,rd_gdp,0.4283967669021307,0.5347949160010252
DNK,2016,rd_gdp,0.4776767281748566,0.6123241801463997
DNK,2017,rd_gdp,0.4041424722252078,0.49801735762157207
DNK,2018,rd_gdp,0.4015327751726534,0.4941130828417488
DNK,2019,rd_gdp,0.33544737685637704,0.398565931314399
DNK,2020,rd_gdp,0.3040004614235272,0.3552696814428442
DNK,2021,rd_gdp,0.22014058102362477,0.24625191764338106
DNK,2022,rd_gdp,0.28638952189961553,0.3316110459086772
DNK,2023,rd_gdp,0.3054385545659053,0.3572200875745033
ESP,2000,rd_gdp,-0.6189030420255444,-0.46146513618752383
ESP,2001,rd_gdp,-0.6722234117972623,-0.48942789720792745
ESP,2002,rd_gdp,-0.5944292073289197,-0.44812251639411227
ESP,2003,rd_gdp,-0.49341972042903626,-0.3894650387150511
ESP,2004,rd_gdp,-0.4445552517541494,-0.3588906551077786
ESP,2005,rd_gdp,-0.4221499419700798,-0.34436427528934055
ESP,2006,rd_gdp,-0.3722302680805738,-0.31080447547949264
ESP,2007,rd_gdp,-0.2726196376403499,-0.23861766625972025
ESP,2008,rd_gdp,-0.25805125115121746,-0.2274443632734795
ESP,2009,rd_gdp,-0.2695291404879526,-0.23626097652972278
ESP,2010,rd_gdp,-0.243612031128763,-0.21620833795119943
ESP,2011,rd_gdp,-0.28436097303906965,-0.24750503471982954
ESP,2012,rd_gdp,-0.28275756681454706,-0.24629751179239123
ESP,2013,rd_gdp,-0.2915646721292558,-0.25290630409948456
ESP,2014,rd_gdp,-0.3433752844382733,-0.2906280546514861
ESP,2015,rd_gdp,-0.3803864393228674,-0.31640281067179066
ESP,2016,rd_gdp,-0.3738169336127329,-0.31189713119435625
ESP,2017,rd_gdp,-0.37642257555828107,-0.31368774702721114
ESP,2018,rd_gdp,-0.37383874975014897,-0.3119121427773506
ESP,2019,rd_gdp,-0.4070140893488411,-0.3343651881256119
ESP,2020,rd_gdp,-0.24259411314251672,-0.2154100961174954
ESP,2021,rd_gdp,-0.2526814852373798,-0.2232847623020433
ESP,2022,rd_gdp,-0.2804135319778235,-0.24452873467579617
ESP,2023,rd_gdp,-0.2771279794521755,-0.242042512081027
EST,2000,rd_gdp,0.04505078007911023,0.04608097863486971
EST,2001,rd_gdp,0.10819834615741852,0.1142687343913813
EST,2002,rd_gdp,0.06992553219946462,0.07242831690260054
EST,2003,rd_gdp,0.11276719573288618,0.11937130819545305
EST,2004,rd_gdp,0.1910227008105276,0.21048693080386593
EST,2005,rd_gdp,0.16414852389786033,0.17838932107127792
EST,2006,rd_gdp,0.26679349158288956,0.30577076583200524
EST,2007,rd_gdp,0.20677841638583644,0.22971005799054955
EST,2008,rd_gdp,0.36720393044996313,0.4436923019180874
EST,2009,rd_gdp,0.5466302194337767,0.7274221653957571
EST,2010,rd_gdp,0.6694727817814659,0.953207282668411
EST,2011,rd_gdp,0.938689498607515,1.556628756429685
EST,2012,rd_gdp,0.8113583723788583,1.2509635576275397
EST,2013,rd_gdp,0.5770736351362886,0.7808194706562384
EST,2014,rd_gdp,0.346567863553585,0.4142054635821595
EST,2015,rd_gdp,0.37392843225135036,0.4534331277977939
EST,2016,rd_gdp,0.23614302844555224,0.2663554220620288
EST,2017,rd_gdp,0.21551193893871012,0.24049679304988936
EST,2018,rd_gdp,0.27914070094534466,0.32199333649674755
EST,2019,rd_gdp,0.3585772047998144,0.4312915304386744
EST,2020,rd_gdp,0.39888493210531994,0.49016213892163085
EST,2021,rd_gdp,0.3884076142695352,0.47463074233315394
EST,2022,rd_gdp,0.4372862701066844,0.5484993026727678
EST,2023,rd_gdp,0.4791487072464272,0.6146992351829759
FIN,2000,rd_gdp,0.7598680575186527,1.1379941096380928
FIN,2001,rd_gdp,0.6937158119824307,1.0011375862479617
FIN,2002,rd_gdp,0.7132659403919064,1.0406450123223125
FIN,2003,rd_gdp,0.7588952224313847,1.1359152053313486
FIN,2004,rd_gdp,0.7734202860725783,1.1671659194958872
FIN,2005,rd_gdp,0.7411530222174587,1.098353568476027
FIN,2006,rd_gdp,0.7147377881178736,1.0436507424891426
FIN,2007,rd_gdp,0.7344560919647283,1.0843479905162434
FIN,2008,rd_gdp,0.7320137807471956,1.0792635754270958
FIN,2009,rd_gdp,0.7886691953868439,1.2004660864146324
FIN,2010,rd_gdp,0.780173100639477,1.1818499124268795
FIN,2011,rd_gdp,0.7087255568917663,1.031400703613098
FIN,2012,rd_gdp,0.6656132120239888,0.9456832719721868
FIN,2013,rd_gdp,0.6409718839874428,0.8983249346628248
FIN,2014,rd_gdp,0.6052767717301173,0.8317591178737105
FIN,2015,rd_gdp,0.5340011477647892,0.7057436052429009
FIN,2016,rd_gdp,0.5214272581942558,0.6844300514608634
FIN,2017,rd_gdp,0.4970783493059925,0.6439113129850103
FIN,2018,rd_gdp,0.49361927067129985,0.6382347180392254
FIN,2019,rd_gdp,0.4677391280465486,0.5963808973589888
FIN,2020,rd_gdp,0.4628723701311317,0.5886305727649412
FIN,2021,rd_gdp,0.5175654243762442,0.6779376069638117
FIN,2022,rd_gdp,0.5222063731949593,0.6857429275559104
FIN,2023,rd_gdp,0.5334646726487893,0.7048287616617617
FRA,2000,rd_gdp,0.06225961107763478,0.0642385969964343
FRA,2001,rd_gdp,0.04573369002653771,0.04679560172482966
FRA,2002,rd_gdp,0.07456953174580583,0.07742025582918743
FRA,2003,rd_gdp,0.09451530246496431,0.09912598234113812
FRA,2004,rd_gdp,0.10814321717914366,0.11420730758774456
FRA,2005,rd_gdp,0.060379349971784624,0.06223943062153148
FRA,2006,rd_gdp,0.045293938633813924,0.04633537310157965
FRA,2007,rd_gdp,0.07958879806497254,0.08284170950888559
FRA,2008,rd_gdp,0.041103430619991,0.04195987052769845
FRA,2009,rd_gdp,0.05853138976348693,0.0602782670562807
FRA,2010,rd_gdp,0.05348404641826754,0.05494016155925019
FRA,2011,rd_gdp,0.008358663169566127,0.008393694331092272
FRA,2012,rd_gdp,0.027508189537613692,0.02789003301687143
FRA,2013,rd_gdp,0.02591882623481312,0.026257639895570284
FRA,2014,rd_gdp,0.03064426428817202,0.031118632914979294
FRA,2015,rd_gdp,0.023468577517415712,0.02374613159622374
FRA,2016,rd_gdp,0.0777612880767865,0.08086461260156441
FRA,2017,rd_gdp,0.0564086436436152,0.058029952623523506
FRA,2018,rd_gdp,0.04000990843350294,0.04082108704782539
FRA,2019,rd_gdp,-0.007957368832431033,-0.00792579278266381
FRA,2020,rd_gdp,0.03421655430515835,0.03480867473932592
FRA,2021,rd_gdp,-0.0033897882071094454,-0.0033840493613868095
FRA,2022,rd_gdp,-0.003008202753097544,-0.0030036826447991105
FRA,2023,rd_gdp,-0.07622188437246658,-0.07338941665986898
GBR,2000,rd_gdp,-0.15357045715884704,-0.1423596648313047
GBR,2001,rd_gdp,-0.20967063275930892,-0.1891487301613266
GBR,2002,rd_gdp,-0.19591018481468792,-0.17791393282503698
GBR,2003,rd_gdp,-0.1940073476689022,-0.1763481476747586
GBR,2004,rd_gdp,-0.19647260642193032,-0.17837616179626437
GBR,2005,rd_gdp,-0.21785146556203977,-0.19575510914197325
GBR,2006,rd_gdp,-0.20945306867289548,-0.1889722988537248
GBR,2007,rd_gdp,-0.13896110953701057,-0.12973812731271073
GBR,2008,rd_gdp,-0.19428965500700862,-0.176580637818334
GBR,2009,rd_gdp,-0.1891947701911093,-0.17237470574117486
GBR,2010,rd_gdp,-0.19703081800884908,-0.17883467375758755
GBR,2011,rd_gdp,-0.2237726795476992,-0.20050314429905403
GBR,2012,rd_gdp,-0.2779894035277037,-0.24269515376835837
GBR,2013,rd_gdp,-0.26194239917825196,-0.23044465054852703
GBR,2014,rd_gdp,0.041782826326214884,0.042668014117410946
GBR,2015,rd_gdp,0.05331420735805448,0.05476100672780482
GBR,2016,rd_gdp,0.11831854912946016,0.1256026139967672
GBR,2017,rd_gdp,0.10171760530824481,0.10707079666474684
GBR,2018,rd_gdp,0.23982787999589028,0.27103036174191253
GBR,2019,rd_gdp,0.1901226755165285,0.20939795207579737
GBR,2020,rd_gdp,0.32061511690843125,0.3779751194933949
GBR,2021,rd_gdp,0.2813085267594304,0.3248622963567276
GBR,2022,rd_gdp,0.20748483376052818,0.2305790534419525
GBR,2023,rd_gdp,0.1454136168750395,0.1565178266431333
GRC,2001,rd_gdp,-0.7189391485062588,-0.5127310981884026
GRC,2003,rd_gdp,-0.777812542221642,-0.5405901473697228
GRC,2004,rd_gdp,-0.8177457381910183,-0.5585743773244596
GRC,2005,rd_gdp,-0.7483854935334577,-0.5268701924308725
GRC,2006,rd_gdp,-0.8383702647244894,-0.5675853290709223
GRC,2007,rd_gdp,-0.7790207237750364,-0.5411448627132189
GRC,2008,rd_gdp,-0.6974913035304096,-0.5021673504583654
GRC,2009,rd_gdp,-0.795008902993372,-0.5484227854842523
GRC,2010,rd_gdp,-0.7567307777637381,-0.5308021656161865
GRC,2011,rd_gdp,-0.5625055686111797,-0.4302203481592505
GRC,2012,rd_gdp,-0.4313097804419359,-0.3503423716275409
GRC,2013,rd_gdp,-0.28178164844742193,-0.2455616006546114
GRC,2014,rd_gdp,-0.27475779586433735,-0.2402438829843233
GRC,2015,rd_gdp,-0.1178187156214254,-0.1111428260697952
GRC,2016,rd_gdp,-0.02661787647175136,-0.02626674317041766
GRC,2017,rd_gdp,0.09646467418096688,0.10127067716799276
GRC,2018,rd_gdp,0.11988419697988412,0.1273662915985576
GRC,2019,rd_gdp,0.11419486931683406,0.12097054636620075
GRC,2020,rd_gdp,0.3008850074719104,0.35105397149322215
GRC,2021,rd_gdp,0.22287813323181632,0.24966827142233705
GRC,2022,rd_gdp,0.20811702690382933,0.23135726304529736
GRC,2023,rd_gdp,0.1533712567200577,0.16575769399143625
HUN,2000,rd_gdp,0.015551355424138269,0.015672907031902605
HUN,2001,rd_gdp,0.09077348221489157,0.09502093544646928
HUN,2002,rd_gdp,0.13269500213216368,0.14190166763962653
HUN,2003,rd_gdp,0.07493602835710489,0.07781519907015277
HUN,2004,rd_gdp,0.006347654258695323,0.0063678433110914145
HUN,2005,rd_gdp,0.017345610215358062,0.017496918893323166
HUN,2006,rd_gdp,0.04542772525296432,0.046475368138166884
HUN,2007,rd_gdp,0.08248592775412072,0.08598339110622799
HUN,2008,rd_gdp,0.03829976090017507,0.03904265056099576
HUN,2009,rd_gdp,0.16541810398319903,0.1798863307718599
HUN,2010,rd_gdp,0.17979647857860148,0.19697372853561435
HUN,2011,rd_gdp,0.17186000479239652,0.18751157564698184
HUN,2012,rd_gdp,0.24201591956481014,0.27381447122681357
HUN,2013,rd_gdp,0.3128810619099967,0.3673588903009468
HUN,2014,rd_gdp,0.23091059451555052,0.2597466061586824
HUN,2015,rd_gdp,0.20996752996005325,0.23363800303118354
HUN,2016,rd_gdp,0.11354910884623642,0.12024690157440099
HUN,2017,rd_gdp,0.1876296280213784,0.20638662079637693
HUN,2018,rd_gdp,0.26143643748103895,0.29879438430548966
HUN,2019,rd_gdp,0.15852237552681586,0.17177814308513129
HUN,2020,rd_gdp,0.204466958153329,0.2268709170952974
HUN,2021,rd_gdp,0.21711438675904476,0.24248621798115644
HUN,2022,rd_gdp,0.033133981355209285,0.03368902502027926
HUN,2023,rd_gdp,-0.012145199838049014,-0.012071744575507415
IRL,2000,rd_gdp,-0.4309760525565278,-0.3501255265793778
IRL,2001,rd_gdp,-0.5253452090155873,-0.4086488106346302
IRL,2002,rd_gdp,-0.5484076312223619,-0.4221307408987639
IRL,2003,rd_gdp,-0.4510427773290565,-0.3630364060060729
IRL,2004,rd_gdp,-0.4059660797911189,-0.3336672308117289
IRL,2005,rd_gdp,-0.4427800533598413,-0.35775154805678777
IRL,2006,rd_gdp,-0.4549894867598906,-0.36554536191288556
IRL,2007,rd_gdp,-0.38603280574370236,-0.3202517743315346
IRL,2008,rd_gdp,-0.25978051100704325,-0.22877915828612283
IRL,2009,rd_gdp,-0.135944274103592,-0.12710872621788483
IRL,2010,rd_gdp,-0.13362730811449464,-0.1250839220289499
IRL,2011,rd_gdp,-0.2118179861140066,-0.19088804622433375
IRL,2012,rd_gdp,-0.20035071408199895,-0.1815563369802824
IRL,2013,rd_gdp,-0.22477950603695585,-0.20130769382260072
IRL,2014,rd_gdp,-0.3523320491108158,-0.2969533627964649
IRL,2015,rd_gdp,-0.7996461283763711,-0.5505120029757458
IRL,2016,rd_gdp,-0.7324921327798292,-0.5192904958409852
IRL,2017,rd_gdp,-0.760573682186736,-0.5326017879461735
IRL,2018,rd_gdp,-0.9345080679809147,-0.6072209614008734
IRL,2019,rd_gdp,-0.946868810437528,-0.6120461192373458
IRL,2020,rd_gdp,-1.0875035288572834,-0.6629431029341305
IRL,2021,rd_gdp,-1.2188295374633933,-0.7044240749169126
IRL,2022,rd_gdp,-0.8976739511078922,-0.592483538626241
IRL,2023,rd_gdp,-0.8625851167134286,-0.5779304283115747
ISL,2000,rd_gdp,0.7992735476799613,1.2239247662251125
ISL,2001,rd_gdp,0.8454330565708228,1.3289861789832225
ISL,2002,rd_gdp,0.8566756988825732,1.355317879132238
ISL,2003,rd_gdp,0.8480873276278641,1.3351761508878734
ISL,2005,rd_gdp,0.7550928957294488,1.127809178560264
ISL,2006,rd_gdp,0.7901716298595272,1.2037746273294276
ISL,2007,rd_gdp,0.676362008444856,0.9667098280028195
ISL,2008,rd_gdp,0.5914406500755276,0.8065892044083709
ISL,2009,rd_gdp,0.6478955378329188,0.9115138845720481
ISL,2011,rd_gdp,0.576795839998437,0.7803248363725788
ISL,2013,rd_gdp,0.18981086020975213,0.2090209020703926
ISL,2014,rd_gdp,0.3088582050674952,0.36186925065356057
ISL,2015,rd_gdp,0.4220137057614658,0.5250294262295876
ISL,2016,rd_gdp,0.40132109526002946,0.4937968425869581
ISL,2017,rd_gdp,0.38106525780503153,0.4638431294823895
ISL,2018,rd_gdp,0.31549629721629624,0.37093953562147
ISL,2019,rd_gdp,0.45258019428885987,0.5723639605699222
ISL,2020,rd_gdp,0.523572726789206,0.6880478227562845
ISL,2021,rd_gdp,0.6527127925319374,0.9207443487129923
ISL,2022,rd_gdp,0.5429573048853243,0.7210891288637093
ISL,2023,rd_gdp,0.47479003706936207,0.6076766095540873
ISR,2000,rd_gdp,1.2409347228331455,2.4588450156376234
ISR,2001,rd_gdp,1.292793614418399,2.6429493495080676
ISR,2002,rd_gdp,1.3120687709602419,2.713848873097256
ISR,2003,rd_gdp,1.303853179755855,2.683462401289701
ISR,2004,rd_gdp,1.3181950004286125,2.73667059768935
ISR,2005,rd_gdp,1.3217449281933793,2.7499590810147243
ISR,2006,rd_gdp,1.3159343858263104,2.7282329662818956
ISR,2007,rd_gdp,1.402149568399068,3.063926272080197
ISR,2008,rd_gdp,1.319127786708705,2.7401577388819867
ISR,2009,rd_gdp,1.188628173053943,2.2825749923892196
ISR,2010,rd_gdp,1.1325845876805953,2.1036678443293466
ISR,2011,rd_gdp,1.0846202041564406,1.9583160492120761
ISR,2012,rd_gdp,1.1119513411836617,2.0402852437086105
ISR,2013,rd_gdp,1.0987482977163943,2.0004080548938035
ISR,2014,rd_gdp,1.0944754632503761,1.9876151583727646
ISR,2015,rd_gdp,1.135254918288554,2.111966739035884
ISR,2016,rd_gdp,1.2345418144380407,2.4368034661715643
ISR,2017,rd_gdp,1.2472628922866298,2.4808025753136342
ISR,2018,rd_gdp,1.258585522775189,2.5204383840375546
ISR,2019,rd_gdp,1.2976608472505549,2.6607236529351215
ISR,2020,rd_gdp,1.3444211991154738,2.8359656376275733
ISR,2021,rd_gdp,1.310382753921067,2.707592536243612
ISR,2022,rd_gdp,1.356601595223002,2.8829749332714
ISR,2023,rd_gdp,1.3466381152846667,2.8444790851871082
ITA,2000,rd_gdp,-0.7624424311026354,-0.5334744222271064
ITA,2001,rd_gdp,-0.7733639983541772,-0.538541889983573
ITA,2002,rd_gdp,-0.7211616561923438,-0.5138128545167104
ITA,2003,rd_gdp,-0.6878093476114991,-0.4973239477197
ITA,2004,rd_gdp,-0.6563880569916882,-0.48127845242606715
ITA,2005,rd_gdp,-0.6771403880564356,-0.491932206256401
ITA,2006,rd_gdp,-0.6483544749683106,-0.47709447667238625
ITA,2007,rd_gdp,-0.5504162153141353,-0.4232902749990094
ITA,2008,rd_gdp,-0.5629850269312064,-0.43049346827381973
ITA,2009,rd_gdp,-0.540842310799958,-0.41774239610437636
ITA,2010,rd_gdp,-0.5255017499855719,-0.4087413740782403
ITA,2011,rd_gdp,-0.574011517439125,-0.4367386322438688
ITA,2012,rd_gdp,-0.4923246093664122,-0.38879606889355933
ITA,2013,rd_gdp,-0.443181650804855,-0.3580094216100064
ITA,2014,rd_gdp,-0.42115147725808355,-0.34370931923345016
ITA,2015,rd_gdp,-0.40926739778420773,-0.3358633800838836
ITA,2016,rd_gdp,-0.3428603292515948,-0.29026266581758153
ITA,2017,rd_gdp,-0.35097857121775106,-0.2960011604681777
ITA,2018,rd_gdp,-0.3244294036038529,-0.27706025721113026
ITA,2019,rd_gdp,-0.3332529694217489,-0.28341110385345036
ITA,2020,rd_gdp,-0.28826975301815755,-0.25044063093698155
ITA,2021,rd_gdp,-0.38549869762269784,-0.3198886183103098
ITA,2022,rd_gdp,-0.4467990492566846,-0.3603275619878079
ITA,2023,rd_gdp,-0.48913228001688,-0.38684178694960347
JPN,2000,rd_gdp,0.4288099583954017,0.5354292112379062
JPN,2001,rd_gdp,0.42341982580078885,0.5271753089971818
JPN,2002,rd_gdp,0.4541558114316011,0.5748433569576112
JPN,2003,rd_gdp,0.5014434453797443,0.6511028282113946
JPN,2004,rd_gdp,0.5247658924660767,0.6900631455472128
JPN,2005,rd_gdp,0.5431416624831589,0.7214064539709142
JPN,2006,rd_gdp,0.5655851370570768,0.7604776020828294
JPN,2007,rd_gdp,0.6354997440473509,0.8879654052167438
JPN,2008,rd_gdp,0.5905053987382727,0.8049003793001486
JPN,2009,rd_gdp,0.5361304782691709,0.7093795668423699
JPN,2010,rd_gdp,0.49345998851381334,0.6379737972594306
JPN,2011,rd_gdp,0.49564505763400524,0.6415567963482454
JPN,2012,rd_gdp,0.4667201944085284,0.5947551195840688
JPN,2013,rd_gdp,0.4773570634234072,0.6118088593074396
JPN,2014,rd_gdp,0.48754000520535046,0.628305665545067
JPN,2015,rd_gdp,0.45189516918585615,0.5712872206249253
JPN,2016,rd_gdp,0.462406633861856,0.5878908621571246
JPN,2017,rd_gdp,0.47055259826525964,0.6008785915689498
JPN,2018,rd_gdp,0.4744718917409163,0.6071652161041381
JPN,2019,rd_gdp,0.4483848651928424,0.5657811943870159
JPN,2020,rd_gdp,0.4318048275108437,0.5400345134581117
JPN,2021,rd_gdp,0.44821948564920233,0.5655222676188334
JPN,2022,rd_gdp,0.4887740616814895,0.63031632707654
JPN,2023,rd_gdp,0.4465045027641594,0.5628397246388468
KOR,2000,rd_gdp,0.6162466818428053,0.8519639708365139
KOR,2001,rd_gdp,0.6203234161709988,0.859529346466376
KOR,2002,rd_gdp,0.5352773862084391,0.7079219305424984
KOR,2003,rd_gdp,0.5899578986418496,0.8039124666342652
KOR,2004,rd_gdp,0.6598405329243872,0.9344838233258796
KOR,2005,rd_gdp,0.6379729560914403,0.8926405228913661
KOR,2006,rd_gdp,0.6731287337962955,0.9603611839605408
KOR,2007,rd_gdp,0.7407765340088819,1.0975637117952637
KOR,2008,rd_gdp,0.6998012084028642,1.013352430140725
KOR,2009,rd_gdp,0.6631942445490773,0.9409824153226936
KOR,2010,rd_gdp,0.6777479336466432,0.9694374304079123
KOR,2011,rd_gdp,0.6986172321922737,1.0109700793615257
KOR,2012,rd_gdp,0.7445608077761408,1.105516505408274
KOR,2013,rd_gdp,0.7393629351365296,1.0946006928511096
KOR,2014,rd_gdp,0.7370190596722728,1.0896969587956797
KOR,2015,rd_gdp,0.7083152616077286,1.0305674004462846
KOR,2016,rd_gdp,0.7402976329506117,1.096559426809661
KOR,2017,rd_gdp,0.7881535684462571,1.1993317592885742
KOR,2018,rd_gdp,0.8051631493721294,1.2370614442189103
KOR,2019,rd_gdp,0.7792741916744719,1.1798895092243171
KOR,2020,rd_gdp,0.7509285601153259,1.1189666913387915
KOR,2021,rd_gdp,0.7742481505905547,1.1689607821142332
KOR,2022,rd_gdp,0.818637086750807,1.2674074510274962
KOR,2023,rd_gdp,0.7805668467128815,1.1827091764174655
LTU,2000,rd_gdp,0.17281912514637776,0.18865108854742707
LTU,2001,rd_gdp,0.2076546222654858,0.230788009358323
LTU,2002,rd_gdp,0.13668372368126303,0.14646549128833053
LTU,2003,rd_gdp,0.08979138447381907,0.09394604576909793
LTU,2004,rd_gdp,0.18508981055550622,0.20332650669688523
LTU,2005,rd_gdp,0.08502059547800972,0.08873948957770894
LTU,2006,rd_gdp,0.06643953786903847,0.06869634646327594
LTU,2007,rd_gdp,0.027026822688357544,0.027395359899468064
LTU,2008,rd_gdp,-0.0799047466973497,-0.07679571954470166
LTU,2009,rd_gdp,0.03350694162064957,0.0340746218551129
LTU,2010,rd_gdp,-0.005625525738141041,-0.005609732097947462
LTU,2011,rd_gdp,0.02040848195226945,0.020618158987553592
LTU,2012,rd_gdp,-0.04853922577546582,-0.047380028684153586
LTU,2013,rd_gdp,-0.03707313179914925,-0.03639433744358933
LTU,2014,rd_gdp,-0.0051196641458369635,-0.005106581001977029
LTU,2015,rd_gdp,-0.013570865402436474,-0.013479196353195277
LTU,2016,rd_gdp,-0.19942945444198537,-0.18080199044476097
LTU,2017,rd_gdp,-0.18872794034085572,-0.17198825535271978
LTU,2018,rd_gdp,-0.2123066039557942,-0.19128329618999573
LTU,2019,rd_gdp,-0.22591481773188604,-0.20221394400289938
LTU,2020,rd_gdp,-0.16878098606179634,-0.15530611713738462
LTU,2021,rd_gdp,-0.19921750785703934,-0.18062834582319887
LTU,2022,rd_gdp,-0.240728286024229,-0.2139448204476464
LTU,2023,rd_gdp,-0.28152351631975897,-0.24536683072829146
LUX,2000,rd_gdp,-0.5507448787391243,-0.4234797872478743
LUX,2003,rd_gdp,-0.5446687980928442,-0.4199661401493653
LUX,2004,rd_gdp,-0.5475398725962104,-0.42162907223221446
LUX,2005,rd_gdp,-0.5897136929925972,-0.44551398475773485
LUX,2006,rd_gdp,-0.5707874095068378,-0.4349196861364911
LUX,2007,rd_gdp,-0.616438968894438,-0.46013651065644967
LUX,2008,rd_gdp,-0.6707885114926746,-0.4886947512722458
LUX,2009,rd_gdp,-0.6805248933964714,-0.49364885777064904
LUX,2010,rd_gdp,-0.7843556948698636,-0.5435863232559268
LUX,2011,rd_gdp,-0.8046464461929748,-0.5527539758557789
LUX,2012,rd_gdp,-0.9672297499305311,-0.6198653511441107
LUX,2013,rd_gdp,-0.9568042325315034,-0.6158815200824197
LUX,2014,rd_gdp,-0.9820326285732379,-0.625450994423309
LUX,2015,rd_gdp,-0.9335873240029577,-0.6068591459222653
LUX,2016,rd_gdp,-0.8910870806511129,-0.5897904206135847
LUX,2017,rd_gdp,-0.8992722329896833,-0.5931343445787646
LUX,2018,rd_gdp,-0.9584694716162194,-0.616520636899498
LUX,2019,rd_gdp,-0.9858485391665384,-0.6268775164701184
LUX,2020,rd_gdp,-1.1135615103617307,-0.6716126789370016
LUX,2021,rd_gdp,-1.1749313518586697,-0.6911598197353352
LUX,2022,rd_gdp,-1.0945406403018436,-0.6653066837372938
LUX,2023,rd_gdp,-1.1158058969249824,-0.672348880558387
LVA,2000,rd_gdp,0.027934540289179743,0.028328368140590143
LVA,2001,rd_gdp,-0.1539811066007769,-0.14271178205299972
LVA,2002,rd_gdp,-0.19564176715628767,-0.17769324079038784
LVA,2003,rd_gdp,-0.34980304568881837,-0.2951731052553027
LVA,2004,rd_gdp,-0.2940301494802602,-0.25474597791685705
LVA,2005,rd_gdp,-0.1463246982908235,-0.13612284179588063
LVA,2006,rd_gdp,-0.05018752636121954,-0.04894893936746125
LVA,2007,rd_gdp,-0.24993332529485102,-0.22114728888488977
LVA,2008,rd_gdp,-0.2404864058288948,-0.2137546662709352
LVA,2009,rd_gdp,-0.44047741213411584,-0.3562709763356289
LVA,2010,rd_gdp,-0.10222424556830356,-0.09717292600292327
LVA,2011,rd_gdp,0.0016050161272592733,0.0016063048550276626
LVA,2012,rd_gdp,-0.15193246615735484,-0.14095370652060135
LVA,2013,rd_gdp,-0.2638111142363682,-0.23188138737412878
LVA,2014,rd_gdp,-0.18193121671011958,-0.16634131976963418
LVA,2015,rd_gdp,-0.31276693111060455,-0.2685796359634295
LVA,2016,rd_gdp,-0.6379135973428541,-0.47160628317173936
LVA,2017,rd_gdp,-0.5107558759202587,-0.3999581498330983
LVA,2018,rd_gdp,-0.3413149986841049,-0.2891650391405848
LVA,2019,rd_gdp,-0.3834819551981199,-0.31851562481165807
LVA,2020,rd_gdp,-0.29028579773159147,-0.2519502538953797
LVA,2021,rd_gdp,-0.2929591422038149,-0.2539473778595064
LVA,2022,rd_gdp,-0.24224032348299368,-0.2151324672143139
LVA,2023,rd_gdp,-0.2596965130335541,-0.22871437457749422
MEX,2000,rd_gdp,-1.1656907067257756,-0.688292710659695
MEX,2001,rd_gdp,-1.1217578086746807,-0.6742932390409981
MEX,2002,rd_gdp,-1.0005998442080897,-0.6323411630099347
MEX,2003,rd_gdp,-0.846174455496922,-0.5709468416517492
MEX,2004,rd_gdp,-0.8319634579643511,-0.5648060381509334
MEX,2005,rd_gdp,-0.8254802564598702,-0.5619754221905802
MEX,2006,rd_gdp,-0.9299510106881148,-0.6054269602401632
MEX,2007,rd_gdp,-0.7972424970770462,-0.5494303000707377
MEX,2008,rd_gdp,-0.7418052912165508,-0.5237466370322498
MEX,2009,rd_gdp,-0.6741568456118326,-0.4904141008892531
MEX,2010,rd_gdp,-0.6489434605152071,-0.4774023697868206
MEX,2011,rd_gdp,-0.7451620400911116,-0.5253426198170932
MEX,2012,rd_gdp,-0.88592422299299,-0.5876670904359426
MEX,2013,rd_gdp,-0.8712243978696345,-0.5815611002292314
MEX,2014,rd_gdp,-0.8636867628318562,-0.5783951435940389
MEX,2015,rd_gdp,-0.8709221108788051,-0.5814345924735126
MEX,2016,rd_gdp,-0.9177932019914056,-0.6006005367896381
MEX,2017,rd_gdp,-1.0849017988667167,-0.6620650301376487
MEX,2018,rd_gdp,-1.1685435590724502,-0.6891806982805209
MEX,2019,rd_gdp,-1.2601264259085647,-0.7163818324514499
MEX,2020,rd_gdp,-1.1836722158976387,-0.6938475859485846
MEX,2021,rd_gdp,-1.2500022358653882,-0.7134958437252525
MEX,2022,rd_gdp,-1.3194652664560573,-0.7327218136282796
MEX,2023,rd_gdp,-1.346102994914171,-0.739747507684972
NLD,2000,rd_gdp,-0.13976012044252917,-0.13043319831800937
NLD,2001,rd_gdp,-0.18139996186522112,-0.16589831689347723
NLD,2002,rd_gdp,-0.19277515850054538,-0.17533262725568388
NLD,2003,rd_gdp,-0.11878623605107497,-0.11200239765102693
NLD,2004,rd_gdp,-0.08515554441148232,-0.08163057394056272
NLD,2005,rd_gdp,-0.12384812500239684,-0.11648598561749024
NLD,2006,rd_gdp,-0.1700232419944222,-0.1563547916287098
NLD,2007,rd_gdp,-0.18204799261613958,-0.16643866533341078
NLD,2008,rd_gdp,-0.2857864652840745,-0.24857694627492422
NLD,2009,rd_gdp,-0.3055132877117437,-0.26325488489226057
NLD,2010,rd_gdp,-0.26252105092421774,-0.23088982628182497
NLD,2011,rd_gdp,-0.20958195061943163,-0.1890768189470221
NLD,2012,rd_gdp,-0.17895112536269664,-0.16385323523175233
NLD,2013,rd_gdp,-0.05895313907109634,-0.05724905369293076
NLD,2014,rd_gdp,-0.07294367331024854,-0.07034680716196362
NLD,2015,rd_gdp,-0.08375105642715452,-0.08033982891072111
NLD,2016,rd_gdp,-0.04382977782538222,-0.04288313387836429
NLD,2017,rd_gdp,-0.047748635462648514,-0.04662659877508446
NLD,2018,rd_gdp,-0.08642830057566975,-0.08279869076694868
NLD,2019,rd_gdp,-0.11310816877896779,-0.10694594567536408
NLD,2020,rd_gdp,-0.08447527909066688,-0.08100562652739118
NLD,2021,rd_gdp,-0.10980705236179678,-0.10399299894636094
NLD,2022,rd_gdp,-0.14859446292067813,-0.1380814160220063
NLD,2023,rd_gdp,-0.13538721108798835,-0.12662233531000278
NOR,2001,rd_gdp,-0.4864072698221442,-0.38516864594025213
NOR,2002,rd_gdp,-0.4390515818594131,-0.35535247334590736
NOR,2003,rd_gdp,-0.36529006882836723,-0.3060046847291943
NOR,2004,rd_gdp,-0.4390034754324989,-0.35532146091083827
NOR,2005,rd_gdp,-0.5160999100261515,-0.40315624098016445
NOR,2006,rd_gdp,-0.5489551321084969,-0.4224470382357548
NOR,2007,rd_gdp,-0.4352508914254383,-0.352897705707103
NOR,2008,rd_gdp,-0.4973994397842135,-0.3918899680478536
NOR,2009,rd_gdp,-0.45040218642628005,-0.3626282422033088
NOR,2010,rd_gdp,-0.46820804719439374,-0.3738767530786955
NOR,2011,rd_gdp,-0.5152685582170441,-0.4026598475311429
NOR,2012,rd_gdp,-0.536857255817433,-0.41541743807288745
NOR,2013,rd_gdp,-0.5204826354195861,-0.4057663194721651
NOR,2014,rd_gdp,-0.5008575660042197,-0.39398925739817037
NOR,2015,rd_gdp,-0.3693921839080897,-0.30884570230280994
NOR,2016,rd_gdp,-0.25893905299573594,-0.2281299352217081
NOR,2017,rd_gdp,-0.24846535786532498,-0.2200031188758882
NOR,2018,rd_gdp,-0.2796869917396796,-0.24397965496267704
NOR,2019,rd_gdp,-0.26734038257716186,-0.2345875059574316
NOR,2020,rd_gdp,-0.2711151850230762,-0.23747134053482422
NOR,2021,rd_gdp,-0.4271411764212093,-0.3476285537396242
NOR,2022,rd_gdp,-0.6358901651720372,-0.47053603190098425
NOR,2023,rd_gdp,-0.49502636595828686,-0.3904451644129314
NZL,2001,rd_gdp,-0.07812808283636381,-0.07515403793695274
NZL,2003,rd_gdp,-0.028874598219745334,-0.028461710541006546
NZL,2005,rd_gdp,-0.06830337039162611,-0.06602291040120867
NZL,2007,rd_gdp,-0.0011829529988411358,-0.0011822535857605176
NZL,2009,rd_gdp,-0.04047630702310248,-0.039668082636197366
NZL,2011,rd_gdp,-0.07815770580069142,-0.07518143421011403
NZL,2013,rd_gdp,-0.18234818497269845,-0.16668885652018084
NZL,2015,rd_gdp,-0.1459779668738484,-0.13582325650991012
NZL,2017,rd_gdp,-0.016935937469021,-0.01679333067487887
NZL,2019,rd_gdp,0.007805428830282346,0.007835970602055653
NZL,2021,rd_gdp,-0.016191661015416303,-0.016061280711890946
NZL,2023,rd_gdp,-0.029030020388712496,-0.028612697395532738
POL,2000,rd_gdp,-0.17762747998583744,-0.16274574062883318
POL,2001,rd_gdp,-0.248173353705826,-0.21977532328519234
POL,2002,rd_gdp,-0.3603452540023354,-0.30256450789604183
POL,2003,rd_gdp,-0.380043650185485,-0.316168440813518
POL,2004,rd_gdp,-0.35674653434513404,-0.3000501114907088
POL,2005,rd_gdp,-0.3812814611672316,-0.3170143713680692
POL,2006,rd_gdp,-0.4568340982737654,-0.36671460551169166
POL,2007,rd_gdp,-0.434481094693831,-0.3523993766945267
POL,2008,rd_gdp,-0.4713848275219722,-0.37586265303806243
POL,2009,rd_gdp,-0.482640433111713,-0.3828483092038717
POL,2010,rd_gdp,-0.398307617281627,-0.32854455540922123
POL,2011,rd_gdp,-0.4449573214231823,-0.35914837391596344
POL,2012,rd_gdp,-0.29231494650342993,-0.2534666191333361
POL,2013,rd_gdp,-0.30532331062577606,-0.26311490690630757
POL,2014,rd_gdp,-0.2796860693849339,-0.24397895764340238
POL,2015,rd_gdp,-0.24758208819143598,-0.21931386693220445
POL,2016,rd_gdp,-0.2546153477983596,-0.22478537136725718
POL,2017,rd_gdp,-0.22927325850291014,-0.20488876708832382
POL,2018,rd_gdp,-0.14518748907149884,-0.13513987391307247
POL,2019,rd_gdp,-0.12583845390077908,-0.11824272027263738
POL,2020,rd_gdp,-0.14124832917143126,-0.1317263327569903
POL,2021,rd_gdp,-0.13577644684281293,-0.1269622189728371
POL,2022,rd_gdp,-0.15253288090645556,-0.14146933577417198
POL,2023,rd_gdp,-0.12512315902721788,-0.11761177818280355
PRT,2000,rd_gdp,-0.5329100774873261,-0.4131054264930897
PRT,2001,rd_gdp,-0.514786169055,-0.40237162760404255
PRT,2002,rd_gdp,-0.5600489604039047,-0.42881890209304774
PRT,2003,rd_gdp,-0.5314633353219389,-0.41225572686702805
PRT,2004,rd_gdp,-0.4553551489467786,-0.365777315572404
PRT,2005,rd_gdp,-0.43598231081223243,-0.35337083582102613
PRT,2006,rd_gdp,-0.21263659371424612,-0.1915501203926937
PRT,2007,rd_gdp,-0.005841576819683544,-0.005824547984365158
PRT,2008,rd_gdp,0.1852314233002293,0.203496925132723
PRT,2009,rd_gdp,0.22275003822511796,0.24950820540878604
PRT,2010,rd_gdp,0.2021985910989353,0.22409107756713498
PRT,2011,rd_gdp,0.13610059132214142,0.1457971450478428
PRT,2012,rd_gdp,0.11638150910047795,0.12342438701423863
PRT,2013,rd_gdp,0.08072763032361002,0.08407558703508222
PRT,2014,rd_gdp,0.03592326661977424,0.03657630343553442
PRT,2015,rd_gdp,0.0038703210943765998,0.003877820458925152
PRT,2016,rd_gdp,0.0700862763073726,0.07260071729149842
PRT,2017,rd_gdp,0.07270951083828386,0.07541809423560575
PRT,2018,rd_gdp,0.06059175237561687,0.062465076793087215
PRT,2019,rd_gdp,0.03844417164900088,0.0391927103230858
PRT,2020,rd_gdp,0.19553485788964126,0.21596117902402567
PRT,2021,rd_gdp,0.23501129397919807,0.2649230546668857
PRT,2022,rd_gdp,0.2076955483542967,0.23083838172846627
PRT,2023,rd_gdp,0.14922923371250862,0.16093908508531807
SVK,2000,rd_gdp,0.0628917041985424,0.06491150754125874
SVK,2001,rd_gdp,-0.014953676488410395,-0.014842425495609768
SVK,2002,rd_gdp,-0.1465623819602342,-0.13632814688896222
SVK,2003,rd_gdp,-0.14259948918165177,-0.13289871719624913
SVK,2004,rd_gdp,-0.2642291958316767,-0.2322024565078571
SVK,2005,rd_gdp,-0.35351732480458675,-0.29778617323464485
SVK,2006,rd_gdp,-0.4735950783857765,-0.3772406297502331
SVK,2007,rd_gdp,-0.5691436931282745,-0.43399009058297033
SVK,2008,rd_gdp,-0.6457573100359563,-0.47573463968817253
SVK,2009,rd_gdp,-0.6492456673607558,-0.4775602785063887
SVK,2010,rd_gdp,-0.43987452287292794,-0.3558827620067806
SVK,2011,rd_gdp,-0.41736247474985844,-0.34121791521051603
SVK,2012,rd_gdp,-0.23897472215951482,-0.21256521322795074
SVK,2013,rd_gdp,-0.21554498564896446,-0.19389799357944304
SVK,2014,rd_gdp,-0.18122056750560345,-0.16574867033370722
SVK,2015,rd_gdp,0.06794067879020863,0.07030181499703048
SVK,2016,rd_gdp,-0.27472919783547606,-0.2402221551462762
SVK,2017,rd_gdp,-0.17986780345373246,-0.16461936145269707
SVK,2018,rd_gdp,-0.2794326767337083,-0.24378736319380967
SVK,2019,rd_gdp,-0.3408334644650791,-0.28882266535712053
SVK,2020,rd_gdp,-0.30650741313973057,-0.2639869380085358
SVK,2021,rd_gdp,-0.2974415221724326,-0.2572839856300898
SVK,2022,rd_gdp,-0.20482008112603425,-0.1852060999745535
SVK,2023,rd_gdp,-0.21269009306947054,-0.19159337078303962
SVN,2000,rd_gdp,0.4505194529728401,0.569127061543834
SVN,2001,rd_gdp,0.4769137090884888,0.6110944152502433
SVN,2002,rd_gdp,0.4463929907386983,0.5626654589322229
SVN,2003,rd_gdp,0.31741693115353975,0.37357513882377935
SVN,2004,rd_gdp,0.4134207864702185,0.5119811132918304
SVN,2005,rd_gdp,0.3986333668165741,0.4897873130014472
SVN,2006,rd_gdp,0.43040246772760576,0.5378763446099288
SVN,2007,rd_gdp,0.35694869517864464,0.42896255530457483
SVN,2008,rd_gdp,0.4004333123034046,0.49247126370968086
SVN,2009,rd_gdp,0.5160679877400742,0.6754268820128526
SVN,2010,rd_gdp,0.656155863657606,0.9273690061587576
SVN,2011,rd_gdp,0.7826971770890105,1.1873640244999488
SVN,2012,rd_gdp,0.8732433197674746,1.3946649363666141
SVN,2013,rd_gdp,0.8857101496815507,1.4247056841949615
SVN,2014,rd_gdp,0.7704591198068083,1.160758072914585
SVN,2015,rd_gdp,0.6942025381111235,1.0021118292738325
SVN,2016,rd_gdp,0.6372781542614454,0.8913259695224651
SVN,2017,rd_gdp,0.5184097016695455,0.6793548497737245
SVN,2018,rd_gdp,0.5181794138986928,0.6789681594156389
SVN,2019,rd_gdp,0.5090640811593976,0.6637333466649413
SVN,2020,rd_gdp,0.5309689831897514,0.7005793433117222
SVN,2021,rd_gdp,0.49786495575510914,0.645204932943779
SVN,2022,rd_gdp,0.4748461948852467,0.6077668956962412
SVN,2023,rd_gdp,0.4282414262170403,0.5345565184242012
SWE,2001,rd_gdp,0.8177593056274917,1.2654180368309706
SWE,2003,rd_gdp,0.7702397165564623,1.1602840475734282
SWE,2004,rd_gdp,0.7186475351466186,1.0516565400308275
SWE,2005,rd_gdp,0.6816558621725857,0.9771489092622796
SWE,2006,rd_gdp,0.6817107131342661,0.9772573607556452
SWE,2007,rd_gdp,0.6519134699086442,0.9192096677358268
SWE,2008,rd_gdp,0.6849989555250116,0.983769763538177
SWE,2009,rd_gdp,0.6276904648202439,0.8732791752678957
SWE,2010,rd_gdp,0.5377110045475819,0.7120834223620272
SWE,2011,rd_gdp,0.48946768952393804,0.6314475521522485
SWE,2012,rd_gdp,0.5109186325143937,0.666821688456418
SWE,2013,rd_gdp,0.5149590867619611,0.6735700292278413
SWE,2014,rd_gdp,0.4474730172190864,0.5643540907272415
SWE,2015,rd_gdp,0.47216382587753114,0.6034600504600354
SWE,2016,rd_gdp,0.527215376739268,0.6942080029520254
SWE,2017,rd_gdp,0.5676104476981232,0.7640467291791835
SWE,2018,rd_gdp,0.5429378144051338,0.7210555843370374
SWE,2019,rd_gdp,0.5142187582797786,0.6723314961854892
SWE,2020,rd_gdp,0.49785903284922295,0.6451951885786553
SWE,2021,rd_gdp,0.4803368462092814,0.616618862423723
SWE,2022,rd_gdp,0.5099855026914553,0.6652670528806142
SWE,2023,rd_gdp,0.5093918713211039,0.6642787914785186
TUR,2000,rd_gdp,-0.33401330484756775,-0.28395574469583706
TUR,2001,rd_gdp,-0.1793730058442572,-0.16420591483197733
TUR,2002,rd_gdp,-0.24129376857763785,-0.21438919528275024
TUR,2003,rd_gdp,-0.3272286766608449,-0.2790811331435533
TUR,2004,rd_gdp,-0.2973968965828534,-0.2572508407505093
TUR,2005,rd_gdp,-0.2611572128502768,-0.22984016892522074
TUR,2006,rd_gdp,-0.3326985632227828,-0.2830137123793468
TUR,2007,rd_gdp,-0.09879621947996625,-0.09407270044895377
TUR,2008,rd_gdp,-0.15192781272125233,-0.1409497089942645
TUR,2009,rd_gdp,-0.01924079914071372,-0.019056876460328276
TUR,2010,rd_gdp,-0.07342016523680675,-0.07078967388326218
TUR,2011,rd_gdp,-0.19355798936352128,-0.17597794970463687
TUR,2012,rd_gdp,-0.1907937229708518,-0.1736969820955725
TUR,2013,rd_gdp,-0.27839678515937627,-0.24300360301974433
TUR,2014,rd_gdp,-0.2644901337894786,-0.23240277789399788
TUR,2015,rd_gdp,-0.16550317687086308,-0.1525328290931166
TUR,2016,rd_gdp,0.020399811600533238,0.020609309907489104
TUR,2017,rd_gdp,0.012096286476746654,0.012169742432640573
TUR,2018,rd_gdp,0.06422027397859636,0.066327257041366
TUR,2019,rd_gdp,0.07387358885399947,0.07667069371712021
TUR,2020,rd_gdp,0.02829469376084842,0.028698790872903945
TUR,2021,rd_gdp,0.0032151949482163156,0.003220369231450748
TUR,2022,rd_gdp,-0.07885156513605063,-0.07582290563429694
TUR,2023,rd_gdp,-0.09486059375362593,-0.09050028442758662
USA,2000,rd_gdp,-0.07421844986272341,-0.0715311522060953
USA,2001,rd_gdp,-0.09557971276855215,-0.09115408785771018
USA,2002,rd_gdp,-0.12338210882630185,-0.11607415784323227
USA,2003,rd_gdp,-0.0925532543223615,-0.08839933700379354
USA,2004,rd_gdp,-0.0992586749182226,-0.09449155459714187
USA,2005,rd_gdp,-0.131629347545262,-0.1233341267748913
USA,2006,rd_gdp,-0.1264959301034959,-0.1188222641615958
USA,2007,rd_gdp,-0.044835531274274754,-0.04384527354870993
USA,2008,rd_gdp,-0.046245264995044444,-0.04519224744852224
USA,2009,rd_gdp,-0.08094994750333151,-0.07776014930353992
USA,2010,rd_gdp,-0.10178761342506659,-0.09677863660918429
USA,2011,rd_gdp,-0.13159423271886972,-0.12330334226445572
USA,2012,rd_gdp,-0.17256808287236025,-0.15849900494340374
USA,2013,rd_gdp,-0.17920207958093792,-0.16406304346220835
USA,2014,rd_gdp,-0.19864072137721056,-0.1801556070095427
USA,2015,rd_gdp,-0.17545625025110367,-0.16092589434810767
USA,2016,rd_gdp,-0.1036472956109098,-0.0984567803978571
USA,2017,rd_gdp,-0.09964319173516856,-0.09483967088971224
USA,2018,rd_gdp,-0.09053240398100693,-0.08655526582443607
USA,2019,rd_gdp,-0.08889242289024346,-0.08505600468900121
USA,2020,rd_gdp,-0.052611799871975506,-0.0512517548060718
USA,2021,rd_gdp,-0.042972540212866006,-0.04206230552894985
USA,2022,rd_gdp,-0.03781052054310763,-0.03710462750064192
USA,2023,rd_gdp,-0.113661284877145,-0.10743977166521113
AUS,2000,researchers_pm,0.17993763782242667,0.19714270436798276
AUS,2002,researchers_pm,0.178828465411339,0.19581560283642263
AUS,2004,researchers_pm,0.2691565984984088,0.30886009052346086
AUS,2006,researchers_pm,0.18382539074851323,0.2018059583358529
AUS,2008,researchers_pm,0.2231461630340874,0.25000326465411016
AUS,2010,researchers_pm,0.19308094231578643,0.21298097103450853
AUT,2002,researchers_pm,-0.23863933525224645,-0.21230107361813233
AUT,2004,researchers_pm,-0.13758441034570268,-0.12853921341381702
AUT,2005,researchers_pm,-0.11601860725917668,-0.10954134585164399
AUT,2006,researchers_pm,-0.1784433172312916,-0.1634285252790979
AUT,2007,researchers_pm,-0.08425845144872035,-0.0808063415399628
AUT,2008,researchers_pm,-0.017042070001071608,-0.01689767535094311
AUT,2009,researchers_pm,-0.05306848280011778,-0.05168493301268229
AUT,2010,researchers_pm,-0.001702455988539242,-0.0017010076323802359
AUT,2011,researchers_pm,-0.04585416222986716,-0.04481874646241335
AUT,2012,researchers_pm,0.038064996092517234,0.03879874854391385
AUT,2013,researchers_pm,0.10424246010594374,0.10986952137705974
AUT,2014,researchers_pm,0.15232474836125398,0.16453835695481778
AUT,2015,researchers_pm,0.16818095383953136,0.183150686937809
AUT,2016,researchers_pm,0.22918194155019123,0.25757082258152497
AUT,2017,researchers_pm,0.19087194492173332,0.21030445652562046
AUT,2018,researchers_pm,0.15395184813742624,0.16643471942185806
AUT,2019,researchers_pm,0.11831075466701435,0.12559384056365563
AUT,2020,researchers_pm,0.14995132387862853,0.16177769052005275
AUT,2021,researchers_pm,0.18905591740268157,0.2081085048839575
AUT,2022,researchers_pm,0.16834695528788934,0.18334710796810305
AUT,2023,researchers_pm,0.13962506285901455,0.1498425993291439
BEL,2000,researchers_pm,-0.10852259087014993,-0.10284137300600837
BEL,2001,researchers_pm,-0.12187894528112686,-0.1147444736246106
BEL,2002,researchers_pm,-0.17354149937955565,-0.15931773735434285
BEL,2003,researchers_pm,-0.11262889597258408,-0.10651782656776743
BEL,2004,researchers_pm,-0.10259558853384654,-0.09750812224571859
BEL,2005,researchers_pm,-0.14992278072999987,-0.13922555776713186
BEL,2006,researchers_pm,-0.17612160837655821,-0.16148399343369169
BEL,2007,researchers_pm,-0.12031448465536165,-0.1133584422968329
BEL,2008,researchers_pm,-0.11298412208929953,-0.10683515840497526
BEL,2009,researchers_pm,-0.13403860452747196,-0.12544369788114507
BEL,2010,researchers_pm,-0.08202253482520838,-0.07874880177229227
BEL,2011,researchers_pm,-0.08180051919181253,-0.07854424689765127
BEL,2012,researchers_pm,0.004749888637579858,0.004761187240566622
BEL,2013,researchers_pm,0.06075424527519502,0.06263773385150895
BEL,2014,researchers_pm,0.13436680313542837,0.143812296643955
BEL,2015,researchers_pm,0.169258514854004,0.18442629113954911
BEL,2016,researchers_pm,0.1857862261196157,0.20416481387605678
BEL,2017,researchers_pm,0.1416949546112214,0.15222511396488092
BEL,2018,researchers_pm,0.12126851148609141,0.12892800180948072
BEL,2019,researchers_pm,0.07973140102832588,0.08299613695614827
BEL,2020,researchers_pm,0.13795811310198935,0.14792746614644003
BEL,2021,researchers_pm,0.14317858447718557,0.1539358582981647
BEL,2022,researchers_pm,0.09624050738415768,0.10102383651564506
BEL,2023,researchers_pm,0.06643056320197083,0.06868675531240886
CAN,2000,researchers_pm,0.10712137259585397,0.11306934239662625
CAN,2001,researchers_pm,0.0912444704107056,0.09553679885448552
CAN,2002,researchers_pm,0.08829929511410839,0.09231499765148321
CAN,2003,researchers_pm,0.19318024966662506,0.21310143494273648
CAN,2004,researchers_pm,0.2191722915552301,0.24504576908127418
CAN,2005,researchers_pm,0.18614634768954907,0.20459853769125158
CAN,2006,researchers_pm,0.13743312346234227,0.14732497428447755
CAN,2007,researchers_pm,0.2449171142617388,0.27751542100766047
CAN,2008,researchers_pm,0.27208785955663295,0.3127023296893616
CAN,2009,researchers_pm,0.18056506356081314,0.19789405819794226
CAN,2010,researchers_pm,0.21888059839002771,0.2446826507022184
CAN,2011,researchers_pm,0.19762585638525643,0.2185064121320197
CAN,2012,researchers_pm,0.18043400011733368,0.19773706836578997
CAN,2013,researchers_pm,0.20749276791599058,0.23058881708620427
CAN,2014,researchers_pm,0.16857473861562688,0.18361668541168275
CAN,2015,researchers_pm,0.17118348658708804,0.1867084741340692
CAN,2016,researchers_pm,0.15064194402402364,0.16258031471991607
CAN,2017,researchers_pm,0.11299350874702796,0.11962466515806214
CAN,2018,researchers_pm,0.09922205715023225,0.10431149259745554
CAN,2019,researchers_pm,0.05479421591753386,0.056323217803690095
CAN,2020,researchers_pm,0.1610492019555565,0.1747427670333812
CAN,2021,researchers_pm,0.17455153826625036,0.190712108041313
CAN,2022,researchers_pm,0.1450500350694881,0.1560974142353524
CHE,2000,researchers_pm,-0.2841296578759369,-0.2473309510908639
CHE,2004,researchers_pm,-0.32460567015020203,-0.27718767607263894
CHE,2008,researchers_pm,-0.5227355269386766,-0.40710355660069353
CHE,2012,researchers_pm,-0.27756752086838254,-0.2423755925819916
CHE,2015,researchers_pm,-0.08902486124199704,-0.08517717034002037
CHE,2017,researchers_pm,-0.1261916830075478,-0.1185541276066372
CHE,2019,researchers_pm,-0.2340094317706818,-0.20864564801239105
CHE,2021,researchers_pm,-0.20397332136108126,-0.18451587309634943
CHE,2023,researchers_pm,-0.280980763126502,-0.24495713999551216
CHL,2007,researchers_pm,-1.345432308377478,-0.7395729012957034
CHL,2008,researchers_pm,-1.3189376194721616,-0.7325807478861956
CHL,2009,researchers_pm,-1.5918498658416436,-0.7964512745871284
CHL,2010,researchers_pm,-1.5272610630270878,-0.7828704421957883
CHL,2011,researchers_pm,-1.5123010953965483,-0.7795977725587192
CHL,2012,researchers_pm,-1.4481695747894365,-0.7649999553385884
CHL,2013,researchers_pm,-1.585148159986054,-0.7950825696960402
CHL,2014,researchers_pm,-1.3504353606212467,-0.7408725777905473
CHL,2015,researchers_pm,-1.2939321797483219,-0.7258095057718706
CHL,2016,researchers_pm,-1.205160453574833,-0.7003560832817931
CHL,2017,researchers_pm,-1.2262604469819651,-0.7066123324309446
CHL,2018,researchers_pm,-1.2560730497966333,-0.715229888291919
CHL,2019,researchers_pm,-1.3437042838627384,-0.7391224878341687
CHL,2020,researchers_pm,-1.2708910047355966,-0.7194184890850015
CHL,2021,researchers_pm,-1.1697981631491903,-0.6895704089261872
CHL,2022,researchers_pm,-1.1043340542529165,-0.6685684758199764
CHN,2000,researchers_pm,1.251570898484287,2.4958302407774577
CHN,2001,researchers_pm,1.1665067729216156,2.210757122127543
CHN,2002,researchers_pm,1.1662915780595702,2.2100662580294537
CHN,2003,researchers_pm,1.1778855165878044,2.2475001527142977
CHN,2004,researchers_pm,1.138569259443945,2.1222979696273896
CHN,2005,researchers_pm,1.1534393461516137,2.1690737290459943
CHN,2006,researchers_pm,1.0511051923429662,1.8608111180799787
CHN,2007,researchers_pm,1.0998726200421904,2.0037833777762937
CHN,2008,researchers_pm,1.0992874583946568,2.0020261931147965
CHN,2009,researchers_pm,0.5825430854414897,0.7905862593886477
CHN,2010,researchers_pm,0.5278283893068352,0.6952468921434403
CHN,2011,researchers_pm,0.47848227879923577,0.6136235121650151
CHN,2012,researchers_pm,0.47481330657013476,0.607714019821453
CHN,2013,researchers_pm,0.4835937825293879,0.6218926706794619
CHN,2014,researchers_pm,0.4259361590501971,0.5310230300488026
CHN,2015,researchers_pm,0.4105347743378944,0.5076238080972095
CHN,2016,researchers_pm,0.3880269047006637,0.4740694431517598
CHN,2017,researchers_pm,0.3144703746294031,0.36953377900864015
CHN,2018,researchers_pm,0.24394894029497838,0.27627916238817996
CHN,2019,researchers_pm,0.22852430896712939,0.2567440749109864
CHN,2020,researchers_pm,0.2488300925364051,0.28252410413892615
CHN,2021,researchers_pm,0.21333512441487912,0.23779939854292054
CHN,2022,researchers_pm,0.25102255205402635,0.2853390710405115
CHN,2023,researchers_pm,0.26627972227773267,0.30510007319834664
COL,2013,researchers_pm,-2.68347710435855,-0.9316748330948401
COL,2014,researchers_pm,-2.70745387233881,-0.9332935662264836
COL,2015,researchers_pm,-2.54737666145539,-0.9217132304443939
COL,2016,researchers_pm,-2.2938637877669503,-0.8991240553390225
COL,2017,researchers_pm,-2.3262641244328828,-0.902340088292829
CRI,2003,researchers_pm,-1.7184716978936825,-0.8206599756878514
CRI,2004,researchers_pm,-1.9409406462043846,-0.8564311612414145
CRI,2005,researchers_pm,-1.8914769196332877,-0.8491511473993871
CRI,2008,researchers_pm,-1.3193696531619006,-0.7326962570586699
CRI,2009,researchers_pm,-1.1149189985843293,-0.6720581584228078
CRI,2010,researchers_pm,-1.0279083554793322,-0.642245526284579
CRI,2011,researchers_pm,-1.0285712991823877,-0.6424826187620027
CRI,2012,researchers_pm,-1.2356280920801952,-0.7093478512879382
CRI,2013,researchers_pm,-1.1571842581127925,-0.6856298790573156
CRI,2014,researchers_pm,-0.7140374624221772,-0.510336795727556
CRI,2015,researchers_pm,-0.8769315642734998,-0.5839423989624246
CRI,2016,researchers_pm,-0.8446036384935303,-0.5702723480409314
CRI,2017,researchers_pm,-1.2271552805481694,-0.7068747481370945
CRI,2018,researchers_pm,-1.4081967921434764,-0.7554160785984845
CRI,2020,researchers_pm,-1.4062437720489225,-0.7549379345246721
CRI,2021,researchers_pm,-1.3959227833321446,-0.7523955543418166
CRI,2022,researchers_pm,-1.3434476015639447,-0.7390555165998449
CRI,2023,researchers_pm,-1.3513285041632548,-0.7411039124513437
CZE,2000,researchers_pm,-0.248559632500446,-0.22007664933116888
CZE,2001,researchers_pm,-0.263664398902856,-0.23176868432827014
CZE,2002,researchers_pm,-0.26774740933764996,-0.23489898593067637
CZE,2003,researchers_pm,-0.18939355537089853,-0.17253920903314235
CZE,2004,researchers_pm,-0.2109290420390959,-0.19016847116347735
CZE,2005,researchers_pm,0.06414855042360479,0.06625077900237786
CZE,2006,researchers_pm,0.022798708996718098,0.023060585927847876
CZE,2007,researchers_pm,0.07914655563195971,0.08236293683130458
CZE,2008,researchers_pm,0.11885397748256388,0.12620545492528956
CZE,2009,researchers_pm,0.06131184350242869,0.06323042399422629
CZE,2010,researchers_pm,0.06292455773350891,0.0649464942234228
CZE,2011,researchers_pm,0.06345256484426365,0.06550894202009716
CZE,2012,researchers_pm,0.17463697851144566,0.1908138471220251
CZE,2013,researchers_pm,0.2493981228475226,0.28325282365260795
CZE,2014,researchers_pm,0.2752274510779582,0.31683015524606173
CZE,2015,researchers_pm,0.27858638031058724,0.3212607313791416
CZE,2016,researchers_pm,0.24075322170981472,0.27220704348768665
CZE,2017,researchers_pm,0.20776670671535413,0.23092596928669318
CZE,2018,researchers_pm,0.1663296992044927,0.180962399907884
CZE,2019,researchers_pm,0.09175766576695388,0.09609916754241365
CZE,2020,researchers_pm,0.1691727837299446,0.18432475329478315
CZE,2021,researchers_pm,0.19551638984067843,0.2159387228007965
CZE,2022,researchers_pm,0.19273276495978564,0.21255871204191013
CZE,2023,researchers_pm,0.12153332705910103,0.1292269991129904
DEU,2000,researchers_pm,-0.035839411923770825,-0.03520478434889984
DEU,2001,researchers_pm,-0.085648206386848,-0.082082908203026
DEU,2002,researchers_pm,-0.059916218655487796,-0.05815656081155107
DEU,2003,researchers_pm,0.022411103847860048,0.022664119218381185
DEU,2004,researchers_pm,0.01722406889118666,0.0173732584855375
DEU,2005,researchers_pm,-0.030878284436955283,-0.03040641947721323
DEU,2006,researchers_pm,-0.0979310528297841,-0.0932885832147623
DEU,2007,researchers_pm,-0.030544577902920977,-0.03008280577103406
DEU,2008,researchers_pm,-0.003316180963178539,-0.0033106885080906867
DEU,2009,researchers_pm,0.027709138084425433,0.02809660677994197
DEU,2010,researchers_pm,0.030229805619237382,0.030691365407345295
DEU,2011,researchers_pm,-0.029022937369662216,-0.028605817016396307
DEU,2012,researchers_pm,0.02856194774308385,0.02897375146180514
DEU,2013,researchers_pm,0.07587434016250505,0.07882700041381785
DEU,2014,researchers_pm,0.04597572042481879,0.04704898874367758
DEU,2015,researchers_pm,0.13407669999698513,0.1434805212337793
DEU,2016,researchers_pm,0.14569796951661118,0.15684673230254442
DEU,2017,researchers_pm,0.13857374934386613,0.14863438947913
DEU,2018,researchers_pm,0.09676131849766989,0.10159741131504418
DEU,2019,researchers_pm,0.05594663835721292,0.057541250092508545
DEU,2020,researchers_pm,0.07609177016653135,0.07906159527591816
DEU,2021,researchers_pm,0.06478057643577273,0.06692489023567894
DEU,2022,researchers_pm,0.07519525978178088,0.07809463885796752
DEU,2023,researchers_pm,0.05813268699753138,0.05985561544030582
DNK,2001,researchers_pm,-0.13437617961920267,-0.1257388764797821
DNK,2002,researchers_pm,0.1506389569444604,0.16257684200520384
DNK,2003,researchers_pm,0.1840967713864714,0.20213214946250413
DNK,2004,researchers_pm,0.20610579960071895,0.22888321247097787
DNK,2005,researchers_pm,0.20852859099954024,0.23186414978479597
DNK,2006,researchers_pm,0.13927960479291634,0.14944544553240324
DNK,2007,researchers_pm,0.23121059310697056,0.2601245850598102
DNK,2008,researchers_pm,0.4045960242253148,0.4986969404917516
DNK,2009,researchers_pm,0.41166777132835897,0.5093329093549985
DNK,2010,researchers_pm,0.42953720949379104,0.5365462599564983
DNK,2011,researchers_pm,0.4346204076791089,0.5443767141311362
DNK,2012,researchers_pm,0.48087223478200514,0.6174846134250309
DNK,2013,researchers_pm,0.5030358014256233,0.653734066160113
DNK,2014,researchers_pm,0.528666060600214,0.6966675467378922
DNK,2015,researchers_pm,0.5452184432906648,0.7249851526565616
DNK,2016,researchers_pm,0.5659334602819275,0.7610909241294197
DNK,2017,researchers_pm,0.4884898758549401,0.6298530801108213
DNK,2018,researchers_pm,0.40447231686998464,0.4985115521239907
DNK,2019,researchers_pm,0.3333634145919184,0.39565440749577174
DNK,2020,researchers_pm,0.32286806961549175,0.38108313205714284
DNK,2021,researchers_pm,0.27004734055067914,0.31002646663963707
DNK,2022,researchers_pm,0.4159903354994565,0.5158712186615588
DNK,2023,researchers_pm,0.34488116671217917,0.41182213823234237
ESP,2000,researchers_pm,-0.28811393821899145,-0.2503238293949598
ESP,2001,researchers_pm,-0.34393756154970045,-0.2910268061449196
ESP,2002,researchers_pm,-0.3079810426644851,-0.2650707498226148
ESP,2003,researchers_pm,-0.17048064092021242,-0.15674058580312034
ESP,2004,researchers_pm,-0.11160652853489683,-0.10560389237882517
ESP,2005,researchers_pm,-0.11187703066125554,-0.1058457957085861
ESP,2006,researchers_pm,-0.14987992692359509,-0.13918866951543085
ESP,2007,researchers_pm,-0.07225854761767003,-0.06970965963621567
ESP,2008,researchers_pm,-0.017177297752413168,-0.017030609079276893
ESP,2009,researchers_pm,-0.035489902924490835,-0.03486752080367861
ESP,2010,researchers_pm,-0.01158644293132749,-0.011519578590530766
ESP,2011,researchers_pm,-0.06161530434501916,-0.05975547479026744
ESP,2012,researchers_pm,-0.03318074137507665,-0.0326362988581137
ESP,2013,researchers_pm,-0.0033239056614888796,-0.003318387602594508
ESP,2014,researchers_pm,-0.02750635931946732,-0.0271315042477821
ESP,2015,researchers_pm,-0.068239724540331,-0.06596346474253634
ESP,2016,researchers_pm,-0.0574085212194575,-0.05579173854386199
ESP,2017,researchers_pm,-0.06299924422934122,-0.06105581668467097
ESP,2018,researchers_pm,-0.10034078799058932,-0.09547088715320617
ESP,2019,researchers_pm,-0.16146167118257182,-0.14910085520167504
ESP,2020,researchers_pm,-0.0444569024316408,-0.043483177245528415
ESP,2021,researchers_pm,-0.05316214315010015,-0.05177374837444604
ESP,2022,researchers_pm,-0.0886394889618245,-0.08482455504048336
ESP,2023,researchers_pm,-0.07848495251484167,-0.0754840285327546
EST,2000,researchers_pm,0.5234144917433294,0.6877807355634433
EST,2001,researchers_pm,0.4024105962962894,0.4954252226947502
EST,2002,researchers_pm,0.4700117101693335,0.6000129295299979
EST,2003,researchers_pm,0.4308909005339441,0.5386276773415684
EST,2004,researchers_pm,0.46525728346072537,0.592423840503175
EST,2005,researchers_pm,0.2983765180426925,0.3476691141018613
EST,2006,researchers_pm,0.18957111356424594,0.20873107810832403
EST,2007,researchers_pm,0.2078910326176775,0.2310790147820807
EST,2008,researchers_pm,0.34527968197707093,0.4123848830294883
EST,2009,researchers_pm,0.5322299366878624,0.702725047315665
EST,2010,researchers_pm,0.4638179360296091,0.5901334380769454
EST,2011,researchers_pm,0.45054279175563927,0.5691636834868619
EST,2012,researchers_pm,0.4441394890782018,0.559147954565254
EST,2013,researchers_pm,0.42679415018219746,0.5323371979230453
EST,2014,researchers_pm,0.3694912885068167,0.4469983227217309
EST,2015,researchers_pm,0.32353370997607733,0.3820027427622097
EST,2016,researchers_pm,0.3311512903665843,0.3925704588670984
EST,2017,researchers_pm,0.3187561019941665,0.3754158228171802
EST,2018,researchers_pm,0.27630311628345616,0.3182473857217145
EST,2019,researchers_pm,0.17025945861254854,0.18561242877262019
EST,2020,researchers_pm,0.19512192533534822,0.21545917272295534
EST,2021,researchers_pm,0.1619517881212591,0.17580355225618294
EST,2022,researchers_pm,0.3183140921335337,0.3748080098005939
EST,2023,researchers_pm,0.35136586753667487,0.4210071311951453
FIN,2004,researchers_pm,0.8644231897047483,1.3736365530337569
FIN,2005,researchers_pm,0.7526871838394609,1.122696435079479
FIN,2006,researchers_pm,0.6784309026856405,0.9707829546205113
FIN,2007,researchers_pm,0.6384976731184366,0.8936338841937133
FIN,2008,researchers_pm,0.6755905404219131,0.9651931593660072
FIN,2009,researchers_pm,0.6929171627099038,0.9995400172040718
FIN,2010,researchers_pm,0.6883480608784591,0.9904247553871857
FIN,2011,researchers_pm,0.6010004663486779,0.8239426811471215
FIN,2012,researchers_pm,0.6545506740130076,0.924277695122748
FIN,2013,researchers_pm,0.6784706354623697,0.9708612608552807
FIN,2014,researchers_pm,0.6623703986805687,0.9393840034918801
FIN,2015,researchers_pm,0.6420218314561783,0.9003191228360263
FIN,2016,researchers_pm,0.578990440948635,0.7842362293536584
FIN,2017,researchers_pm,0.5483838748372154,0.7304541263404525
FIN,2018,researchers_pm,0.4952417133820095,0.6408948173617979
FIN,2019,researchers_pm,0.46574952425787153,0.5932078894384238
FIN,2020,researchers_pm,0.5086394409436892,0.6630270085581291
FIN,2021,researchers_pm,0.531603894058712,0.7016594024546832
FIN,2022,researchers_pm,0.5338429993312559,0.7054738658937123
FIN,2023,researchers_pm,0.534614626329704,0.706790363430984
FRA,2000,researchers_pm,-0.017959951000762864,-0.017799632287598066
FRA,2001,researchers_pm,-0.06454776037181986,-0.06250866174209413
FRA,2002,researchers_pm,-0.008199263454597983,-0.0081657411758973
FRA,2003,researchers_pm,0.08001027244866066,0.0832981957429022
FRA,2004,researchers_pm,0.10077659765209468,0.10602952456852921
FRA,2005,researchers_pm,0.03610880556619733,0.036768646553779094
FRA,2006,researchers_pm,-0.0042051741385567,-0.004196344774462624
FRA,2007,researchers_pm,0.07559858491127436,0.07852954921703392
FRA,2008,researchers_pm,0.09630227092043597,0.10109184174141483
FRA,2009,researchers_pm,0.07608212548069915,0.07905118811602518
FRA,2010,researchers_pm,0.10982949864629532,0.11608775976132413
FRA,2011,researchers_pm,0.07983258642189384,0.083105725890805
FRA,2012,researchers_pm,0.13896515509203233,0.14908405957770365
FRA,2013,researchers_pm,0.1988154165642353,0.2199567613055069
FRA,2014,researchers_pm,0.21218277057252521,0.236373837183254
FRA,2015,researchers_pm,0.23254452433705275,0.2618066262118126
FRA,2016,researchers_pm,0.2548598238130477,0.29028074156125006
FRA,2017,researchers_pm,0.245597922863098,0.2783854606262741
FRA,2018,researchers_pm,0.1958887924480539,0.2163916258774854
FRA,2019,researchers_pm,0.13007074214243808,0.1389089493339999
FRA,2020,researchers_pm,0.219778898175095,0.24580125120389584
FRA,2021,researchers_pm,0.18946920200741957,0.20860790071907598
FRA,2022,researchers_pm,0.17003484273262082,0.1853461512998722
FRA,2023,researchers_pm,0.14109782587865105,0.15153729262232418
GBR,2000,researchers_pm,0.035291275936861766,0.03592140383665554
GBR,2001,researchers_pm,0.017418601287017665,0.017571189794366893
GBR,2002,researchers_pm,0.10002472726168854,0.10519824626402374
GBR,2003,researchers_pm,0.21700216726122967,0.24234679462488806
GBR,2004,researchers_pm,0.25055154145864034,0.28473380527387215
GBR,2005,researchers_pm,0.25686426690253406,0.2928696296497879
GBR,2006,researchers_pm,0.20532159411038897,0.22791989327825224
GBR,2007,researchers_pm,0.22394920367179516,0.25100747122827305
GBR,2008,researchers_pm,0.22126576393018382,0.2476549681946023
GBR,2009,researchers_pm,0.21139978714615815,0.23540615584860647
GBR,2010,researchers_pm,0.20624891055298455,0.2290590917025599
GBR,2011,researchers_pm,0.15159355530348684,0.16368716582315557
GBR,2012,researchers_pm,0.17565470646468206,0.19202638857534837
GBR,2013,researchers_pm,0.2438445034522445,0.2761458787819939
GBR,2014,researchers_pm,0.24238702848717253,0.2742872828694032
GBR,2015,researchers_pm,0.25587630637857117,0.2915929562483679
GBR,2016,researchers_pm,0.26012302519152186,0.2970896515531234
GBR,2017,researchers_pm,0.21679128065841624,0.2420848279534551
GRC,2001,researchers_pm,-0.44791063447717505,-0.36103821736567476
GRC,2003,researchers_pm,-0.40615574622103434,-0.3337935997848417
GRC,2005,researchers_pm,-0.2965216002159554,-0.2566004305005629
GRC,2006,researchers_pm,-0.404172039450728,-0.3324707299792199
GRC,2007,researchers_pm,-0.33451089279723956,-0.2843119510593616
GRC,2011,researchers_pm,-0.023001218843302418,-0.022738707355830057
GRC,2012,researchers_pm,0.1065039915227981,0.11238236653639944
GRC,2013,researchers_pm,0.3404011790762569,0.40551133921468585
GRC,2014,researchers_pm,0.3532112638353384,0.42363187359550536
GRC,2015,researchers_pm,0.5095685418884539,0.6645728465315095
GRC,2016,researchers_pm,0.356683846973584,0.42858414724926264
GRC,2017,researchers_pm,0.4899301300877621,0.6322021741485779
GRC,2018,researchers_pm,0.4512583401847561,0.5702868979048394
GRC,2019,researchers_pm,0.42003878964457364,0.5220205931114452
GRC,2020,researchers_pm,0.598811416892298,0.8199543473351236
GRC,2021,researchers_pm,0.5517942131379332,0.7363656347174266
GRC,2022,researchers_pm,0.6034258996154938,0.8283719016207585
GRC,2023,researchers_pm,0.5938279235790125,0.8109071789901858
HUN,2000,researchers_pm,0.13945481349535171,0.1496468560213553
HUN,2001,researchers_pm,0.05285100736424475,0.05427255457026914
HUN,2002,researchers_pm,0.033835432585265224,0.03441436182283053
HUN,2003,researchers_pm,0.06587723152680525,0.06809558065278054
HUN,2004,researchers_pm,-0.006799013057846359,-0.006775952062168078
HUN,2005,researchers_pm,-0.03904079826044349,-0.03828852780914149
HUN,2006,researchers_pm,-0.03398201952682722,-0.03341111579323863
HUN,2007,researchers_pm,0.009362499230618937,0.00940646452777627
HUN,2008,researchers_pm,0.05766252279968764,0.05935742639954489
HUN,2009,researchers_pm,0.13788120514509838,0.14783918478517277
HUN,2010,researchers_pm,0.20394885287970776,0.22623543344102948
HUN,2011,researchers_pm,0.2310299843956214,0.25989701613344707
HUN,2012,researchers_pm,0.3021681947634356,0.3527887395577394
HUN,2013,researchers_pm,0.3666966235479787,0.44296009259210845
HUN,2014,researchers_pm,0.36087100298702346,0.4345783926146578
HUN,2015,researchers_pm,0.28577404638800186,0.33079172408105073
HUN,2016,researchers_pm,0.28441531247283347,0.32898476010113287
HUN,2017,researchers_pm,0.3090732527744988,0.3621621490055833
HUN,2018,researchers_pm,0.4612339465406645,0.5860298540791968
HUN,2019,researchers_pm,0.3768200160576054,0.45764193361841077
HUN,2020,researchers_pm,0.46640667586441253,0.5942552126498972
HUN,2021,researchers_pm,0.4204266206996543,0.5226109944445119
HUN,2022,researchers_pm,0.41016261944609944,0.5070628429114832
HUN,2023,researchers_pm,0.33399638638527485,0.3965380970147556
IRL,2000,researchers_pm,-0.4626427147563863,-0.3703824546151694
IRL,2001,researchers_pm,-0.526534004037142,-0.4093513882913856
IRL,2002,researchers_pm,-0.528206608414437,-0.41033848400434214
IRL,2003,researchers_pm,-0.4278100102928253,-0.3480647359767709
IRL,2004,researchers_pm,-0.4045600095830775,-0.33272966116642566
IRL,2005,researchers_pm,-0.458936995746992,-0.3680449404983034
IRL,2006,researchers_pm,-0.5075029352467721,-0.3980030711393867
IRL,2007,researchers_pm,-0.46648716775942933,-0.3727983428184318
IRL,2008,researchers_pm,-0.28214094248080457,-0.24583261717982519
IRL,2009,researchers_pm,-0.32776715558452096,-0.2794692282591382
IRL,2010,researchers_pm,-0.330498980703247,-0.2814349061536051
IRL,2011,researchers_pm,-0.2999015533927789,-0.2591088446878639
IRL,2012,researchers_pm,0.11008558763046139,0.11637361414247827
IRL,2013,researchers_pm,0.1869213850226572,0.20553250841370696
IRL,2014,researchers_pm,0.11733303062466938,0.12449385823103443
IRL,2015,researchers_pm,-0.14106679787607135,-0.13156869960620665
IRL,2016,researchers_pm,-0.14835081403006534,-0.13787138492933926
IRL,2017,researchers_pm,-0.27657194097709237,-0.24162094136135837
IRL,2018,researchers_pm,-0.5033415522588829,-0.3954927117000119
IRL,2019,researchers_pm,-0.54686212081854,-0.42123694744114004
IRL,2020,researchers_pm,-0.5989863795022057,-0.4506317951551062
IRL,2021,researchers_pm,-0.750102790084112,-0.5276819993612931
IRL,2022,researchers_pm,-0.7674529708406155,-0.5358061207610366
IRL,2023,researchers_pm,-0.7291780023257886,-0.5176947189879677
ISL,2001,researchers_pm,0.5918011687235438,0.8072406309245126
ISL,2003,researchers_pm,0.6722253088387298,0.9585909445007645
ISL,2005,researchers_pm,0.5905866842421457,0.8050470974998711
ISL,2006,researchers_pm,0.5902636572234705,0.8044641126823906
ISL,2007,researchers_pm,0.46804950768150455,0.5968764583812081
ISL,2008,researchers_pm,0.48747115692350995,0.628193563356749
ISL,2009,researchers_pm,0.5816720061870342,0.7890271959772603
ISL,2011,researchers_pm,0.4865484116889096,0.62669184846184
ISL,2013,researchers_pm,0.30223308166715057,0.35287652067832154
ISL,2017,researchers_pm,0.22746638623960713,0.25541523981781844
ISL,2018,researchers_pm,0.08618033430159144,0.09000287548978059
ISL,2021,researchers_pm,0.2800740718777579,0.32322782267701444
ISL,2022,researchers_pm,0.17942116328242363,0.19652457027942627
ISL,2023,researchers_pm,-0.061158537100999055,-0.05932590379027025
ITA,2000,researchers_pm,-1.0512115724648368,-0.650485969095587
ITA,2001,researchers_pm,-1.1222059659972459,-0.6744391742075317
ITA,2002,researchers_pm,-1.0400184424908803,-0.6465518365658594
ITA,2003,researchers_pm,-0.9859659946282626,-0.626921339170043
ITA,2004,researchers_pm,-0.9743692336475762,-0.6225696511400021
ITA,2005,researchers_pm,-0.8924421887279896,-0.5903459224602973
ITA,2006,researchers_pm,-0.8922758607883816,-0.5902777798747773
ITA,2007,researchers_pm,-0.7987729867412767,-0.5501193649016887
ITA,2008,researchers_pm,-0.7576891970096735,-0.5312516384247101
ITA,2009,researchers_pm,-0.7149226948798448,-0.5107700696869235
ITA,2010,researchers_pm,-0.6986504070474027,-0.502744055738196
ITA,2011,researchers_pm,-0.7060738464214253,-0.5064217376803706
ITA,2012,researchers_pm,-0.6025537323682375,-0.45258809391651433
ITA,2013,researchers_pm,-0.489522727349871,-0.3870811462069579
ITA,2014,researchers_pm,-0.471975030509185,-0.3762309120801871
ITA,2015,researchers_pm,-0.4153244941005161,-0.3398739610584649
ITA,2016,researchers_pm,-0.3592308121351717,-0.3017868233223602
ITA,2017,researchers_pm,-0.35340547319423443,-0.2977076250945234
ITA,2018,researchers_pm,-0.3437034229092202,-0.29086078869038123
ITA,2019,researchers_pm,-0.36302786680957677,-0.30443295000551196
ITA,2020,researchers_pm,-0.30817749427312346,-0.2652151136753277
ITA,2021,researchers_pm,-0.390374198004535,-0.32319643143698573
ITA,2022,researchers_pm,-0.4168856249351709,-0.3409037001847304
ITA,2023,researchers_pm,-0.4579115380559644,-0.36739656493811845
JPN,2000,researchers_pm,0.7224866367983509,1.05954819678596
JPN,2001,researchers_pm,0.6725820360500414,0.9592897518208794
JPN,2002,researchers_pm,0.6431838013142004,0.9025285197551076
JPN,2003,researchers_pm,0.7382576855797023,1.0922869152499777
JPN,2004,researchers_pm,0.7184708607561499,1.0512940968803202
JPN,2005,researchers_pm,0.6915105830428239,0.9967294819566055
JPN,2006,researchers_pm,0.6310048611461223,0.8794982654554084
JPN,2007,researchers_pm,0.6671330767977413,0.9486426958304868
JPN,2008,researchers_pm,0.6383022866992043,0.8932639299929339
JPN,2009,researchers_pm,0.6253305042231254,0.8688635226593271
JPN,2010,researchers_pm,0.5954889177835652,0.8139175847606226
JPN,2011,researchers_pm,0.5718226170578031,0.7714928639418865
JPN,2012,researchers_pm,0.5579619967842184,0.747108257313708
JPN,2013,researchers_pm,0.5985944960651777,0.8195596041483357
JPN,2014,researchers_pm,0.6225034051562321,0.8635875217409339
JPN,2015,researchers_pm,0.5759062663744974,0.7787418105694903
JPN,2016,researchers_pm,0.584136879665154,0.7934423608402477
JPN,2017,researchers_pm,0.5577223609533029,0.7466896377348957
JPN,2018,researchers_pm,0.48865865314466284,0.6301281855114478
JPN,2019,researchers_pm,0.4300100685706685,0.5372730016122138
JPN,2020,researchers_pm,0.462837158669986,0.5885746357460713
JPN,2021,researchers_pm,0.45078873929912255,0.5695496629035377
JPN,2022,researchers_pm,0.41925769361313847,0.5208322130462999
JPN,2023,researchers_pm,0.3505004676174046,0.4197779236932777
KOR,2000,researchers_pm,0.42728465350561606,0.5330889987765599
KOR,2001,researchers_pm,0.5485183546161547,0.7306868530769968
KOR,2002,researchers_pm,0.5173420326897036,0.6775628115165344
KOR,2003,researchers_pm,0.610518055470612,0.8413850913475585
KOR,2004,researchers_pm,0.5866640948679374,0.7979805076613391
KOR,2005,researchers_pm,0.6305613704627149,0.8786649102914832
KOR,2006,researchers_pm,0.630173619453446,0.8779365972876159
KOR,2007,researchers_pm,0.7253302624714646,1.065413115778386
KOR,2008,researchers_pm,0.7554984265052127,1.1286722456554292
KOR,2009,researchers_pm,0.6966214048009789,1.0069605327065267
KOR,2010,researchers_pm,0.7142643953179642,1.0426835218978137
KOR,2011,researchers_pm,0.7394003990351194,1.0946791662290027
KOR,2012,researchers_pm,0.816700296598162,1.2630202085597522
KOR,2013,researchers_pm,0.8362639468343476,1.3077290525242184
KOR,2014,researchers_pm,0.8684123555179202,1.3831242943287405
KOR,2015,researchers_pm,0.8673268220739914,1.3805387368146818
KOR,2016,researchers_pm,0.8504158579025809,1.3406200148933434
KOR,2017,researchers_pm,0.8451679135876393,1.3283687464974965
KOR,2018,researchers_pm,0.8120192151651864,1.25245158227791
KOR,2019,researchers_pm,0.7716382758564677,1.1633074466274418
KOR,2020,researchers_pm,0.7859359713288807,1.194459931391303
KOR,2021,researchers_pm,0.7915333768199719,1.206777654947508
KOR,2022,researchers_pm,0.7787171576848309,1.178675574806772
KOR,2023,researchers_pm,0.7141876243459215,1.042526709117674
LTU,2000,researchers_pm,0.9952538778457356,1.7054110980409996
LTU,2001,researchers_pm,0.8970290333469189,1.452306556611013
LTU,2002,researchers_pm,0.5921309074279719,0.8078366463680233
LTU,2003,researchers_pm,0.5761565400260906,0.7791870384897479
LTU,2004,researchers_pm,0.6080755795423674,0.8368930406833026
LTU,2005,researchers_pm,0.5046069140703731,0.6563343107662314
LTU,2006,researchers_pm,0.41427664814336307,0.5132757138977111
LTU,2007,researchers_pm,0.40147320374595985,0.49402407904483026
LTU,2008,researchers_pm,0.363801109657393,0.438788024655663
LTU,2009,researchers_pm,0.4754581701120477,0.6087511103336491
LTU,2010,researchers_pm,0.4891838129185553,0.6309844880889204
LTU,2011,researchers_pm,0.36698890223693237,0.44338190071594363
LTU,2012,researchers_pm,0.2934516882575675,0.3410483894607492
LTU,2013,researchers_pm,0.3523766071272787,0.4224441254523328
LTU,2014,researchers_pm,0.3674157623326444,0.44399815436992185
LTU,2015,researchers_pm,0.23024874479524193,0.2589131190717595
LTU,2016,researchers_pm,0.2491971832753741,0.28299499328429434
LTU,2017,researchers_pm,0.19678630395082308,0.21748384141827093
LTU,2018,researchers_pm,0.1036548150021197,0.10921750358323434
LTU,2019,researchers_pm,0.057295126778605265,0.05896829418337268
LTU,2020,researchers_pm,0.08212962270063073,0.08559651866236684
LTU,2021,researchers_pm,0.09694667602500395,0.10180161961251111
LTU,2022,researchers_pm,0.11135036139195265,0.11778646747924193
LTU,2023,researchers_pm,-0.045638037337104365,-0.04461228570657283
LUX,2000,researchers_pm,-0.8589703624482592,-0.57640198972644
LUX,2003,researchers_pm,-0.7628341642661667,-0.533657139976918
LUX,2004,researchers_pm,-0.7650690347454194,-0.5346981921263286
LUX,2005,researchers_pm,-0.7418778955086367,-0.523781213815295
LUX,2006,researchers_pm,-0.9392555558907034,-0.6090812557812604
LUX,2007,researchers_pm,-0.9037942347042982,-0.5949700381373904
LUX,2008,researchers_pm,-0.8574557503046094,-0.5757599169131593
LUX,2009,researchers_pm,-0.8533362641675986,-0.5740086611117117
LUX,2010,researchers_pm,-0.7883294589713064,-0.5453964047396838
LUX,2011,researchers_pm,-0.7383058505759443,-0.5220770971345473
LUX,2012,researchers_pm,-0.9338670598848147,-0.6069691061451477
LUX,2013,researchers_pm,-0.8431937903410827,-0.5696660700252145
LUX,2014,researchers_pm,-0.8189700893829563,-0.5591145065903065
LUX,2015,researchers_pm,-0.8433860234957038,-0.5697487865234327
LUX,2016,researchers_pm,-0.830067739464365,-0.5639802504231437
LUX,2017,researchers_pm,-0.804758998507376,-0.5528043115981477
LUX,2018,researchers_pm,-0.9060040494237285,-0.595864091099401
LUX,2019,researchers_pm,-0.9142624012475569,-0.5991878443677319
LUX,2020,researchers_pm,-0.9521300779407742,-0.6140818883240932
LUX,2021,researchers_pm,-1.0003628154269162,-0.6322540069550766
LUX,2022,researchers_pm,-0.9072707118810097,-0.5963756708150352
LUX,2023,researchers_pm,-0.9255501778969144,-0.6036866837440376
LVA,2000,researchers_pm,0.767147991222485,1.1536153568470269
LVA,2001,researchers_pm,0.5449582188750215,0.7245363278033434
LVA,2002,researchers_pm,0.4599182413557159,0.5839444785472307
LVA,2003,researchers_pm,0.3500407428987451,0.41912536669653266
LVA,2004,researchers_pm,0.2871648531380906,0.3326438858948815
LVA,2005,researchers_pm,0.0962004697030352,0.10097975495683786
LVA,2006,researchers_pm,0.08230716268338512,0.08578927255982394
LVA,2007,researchers_pm,0.073471517730753,0.07623788253819996
LVA,2008,researchers_pm,0.15841203058835696,0.1716488504315712
LVA,2009,researchers_pm,0.09030336824439367,0.09450627179149396
LVA,2010,researchers_pm,0.22138533083454615,0.2478041553556074
LVA,2011,researchers_pm,0.17317530650561608,0.18907453931596452
LVA,2012,researchers_pm,0.09900286887973841,0.10406946699686204
LVA,2013,researchers_pm,0.040253480794280705,0.04107463317430571
LVA,2014,researchers_pm,0.049562720605242916,0.050811497681118034
LVA,2015,researchers_pm,-0.02889435291657705,-0.02848090279580595
LVA,2016,researchers_pm,-0.18742762996489226,-0.1709108827821716
LVA,2017,researchers_pm,-0.1518098806913848,-0.14084839347563294
LVA,2018,researchers_pm,-0.2727916398928505,-0.238748614474121
LVA,2019,researchers_pm,-0.29973756285767017,-0.25898733558794806
LVA,2020,researchers_pm,-0.17499929677339043,-0.1605423889020705
LVA,2021,researchers_pm,-0.14021221710171616,-0.1308262377113969
LVA,2022,researchers_pm,-0.23732943572732257,-0.21126859109212748
LVA,2023,researchers_pm,-0.30906615505426327,-0.26586779813588435
MEX,2000,researchers_pm,-1.5894768006330224,-0.7959676665988968
MEX,2001,researchers_pm,-1.5861931193441325,-0.7952965882426535
MEX,2002,researchers_pm,-1.2768964967507657,-0.7210984695047384
MEX,2003,researchers_pm,-1.148688660284483,-0.6829477398846553
MEX,2004,researchers_pm,-1.015350555859559,-0.6377245901976971
MEX,2005,researchers_pm,-0.9816343433324297,-0.6253017873709175
MEX,2006,researchers_pm,-1.2753890011100433,-0.720677709596145
MEX,2007,researchers_pm,-1.1948691629580797,-0.697256438336908
MEX,2008,researchers_pm,-1.212488349799834,-0.7025438172743764
MEX,2009,researchers_pm,-1.0829911918443322,-0.6614187520159605
MEX,2010,researchers_pm,-1.2304396044387609,-0.7078358871947723
MEX,2011,researchers_pm,-1.2595554871285604,-0.7162198576064224
MEX,2012,researchers_pm,-1.5908389516290669,-0.7962454002445399
MEX,2013,researchers_pm,-1.527343716523231,-0.7828883879712061
MEX,2014,researchers_pm,-1.508598281419725,-0.7787801512948936
MEX,2015,researchers_pm,-1.4434479694450433,-0.7638877542507247
MEX,2016,researchers_pm,-1.3262699208976434,-0.7345343754040798
MEX,2017,researchers_pm,-1.3256974364083058,-0.7343823569415924
MEX,2018,researchers_pm,-1.3636329772669562,-0.7442699740920293
MEX,2019,researchers_pm,-1.378374371251204,-0.7480121410122056
MEX,2020,researchers_pm,-1.2553824155803355,-0.7150331483791568
MEX,2021,researchers_pm,-1.2659324824559244,-0.7180237643827774
MEX,2022,researchers_pm,-1.2744885889159407,-0.7204260911366159
MEX,2023,researchers_pm,-1.308648159181642,-0.7298149431938321
NLD,2000,researchers_pm,-0.35657297925871134,-0.29992862108498297
NLD,2001,researchers_pm,-0.36148545164108103,-0.3033592690188359
NLD,2002,researchers_pm,-0.3850231257016645,-0.3195650995118722
NLD,2003,researchers_pm,-0.3229508540178223,-0.2759905643516095
NLD,2004,researchers_pm,-0.2429672797890623,-0.21570282427925058
NLD,2005,researchers_pm,-0.32314234259776686,-0.2761291906172113
NLD,2006,researchers_pm,-0.30849778006881756,-0.2654504171531158
NLD,2007,researchers_pm,-0.33658897080257155,-0.2857976624058495
NLD,2008,researchers_pm,-0.36835932876001287,-0.30813147124319906
NLD,2009,researchers_pm,-0.4837633930811789,-0.38354095686713663
NLD,2010,researchers_pm,-0.3463817240816578,-0.2927575359074781
NLD,2011,researchers_pm,-0.2590731857109283,-0.22823346130599997
NLD,2012,researchers_pm,-0.0474565022691138,-0.04634804607348941
NLD,2013,researchers_pm,0.11926026086516295,0.12666310644882728
NLD,2014,researchers_pm,0.11346568929039336,0.12015345497312824
NLD,2015,researchers_pm,0.09174159125157288,0.09608154842109573
NLD,2016,researchers_pm,0.12351472815723596,0.13146666883836722
NLD,2017,researchers_pm,0.106636554300934,0.11252983680757533
NLD,2018,researchers_pm,0.06707053841782518,0.06937090724611061
NLD,2019,researchers_pm,-0.0027806465318924722,-0.0027767841151594697
NLD,2020,researchers_pm,0.05774206225413714,0.05944169046242198
NLD,2021,researchers_pm,0.03580112134227065,0.03644969826756683
NLD,2022,researchers_pm,0.02219909378505669,0.022447327116104754
NLD,2023,researchers_pm,0.028905367735880816,0.029327182304255572
NOR,2001,researchers_pm,-0.31066775871473595,-0.2670426458862951
NOR,2003,researchers_pm,-0.21322327766057114,-0.19202428585223563
NOR,2004,researchers_pm,-0.2529580907401261,-0.22349957630012085
NOR,2005,researchers_pm,-0.304924962485261,-0.26282131162701605
NOR,2006,researchers_pm,-0.32180178303439355,-0.2751581479562053
NOR,2007,researchers_pm,-0.22612213338651088,-0.20237932039819884
NOR,2008,researchers_pm,-0.1854057111230194,-0.16923283600895933
NOR,2009,researchers_pm,-0.22125388592736783,-0.19848683845630044
NOR,2010,researchers_pm,-0.20546510958318898,-0.18573149576095282
NOR,2011,researchers_pm,-0.21517720765505643,-0.19360147247701065
NOR,2012,researchers_pm,-0.20137473908605763,-0.18239401478092043
NOR,2013,researchers_pm,-0.15517384263046452,-0.14373369104338685
NOR,2014,researchers_pm,-0.14453400030949304,-0.13457451283153077
NOR,2015,researchers_pm,-0.1161080491354074,-0.10962098658271557
NOR,2016,researchers_pm,-0.07847551488166005,-0.07547530324897245
NOR,2017,researchers_pm,-0.07901099092882369,-0.07597023155614102
NOR,2018,researchers_pm,-0.13187694636550162,-0.1235511613409861
NOR,2019,researchers_pm,-0.17051641610327906,-0.1567707530234138
NOR,2020,researchers_pm,-0.17284023433350804,-0.1587279895081105
NOR,2021,researchers_pm,-0.13867787919102703,-0.1294916078321623
NOR,2022,researchers_pm,-0.17071325962012018,-0.15693672089850597
NOR,2023,researchers_pm,-0.20409824412347888,-0.1846177392633397
NZL,2001,researchers_pm,0.09710800301277978,0.10197938428766395
NZL,2003,researchers_pm,0.2625648093046973,0.3002607344319663
NZL,2005,researchers_pm,0.18478577356432702,0.20296070653759068
NZL,2007,researchers_pm,0.24451125775660465,0.2769970382652551
NZL,2009,researchers_pm,0.27316802824048914,0.31412103572008876
NZL,2011,researchers_pm,0.2380346210204891,0.268753117592226
NZL,2013,researchers_pm,0.34197159587006265,0.40772031187557256
NZL,2015,researchers_pm,0.607060662670893,0.8350296926768299
NZL,2017,researchers_pm,0.4799980676705111,0.616071279407687
NZL,2019,researchers_pm,0.44069811470154363,0.5537915647027414
NZL,2021,researchers_pm,0.29448601685368203,0.3424361917568155
NZL,2023,researchers_pm,0.2571806544073123,0.29327874216154703
POL,2000,researchers_pm,0.3747314489416116,0.4546007275959143
POL,2001,researchers_pm,0.32134646667633593,0.37898326988755726
POL,2002,researchers_pm,0.32628532420520084,0.38581071781040976
POL,2003,researchers_pm,0.3813913932158739,0.4643206184216253
POL,2004,researchers_pm,0.36498956610255906,0.4404989780522053
POL,2005,researchers_pm,0.30238019754480483,0.35307556493594516
POL,2006,researchers_pm,0.13909132674527047,0.14922905055989366
POL,2007,researchers_pm,0.14830003006045978,0.15986083728113099
POL,2008,researchers_pm,0.10258312808167691,0.10802940644051406
POL,2009,researchers_pm,-0.023394635132610198,-0.023123102248702176
POL,2010,researchers_pm,0.007354297841606794,0.007381407105764293
POL,2011,researchers_pm,-0.08903143793781254,-0.08518318683171178
POL,2012,researchers_pm,-0.042577101561652064,-0.04168342503204203
POL,2013,researchers_pm,0.055805002781162294,0.05739147523532884
POL,2014,researchers_pm,0.10486464840241805,0.11056028407382312
POL,2015,researchers_pm,0.10614623421587233,0.1119844747952583
POL,2016,researchers_pm,0.14563441325508375,0.1567732097855119
POL,2017,researchers_pm,0.3248772731411691,0.38386079866967115
POL,2018,researchers_pm,0.2183994209615694,0.24408388157375427
POL,2019,researchers_pm,0.12202817567657931,0.12978593381494696
POL,2020,researchers_pm,0.133742162726465,0.14309804836059525
POL,2021,researchers_pm,0.1335659255739916,0.14289660976655782
POL,2022,researchers_pm,0.09391411670825178,0.09846540204135157
POL,2023,researchers_pm,0.0236149337913254,0.02389597423041101
PRT,2000,researchers_pm,-0.2711745332177964,-0.23751659389132007
PRT,2001,researchers_pm,-0.292039552557652,-0.25326100004809826
PRT,2002,researchers_pm,-0.2147404790045302,-0.19324921822213537
PRT,2003,researchers_pm,-0.07502187186828202,-0.07227680493287492
PRT,2004,researchers_pm,-0.07063805747275786,-0.0682009111819114
PRT,2005,researchers_pm,-0.10318007762147108,-0.09803546477194691
PRT,2006,researchers_pm,-0.016454389948540538,-0.016319755925923718
PRT,2007,researchers_pm,0.14455576571090045,0.15552613190325992
PRT,2008,researchers_pm,0.49913512052383524,0.647295941968814
PRT,2009,researchers_pm,0.4386318121769346,0.5505842760253803
PRT,2010,researchers_pm,0.47698870343427746,0.6112152427525519
PRT,2011,researchers_pm,0.5309724684636663,0.7005852703068762
PRT,2012,researchers_pm,0.5658569424798099,0.7609561744780153
PRT,2013,researchers_pm,0.5024585307665754,0.652779689499176
PRT,2014,researchers_pm,0.5027814182263359,0.6533134375002929
PRT,2015,researchers_pm,0.501912646984831,0.6518777100822475
PRT,2016,researchers_pm,0.5542685180290423,0.7406672522622193
PRT,2017,researchers_pm,0.5748733982409817,0.7769055533046538
PRT,2018,researchers_pm,0.5361257220999978,0.7093714367633028
PRT,2019,researchers_pm,0.4878918170168731,0.628878623491752
PRT,2020,researchers_pm,0.6168353084160234,0.85305440694074
PRT,2021,researchers_pm,0.6263850923681407,0.8708354435744279
PRT,2022,researchers_pm,0.5819725172064594,0.7895648991525208
PRT,2023,researchers_pm,0.5620942527525017,0.7543426928125421
SVK,2000,researchers_pm,0.6349326864922373,0.8868951236542253
SVK,2001,researchers_pm,0.5038900975728051,0.6551474484388546
SVK,2002,researchers_pm,0.4262567939063677,0.5315140081059693
SVK,2003,researchers_pm,0.48059971998579165,0.6170438849904623
SVK,2004,researchers_pm,0.5287937724474085,0.696884245121542
SVK,2005,researchers_pm,0.42730787055833375,0.5331245929978603
SVK,2006,researchers_pm,0.35107003435290274,0.4205868123065639
SVK,2007,researchers_pm,0.33234948358791794,0.394240027384237
SVK,2008,researchers_pm,0.2872396163214894,0.3327435223186497
SVK,2009,researchers_pm,0.3262589534219229,0.385774173378161
SVK,2010,researchers_pm,0.3980109641242544,0.48886035386770565
SVK,2011,researchers_pm,0.3522981769536946,0.42233256728748025
SVK,2012,researchers_pm,0.3532041103846435,0.4236216897515148
SVK,2013,researchers_pm,0.35167515932759574,0.42144670501044623
SVK,2014,researchers_pm,0.3220593573027859,0.3799666846266174
SVK,2015,researchers_pm,0.2434404371118486,0.27563033535083115
SVK,2016,researchers_pm,0.2135897891117331,0.23811466249311186
SVK,2017,researchers_pm,0.23043779193373837,0.2591511354919884
SVK,2018,researchers_pm,0.19187711948148944,0.21152163541102054
SVK,2019,researchers_pm,0.1359046189887625,0.1455726225085705
SVK,2020,researchers_pm,0.154475787291803,0.16704602037065452
SVK,2021,researchers_pm,0.10974079179963603,0.11598875952662491
SVK,2022,researchers_pm,0.13587338800791482,0.14553684571061232
SVK,2023,researchers_pm,0.09365861598596581,0.09818477918892121
SVN,2000,researchers_pm,0.20136819879440893,0.22307502367633503
SVN,2001,researchers_pm,0.1490582799951783,0.16074063519648507
SVN,2002,researchers_pm,0.15911775653687332,0.17247600526585494
SVN,2003,researchers_pm,-0.020445840710927143,-0.020238241762101872
SVN,2004,researchers_pm,-0.0044346579836487265,-0.004424839407304204
SVN,2005,researchers_pm,0.1723694865388552,0.1881167452668293
SVN,2006,researchers_pm,0.16433259844572579,0.17860625251792994
SVN,2007,researchers_pm,0.20660227898366657,0.22949347912989193
SVN,2008,researchers_pm,0.2768675904793607,0.31899171241161417
SVN,2009,researchers_pm,0.3527213166704861,0.4229345400374933
SVN,2010,researchers_pm,0.3895441356336269,0.4763076444129797
SVN,2011,researchers_pm,0.487754832835785,0.6286555081694047
SVN,2012,researchers_pm,0.558439081336715,0.747941974535802
SVN,2013,researchers_pm,0.5911981644285413,0.8061511855650889
SVN,2014,researchers_pm,0.5441896454943791,0.7232114043035296
SVN,2015,researchers_pm,0.43918689213190554,0.5514452131978731
SVN,2016,researchers_pm,0.44131719334902364,0.5547537816963493
SVN,2017,researchers_pm,0.4940378733887094,0.6389206310964701
SVN,2018,researchers_pm,0.46425137786718906,0.5908228178285633
SVN,2019,researchers_pm,0.39979777454198206,0.4915230432106381
SVN,2020,researchers_pm,0.45276398496532444,0.572652972963962
SVN,2021,researchers_pm,0.37821563740278386,0.45967767004277227
SVN,2022,researchers_pm,0.3568806821212487,0.4288653704972396
SVN,2023,researchers_pm,0.3276832020613991,0.387749266537218
SWE,2001,researchers_pm,0.4372895356069826,0.5485043593059586
SWE,2003,researchers_pm,0.5184206353556853,0.6793732114129494
SWE,2004,researchers_pm,0.48638341262586593,0.6264234679728566
SWE,2005,researchers_pm,0.5296592225696468,0.6983534494687442
SWE,2006,researchers_pm,0.4419919537320087,0.5558032219740785
SWE,2007,researchers_pm,0.2665064408575457,0.30539599717792076
SWE,2008,researchers_pm,0.3696440804013399,0.4472194292280425
SWE,2009,researchers_pm,0.2802195358051449,0.3234203185931952
SWE,2010,researchers_pm,0.2737096909394072,0.3148330388823708
SWE,2011,researchers_pm,0.19976800855644505,0.22111943603656714
SWE,2012,researchers_pm,0.24091183459593601,0.27240884792256703
SWE,2013,researchers_pm,0.5373222736975354,0.7114180120590374
SWE,2014,researchers_pm,0.5513568733447585,0.7356064189595959
SWE,2015,researchers_pm,0.5083269002725181,0.6625073261958663
SWE,2016,researchers_pm,0.5513446170742249,0.7355851470281427
SWE,2017,researchers_pm,0.5465860430612395,0.7273458558362018
SWE,2018,researchers_pm,0.4930486718759681,0.6373002099225993
SWE,2019,researchers_pm,0.44114751514022643,0.5544899962395053
SWE,2020,researchers_pm,0.452178293286309,0.571732152888369
SWE,2021,researchers_pm,0.4594262712242312,0.5831654168271172
SWE,2022,researchers_pm,0.49236536854721535,0.636181819382496
SWE,2023,researchers_pm,0.4810681305132043,0.6178015027937052
TUR,2000,researchers_pm,-0.7564829885125581,-0.5306858890307002
TUR,2001,researchers_pm,-0.7588819755104126,-0.5318104180762274
TUR,2002,researchers_pm,-0.7587944734485212,-0.5317694487300281
TUR,2003,researchers_pm,-0.45166984483675243,-0.363435699974231
TUR,2004,researchers_pm,-0.5230293433671802,-0.40727773372686193
TUR,2005,researchers_pm,-0.5261971443966136,-0.40915238909685003
TUR,2006,researchers_pm,-0.5688839317119418,-0.43384304394954776
TUR,2007,researchers_pm,-0.42813707405210355,-0.34827792550984293
TUR,2008,researchers_pm,-0.374189504599693,-0.3121534506077639
TUR,2009,researchers_pm,-0.3048919255105922,-0.26279695707106365
TUR,2010,researchers_pm,-0.2715080185459673,-0.23777082852611464
TUR,2011,researchers_pm,-0.3025969345527475,-0.26110313984928424
TUR,2012,researchers_pm,-0.20288872078475162,-0.1836309187180597
TUR,2013,researchers_pm,-0.17605318105884038,-0.16142661406936332
TUR,2014,researchers_pm,-0.22333535661643644,-0.20015342952701254
TUR,2015,researchers_pm,-0.2938864558002523,-0.2546388819295593
TUR,2016,researchers_pm,-0.19987695569857866,-0.18116850057044842
TUR,2017,researchers_pm,-0.18069710251204896,-0.1653118546479151
TUR,2018,researchers_pm,-0.15712018524645632,-0.14539865782763484
TUR,2019,researchers_pm,-0.13109827905663796,-0.1228684335080048
TUR,2020,researchers_pm,-0.0483114949918626,-0.04716306308767482
TUR,2021,researchers_pm,-0.04399576065114008,-0.04304198565668549
TUR,2022,researchers_pm,0.0014842519826796519,0.001485354029824748
TUR,2023,researchers_pm,-0.038635337146297744,-0.03789851214138984
USA,2000,researchers_pm,-0.030338849996304873,-0.029883246210292924
USA,2001,researchers_pm,-0.07404112836370658,-0.07136650012046819
USA,2002,researchers_pm,-0.052460628426752365,-0.05110832032136692
USA,2003,researchers_pm,0.04421195101068953,0.045203863428365354
USA,2004,researchers_pm,-0.023341607690529287,-0.0230712995921174
USA,2005,researchers_pm,-0.11819621029724381,-0.11147830159642036
USA,2006,researchers_pm,-0.177481116351494,-0.16262318808416287
USA,2007,researchers_pm,-0.14663770877275795,-0.13639320208649242
USA,2008,researchers_pm,-0.10373555446636651,-0.09853634605932526
USA,2009,researchers_pm,-0.1130052181625345,-0.10685400047713689
USA,2010,researchers_pm,-0.17885085505063003,-0.16376939033120852
USA,2011,researchers_pm,-0.1830621963530099,-0.1672836377943976
USA,2012,researchers_pm,-0.183627233637905,-0.16775402068233625
USA,2013,researchers_pm,-0.1353273277715168,-0.12657003299290648
USA,2014,researchers_pm,-0.1286845276920161,-0.12074869876528349
USA,2015,researchers_pm,-0.14003627749421454,-0.13067330216749384
USA,2016,researchers_pm,-0.15492879936072157,-0.14352384303739874
USA,2017,researchers_pm,-0.16716104208710192,-0.15393665144201063
USA,2018,researchers_pm,-0.18408506550252746,-0.16813496220063484
USA,2019,researchers_pm,-0.2659433657893846,-0.23351746459483547
USA,2020,researchers_pm,-0.2209009912225426,-0.198203938791783
USA,2021,researchers_pm,-0.21016035609081918,-0.18954572572962092
USA,2022,researchers_pm,-0.24323292092686444,-0.21591113820378516
AUS,2000,articles_pm,0.5323658482170863,0.7029564830077266
AUS,2001,articles_pm,0.5053585424574134,0.6575797266389614
AUS,2002,articles_pm,0.44109074846592655,0.5544017555167762
AUS,2003,articles_pm,0.45176219004502904,0.5710782860926091
AUS,2004,articles_pm,0.4278249039097357,0.5339174744997217
AUS,2005,articles_pm,0.4566005386288188,0.578698129357287
AUS,2006,articles_pm,0.48203582969062264,0.6193678057099772
AUS,2007,articles_pm,0.5020431004110364,0.6520932172457186
AUS,2008,articles_pm,0.43112117771959646,0.538982028990858
AUS,2009,articles_pm,0.34746287987952673,0.41547176715695655
AUS,2010,articles_pm,0.3703092512450077,0.4481823976305013
AUS,2011,articles_pm,0.3947913374038565,0.4840744877748171
AUS,2012,articles_pm,0.35385309832878953,0.42454590293435635
AUS,2013,articles_pm,0.409019628433283,0.505341267686217
AUS,2014,articles_pm,0.40421198457143603,0.49812149194205957
AUS,2015,articles_pm,0.4332033665742614,0.5421898186721632
AUS,2016,articles_pm,0.4282446962535058,0.5345615364881795
AUS,2017,articles_pm,0.4338750954206665,0.5432261000710861
AUS,2018,articles_pm,0.44671447596421565,0.5631679135512366
AUS,2019,articles_pm,0.433423759072034,0.5425297431953713
AUS,2020,articles_pm,0.35981352757591445,0.43306216306818524
AUS,2021,articles_pm,0.40258621257801774,0.495687866773576
AUS,2022,articles_pm,0.3800349381146111,0.46233567979329937
AUS,2023,articles_pm,0.3086334378793607,0.3615631815299212
AUT,2000,articles_pm,-0.09843573735674127,-0.09374607098401966
AUT,2001,articles_pm,-0.07205745047890932,-0.0695225620987926
AUT,2002,articles_pm,-0.0617365372145775,-0.05986945642284536
AUT,2003,articles_pm,-0.029256705791845583,-0.028832871761721668
AUT,2004,articles_pm,-0.09309762011207745,-0.08889544617392975
AUT,2005,articles_pm,-0.08511891894119561,-0.081596937612467
AUT,2006,articles_pm,-0.11956852376085614,-0.11269679561674983
AUT,2007,articles_pm,-0.08085162973786453,-0.07766947228468701
AUT,2008,articles_pm,-0.12583741413659677,-0.11824180345252377
AUT,2009,articles_pm,-0.13217699790510284,-0.12381410171460272
AUT,2010,articles_pm,-0.14864023087038802,-0.13812086336569296
AUT,2011,articles_pm,-0.15732063763891002,-0.14556994754297725
AUT,2012,articles_pm,-0.15743406511078284,-0.14566685788746803
AUT,2013,articles_pm,-0.13196970778130002,-0.12363245820547053
AUT,2014,articles_pm,-0.13323569639043598,-0.1247412275380384
AUT,2015,articles_pm,-0.07463229387479586,-0.07191531398214246
AUT,2016,articles_pm,-0.10382613235820326,-0.09861799503881463
AUT,2017,articles_pm,-0.0984655893297175,-0.09377312404802252
AUT,2018,articles_pm,-0.10908725689057697,-0.10334782499603323
AUT,2019,articles_pm,-0.11190400659318112,-0.10586991602619655
AUT,2020,articles_pm,-0.09337557612484204,-0.08914865797042204
AUT,2021,articles_pm,-0.06407779099586985,-0.06206796597424846
AUT,2022,articles_pm,-0.08591867600752234,-0.08233114331911262
AUT,2023,articles_pm,-0.05557738018412728,-0.054061176082001894
BEL,2000,articles_pm,0.10692253178707123,0.1128480407909771
BEL,2001,articles_pm,0.10587888072078488,0.11168722159705013
BEL,2002,articles_pm,0.07940450888629336,0.0826421718864776
BEL,2003,articles_pm,0.11648654238387923,0.12354239016328039
BEL,2004,articles_pm,0.07774150664423463,0.08084323176260488
BEL,2005,articles_pm,0.0846960371239982,0.0883861874177092
BEL,2006,articles_pm,0.05941679672870048,0.061217460541867386
BEL,2007,articles_pm,0.07093207762729925,0.07350830816060938
BEL,2008,articles_pm,0.046923443381292174,0.048041771474046424
BEL,2009,articles_pm,0.004127621429275585,0.0041361517912708035
BEL,2010,articles_pm,-0.029173559824624107,-0.02875211977445613
BEL,2011,articles_pm,-0.04406777021010999,-0.04311089330021678
BEL,2012,articles_pm,-0.02055194206632116,-0.020342190297976348
BEL,2013,articles_pm,-0.003545074544830662,-0.003538798186975778
BEL,2014,articles_pm,-0.018237638177444282,-0.018072338869330906
BEL,2015,articles_pm,-0.020403821513694353,-0.020197072094589208
BEL,2016,articles_pm,-0.022434323126561573,-0.022184545053616667
BEL,2017,articles_pm,-0.04157999668666257,-0.04072740635712524
BEL,2018,articles_pm,-0.032156496993720474,-0.03164497442991798
BEL,2019,articles_pm,-0.07897533005898705,-0.07593727926329308
BEL,2020,articles_pm,-0.07330252081124922,-0.07068035103773851
BEL,2021,articles_pm,-0.057149496432378655,-0.05554713352196594
BEL,2022,articles_pm,-0.0839958669837495,-0.08056494387269986
BEL,2023,articles_pm,-0.0879149486216102,-0.08416123323955305
CAN,2000,articles_pm,0.31748996559216813,0.37367546077639124
CAN,2001,articles_pm,0.2542431442141053,0.2894852970434325
CAN,2002,articles_pm,0.265131720624991,0.3036026758291017
CAN,2003,articles_pm,0.29396578493687286,0.3417379952313888
CAN,2004,articles_pm,0.30290059262035385,0.3537798820424658
CAN,2005,articles_pm,0.3095808310341255,0.3628537283989892
CAN,2006,articles_pm,0.32201196173124025,0.3799012818667984
CAN,2007,articles_pm,0.3372794216351158,0.401130515225556
CAN,2008,articles_pm,0.29491643757392705,0.34301412847840185
CAN,2009,articles_pm,0.2709432107723462,0.31120060620050083
CAN,2010,articles_pm,0.23226348489691073,0.26145205861008836
CAN,2011,articles_pm,0.18226003120014145,0.19992617155861692
CAN,2012,articles_pm,0.17351940343440564,0.1894837666159357
CAN,2013,articles_pm,0.15147161523444552,0.16354527438111455
CAN,2014,articles_pm,0.11641788251274576,0.12346525053578761
CAN,2015,articles_pm,0.14805262404456165,0.15957391622684391
CAN,2016,articles_pm,0.14481752389135583,0.15582863991126117
CAN,2017,articles_pm,0.1463397333660632,0.15758939299559604
CAN,2018,articles_pm,0.16286320644302155,0.17687568966512446
CAN,2019,articles_pm,0.13945246926241683,0.14964416098449074
CAN,2020,articles_pm,0.14790402706569594,0.15940161984779877
CAN,2021,articles_pm,0.15819775858584784,0.17139782578088947
CAN,2022,articles_pm,0.13971006766042837,0.1499403456253503
CAN,2023,articles_pm,0.11013467060277371,0.11642841042244267
CHE,2000,articles_pm,0.2942339453699052,0.34209784451972025
CHE,2001,articles_pm,0.2247425793838893,0.25200038399594904
CHE,2002,articles_pm,0.19686417957257785,0.21757865742127747
CHE,2003,articles_pm,0.2549431071372865,0.29038820490549866
CHE,2004,articles_pm,0.2439276405237072,0.27625197822345227
CHE,2005,articles_pm,0.2290202663857599,0.25736752104684735
CHE,2006,articles_pm,0.22956842458031002,0.2580569462968574
CHE,2007,articles_pm,0.20820217251699447,0.23146211217814328
CHE,2008,articles_pm,0.13056908195433703,0.13947665444886237
CHE,2009,articles_pm,0.08902471097121456,0.09310766774470158
CHE,2010,articles_pm,0.06925053120286595,0.07170467097824673
CHE,2011,articles_pm,0.08974884282204876,0.0938995084872567
CHE,2012,articles_pm,0.10680102981699413,0.11271283577562885
CHE,2013,articles_pm,0.131250784765224,0.14025370371538237
CHE,2014,articles_pm,0.10573988170891191,0.11153270891054046
CHE,2015,articles_pm,0.12353015544391788,0.13148412443368418
CHE,2016,articles_pm,0.12287487706674494,0.13074293022361982
CHE,2017,articles_pm,0.16141701054167612,0.17517492698077564
CHE,2018,articles_pm,0.12938308637571794,0.13812604124370398
CHE,2019,articles_pm,0.10960031454775443,0.11583199950342227
CHE,2020,articles_pm,0.08713228829171893,0.09104100212235111
CHE,2021,articles_pm,0.09435678152419413,0.09895176166557018
CHE,2022,articles_pm,0.08638570528781031,0.09022675344353237
CHE,2023,articles_pm,0.06449391325760434,0.0666190859892799
CHL,2000,articles_pm,-0.6027379398544284,-0.45268892200071587
CHL,2001,articles_pm,-0.6073456362830925,-0.45520496426921575
CHL,2002,articles_pm,-0.4640870406493649,-0.3712911711392687
CHL,2003,articles_pm,-0.5021109539649986,-0.394748348150069
CHL,2004,articles_pm,-0.5722055061653162,-0.43572045672211135
CHL,2005,articles_pm,-0.5980392192395714,-0.4501112089215443
CHL,2006,articles_pm,-0.4789365407501398,-0.38055820724294365
CHL,2007,articles_pm,-0.4911917882141843,-0.3881032918299072
CHL,2008,articles_pm,-0.482705963200285,-0.38288874988377686
CHL,2009,articles_pm,-0.5269612317896284,-0.40960367587430924
CHL,2010,articles_pm,-0.5553084959723735,-0.4261048104696422
CHL,2011,articles_pm,-0.5956318321765721,-0.448785819036692
CHL,2012,articles_pm,-0.5958850245087612,-0.4489253645740303
CHL,2013,articles_pm,-0.633782543223008,-0.4694189452359263
CHL,2014,articles_pm,-0.53180010036401,-0.4124536252673948
CHL,2015,articles_pm,-0.4943994384670569,-0.3900628979149219
CHL,2016,articles_pm,-0.4097311216819648,-0.33617128470903024
CHL,2017,articles_pm,-0.3520510731386448,-0.29675579582960954
CHL,2018,articles_pm,-0.29971294747240496,-0.2589690950512292
CHL,2019,articles_pm,-0.2719678795788809,-0.23812126743745
CHL,2020,articles_pm,-0.15338815997150146,-0.142203305158918
CHL,2021,articles_pm,-0.17102276508638603,-0.15719761321591408
CHL,2022,articles_pm,-0.22897260487689675,-0.2046496780733762
CHL,2023,articles_pm,-0.18813540183148802,-0.17149748112085095
CHN,2000,articles_pm,0.550133830521883,0.7334849955458325
CHN,2001,articles_pm,0.696310607137189,1.0063368709829663
CHN,2002,articles_pm,0.5996484122508594,0.8214782783492625
CHN,2003,articles_pm,0.616971082899564,0.8533060215268486
CHN,2004,articles_pm,0.7533746994384929,1.1241563237812287
CHN,2005,articles_pm,0.8459683001282574,1.3302330875009845
CHN,2006,articles_pm,0.8167429323518887,1.2631166961889395
CHN,2007,articles_pm,0.7447397143391337,1.1058932298278124
CHN,2008,articles_pm,0.6951014804444862,1.0039124215463477
CHN,2009,articles_pm,0.5968248501219069,0.816342475305394
CHN,2010,articles_pm,0.5178930989232091,0.67848751449944
CHN,2011,articles_pm,0.40387553341206317,0.4976175320129195
CHN,2012,articles_pm,0.2912134145445915,0.3380501128364144
CHN,2013,articles_pm,0.26004891472884584,0.2969935272008688
CHN,2014,articles_pm,0.22707949523435822,0.2549296248997599
CHN,2015,articles_pm,0.21446787274028978,0.2392023081605661
CHN,2016,articles_pm,0.20088992466285838,0.2224901983961145
CHN,2017,articles_pm,0.2118422423049342,0.23595288861889352
CHN,2018,articles_pm,0.24749093747329898,0.28080775497664745
CHN,2019,articles_pm,0.31814868747875646,0.374580628961791
CHN,2020,articles_pm,0.2932008347252504,0.3407120249261246
CHN,2021,articles_pm,0.32291967732319193,0.38115440843092085
CHN,2022,articles_pm,0.5047006588368799,0.6564895907176791
CHN,2023,articles_pm,0.5121568720251304,0.6688868912724093
COL,2000,articles_pm,-1.9124325245055602,-0.8522793848199292
COL,2001,articles_pm,-1.9565813611978906,-0.8586592109642034
COL,2002,articles_pm,-1.8015473031520979,-0.8349566814962927
COL,2003,articles_pm,-1.7885215041556677,-0.8327927978426825
COL,2004,articles_pm,-1.716928132003663,-0.8203829387862577
COL,2005,articles_pm,-1.704231216801042,-0.8180878165380892
COL,2006,articles_pm,-1.4245734256939087,-0.7593889201756059
COL,2007,articles_pm,-1.4268574237911302,-0.7599378483100575
COL,2008,articles_pm,-1.1366959043919498,-0.6791225178942835
COL,2009,articles_pm,-1.1138977901895348,-0.6717230904031668
COL,2010,articles_pm,-1.0420622514077857,-0.647273479372747
COL,2011,articles_pm,-1.0603352826777996,-0.6536603308306216
COL,2012,articles_pm,-0.9767582274835913,-0.6234702537216121
COL,2013,articles_pm,-0.9556442427421583,-0.6154356880374984
COL,2014,articles_pm,-0.9203443570540593,-0.6016181681326234
COL,2015,articles_pm,-0.8669109838146305,-0.5797523017538886
COL,2016,articles_pm,-0.7251875963697065,-0.5157662800537947
COL,2017,articles_pm,-0.6625811276065816,-0.4844810045480229
COL,2018,articles_pm,-0.5666838564706884,-0.4325960848489302
COL,2019,articles_pm,-0.47902206897979926,-0.3806111847372873
COL,2020,articles_pm,-0.3463451856230817,-0.2927316938858897
COL,2021,articles_pm,-0.39468071010088934,-0.3261048271762067
COL,2022,articles_pm,-0.44428488768824614,-0.35871729874499536
COL,2023,articles_pm,-0.43175023972185134,-0.3506284563497648
CRI,2000,articles_pm,-1.4205846159243625,-0.7584272516684332
CRI,2001,articles_pm,-1.1581527509394025,-0.6859341968757502
CRI,2002,articles_pm,-1.292425087720872,-0.7253959639194766
CRI,2003,articles_pm,-1.3827327948558636,-0.7491080209556347
CRI,2004,articles_pm,-1.1438423161218378,-0.6814074661810618
CRI,2005,articles_pm,-1.247653539319285,-0.7128221415516813
CRI,2006,articles_pm,-1.3303302501201335,-0.7356100679264554
CRI,2007,articles_pm,-1.4012725447391845,-0.7537166421463473
CRI,2008,articles_pm,-1.4748472064463218,-0.7711863143694111
CRI,2009,articles_pm,-1.5316880411583336,-0.7838295454688411
CRI,2010,articles_pm,-1.5536852399266783,-0.7885327713804471
CRI,2011,articles_pm,-1.6579345263075052,-0.8094678869740701
CRI,2012,articles_pm,-1.5823216478102564,-0.7945025487522801
CRI,2013,articles_pm,-1.7533852974337618,-0.8268133384116163
CRI,2014,articles_pm,-1.5224975509007646,-0.7818336755494013
CRI,2015,articles_pm,-1.551661153267295,-0.7881043099088083
CRI,2016,articles_pm,-1.4196867429752613,-0.7582102526282605
CRI,2017,articles_pm,-1.3211488723549074,-0.7331714261681235
CRI,2018,articles_pm,-1.2360585228657284,-0.70947292999983
CRI,2019,articles_pm,-1.1282005091629257,-0.6763849248610223
CRI,2020,articles_pm,-1.0077058143938515,-0.6349444752600302
CRI,2021,articles_pm,-1.0359765292209158,-0.6451203386975874
CRI,2022,articles_pm,-1.0771371048279876,-0.659430854944095
CRI,2023,articles_pm,-1.2033344976127767,-0.6998084468577277
CZE,2000,articles_pm,0.30185344783311496,0.3523630204549961
CZE,2001,articles_pm,0.3096449905026635,0.36294117117500946
CZE,2002,articles_pm,0.2848056626353719,0.3295036307822883
CZE,2003,articles_pm,0.3020138412741824,0.3525799480098326
CZE,2004,articles_pm,0.27685959739004407,0.31898116963518364
CZE,2005,articles_pm,0.24299938829497947,0.27506784415281915
CZE,2006,articles_pm,0.2505959586047313,0.2847908707503224
CZE,2007,articles_pm,0.3194982217142437,0.37643692486571867
CZE,2008,articles_pm,0.2858137717800071,0.33084459135404676
CZE,2009,articles_pm,0.27833722072929135,0.32093156761738384
CZE,2010,articles_pm,0.34123889743081914,0.40668925517311494
CZE,2011,articles_pm,0.3664277883367264,0.4425722262491889
CZE,2012,articles_pm,0.3655663089978596,0.4413300152278421
CZE,2013,articles_pm,0.3772254820194574,0.4582330776433525
CZE,2014,articles_pm,0.4202723934862016,0.5223761845011732
CZE,2015,articles_pm,0.47202825465268994,0.6032426821517873
CZE,2016,articles_pm,0.44446290925918674,0.5596522960316097
CZE,2017,articles_pm,0.401211325856063,0.49363287839719083
CZE,2018,articles_pm,0.3536721797005882,0.42428819935617956
CZE,2019,articles_pm,0.30796400513268907,0.3606520115670757
CZE,2020,articles_pm,0.22385401511143943,0.2508883952955159
CZE,2021,articles_pm,0.20308954888297315,0.22518217703066812
CZE,2022,articles_pm,0.18792018825901202,0.2067371997092733
CZE,2023,articles_pm,0.17783550681186266,0.19462879677235456
DEU,2000,articles_pm,-0.026512503385305308,-0.026164132485663072
DEU,2001,articles_pm,-0.04725638189916204,-0.046157181794386326
DEU,2002,articles_pm,-0.07596314563601325,-0.07314963558936338
DEU,2003,articles_pm,-0.05017072348050622,-0.04893295883567805
DEU,2004,articles_pm,-0.07951088627562974,-0.07643203430155765
DEU,2005,articles_pm,-0.052722721918749826,-0.05135698606696093
DEU,2006,articles_pm,-0.0945685601653814,-0.0902346411756525
DEU,2007,articles_pm,-0.08902178784821846,-0.08517435872490664
DEU,2008,articles_pm,-0.13839577788477264,-0.1292460016363408
DEU,2009,articles_pm,-0.13510119402621257,-0.12637249866945977
DEU,2010,articles_pm,-0.18792021681072413,-0.17131918060601092
DEU,2011,articles_pm,-0.24445624470566685,-0.21686974628953348
DEU,2012,articles_pm,-0.22825680581370822,-0.20408016325326395
DEU,2013,articles_pm,-0.2261384281705574,-0.2023923173490324
DEU,2014,articles_pm,-0.252511344306404,-0.223152600005609
DEU,2015,articles_pm,-0.2336684655623591,-0.208375776913706
DEU,2016,articles_pm,-0.23325504790955076,-0.20804843782627513
DEU,2017,articles_pm,-0.234541199029346,-0.2090663524784354
DEU,2018,articles_pm,-0.2283078227886577,-0.20412076763987175
DEU,2019,articles_pm,-0.24501428142971715,-0.21730663981816445
DEU,2020,articles_pm,-0.2852152247087494,-0.24814758031344808
DEU,2021,articles_pm,-0.2403377780742888,-0.21363779970782126
DEU,2022,articles_pm,-0.24026985321517724,-0.21358438435206106
DEU,2023,articles_pm,-0.22578501185783217,-0.20211037996512782
DNK,2000,articles_pm,0.2931930296978864,0.3407015606729198
DNK,2001,articles_pm,0.2545721074934857,0.2899095601351236
DNK,2002,articles_pm,0.21107821582699327,0.23500894853002952
DNK,2003,articles_pm,0.245904055588821,0.2787768761613558
DNK,2004,articles_pm,0.1946161622833893,0.2148445938109813
DNK,2005,articles_pm,0.1655226790466111,0.1800097239115297
DNK,2006,articles_pm,0.13241050892594153,0.14157685057932357
DNK,2007,articles_pm,0.16781225592752946,0.18271454215772698
DNK,2008,articles_pm,0.1506847096089352,0.1626300342102156
DNK,2009,articles_pm,0.1821799027911073,0.19983002723552867
DNK,2010,articles_pm,0.19823669019360235,0.21925094441383108
DNK,2011,articles_pm,0.25982565237681765,0.296703989698035
DNK,2012,articles_pm,0.31803107368804096,0.37441896883029147
DNK,2013,articles_pm,0.34189178433272094,0.40760796403672117
DNK,2014,articles_pm,0.39967843510381584,0.49134505630928893
DNK,2015,articles_pm,0.4230625783594437,0.5266298269673884
DNK,2016,articles_pm,0.39315581554772905,0.4816492353312447
DNK,2017,articles_pm,0.4014629521027997,0.4940087629216072
DNK,2018,articles_pm,0.40647020610726337,0.5015084049190461
DNK,2019,articles_pm,0.3832203424167542,0.46700123705694074
DNK,2020,articles_pm,0.3414769868543601,0.40702421288034185
DNK,2021,articles_pm,0.3308755528914702,0.3921865279393568
DNK,2022,articles_pm,0.384784607917549,0.46929781224006084
DNK,2023,articles_pm,0.4060419394864425,0.5008654966662363
ESP,2000,articles_pm,-0.004467245914852924,-0.004457282613514857
ESP,2001,articles_pm,-0.0239711788311876,-0.023686152141356054
ESP,2002,articles_pm,-0.031536675729682884,-0.031044581344953026
ESP,2003,articles_pm,-0.023346220908127435,-0.023075806366394946
ESP,2004,articles_pm,-0.026273579868214547,-0.025931432397472642
ESP,2005,articles_pm,-0.01416380690762331,-0.01406397209736987
ESP,2006,articles_pm,0.016042223753452767,0.016171591078996572
ESP,2007,articles_pm,0.057089694307186356,0.05875077005356899
ESP,2008,articles_pm,0.02766951848445398,0.028055874810546833
ESP,2009,articles_pm,0.042128667322665514,0.043028673824242025
ESP,2010,articles_pm,0.06313248073665356,0.06516794411815585
ESP,2011,articles_pm,0.10530023523457643,0.11104413488175369
ESP,2012,articles_pm,0.16582233467203,0.18036337344723896
ESP,2013,articles_pm,0.18414670999101546,0.20219218376352788
ESP,2014,articles_pm,0.17433643971809243,0.1904560151391923
ESP,2015,articles_pm,0.12406404724440101,0.132088375818173
ESP,2016,articles_pm,0.10251647955658072,0.10795556037570475
ESP,2017,articles_pm,0.09254886231862347,0.09696674058920496
ESP,2018,articles_pm,0.1010722300077429,0.1063565510197122
ESP,2019,articles_pm,0.10631450855265623,0.11217160898976819
ESP,2020,articles_pm,0.23536262851140055,0.26536754389420447
ESP,2021,articles_pm,0.22884564337000235,0.2571479749078689
ESP,2022,articles_pm,0.17285281958949028,0.1886911401586655
ESP,2023,articles_pm,0.15977226684874335,0.17324365409135356
EST,2000,articles_pm,0.426784605061612,0.5323225716495184
EST,2001,articles_pm,0.4225176399395769,0.5257981343529703
EST,2002,articles_pm,0.29355765568008607,0.34119050443169874
EST,2003,articles_pm,0.278298020632751,0.32087978798729977
EST,2004,articles_pm,0.24614289993563965,0.2790823412669239
EST,2005,articles_pm,0.16631193138999478,0.18094141697344446
EST,2006,articles_pm,0.2421743953482185,0.274016355969557
EST,2007,articles_pm,0.32730735628273955,0.38722778483803855
EST,2008,articles_pm,0.3809305737903603,0.4636459864891649
EST,2009,articles_pm,0.5234032957099082,0.6877618392197025
EST,2010,articles_pm,0.6711710146513603,0.9565271015925036
EST,2011,articles_pm,0.5180285954183121,0.6787149590833528
EST,2012,articles_pm,0.5119741790842536,0.6685820252675334
EST,2013,articles_pm,0.45379461239912544,0.5742746277791753
EST,2014,articles_pm,0.5429568255969937,0.7210883039659715
EST,2015,articles_pm,0.46823924686304874,0.5971794771598069
EST,2016,articles_pm,0.446354745770706,0.5626056959845867
EST,2017,articles_pm,0.404045120241757,0.49787152975899485
EST,2018,articles_pm,0.34221490862416193,0.40806286985432916
EST,2019,articles_pm,0.3613232236662425,0.43522728534005517
EST,2020,articles_pm,0.36348126169667516,0.4383279048281885
EST,2021,articles_pm,0.30367431643615195,0.35482773910225696
EST,2022,articles_pm,0.4101277713848859,0.5070103256083491
EST,2023,articles_pm,0.4688483161892938,0.5981525664972047
FIN,2000,articles_pm,0.6650652504787056,0.9446174044137323
FIN,2001,articles_pm,0.6393369895677656,0.8952239094355525
FIN,2002,articles_pm,0.600726979294695,0.8234439246414536
FIN,2003,articles_pm,0.5926721096700573,0.8088153164196872
FIN,2004,articles_pm,0.5748314513202084,0.7768310191514376
FIN,2005,articles_pm,0.5161503898673034,0.6755649464402704
FIN,2006,articles_pm,0.4786365765561742,0.6138725098628843
FIN,2007,articles_pm,0.4125487553324527,0.5106631933984345
FIN,2008,articles_pm,0.3585254516402765,0.4312174584964994
FIN,2009,articles_pm,0.4102900898795596,0.5072549611097557
FIN,2010,articles_pm,0.35794921906494803,0.43039298194247233
FIN,2011,articles_pm,0.3256238787967076,0.384894382760288
FIN,2012,articles_pm,0.34953465082551105,0.41840734030658
FIN,2013,articles_pm,0.3886105926400383,0.4749300908579366
FIN,2014,articles_pm,0.4240598964109239,0.5281531219302718
FIN,2015,articles_pm,0.4372825642782736,0.5484935642106907
FIN,2016,articles_pm,0.4264497956229194,0.5318096214644819
FIN,2017,articles_pm,0.3871852171229184,0.47282925920965035
FIN,2018,articles_pm,0.40224504250614146,0.49517766987346956
FIN,2019,articles_pm,0.3776142345141915,0.4588000795947609
FIN,2020,articles_pm,0.3217183512872719,0.3794961879116152
FIN,2021,articles_pm,0.3499393004837801,0.4189814144937498
FIN,2022,articles_pm,0.4167642502998392,0.5170448279113622
FIN,2023,articles_pm,0.4428066060421232,0.5570711770640908
FRA,2000,articles_pm,0.0700521310881772,0.0725640937301606
FRA,2001,articles_pm,0.03834657468550695,0.0390912932191545
FRA,2002,articles_pm,-0.005647780182494344,-0.005631861454590714
FRA,2003,articles_pm,0.008942095380857218,0.008982195352560618
FRA,2004,articles_pm,-0.04907730912990438,-0.047892479750765604
FRA,2005,articles_pm,-0.060400274888215755,-0.058612355674472205
FRA,2006,articles_pm,-0.057670039809148754,-0.05603863427145439
FRA,2007,articles_pm,-0.06436250964940804,-0.062334974707099366
FRA,2008,articles_pm,-0.09185959179617509,-0.08776677441790981
FRA,2009,articles_pm,-0.12569664025777882,-0.11811766619357955
FRA,2010,articles_pm,-0.15732621740520258,-0.14557471504968256
FRA,2011,articles_pm,-0.1878820449755958,-0.17128754773466048
FRA,2012,articles_pm,-0.18816935789294842,-0.17152561332566996
FRA,2013,articles_pm,-0.18160875145174327,-0.16607245045974017
FRA,2014,articles_pm,-0.2051810395663356,-0.1855001536361055
FRA,2015,articles_pm,-0.19657667862141892,-0.17846166554689957
FRA,2016,articles_pm,-0.2080408813085306,-0.18782616669581553
FRA,2017,articles_pm,-0.2230649477659723,-0.19993711468993813
FRA,2018,articles_pm,-0.247478088551901,-0.21923267163370774
FRA,2019,articles_pm,-0.30458436091308894,-0.26257018464208925
FRA,2020,articles_pm,-0.2905657579074701,-0.2521596487213913
FRA,2021,articles_pm,-0.3240391988730531,-0.27677810765894584
FRA,2022,articles_pm,-0.33004935269641233,-0.28111174651731075
FRA,2023,articles_pm,-0.3639364115339445,-0.3050646167870166
GBR,2000,articles_pm,0.61694260051065,0.8532532356957037
GBR,2001,articles_pm,0.5141223932348433,0.6721703496502838
GBR,2002,articles_pm,0.46812953902866017,0.5970042636695598
GBR,2003,articles_pm,0.43873333669270487,0.5507417063345474
GBR,2004,articles_pm,0.40770524209348036,0.5033639674401129
GBR,2005,articles_pm,0.36754525400322446,0.44418515221031574
GBR,2006,articles_pm,0.36942333759756707,0.44690000121057527
GBR,2007,articles_pm,0.37416535413692475,0.4537775187102493
GBR,2008,articles_pm,0.31137285722968144,0.365298187594278
GBR,2009,articles_pm,0.2952675921365806,0.3434858168302368
GBR,2010,articles_pm,0.25494176919293476,0.2903864784390433
GBR,2011,articles_pm,0.2374543790175041,0.268017147283073
GBR,2012,articles_pm,0.2186858507409486,0.24444027528393208
GBR,2013,articles_pm,0.21266560516743738,0.2369709453847384
GBR,2014,articles_pm,0.1562550817612296,0.1691243873653927
GBR,2015,articles_pm,0.17251768661441247,0.18829283730635327
GBR,2016,articles_pm,0.15824323295192233,0.17145109556563365
GBR,2017,articles_pm,0.15444336393812463,0.16700818143821294
GBR,2018,articles_pm,0.16370019947215209,0.1778611387630098
GBR,2019,articles_pm,0.14209307624999212,0.15268393104192857
GBR,2020,articles_pm,0.2182586817169483,0.24390880246855584
GBR,2021,articles_pm,0.17600529960564693,0.19244437811888404
GBR,2022,articles_pm,0.11531599668162062,0.1222280018730304
GBR,2023,articles_pm,0.10749038056123794,0.11348014964090658
GRC,2000,articles_pm,0.1462708756763078,0.1575096868085324
GRC,2001,articles_pm,0.1382487784146864,0.1482611773391258
GRC,2002,articles_pm,0.14819683773624082,0.15974115472082828
GRC,2003,articles_pm,0.12634608708516115,0.13467479663027748
GRC,2004,articles_pm,0.16067969060813425,0.1743087664396703
GRC,2005,articles_pm,0.22127121755324008,0.2476617724530572
GRC,2006,articles_pm,0.2743534083245054,0.31567969224150816
GRC,2007,articles_pm,0.28174817898087845,0.3254449030712172
GRC,2008,articles_pm,0.2745502505573647,0.31593869906076066
GRC,2009,articles_pm,0.2417005933295302,0.2734128674265912
GRC,2010,articles_pm,0.30545667567626733,0.3572446821323354
GRC,2011,articles_pm,0.4262022504383669,0.5314304762987534
GRC,2012,articles_pm,0.5198665092806385,0.68180312960395
GRC,2013,articles_pm,0.5420462331345179,0.7195218072574148
GRC,2014,articles_pm,0.4976597883280114,0.6448674251046298
GRC,2015,articles_pm,0.505058078103195,0.6570817578315158
GRC,2016,articles_pm,0.5042921821122848,0.6558130914518452
GRC,2017,articles_pm,0.5065669067926972,0.6595838975039541
GRC,2018,articles_pm,0.512564249262903,0.6695668963042123
GRC,2019,articles_pm,0.49623968258567963,0.6425331972463435
GRC,2020,articles_pm,0.6050842505023235,0.8314064993036843
GRC,2021,articles_pm,0.6392036440030573,0.8949712065818769
GRC,2022,articles_pm,0.6345490247162084,0.8861713329741912
GRC,2023,articles_pm,0.608696789441523,0.8380344913273774
HUN,2000,articles_pm,0.5317153087411706,0.7018490028585986
HUN,2001,articles_pm,0.43512144467271163,0.5451506978780276
HUN,2002,articles_pm,0.39463013588992446,0.4838352720020902
HUN,2003,articles_pm,0.3400310907424462,0.4049912721063247
HUN,2004,articles_pm,0.26515060596105133,0.30362729503619423
HUN,2005,articles_pm,0.27552384667276275,0.3172205157508916
HUN,2006,articles_pm,0.2158044051160486,0.24085964946398097
HUN,2007,articles_pm,0.26952347774015184,0.30934037221832456
HUN,2008,articles_pm,0.27959894693622633,0.3225992734666596
HUN,2009,articles_pm,0.19541069628623564,0.215810212706663
HUN,2010,articles_pm,0.13803572430316358,0.14801656163330779
HUN,2011,articles_pm,0.16732486238736577,0.1821382351855778
HUN,2012,articles_pm,0.17658732603497285,0.19313861427474777
HUN,2013,articles_pm,0.10973503101171111,0.1159823305705725
HUN,2014,articles_pm,0.09254893143148823,0.0969668164037214
HUN,2015,articles_pm,0.04995062573100473,0.05121919191550761
HUN,2016,articles_pm,0.016180968734683887,0.016312589568518554
HUN,2017,articles_pm,0.030870867379172218,0.03135231405982086
HUN,2018,articles_pm,-0.019821133208687947,-0.019625986020857744
HUN,2019,articles_pm,-0.052470274887073565,-0.051117473723155005
HUN,2020,articles_pm,-0.036313731788363945,-0.035662297372612284
HUN,2021,articles_pm,-0.04681843026054011,-0.045739353281502804
HUN,2022,articles_pm,0.004529942183180147,0.0045402178815190375
HUN,2023,articles_pm,0.06012911089709583,0.061973650065042074
IRL,2000,articles_pm,-0.26823817199754263,-0.23527437681797814
IRL,2001,articles_pm,-0.29712579987366716,-0.25704945660162926
IRL,2002,articles_pm,-0.3173521177569967,-0.27192565791970236
IRL,2003,articles_pm,-0.31790737453779094,-0.2723298139195013
IRL,2004,articles_pm,-0.2516626881994348,-0.222493043886842
IRL,2005,articles_pm,-0.18022909121757102,-0.16492111974148083
IRL,2006,articles_pm,-0.2203496475533262,-0.19776175172211385
IRL,2007,articles_pm,-0.15629284030455803,-0.14469131516200873
IRL,2008,articles_pm,-0.1081289026982466,-0.10248810273163833
IRL,2009,articles_pm,-0.03665394063809657,-0.03599031779228823
IRL,2010,articles_pm,0.020846037298116293,0.02106483363440015
IRL,2011,articles_pm,0.007185086352234471,0.007210961018626616
IRL,2012,articles_pm,-0.02964987155447485,-0.0292146263749965
IRL,2013,articles_pm,-0.05211690144984438,-0.050782104591536315
IRL,2014,articles_pm,-0.1747129821269704,-0.1603020054819595
IRL,2015,articles_pm,-0.5035935888283616,-0.39564505044490617
IRL,2016,articles_pm,-0.4659097172923703,-0.3724360603385255
IRL,2017,articles_pm,-0.5548894903707096,-0.4258642947852703
IRL,2018,articles_pm,-0.6023903014200087,-0.45249862255863604
IRL,2019,articles_pm,-0.6329569900497125,-0.46898074150712366
IRL,2020,articles_pm,-0.7400336255183513,-0.5229021274119601
IRL,2021,articles_pm,-0.8298285969988974,-0.5638759671164507
IRL,2022,articles_pm,-0.9032381205138558,-0.5947447325860435
IRL,2023,articles_pm,-0.8352669259260832,-0.5662413154594855
ISL,2000,articles_pm,0.020742208369046722,0.020958823069790133
ISL,2001,articles_pm,0.031186752740954837,0.031678154620095045
ISL,2002,articles_pm,0.24275516195628022,0.2747564770252231
ISL,2003,articles_pm,0.055251185370319256,0.05680603555457431
ISL,2004,articles_pm,0.06637447164652421,0.06862681269117132
ISL,2005,articles_pm,0.07408060913767311,0.076893609462801
ISL,2006,articles_pm,0.04685710945027921,0.04797225304921926
ISL,2007,articles_pm,-0.04944881050686778,-0.048246123311953104
ISL,2008,articles_pm,-0.051841031424038064,-0.05052020770314447
ISL,2009,articles_pm,0.11050585383839895,0.11684288685075916
ISL,2010,articles_pm,0.29410838974574993,0.34192934716529066
ISL,2011,articles_pm,0.2254720074827361,0.2529139614098137
ISL,2012,articles_pm,0.3303618084038291,0.39147148347566274
ISL,2013,articles_pm,0.19710475756750956,0.21787161529154697
ISL,2014,articles_pm,0.16632143277153588,0.18095263760173053
ISL,2015,articles_pm,0.18857001753676883,0.20752162771674154
ISL,2016,articles_pm,0.19046001217220798,0.20980599515641085
ISL,2017,articles_pm,0.13255432457567196,0.14174103900195623
ISL,2018,articles_pm,0.22182445498297376,0.24835221661739304
ISL,2019,articles_pm,0.1454237291777032,0.15652952176056445
ISL,2020,articles_pm,0.17269658961548906,0.1885054454786581
ISL,2021,articles_pm,0.2105687745163598,0.23437994418664876
ISL,2022,articles_pm,0.19582894172428933,0.2163188261368758
ISL,2023,articles_pm,0.11970203713548688,0.1271609494334176
ISR,2000,articles_pm,1.185422934997523,2.2720704019503675
ISR,2001,articles_pm,1.170906407580647,2.224914401034656
ISR,2002,articles_pm,1.1824085621469482,2.262222012581562
ISR,2003,articles_pm,1.1877601110181306,2.279726750062989
ISR,2004,articles_pm,1.1341857300381495,2.1086412388725067
ISR,2005,articles_pm,1.0257808847709482,1.7892727109463809
ISR,2006,articles_pm,1.007189636663794,1.7378957110118627
ISR,2007,articles_pm,0.9396179545286341,1.5590035758236622
ISR,2008,articles_pm,0.8479818074990257,1.334929755799621
ISR,2009,articles_pm,0.7154080588135585,1.045021000864765
ISR,2010,articles_pm,0.6034829887122131,0.8284762847006284
ISR,2011,articles_pm,0.5344133669611768,0.706446890444969
ISR,2012,articles_pm,0.5164192281724649,0.6760154630360051
ISR,2013,articles_pm,0.4466656398537632,0.5630915763743751
ISR,2014,articles_pm,0.45233611615744085,0.5719802277448163
ISR,2015,articles_pm,0.46920615536225263,0.5987245504228862
ISR,2016,articles_pm,0.4433560716152867,0.5579269691634696
ISR,2017,articles_pm,0.42121664426924443,0.523814368301706
ISR,2018,articles_pm,0.42303267532614885,0.5265841767873864
ISR,2019,articles_pm,0.38547139407221476,0.4703072522296152
ISR,2020,articles_pm,0.360333163870882,0.43380702769364654
ISR,2021,articles_pm,0.35880804341188544,0.43162196592619706
ISR,2022,articles_pm,0.32506077935699906,0.3841147690299276
ISR,2023,articles_pm,0.3067372379811113,0.35898383181782845
ITA,2000,articles_pm,-0.31742564461203493,-0.27197918896830053
ITA,2001,articles_pm,-0.3364093283031542,-0.28566934978797964
ITA,2002,articles_pm,-0.32831646645885826,-0.27986491495989674
ITA,2003,articles_pm,-0.2469261670103684,-0.21880163038672462
ITA,2004,articles_pm,-0.26637237346189124,-0.23384622095882313
ITA,2005,articles_pm,-0.26523469093223095,-0.232974085176622
ITA,2006,articles_pm,-0.24178022640957586,-0.2147712688726804
ITA,2007,articles_pm,-0.18195941875846255,-0.1663648303205112
ITA,2008,articles_pm,-0.19542953874999913,-0.17751870541737358
ITA,2009,articles_pm,-0.18900714971948052,-0.17221941172542143
ITA,2010,articles_pm,-0.22141939477745964,-0.19861948500060966
ITA,2011,articles_pm,-0.22611369506389156,-0.20237258978917894
ITA,2012,articles_pm,-0.14458278485145204,-0.134616731187712
ITA,2013,articles_pm,-0.06877544911171629,-0.06646371705435328
ITA,2014,articles_pm,-0.05804436233786703,-0.05639191415245204
ITA,2015,articles_pm,-0.01579743052829663,-0.015673305600506393
ITA,2016,articles_pm,-0.02678441134942844,-0.02642889021728989
ITA,2017,articles_pm,-0.009701274316010533,-0.009654368758107101
ITA,2018,articles_pm,0.01814850503802745,0.018314189949030446
ITA,2019,articles_pm,0.03572327935872899,0.03636902210724946
ITA,2020,articles_pm,0.15804304899933896,0.17121661332563898
ITA,2021,articles_pm,0.12895491842319284,0.1376388364570904
ITA,2022,articles_pm,0.09883986761863284,0.10388951694783422
ITA,2023,articles_pm,0.11274308710479097,0.11934432201418455
JPN,2000,articles_pm,0.18788791172755293,0.2066982510466513
JPN,2001,articles_pm,0.1562842541288907,0.16915849398934557
JPN,2002,articles_pm,0.15295939246116408,0.16527765892418023
JPN,2003,articles_pm,0.15681115763068032,0.16977469001764223
JPN,2004,articles_pm,0.10252131147679755,0.1079609139415103
JPN,2005,articles_pm,0.08833025753231283,0.09234881888884261
JPN,2006,articles_pm,0.06510659044845557,0.0672727794056669
JPN,2007,articles_pm,0.01772038498530293,0.017878322532787427
JPN,2008,articles_pm,-0.04924488662555593,-0.04805201817670168
JPN,2009,articles_pm,-0.06381864673192794,-0.06182487477117826
JPN,2010,articles_pm,-0.1388426772783955,-0.12963505413006726
JPN,2011,articles_pm,-0.14655858077804318,-0.1363248639086556
JPN,2012,articles_pm,-0.20808036977444733,-0.18785823756133158
JPN,2013,articles_pm,-0.24150127555421275,-0.2145521980929066
JPN,2014,articles_pm,-0.29718680620800786,-0.25709477990835994
JPN,2015,articles_pm,-0.32322064362919,-0.2761858682292164
JPN,2016,articles_pm,-0.3191562345779335,-0.2732380049175387
JPN,2017,articles_pm,-0.3066010605724614,-0.2640558605149893
JPN,2018,articles_pm,-0.29036879120380377,-0.2520123345650157
JPN,2019,articles_pm,-0.31984305258216406,-0.27373698676607827
JPN,2020,articles_pm,-0.346109188120427,-0.2925647606347995
JPN,2021,articles_pm,-0.3114840362903015,-0.26764069841666194
JPN,2022,articles_pm,-0.301558824573787,-0.2603356853631811
JPN,2023,articles_pm,-0.34012292132452515,-0.28831716361114135
KOR,2000,articles_pm,-0.008299620676384123,-0.008265273912087201
KOR,2001,articles_pm,0.05420278374085452,0.055698658974007165
KOR,2002,articles_pm,0.007483085021982028,0.007511153271389848
KOR,2003,articles_pm,0.12966403029457574,0.1384458357539431
KOR,2004,articles_pm,0.15986042655265464,0.17334709146395122
KOR,2005,articles_pm,0.181880753318719,0.19947115239721103
KOR,2006,articles_pm,0.24798398951138,0.28143941555860086
KOR,2007,articles_pm,0.28563855725241893,0.33061142847503766
KOR,2008,articles_pm,0.24083189089273382,0.2723071309131482
KOR,2009,articles_pm,0.16517734704937137,0.1796022991492614
KOR,2010,articles_pm,0.14598342223827032,0.15717700448712701
KOR,2011,articles_pm,0.13234412563312947,0.1415010714642455
KOR,2012,articles_pm,0.11996193641675656,0.12745393582587772
KOR,2013,articles_pm,0.09397709064077198,0.09853457890560224
KOR,2014,articles_pm,0.08831735215962855,0.09233472181119784
KOR,2015,articles_pm,0.11753733306253267,0.12472361853712943
KOR,2016,articles_pm,0.08316919910021969,0.08672566599841436
KOR,2017,articles_pm,0.08188481909929646,0.08533079325159831
KOR,2018,articles_pm,0.09418750106626295,0.09876574635293389
KOR,2019,articles_pm,0.09103224386565323,0.09530432153448865
KOR,2020,articles_pm,0.031286569234335815,0.03178113825543427
KOR,2021,articles_pm,0.04167525316800358,0.042555857058819146
KOR,2022,articles_pm,0.06517227605047804,0.06734288616318129
KOR,2023,articles_pm,0.07195668677210332,0.07460879828001721
LTU,2000,articles_pm,0.12189443521497623,0.1296348458261598
LTU,2001,articles_pm,0.06794210507127296,0.07030334154933082
LTU,2002,articles_pm,0.4028557604291967,0.49609108056436324
LTU,2003,articles_pm,0.20062960673340058,0.22217200369657508
LTU,2004,articles_pm,0.35266544264788013,0.4228550371819293
LTU,2005,articles_pm,0.37553954920125143,0.4557766658955862
LTU,2006,articles_pm,0.4078725142535786,0.5036154594115767
LTU,2007,articles_pm,0.21958786908385086,0.2455632896525206
LTU,2008,articles_pm,0.4168755358592735,0.5172136624879742
LTU,2009,articles_pm,0.4486944804812971,0.5662660592400854
LTU,2010,articles_pm,0.4446537152589958,0.5599499154401899
LTU,2011,articles_pm,0.36022109231153365,0.4336463477082446
LTU,2012,articles_pm,0.18161410329211325,0.19915135602126255
LTU,2013,articles_pm,0.12724551501531067,0.135695813930911
LTU,2014,articles_pm,0.12105705691095725,0.12868931005562212
LTU,2015,articles_pm,0.12410715923776028,0.13213718345680303
LTU,2016,articles_pm,0.030532146650593006,0.031003032810319686
LTU,2017,articles_pm,0.015107903197424832,0.01522260447088275
LTU,2018,articles_pm,-0.06348633178615337,-0.061513053346720525
LTU,2019,articles_pm,-0.03291468970515776,-0.032378895890279535
LTU,2020,articles_pm,-0.06944331335804055,-0.06708698440822136
LTU,2021,articles_pm,-0.09132798474900206,-0.08728169588236478
LTU,2022,articles_pm,-0.053711338373398476,-0.05229436672880261
LTU,2023,articles_pm,-0.034636046433131895,-0.03404308424613178
LUX,2000,articles_pm,-2.836479424075103,-0.9413682795400883
LUX,2001,articles_pm,-2.8717245997991387,-0.9433987721077606
LUX,2002,articles_pm,-2.728955170754002,-0.9347125316993118
LUX,2003,articles_pm,-2.69462424916129,-0.9324322343504678
LUX,2004,articles_pm,-2.2428586296073503,-0.8938453864906573
LUX,2005,articles_pm,-2.2827294654759003,-0.8979945938340967
LUX,2006,articles_pm,-2.14853024322227,-0.8833445129707918
LUX,2007,articles_pm,-2.1228961596942577,-0.880315499341591
LUX,2008,articles_pm,-1.8375344760258248,-0.8407905226141826
LUX,2009,articles_pm,-1.68700922735123,-0.8149277940003394
LUX,2010,articles_pm,-1.620701181784364,-0.8022400152416698
LUX,2011,articles_pm,-1.3819739430848275,-0.7489175588758947
LUX,2012,articles_pm,-1.4189637438973213,-0.7580353756535273
LUX,2013,articles_pm,-1.1974640902569416,-0.698041017466465
LUX,2014,articles_pm,-1.0955184966572364,-0.665633805758469
LUX,2015,articles_pm,-1.1675758731161512,-0.6888797772322464
LUX,2016,articles_pm,-1.1370715063523926,-0.6792430174742685
LUX,2017,articles_pm,-1.1660836410508049,-0.6884151670927952
LUX,2018,articles_pm,-1.0862341034880725,-0.6625149626695643
LUX,2019,articles_pm,-1.089159557787438,-0.6635008169840213
LUX,2020,articles_pm,-1.1314971024185132,-0.6774499956180379
LUX,2021,articles_pm,-1.106382623312549,-0.6692467412118477
LUX,2022,articles_pm,-0.9139914733706336,-0.5990792384698431
LUX,2023,articles_pm,-0.8590375955340113,-0.576430468570418
LVA,2000,articles_pm,-0.07690956887341294,-0.07402641334496751
LVA,2001,articles_pm,-0.0029736421095680754,-0.0029692252150427256
LVA,2002,articles_pm,-0.09823856966821598,-0.0935673693751059
LVA,2003,articles_pm,-0.4546360528629849,-0.3653210845064523
LVA,2004,articles_pm,-0.5908829364759463,-0.44616193503802426
LVA,2005,articles_pm,-0.41205448908719244,-0.3377118124098826
LVA,2006,articles_pm,-0.729700817699344,-0.5179468096994359
LVA,2007,articles_pm,-0.6887323681183704,-0.4977877139584672
LVA,2008,articles_pm,-0.41956261940979367,-0.3426657378028223
LVA,2009,articles_pm,-0.18872745300086713,-0.17198785182938725
LVA,2010,articles_pm,-0.03196504582937987,-0.03145956398482097
LVA,2011,articles_pm,0.3457815853543522,0.41309394169688707
LVA,2012,articles_pm,0.10603573881055528,0.11186161240799919
LVA,2013,articles_pm,0.11078549018382144,0.11715524038471425
LVA,2014,articles_pm,0.04259295491588322,0.04351305153344809
LVA,2015,articles_pm,0.20032005626592486,0.2217937383306261
LVA,2016,articles_pm,0.1273378706132311,0.13580070664050226
LVA,2017,articles_pm,0.2529137246038733,0.28777216898776214
LVA,2018,articles_pm,0.15424141763036214,0.16677253223988653
LVA,2019,articles_pm,0.20135438013349738,0.2230581225340893
LVA,2020,articles_pm,0.12241130433979208,0.13021887011934408
LVA,2021,articles_pm,0.2223050987269426,0.24895237351985622
LVA,2022,articles_pm,0.18600629270607882,0.20442983947675564
LVA,2023,articles_pm,0.2812475170287385,0.3247814693304658
MEX,2000,articles_pm,-1.5473160058095465,-0.787181588661531
MEX,2001,articles_pm,-1.4797273044436814,-0.7723002273654495
MEX,2002,articles_pm,-1.411835800401886,-0.7563045040341847
MEX,2003,articles_pm,-1.30151732739016,-0.7278814133562839
MEX,2004,articles_pm,-1.3059786056149658,-0.7290927061154078
MEX,2005,articles_pm,-1.2781307999137121,-0.7214425061795231
MEX,2006,articles_pm,-1.2279600427674433,-0.7071105493706207
MEX,2007,articles_pm,-1.2250120990705504,-0.706245853850107
MEX,2008,articles_pm,-1.2253460482447114,-0.7063439364264109
MEX,2009,articles_pm,-1.2127556789444025,-0.7026233253533642
MEX,2010,articles_pm,-1.2356868761891473,-0.7093649365133405
MEX,2011,articles_pm,-1.267245882646371,-0.7183938689234481
MEX,2012,articles_pm,-1.2700148936078746,-0.7191725607865269
MEX,2013,articles_pm,-1.2339012595998327,-0.7088455101123556
MEX,2014,articles_pm,-1.2063142303310617,-0.7007016061016187
MEX,2015,articles_pm,-1.1984611466941217,-0.6983419375716712
MEX,2016,articles_pm,-1.157429946073937,-0.685707106524057
MEX,2017,articles_pm,-1.090618979585484,-0.6639915530441858
MEX,2018,articles_pm,-1.024237690400808,-0.6409299163266478
MEX,2019,articles_pm,-0.93629805545726,-0.6079234020933606
MEX,2020,articles_pm,-0.8260844723514191,-0.5622400036611677
MEX,2021,articles_pm,-0.8271249262309013,-0.5626952358825077
MEX,2022,articles_pm,-0.8387139955095009,-0.5677339377630568
MEX,2023,articles_pm,-0.8855339924049419,-0.587506154123078
NLD,2000,articles_pm,0.18033701493982335,0.19762091125645376
NLD,2001,articles_pm,0.12182540554571641,0.129556870197715
NLD,2002,articles_pm,0.1271154708843003,0.13554813295842627
NLD,2003,articles_pm,0.15376862666782554,0.16622102311584563
NLD,2004,articles_pm,0.14738248571592383,0.15879710161638538
NLD,2005,articles_pm,0.1707444637523352,0.18618759636271376
NLD,2006,articles_pm,0.1393619051289967,0.14954004917177888
NLD,2007,articles_pm,0.13232979294875502,0.1414847108069215
NLD,2008,articles_pm,0.07156303696901833,0.07418586198803645
NLD,2009,articles_pm,0.08509412361777535,0.08881954551021276
NLD,2010,articles_pm,0.07633053740382945,0.07931927059288424
NLD,2011,articles_pm,0.05543468286090647,0.05699997460325612
NLD,2012,articles_pm,0.08012689771494763,0.08342454305094993
NLD,2013,articles_pm,0.10083131813770407,0.10609004869715188
NLD,2014,articles_pm,0.07509167341614287,0.07798296873636512
NLD,2015,articles_pm,0.06898000028254714,0.07141478094117426
NLD,2016,articles_pm,0.039078034509440585,0.03985162479564375
NLD,2017,articles_pm,0.03570944679998789,0.036354686571022476
NLD,2018,articles_pm,0.041866562463312995,0.0427553267647498
NLD,2019,articles_pm,-0.004601158689648166,-0.004590589575275472
NLD,2020,articles_pm,-0.011964339503471422,-0.011893051381924424
NLD,2021,articles_pm,-0.010340925106318899,-0.010287641565491445
NLD,2022,articles_pm,-0.0467163904484158,-0.04564197573628537
NLD,2023,articles_pm,-0.021313042937832982,-0.021087525037284616
NOR,2000,articles_pm,-0.2966508842743538,-0.2566965340014603
NOR,2001,articles_pm,-0.3300573741866728,-0.2811175130493063
NOR,2002,articles_pm,-0.39707565298180114,-0.3277168365171873
NOR,2003,articles_pm,-0.3840320743958685,-0.31889041934912776
NOR,2004,articles_pm,-0.4031532112235787,-0.3317902857474382
NOR,2005,articles_pm,-0.3478993291522139,-0.2938300366349844
NOR,2006,articles_pm,-0.32933748573637,-0.28059981152851055
NOR,2007,articles_pm,-0.2844182367610806,-0.24754812414859373
NOR,2008,articles_pm,-0.3344380242197582,-0.2842597979891779
NOR,2009,articles_pm,-0.2987901237365218,-0.258284938513726
NOR,2010,articles_pm,-0.29906448005651676,-0.25848840481607105
NOR,2011,articles_pm,-0.27312253077527604,-0.23900046394718022
NOR,2012,articles_pm,-0.2697932967657666,-0.23646269634343342
NOR,2013,articles_pm,-0.2761586689933688,-0.2413074597712629
NOR,2014,articles_pm,-0.2868437116245195,-0.24937096573755457
NOR,2015,articles_pm,-0.2800923184516826,-0.24428602810853395
NOR,2016,articles_pm,-0.22332884353634253,-0.20014822004527133
NOR,2017,articles_pm,-0.17265618270834615,-0.15857313777745707
NOR,2018,articles_pm,-0.13473550372161203,-0.12605296314042924
NOR,2019,articles_pm,-0.1452572536846759,-0.13520020844058922
NOR,2020,articles_pm,-0.15370242134100298,-0.14247283516933928
NOR,2021,articles_pm,-0.1418219439840671,-0.13222424457549287
NOR,2022,articles_pm,-0.15038138908929355,-0.1396202256159016
NOR,2023,articles_pm,-0.09832027687799982,-0.09364142843059076
NZL,2000,articles_pm,0.8017273928939819,1.2293886343707476
NZL,2001,articles_pm,0.7523629067696058,1.1220082048939846
NZL,2002,articles_pm,0.6619649435920021,0.9385978297688182
NZL,2003,articles_pm,0.625329462635837,0.8688615760758518
NZL,2004,articles_pm,0.6075654852006727,0.8359562908726521
NZL,2005,articles_pm,0.6020842921263911,0.8259205889021086
NZL,2006,articles_pm,0.6134440362928348,0.8467808388885023
NZL,2007,articles_pm,0.6508546007455704,0.9171785513342252
NZL,2008,articles_pm,0.648584829328688,0.9128319290429647
NZL,2009,articles_pm,0.5814456580844514,0.7886222988915539
NZL,2010,articles_pm,0.5905057912607594,0.8049010877642728
NZL,2011,articles_pm,0.6339092996318687,0.884965087732932
NZL,2012,articles_pm,0.5915531025981515,0.8067923713448548
NZL,2013,articles_pm,0.5652169976828292,0.7598296202411547
NZL,2014,articles_pm,0.5316949780463158,0.7018144034375489
NZL,2015,articles_pm,0.5021373146177659,0.6522488752301061
NZL,2016,articles_pm,0.5045388148877992,0.6562215195941359
NZL,2017,articles_pm,0.5039748567189557,0.6552877432688886
NZL,2018,articles_pm,0.5004694981124711,0.6494955239657139
NZL,2019,articles_pm,0.5079064188486662,0.6618084196970804
NZL,2020,articles_pm,0.42919956133387327,0.5360275355172999
NZL,2021,articles_pm,0.4311540200589219,0.5390325735908668
NZL,2022,articles_pm,0.4220383577092308,0.5250670216387412
NZL,2023,articles_pm,0.3668544289026334,0.4431878173888961
POL,2000,articles_pm,0.5129602720488169,0.6702282137775073
POL,2001,articles_pm,0.5724361330119256,0.7725800365412951
POL,2002,articles_pm,0.5849113863861337,0.794831932049066
POL,2003,articles_pm,0.5980251147104507,0.8185238757261268
POL,2004,articles_pm,0.5976113318501453,0.817771557374249
POL,2005,articles_pm,0.5620465506279286,0.7542590089348309
POL,2006,articles_pm,0.5477734936319276,0.7293982119530529
POL,2007,articles_pm,0.4632494963727307,0.5892298000271978
POL,2008,articles_pm,0.41064941616240613,0.5077966547487855
POL,2009,articles_pm,0.25489228118268503,0.2903226213598651
POL,2010,articles_pm,0.23698419283305583,0.2674210832802877
POL,2011,articles_pm,0.17064379032088706,0.18606818479793352
POL,2012,articles_pm,0.21022273301061567,0.2339528713888206
POL,2013,articles_pm,0.26335032946976966,0.30128251672147055
POL,2014,articles_pm,0.24058111082587175,0.27198810165055054
POL,2015,articles_pm,0.25176879492069304,0.2862986041313571
POL,2016,articles_pm,0.2634480185231345,0.30140964398805936
POL,2017,articles_pm,0.20803899895496514,0.23126118651211902
POL,2018,articles_pm,0.17968154813581005,0.19683616772009804
POL,2019,articles_pm,0.1098030179941869,0.11605820542094625
POL,2020,articles_pm,0.045157830999401405,0.04619296856053712
POL,2021,articles_pm,-0.014528096983385197,-0.01442307339518012
POL,2022,articles_pm,-0.12150523505941013,-0.11441358276077485
POL,2023,articles_pm,-0.09938040358415279,-0.09460177422360905
PRT,2000,articles_pm,-0.4272157319928027,-0.3476771898526222
PRT,2001,articles_pm,-0.33711147487205473,-0.286170738558285
PRT,2002,articles_pm,-0.3152301246609248,-0.2703790488258174
PRT,2003,articles_pm,-0.16643990051804902,-0.1533262999428453
PRT,2004,articles_pm,-0.12638255545584887,-0.11872235528282082
PRT,2005,articles_pm,-0.0696842788717813,-0.06731175718996685
PRT,2006,articles_pm,0.09074488233226052,0.09498961842407061
PRT,2007,articles_pm,0.12546478936931393,0.13367525083718435
PRT,2008,articles_pm,0.1817207053782628,0.19927919487124646
PRT,2009,articles_pm,0.20121732341508736,0.22289050568815982
PRT,2010,articles_pm,0.26745817451082754,0.30663897787875194
PRT,2011,articles_pm,0.3818283652170509,0.46496062535499316
PRT,2012,articles_pm,0.5013950491463239,0.6510229229870912
PRT,2013,articles_pm,0.5794064826686443,0.7849787005021989
PRT,2014,articles_pm,0.5954336968055234,0.8138174212230946
PRT,2015,articles_pm,0.6190467484130879,0.8571568600655393
PRT,2016,articles_pm,0.5721971889831581,0.7721565397240837
PRT,2017,articles_pm,0.5583580354842139,0.7478003168288156
PRT,2018,articles_pm,0.562027967402023,0.7542264094462736
PRT,2019,articles_pm,0.605705343897661,0.8325443270966664
PRT,2020,articles_pm,0.674493294666429,0.9630380420760567
PRT,2021,articles_pm,0.7415661858598703,1.0992207110029932
PRT,2022,articles_pm,0.7052079800981357,1.024267648528998
PRT,2023,articles_pm,0.7005079084081114,1.0147757691912895
SVK,2000,articles_pm,0.7200203620611765,1.0544750435645067
SVK,2001,articles_pm,0.6472346267831188,0.9102509613098286
SVK,2002,articles_pm,0.5383340439919957,0.7131504502319947
SVK,2003,articles_pm,0.4904223813595969,0.6330058255276729
SVK,2004,articles_pm,0.43174960386855155,0.5399494694912632
SVK,2005,articles_pm,0.36865814451706935,0.44579326682822384
SVK,2006,articles_pm,0.2673929176918728,0.30655371355760286
SVK,2007,articles_pm,0.2159880998190209,0.2410876097456267
SVK,2008,articles_pm,0.23243745694857587,0.2616715351036363
SVK,2009,articles_pm,0.13801047557263946,0.14798757603843216
SVK,2010,articles_pm,0.16363409171912657,0.1777832755834583
SVK,2011,articles_pm,0.17608288795429594,0.19253690149835978
SVK,2012,articles_pm,0.22138401946955621,0.24780251902999684
SVK,2013,articles_pm,0.2482891900331845,0.28183057122431054
SVK,2014,articles_pm,0.3241787121230235,0.3828944250359536
SVK,2015,articles_pm,0.3008151185030936,0.3509595510238517
SVK,2016,articles_pm,0.3579165505070696,0.43034625382982705
SVK,2017,articles_pm,0.37898079662787776,0.4607949832844236
SVK,2018,articles_pm,0.255357860006062,0.29092350811691503
SVK,2019,articles_pm,0.3084431275878199,0.3613040866988815
SVK,2020,articles_pm,0.1923212773307803,0.21205986177485792
SVK,2021,articles_pm,0.13960706571107107,0.14982190562798636
SVK,2022,articles_pm,0.18254029876806932,0.2002625190798617
SVK,2023,articles_pm,0.23586180371128584,0.26599934166662664
SVN,2000,articles_pm,0.8174536741386351,1.2647257595397496
SVN,2001,articles_pm,0.7322055076251557,1.0796622643593392
SVN,2002,articles_pm,0.7377403658921304,1.0912048139569541
SVN,2003,articles_pm,0.855558608693511,1.3526882456796598
SVN,2004,articles_pm,0.6296752174926947,0.8770008632105808
SVN,2005,articles_pm,0.7054660900252774,1.0247901995391757
SVN,2006,articles_pm,0.6253996399069033,0.8689927322833
SVN,2007,articles_pm,0.6773449071874476,0.9686438549404248
SVN,2008,articles_pm,0.6652759983624659,0.9450272716042405
SVN,2009,articles_pm,0.7277206913235963,1.0703562446270087
SVN,2010,articles_pm,0.6964662424267818,1.006649152103254
SVN,2011,articles_pm,0.7839525703466821,1.190111750926123
SVN,2012,articles_pm,0.774208197570303,1.1688741273112524
SVN,2013,articles_pm,0.7953200491868415,1.215149840270747
SVN,2014,articles_pm,0.7200750937897169,1.0545874916120939
SVN,2015,articles_pm,0.7506824613480552,1.1184452804100902
SVN,2016,articles_pm,0.674591325077607,0.9632304889351477
SVN,2017,articles_pm,0.6352388957191151,0.8874729968217714
SVN,2018,articles_pm,0.560797846633986,0.7520698258092795
SVN,2019,articles_pm,0.5853480849669568,0.7956159037738184
SVN,2020,articles_pm,0.6025001305152147,0.826680034670326
SVN,2021,articles_pm,0.6108821939271101,0.8420557325682594
SVN,2022,articles_pm,0.5606417242551931,0.7517963098517995
SVN,2023,articles_pm,0.5135949941865334,0.6712886811152756
SWE,2000,articles_pm,0.7492165286599928,1.115342057339459
SWE,2001,articles_pm,0.7192212143207266,1.0528338703329143
SWE,2002,articles_pm,0.6457336233279589,0.9073858188489798
SWE,2003,articles_pm,0.627409589776458,0.8727530917828386
SWE,2004,articles_pm,0.5527167524462779,0.7379682393883529
SWE,2005,articles_pm,0.5231290649222329,0.6872990664173002
SWE,2006,articles_pm,0.4650748042504409,0.592133282769501
SWE,2007,articles_pm,0.4304179777571555,0.5379001973024551
SWE,2008,articles_pm,0.37707138512980887,0.4580083857743089
SWE,2009,articles_pm,0.3976205893408551,0.48827925376034664
SWE,2010,articles_pm,0.3228506414292083,0.3810590624927894
SWE,2011,articles_pm,0.28218839382103234,0.32602851203459404
SWE,2012,articles_pm,0.3185489318104393,0.3751309071824973
SWE,2013,articles_pm,0.339877396494499,0.4047753496228328
SWE,2014,articles_pm,0.3479236723435779,0.4161241561767681
SWE,2015,articles_pm,0.3240625298911999,0.3827337666082846
SWE,2016,articles_pm,0.3082394300222866,0.3610268206106426
SWE,2017,articles_pm,0.32319560021679017,0.3815355531326574
SWE,2018,articles_pm,0.3203694846599081,0.37763668593318456
SWE,2019,articles_pm,0.2740059976222655,0.31522269042396145
SWE,2020,articles_pm,0.2270535280962651,0.25489703839198397
SWE,2021,articles_pm,0.2261682382121819,0.25378658234860607
SWE,2022,articles_pm,0.2559421548086238,0.29167800841704894
SWE,2023,articles_pm,0.28133223258585893,0.3248937036846338
TUR,2000,articles_pm,-0.35730714053819934,-0.3004423977637114
TUR,2001,articles_pm,-0.0620909609443272,-0.06020260195572302
TUR,2002,articles_pm,0.04704121997966393,0.048165213537992635
TUR,2003,articles_pm,0.18350028432436005,0.20141530700328203
TUR,2004,articles_pm,0.17360815710901534,0.18958934235615965
TUR,2005,articles_pm,0.09170960063654032,0.09604648465909471
TUR,2006,articles_pm,0.07915140180423208,0.08236818216126762
TUR,2007,articles_pm,0.12450025949011678,0.13258231435412404
TUR,2008,articles_pm,0.0620129513139176,0.06397612452758983
TUR,2009,articles_pm,0.1466754067122258,0.15797803012453882
TUR,2010,articles_pm,0.0707870646341977,0.07335264679445674
TUR,2011,articles_pm,-0.07697823698957151,-0.07408999602369937
TUR,2012,articles_pm,-0.12542736099706886,-0.11788016159460268
TUR,2013,articles_pm,-0.16515386140340915,-0.15223674399161724
TUR,2014,articles_pm,-0.21662524640940717,-0.19476832376947983
TUR,2015,articles_pm,-0.20544862733387514,-0.18571807467385304
TUR,2016,articles_pm,-0.1672029113191318,-0.15397207472308538
TUR,2017,articles_pm,-0.2861547632713002,-0.24885364291663037
TUR,2018,articles_pm,-0.30133474271025484,-0.26016992143351747
TUR,2019,articles_pm,-0.18769422191620766,-0.1711318818081553
TUR,2020,articles_pm,-0.20930004543518255,-0.1888481832729787
TUR,2021,articles_pm,-0.19808014506796656,-0.17969589282516385
TUR,2022,articles_pm,-0.14077085152355373,-0.13131165249624177
TUR,2023,articles_pm,-0.1703701989949984,-0.15664744946697817
USA,2000,articles_pm,0.050326654164638995,0.05161455455078756
USA,2001,articles_pm,0.01833247442051178,0.01850154581507346
USA,2002,articles_pm,0.015379861006207918,0.015498739732690225
USA,2003,articles_pm,0.011022545349792523,0.011083517419328004
USA,2004,articles_pm,-0.01944505905693461,-0.019257223358443043
USA,2005,articles_pm,-0.0523490980304917,-0.05100248415445874
USA,2006,articles_pm,-0.08926387698769389,-0.08539580127167368
USA,2007,articles_pm,-0.09328685329746822,-0.08906784107894139
USA,2008,articles_pm,-0.15091532969076926,-0.14007949468802028
USA,2009,articles_pm,-0.20727950534129125,-0.18720756159227092
USA,2010,articles_pm,-0.23217425885428344,-0.2071920425376117
USA,2011,articles_pm,-0.24669943306119269,-0.2186244861137412
USA,2012,articles_pm,-0.28739753372955423,-0.24978656559459345
USA,2013,articles_pm,-0.3088316990741369,-0.26569565627189773
USA,2014,articles_pm,-0.3477673236740353,-0.293736812178361
USA,2015,articles_pm,-0.35624832638689696,-0.29970130400376815
USA,2016,articles_pm,-0.36430239785984586,-0.3053189070984307
USA,2017,articles_pm,-0.35884454586524406,-0.30151707502901093
USA,2018,articles_pm,-0.358302453420575,-0.30113833006453694
USA,2019,articles_pm,-0.40474762952649534,-0.33285484264600373
USA,2020,articles_pm,-0.43843667296412825,-0.35495595194767104
USA,2021,articles_pm,-0.4563615499317626,-0.3664152768304456
USA,2022,articles_pm,-0.4737386792681484,-0.3773300521245867
USA,2023,articles_pm,-0.5171624484778716,-0.4037900736283794
AUS,2000,pat_res_pm,-0.687157656716157,-0.4969962515464138
AUS,2001,pat_res_pm,-0.5780183461639146,-0.43899100861515616
AUS,2002,pat_res_pm,-0.5615403350604886,-0.42967011221241447
AUS,2003,pat_res_pm,-0.5042735505796436,-0.3960558490153162
AUS,2004,pat_res_pm,-0.5021344085534949,-0.39476254391202126
AUS,2005,pat_res_pm,-0.479610311810573,-0.380975428624896
AUS,2006,pat_res_pm,-0.37103719980984184,-0.3099817274671751
AUS,2007,pat_res_pm,-0.4215136311510932,-0.34394695442558354
AUS,2008,pat_res_pm,-0.4955691567641569,-0.3907759353955166
AUS,2009,pat_res_pm,-0.7720149932732827,-0.5379189605755406
AUS,2010,pat_res_pm,-0.796986637046535,-0.5493150025441811
AUS,2011,pat_res_pm,-0.82008193413313,-0.5596044304015027
AUS,2012,pat_res_pm,-0.7072225748354803,-0.5069883995222648
AUS,2013,pat_res_pm,-0.61152812295808,-0.4574788037803056
AUS,2014,pat_res_pm,-1.0395517730888235,-0.6463868546297549
AUS,2015,pat_res_pm,-0.9103997026563935,-0.597636633818176
AUS,2016,pat_res_pm,-0.6735640026182876,-0.4901119068914096
AUS,2017,pat_res_pm,-0.6893136589095485,-0.49807956050348734
AUS,2018,pat_res_pm,-0.562091808353971,-0.42998454720478485
AUS,2019,pat_res_pm,-0.5331329598405166,-0.4132362203603437
AUS,2020,pat_res_pm,-0.7269022202676396,-0.5165958473609951
AUS,2021,pat_res_pm,-0.38894462686113496,-0.3222282006731334
AUT,2000,pat_res_pm,0.20140255028660814,0.22311703885010759
AUT,2001,pat_res_pm,0.11580741712254916,0.12277962318042501
AUT,2002,pat_res_pm,0.16114390755650998,0.17485402702148756
AUT,2003,pat_res_pm,0.32295980597165475,0.381209833402707
AUT,2004,pat_res_pm,0.35639768157245744,0.4281753943819755
AUT,2005,pat_res_pm,0.4032982613380591,0.496753248721455
AUT,2006,pat_res_pm,0.3928133455191176,0.4811419017534597
AUT,2007,pat_res_pm,0.42546136043391236,0.5302962749774394
AUT,2008,pat_res_pm,0.3093343608049368,0.36251786691982835
AUT,2009,pat_res_pm,0.24190307569790903,0.2736707371860707
AUT,2010,pat_res_pm,0.3203397397216028,0.3775957088243882
AUT,2011,pat_res_pm,0.1733129574472292,0.1892382278116289
AUT,2012,pat_res_pm,0.2932193250151105,0.34073681530927447
AUT,2013,pat_res_pm,0.2432964951084564,0.27544673177922285
AUT,2014,pat_res_pm,0.2460751920319506,0.278995740214772
AUT,2015,pat_res_pm,0.30101816610609067,0.35123388797322064
AUT,2016,pat_res_pm,0.3539535951360424,0.4246890724433052
AUT,2017,pat_res_pm,0.3761941425820279,0.45672991962772347
AUT,2018,pat_res_pm,0.3917950601256326,0.4796344442304714
AUT,2019,pat_res_pm,0.48085334614849096,0.6174540616394948
AUT,2020,pat_res_pm,0.5455147544085657,0.7254963606700762
AUT,2021,pat_res_pm,0.4773200588059199,0.611749216040683
BEL,2000,pat_res_pm,-1.2495761787905542,-0.7133737505950284
BEL,2001,pat_res_pm,-1.2641858318604449,-0.7175308200474895
BEL,2002,pat_res_pm,-1.2347622921525758,-0.7090960957093666
BEL,2003,pat_res_pm,-1.3108548321960463,-0.7304104959308393
BEL,2004,pat_res_pm,-1.3663931626312165,-0.7449748631070475
BEL,2005,pat_res_pm,-1.3242238360675742,-0.7339906541564801
BEL,2006,pat_res_pm,-1.3738466046619164,-0.7468686119406044
BEL,2007,pat_res_pm,-1.4621332636111406,-0.7682586184078676
BEL,2008,pat_res_pm,-1.2820065950241077,-0.7225200484366469
BEL,2009,pat_res_pm,-1.2140245272823424,-0.7030004119692771
BEL,2010,pat_res_pm,-1.2940053592256247,-0.7258295701547601
BEL,2011,pat_res_pm,-1.2722114551586143,-0.7197887385579467
BEL,2012,pat_res_pm,-1.0187302404592886,-0.6389469001465492
BEL,2013,pat_res_pm,-1.0914861231297888,-0.6642827943075551
BEL,2014,pat_res_pm,-0.8599716595797489,-0.5768259249210648
BEL,2015,pat_res_pm,-0.798935248886333,-0.5501923575764248
BEL,2016,pat_res_pm,-0.5669807522536141,-0.43276451967352225
BEL,2017,pat_res_pm,-0.5800906577732476,-0.44015239027297004
BEL,2018,pat_res_pm,-0.6515486357553772,-0.47876205631377744
BEL,2019,pat_res_pm,-0.6066668467495813,-0.45483503756406884
BEL,2020,pat_res_pm,-0.6180550001654321,-0.4610082423747238
BEL,2021,pat_res_pm,-0.6612485560958428,-0.48379358070244693
CAN,2000,pat_res_pm,-0.7242426456479922,-0.5153084867886798
CAN,2001,pat_res_pm,-0.7942457058361363,-0.5480780114893302
CAN,2002,pat_res_pm,-0.8385185173397556,-0.5676494309250159
CAN,2003,pat_res_pm,-0.7878257848377066,-0.5451673749943723
CAN,2004,pat_res_pm,-0.5351965644993832,-0.41444582033234034
CAN,2005,pat_res_pm,-0.5230103699313977,-0.4072664876423179
CAN,2006,pat_res_pm,-0.4551925809326818,-0.36567420286891483
CAN,2007,pat_res_pm,-0.5337789456367004,-0.41361513902649105
CAN,2008,pat_res_pm,-0.586547417590519,-0.44375554694675534
CAN,2009,pat_res_pm,-0.6460586164443294,-0.47589258040545257
CAN,2010,pat_res_pm,-0.763819513658941,-0.5341164243159336
CAN,2011,pat_res_pm,-0.749152195547178,-0.527232802982204
CAN,2012,pat_res_pm,-0.7044678010761443,-0.5056283917053636
CAN,2013,pat_res_pm,-0.7898648261364158,-0.5460938526166914
CAN,2014,pat_res_pm,-0.8787649784339653,-0.5847045060173237
CAN,2015,pat_res_pm,-0.84698040418803,-0.5712924971741178
CAN,2016,pat_res_pm,-0.7607997285345665,-0.5327074296645786
CAN,2017,pat_res_pm,-0.7541621478774045,-0.5295954208593558
CAN,2018,pat_res_pm,-0.6509243183440461,-0.4784365367869067
CAN,2019,pat_res_pm,-0.5978082401116627,-0.44998418141834806
CAN,2020,pat_res_pm,-0.5347482827220364,-0.414183268219679
CAN,2021,pat_res_pm,-0.43912445444537695,-0.3553994487665789
CHE,2000,pat_res_pm,-0.08865054960253094,-0.08483467741128337
CHE,2001,pat_res_pm,-0.21458440833245973,-0.19312329825947883
CHE,2002,pat_res_pm,-0.22559243696983255,-0.20195671166506057
CHE,2003,pat_res_pm,-0.12449039985927168,-0.11705326226136115
CHE,2004,pat_res_pm,-0.19952797902830355,-0.18088269761387954
CHE,2005,pat_res_pm,-0.23344713706819942,-0.20820054852566772
CHE,2006,pat_res_pm,-0.20292293042017384,-0.18365884592900772
CHE,2007,pat_res_pm,-0.2478295858228643,-0.21950706099250528
CHE,2008,pat_res_pm,-0.401906634047962,-0.33095679136952627
CHE,2009,pat_res_pm,-0.4271699774180977,-0.3476473424170504
CHE,2010,pat_res_pm,-0.47853539071251117,-0.38030966829709956
CHE,2011,pat_res_pm,-0.4885725769085356,-0.3864985043326401
CHE,2012,pat_res_pm,-0.49812433475846785,-0.39233062421979104
CHE,2013,pat_res_pm,-0.512764761581967,-0.40116235534175704
CHE,2014,pat_res_pm,-0.5396244922128455,-0.4170328800286214
CHE,2015,pat_res_pm,-0.542196561608943,-0.4185303852475917
CHE,2016,pat_res_pm,-0.4360464070167911,-0.3534122809679544
CHE,2017,pat_res_pm,-0.48259344392383774,-0.3828193090657842
CHE,2018,pat_res_pm,-0.5066006596225385,-0.397459658867655
CHE,2019,pat_res_pm,-0.35158029088337184,-0.2964246429928392
CHE,2020,pat_res_pm,-0.3868538103475938,-0.32080962172532146
CHE,2021,pat_res_pm,-0.4224476315143839,-0.3445594221414292
CHL,2000,pat_res_pm,-0.5861851336338675,-0.44355399199758005
CHL,2001,pat_res_pm,-0.6052418419791668,-0.454057621112413
CHL,2002,pat_res_pm,-0.18896917551263614,-0.17218797681728648
CHL,2003,pat_res_pm,-0.35901561471233023,-0.30163655347788343
CHL,2004,pat_res_pm,-0.31118565808959175,-0.26742214576193
CHL,2005,pat_res_pm,-0.39638469141621346,-0.32725215416969555
CHL,2006,pat_res_pm,-0.6731989303831618,-0.48992572692309366
CHL,2007,pat_res_pm,-0.3867054693226031,-0.3207088624552624
CHL,2008,pat_res_pm,-0.2313370842400011,-0.2065280459398562
CHL,2009,pat_res_pm,-0.7666115050832212,-0.5354153531211283
CHL,2010,pat_res_pm,-0.8750387357121556,-0.5831541274559571
CHL,2011,pat_res_pm,-0.9302392286956724,-0.6055406669085769
CHL,2012,pat_res_pm,-0.9704548654866381,-0.6210893544765146
CHL,2013,pat_res_pm,-1.0331373596703495,-0.6441113434926538
CHL,2014,pat_res_pm,-0.731926332192502,-0.5190184331618445
CHL,2015,pat_res_pm,-0.7670017237900559,-0.5355966073745486
CHL,2016,pat_res_pm,-0.7845555410424017,-0.5436775266686882
CHL,2017,pat_res_pm,-0.6403421499726081,-0.4728879581847474
CHL,2018,pat_res_pm,-0.6753855382292242,-0.49103984082167706
CHL,2019,pat_res_pm,-0.4947256127209867,-0.3902618112521704
CHL,2020,pat_res_pm,-0.6220099110383335,-0.46313569701759494
CHL,2021,pat_res_pm,-0.6051623715301702,-0.45401423310242706
CHN,2000,pat_res_pm,0.8163688714370094,1.2622703109967635
CHN,2001,pat_res_pm,0.8461039562212305,1.3305492192594661
CHN,2002,pat_res_pm,0.9641670407790701,1.6226022257068449
CHN,2003,pat_res_pm,1.218678298070123,2.3827138382862865
CHN,2004,pat_res_pm,1.1980323206973442,2.313590420522699
CHN,2005,pat_res_pm,1.4147889727280099,3.11561786671645
CHN,2006,pat_res_pm,1.4984793138651096,3.474879007204552
CHN,2007,pat_res_pm,1.5166820811345554,3.557080061965551
CHN,2008,pat_res_pm,1.5229617666563744,3.5857871330043993
CHN,2009,pat_res_pm,1.3823931718248312,2.984425641831979
CHN,2010,pat_res_pm,1.474080870375042,3.3670200702174764
CHN,2011,pat_res_pm,1.672993227474218,4.328092144486883
CHN,2012,pat_res_pm,1.8606952341991407,5.428204325737231
CHN,2013,pat_res_pm,1.9748759523944832,6.2057257453532895
CHN,2014,pat_res_pm,2.0085450509053953,6.4524664961341776
CHN,2015,pat_res_pm,2.0878883482104236,7.067860651663128
CHN,2016,pat_res_pm,2.3265228810581666,9.242265967891704
CHN,2017,pat_res_pm,2.2954057453504353,8.92846362308995
CHN,2018,pat_res_pm,2.3579432467875394,9.569190864761303
CHN,2019,pat_res_pm,2.2361165816345983,8.356923790734424
CHN,2020,pat_res_pm,2.173267625061399,7.786949637872903
CHN,2021,pat_res_pm,2.219921188936433,8.206605254937559
COL,2000,pat_res_pm,-2.08482413485161,-0.8756710166216546
COL,2001,pat_res_pm,-2.236157758780692,-0.8931316695459388
COL,2002,pat_res_pm,-2.452458683506761,-0.913918321504387
COL,2003,pat_res_pm,-2.0139034567874052,-0.86653332486864
COL,2004,pat_res_pm,-2.1633313185127667,-0.885058424461821
COL,2005,pat_res_pm,-1.9059890786454827,-0.8513244819047836
COL,2006,pat_res_pm,-1.6170084165085008,-0.8015083839971799
COL,2007,pat_res_pm,-1.7878791598847685,-0.8326853587515755
COL,2008,pat_res_pm,-1.9130751888448814,-0.8523742890924257
COL,2009,pat_res_pm,-2.0398511661167014,-0.8699519350033551
COL,2010,pat_res_pm,-2.038614299682747,-0.8697909833996612
COL,2011,pat_res_pm,-1.820761905518812,-0.838097650363911
COL,2012,pat_res_pm,-1.6572563289543036,-0.8093386247716288
COL,2013,pat_res_pm,-1.602724471277558,-0.798652794636633
COL,2014,pat_res_pm,-1.6041988854945686,-0.7989494450722255
COL,2015,pat_res_pm,-1.4250407248729828,-0.7595013312688326
COL,2016,pat_res_pm,-0.783397297153229,-0.5431486877493578
COL,2017,pat_res_pm,-0.6484856323973291,-0.47716305511906076
COL,2018,pat_res_pm,-0.9701051498523796,-0.6209568203265066
COL,2019,pat_res_pm,-0.8974356872714715,-0.5923864306225463
COL,2020,pat_res_pm,-0.9699233497115709,-0.6208879039587565
COL,2021,pat_res_pm,-0.8594172710062984,-0.5765912570066658
CRI,2000,pat_res_pm,-0.3673214336654733,-0.3074130115127165
CRI,2001,pat_res_pm,-0.6973215908754604,-0.5020828547879017
CRI,2002,pat_res_pm,-0.6543262196971695,-0.48020782964810627
CRI,2003,pat_res_pm,-0.28000056740848533,-0.24421668738226088
CRI,2004,pat_res_pm,-0.5744978483573329,-0.4370124970621786
CRI,2005,pat_res_pm,-0.9898067817004454,-0.62835150662502
CRI,2006,pat_res_pm,-0.8146674334573203,-0.5572134411271139
CRI,2007,pat_res_pm,-1.0040539867420029,-0.6336089182725875
CRI,2008,pat_res_pm,-0.9582790126422054,-0.6164475928577205
CRI,2009,pat_res_pm,-1.4649751064519914,-0.7689162560999965
CRI,2010,pat_res_pm,-2.211102635493656,-0.8904202446504225
CRI,2011,pat_res_pm,-1.7780239546277465,-0.8310282866385831
CRI,2012,pat_res_pm,-2.1516773532298212,-0.8837110635314528
CRI,2013,pat_res_pm,-1.5162539559768136,-0.7804672721977822
CRI,2014,pat_res_pm,-1.7157628737325967,-0.8201735165282412
CRI,2015,pat_res_pm,-1.6345167538949974,-0.8049533959597575
CRI,2016,pat_res_pm,-2.1991916027604748,-0.8891072324552876
CRI,2017,pat_res_pm,-1.462420942309321,-0.7683252758784116
CRI,2018,pat_res_pm,-2.29997390302539,-0.8997385397905562
CRI,2019,pat_res_pm,-1.5472420952189399,-0.787165858545753
CRI,2020,pat_res_pm,-1.8422903809076563,-0.8415459100457104
CRI,2021,pat_res_pm,-1.6225433771613642,-0.8026039924098836
CZE,2000,pat_res_pm,-0.20909432279367435,-0.18868129381269572
CZE,2001,pat_res_pm,-0.23009206991461628,-0.20553954677013286
CZE,2002,pat_res_pm,-0.32871801938374423,-0.2801540292583766
CZE,2003,pat_res_pm,-0.13270689401527846,-0.12427826622354998
CZE,2004,pat_res_pm,-0.20658265596957204,-0.18664097030076365
CZE,2005,pat_res_pm,-0.31173149327164573,-0.2678219034175452
CZE,2006,pat_res_pm,-0.2982994280367368,-0.25792089281206343
CZE,2007,pat_res_pm,-0.23522977294892655,-0.20961078129898292
CZE,2008,pat_res_pm,-0.3394595327963872,-0.28784488474693815
CZE,2009,pat_res_pm,-0.26167469082051387,-0.23023860657112005
CZE,2010,pat_res_pm,-0.17397377896027333,-0.15968106859436026
CZE,2011,pat_res_pm,-0.2841431508970169,-0.2473411068016914
CZE,2012,pat_res_pm,-0.08333558710733069,-0.0799576589405182
CZE,2013,pat_res_pm,0.029255805235322008,0.029687960359516596
CZE,2014,pat_res_pm,-0.04667028039084098,-0.04559796921827586
CZE,2015,pat_res_pm,-0.15438179232233562,-0.14305521639197882
CZE,2016,pat_res_pm,-0.16187971353262487,-0.14945649273886952
CZE,2017,pat_res_pm,-0.19330183476334373,-0.1757668456293202
CZE,2018,pat_res_pm,-0.3267652371477956,-0.2787469534248874
CZE,2019,pat_res_pm,-0.16576648750258105,-0.1527559468333226
CZE,2020,pat_res_pm,-0.2795001401591053,-0.24383837816777532
CZE,2021,pat_res_pm,-0.4360352214423604,-0.35340504847244747
DEU,2000,pat_res_pm,0.34239135479493576,0.4083113390760005
DEU,2001,pat_res_pm,0.29223135065140227,0.3394128558339715
DEU,2002,pat_res_pm,0.258235689731535,0.2946439169457731
DEU,2003,pat_res_pm,0.36259288078415164,0.43705068918259005
DEU,2004,pat_res_pm,0.3742424239025395,0.4538895653205197
DEU,2005,pat_res_pm,0.4336004047160369,0.5428022484229738
DEU,2006,pat_res_pm,0.4001209512629158,0.4920051466350459
DEU,2007,pat_res_pm,0.39490857536144475,0.48424848783617924
DEU,2008,pat_res_pm,0.3526964556611425,0.4228991648883309
DEU,2009,pat_res_pm,0.31018180833854725,0.3636730187217896
DEU,2010,pat_res_pm,0.2551865746966282,0.2907024108202718
DEU,2011,pat_res_pm,0.19575068430053122,0.21622364388348148
DEU,2012,pat_res_pm,0.2623607791547693,0.29999546910135755
DEU,2013,pat_res_pm,0.2566270816982019,0.29256301646599736
DEU,2014,pat_res_pm,0.27879493885818896,0.3215363203354984
DEU,2015,pat_res_pm,0.2563891725132077,0.2922555404293332
DEU,2016,pat_res_pm,0.387814038977937,0.4737556976884061
DEU,2017,pat_res_pm,0.38583617351744426,0.4708436879278102
DEU,2018,pat_res_pm,0.4186409635415309,0.5198945592560096
DEU,2019,pat_res_pm,0.5089120533640665,0.6634804321777321
DEU,2020,pat_res_pm,0.39923996257867067,0.49069128581725985
DEU,2021,pat_res_pm,0.4149966136949166,0.5143656125793936
DNK,2000,pat_res_pm,0.49980635726123257,0.648402038707282
DNK,2001,pat_res_pm,0.5141874173685084,0.6722790846137703
DNK,2002,pat_res_pm,0.5488876223903176,0.7313260579706262
DNK,2003,pat_res_pm,0.6064987582343706,0.8339988709901263
DNK,2004,pat_res_pm,0.6325938472394688,0.8824871360697291
DNK,2005,pat_res_pm,0.5424968262828491,0.7202967865892471
DNK,2006,pat_res_pm,0.42184467460407404,0.5247716705256016
DNK,2007,pat_res_pm,0.5601274484476786,0.7508956350074416
DNK,2008,pat_res_pm,0.5042873148565397,0.6558050322056763
DNK,2009,pat_res_pm,0.4092484830070733,0.5056858113441345
DNK,2010,pat_res_pm,0.4933588589890112,0.6378081581233204
DNK,2011,pat_res_pm,0.46407655939877035,0.5905447369275716
DNK,2012,pat_res_pm,0.43613430809510323,0.5467165173487616
DNK,2013,pat_res_pm,0.34856323397998334,0.41703014454626586
DNK,2014,pat_res_pm,0.3987506879600433,0.4899621068058384
DNK,2015,pat_res_pm,0.4427322995300518,0.556955480834421
DNK,2016,pat_res_pm,0.5942676940262741,0.8117037375888676
DNK,2017,pat_res_pm,0.5625428599359408,0.7551298801024864
DNK,2018,pat_res_pm,0.4408915556832289,0.5540921607412108
DNK,2019,pat_res_pm,0.5852823172620676,0.79549781412025
DNK,2020,pat_res_pm,0.4578319773379649,0.5806433968368474
DNK,2021,pat_res_pm,0.34030806444391715,0.4053804716360234
ESP,2000,pat_res_pm,-1.166922396290217,-0.6886764009329762
ESP,2001,pat_res_pm,-1.2935955429971004,-0.7257171876367112
ESP,2002,pat_res_pm,-1.2412621932656025,-0.7109808104553516
ESP,2003,pat_res_pm,-1.1817528878515127,-0.6932594147677447
ESP,2004,pat_res_pm,-1.190616431112204,-0.6959662095972247
ESP,2005,pat_res_pm,-1.1141753909187395,-0.6718142076649577
ESP,2006,pat_res_pm,-1.109817797154454,-0.6703809868736668
ESP,2007,pat_res_pm,-1.0634137558729897,-0.6547248887713137
ESP,2008,pat_res_pm,-1.0152054994892659,-0.6376720360301384
ESP,2009,pat_res_pm,-1.069736357030079,-0.656901038875153
ESP,2010,pat_res_pm,-1.0330653486269092,-0.6440857146563816
ESP,2011,pat_res_pm,-1.030125749934287,-0.6430379302101188
ESP,2012,pat_res_pm,-0.9379404942869272,-0.6085668353774172
ESP,2013,pat_res_pm,-1.0026673480664972,-0.6331005138231296
ESP,2014,pat_res_pm,-1.0130597928820073,-0.6368937518376923
ESP,2015,pat_res_pm,-1.1252718587484045,-0.6754357802591058
ESP,2016,pat_res_pm,-1.0540939837576717,-0.6514919617464745
ESP,2017,pat_res_pm,-1.2807621170314092,-0.722174515784215
ESP,2018,pat_res_pm,-1.5984492022771288,-0.7977901384415389
ESP,2019,pat_res_pm,-1.6938765413913441,-0.8161943889287538
ESP,2020,pat_res_pm,-1.4497195271684258,-0.7653639120861979
ESP,2021,pat_res_pm,-1.5163547865676237,-0.7804894066964926
EST,2000,pat_res_pm,-0.441847792772589,-0.3571525259588556
EST,2001,pat_res_pm,-0.21899747300370764,-0.19667625185280524
EST,2002,pat_res_pm,-0.29354244723851286,-0.2543824272145756
EST,2003,pat_res_pm,-0.4092308980501729,-0.33583913883149696
EST,2004,pat_res_pm,-0.1172879178680648,-0.1106708974405668
EST,2005,pat_res_pm,-0.3842160003916866,-0.3190156815871661
EST,2006,pat_res_pm,-0.07573754628648377,-0.0729405151622119
EST,2007,pat_res_pm,0.03198458095223611,0.03250158499112543
EST,2008,pat_res_pm,0.4267595600381777,0.5322841950753756
EST,2009,pat_res_pm,0.819214448962958,1.2687169443988875
EST,2010,pat_res_pm,0.9136378284673663,1.4933765310792673
EST,2011,pat_res_pm,0.4881390718425118,0.6292814213865996
EST,2012,pat_res_pm,-0.6350628778915453,-0.4700978318610296
EST,2013,pat_res_pm,-0.4639549829761376,-0.37120813983185186
EST,2014,pat_res_pm,0.08041701906528242,0.08373891324291294
EST,2015,pat_res_pm,-0.31709660890883695,-0.27173960471507497
EST,2016,pat_res_pm,-0.2640851200144687,-0.23209182748003576
EST,2017,pat_res_pm,-0.06403407734983979,-0.062026964649160576
EST,2018,pat_res_pm,-0.48920613569062166,-0.3868870704902948
EST,2019,pat_res_pm,-0.19624429384532416,-0.17818855332489125
EST,2020,pat_res_pm,-0.6221487665679715,-0.4632102384193667
EST,2021,pat_res_pm,-0.45427978232066746,-0.3650949268207634
FIN,2000,pat_res_pm,1.3509080563469649,2.8609298812661588
FIN,2001,pat_res_pm,1.2396561554917245,2.454425475303624
FIN,2002,pat_res_pm,1.1167677888388248,2.0549639396504626
FIN,2003,pat_res_pm,1.0750908478781138,1.9302590962630792
FIN,2004,pat_res_pm,1.0395862697145395,1.8280467236976188
FIN,2005,pat_res_pm,0.9714788565537047,1.641848486842982
FIN,2006,pat_res_pm,0.9377116912409322,1.5541300878054072
FIN,2007,pat_res_pm,0.8858995851841103,1.4251650530438167
FIN,2008,pat_res_pm,0.818317969589816,1.2666839978382174
FIN,2009,pat_res_pm,0.8669219617193402,1.379575146130429
FIN,2010,pat_res_pm,0.8089505355092159,1.2455501245286116
FIN,2011,pat_res_pm,0.7433272321869149,1.1029207929773959
FIN,2012,pat_res_pm,0.8881537795026917,1.4306380125676212
FIN,2013,pat_res_pm,0.8336478078729455,1.3016996030153258
FIN,2014,pat_res_pm,0.774268390297471,1.169004681689032
FIN,2015,pat_res_pm,0.6923995185587701,0.9985052348568297
FIN,2016,pat_res_pm,0.7682522445557609,1.1559948072996793
FIN,2017,pat_res_pm,0.8682499338824519,1.3827372548159773
FIN,2018,pat_res_pm,0.9215020304821806,1.5130622526078383
FIN,2019,pat_res_pm,0.9546422410992035,1.5977410516721973
FIN,2020,pat_res_pm,1.093882363983668,1.9858437313810797
FIN,2021,pat_res_pm,1.1742538762791241,2.2357277896899195
FRA,2000,pat_res_pm,-0.3844216399444713,-0.3191557045002399
FRA,2001,pat_res_pm,-0.42917048993147944,-0.3489510775676403
FRA,2002,pat_res_pm,-0.4351782254386629,-0.3528506816718403
FRA,2003,pat_res_pm,-0.36206381351732286,-0.30376206296751274
FRA,2004,pat_res_pm,-0.3406391722808797,-0.28868447573527267
FRA,2005,pat_res_pm,-0.28779143001800467,-0.25008201369017724
FRA,2006,pat_res_pm,-0.27271184433123885,-0.2386878675686509
FRA,2007,pat_res_pm,-0.24991810226598687,-0.22113543229734123
FRA,2008,pat_res_pm,-0.31047780270858016,-0.26690340301003357
FRA,2009,pat_res_pm,-0.41562981503977703,-0.34007548059507264
FRA,2010,pat_res_pm,-0.3632375486003907,-0.30457878246044656
FRA,2011,pat_res_pm,-0.38807114658507746,-0.3216359217404281
FRA,2012,pat_res_pm,-0.31416464497645524,-0.26960123822786664
FRA,2013,pat_res_pm,-0.3314363801396656,-0.2821081730582974
FRA,2014,pat_res_pm,-0.31540337897292936,-0.27050544785183284
FRA,2015,pat_res_pm,-0.3264302367312846,-0.278505292877943
FRA,2016,pat_res_pm,-0.20126877953621403,-0.18230737702880961
FRA,2017,pat_res_pm,-0.1607364998791727,-0.1484835837730678
FRA,2018,pat_res_pm,-0.12071704803679584,-0.1137152998867037
FRA,2019,pat_res_pm,-0.06492212412311282,-0.06285955883061567
FRA,2020,pat_res_pm,-0.10355935005609052,-0.09837749019265618
FRA,2021,pat_res_pm,-0.03595393172343986,-0.03531526617741865
GBR,2000,pat_res_pm,0.22060927593183255,0.24683616647805628
GBR,2001,pat_res_pm,0.1624287790585779,0.17636453367556681
GBR,2002,pat_res_pm,0.1024457471159943,0.1078771947463868
GBR,2003,pat_res_pm,0.12091367100025519,0.1285274835131005
GBR,2004,pat_res_pm,0.03705110475923501,0.03774605324523961
GBR,2005,pat_res_pm,-0.007652870320975502,-0.007623661666409598
GBR,2006,pat_res_pm,-0.015858390204124717,-0.015733308007823688
GBR,2007,pat_res_pm,-0.01936161903024658,-0.019175386740808653
GBR,2008,pat_res_pm,-0.11588365069534756,-0.10942116450199968
GBR,2009,pat_res_pm,-0.17720525810616383,-0.16239215892196301
GBR,2010,pat_res_pm,-0.2045642636310836,-0.18499763477676245
GBR,2011,pat_res_pm,-0.1995644976460662,-0.18091261009936355
GBR,2012,pat_res_pm,-0.14135277569690974,-0.13181701618883124
GBR,2013,pat_res_pm,-0.21274941103350553,-0.19164132239618714
GBR,2014,pat_res_pm,-0.20964639563751586,-0.1891290772221791
GBR,2015,pat_res_pm,-0.2480660204103735,-0.2196915747050221
GBR,2016,pat_res_pm,-0.20826116963066799,-0.18800505940212753
GBR,2017,pat_res_pm,-0.2414860802882357,-0.21454026291396666
GBR,2018,pat_res_pm,-0.2243532567253519,-0.2009671792100053
GBR,2019,pat_res_pm,-0.20273405687115442,-0.1835046461163532
GBR,2020,pat_res_pm,-0.09177481487074246,-0.0876894348115067
GBR,2021,pat_res_pm,-0.13584683379133278,-0.12702366727558156
GRC,2000,pat_res_pm,-1.0070461933480082,-0.63470359751773
GRC,2001,pat_res_pm,-0.8496287829363842,-0.572426374882306
GRC,2002,pat_res_pm,-0.9533222284839296,-0.6145416866816539
GRC,2003,pat_res_pm,-0.9317600705465718,-0.6061401212176769
GRC,2004,pat_res_pm,-1.0496362124671892,-0.6499349247400296
GRC,2005,pat_res_pm,-0.7943897091180179,-0.5481430850533142
GRC,2006,pat_res_pm,-0.7260321618892962,-0.5161750745059352
GRC,2007,pat_res_pm,-0.6598657027111128,-0.4830792491142083
GRC,2008,pat_res_pm,-0.6232000369782771,-0.4637742530943577
GRC,2009,pat_res_pm,-0.5584949061785318,-0.427930565611645
GRC,2010,pat_res_pm,-0.3540512491975427,-0.2981610022517436
GRC,2011,pat_res_pm,-0.12809116243958396,-0.12022682677993579
GRC,2012,pat_res_pm,-0.014019786509943621,-0.013921966972972766
GRC,2013,pat_res_pm,0.11832097220169668,0.12560534141651503
GRC,2014,pat_res_pm,0.07491751801063273,0.07779524852203146
GRC,2015,pat_res_pm,-0.0714706736895323,-0.06897641931890974
GRC,2016,pat_res_pm,0.17138811765311956,0.18695133640193484
GRC,2017,pat_res_pm,0.010129366815872842,0.010180842510505217
GRC,2018,pat_res_pm,-0.10045941075595755,-0.09557817853420214
GRC,2019,pat_res_pm,-0.22695374908297206,-0.20304235854050223
GRC,2020,pat_res_pm,-0.01471927204634671,-0.014611473116939
GRC,2021,pat_res_pm,-0.05155972435168543,-0.05025307475108265
HUN,2000,pat_res_pm,0.7469149060743909,1.11047893696471
HUN,2001,pat_res_pm,0.8077354675720922,1.2428232855538863
HUN,2002,pat_res_pm,0.6353953564385879,0.8877683353086734
HUN,2003,pat_res_pm,0.5373440988152582,0.7114553643662314
HUN,2004,pat_res_pm,0.4501959132666187,0.5686194687529571
HUN,2005,pat_res_pm,0.3845007614312852,0.46888081640298274
HUN,2006,pat_res_pm,0.37510671410511076,0.45514669100989935
HUN,2007,pat_res_pm,0.38225550044737844,0.46558649530516205
HUN,2008,pat_res_pm,0.3007204941557111,0.35083172340589375
HUN,2009,pat_res_pm,0.41562438813903047,0.5153165910787834
HUN,2010,pat_res_pm,0.28324348327301596,0.327428329066906
HUN,2011,pat_res_pm,0.2901951240641134,0.3366882826311528
HUN,2012,pat_res_pm,0.44100358988827715,0.554266281974596
HUN,2013,pat_res_pm,0.30780141256148763,0.3604307976423624
HUN,2014,pat_res_pm,0.1045356020049395,0.11019491832760364
HUN,2015,pat_res_pm,0.09322258663604899,0.09770604277271189
HUN,2016,pat_res_pm,0.2697563585128542,0.309645327923719
HUN,2017,pat_res_pm,0.035609253226651205,0.03625085569341091
HUN,2018,pat_res_pm,-0.19424924032346924,-0.17654735891291762
HUN,2019,pat_res_pm,-0.1381310112129901,-0.1290154244750259
HUN,2020,pat_res_pm,-0.14468953610170887,-0.1347091070029044
HUN,2021,pat_res_pm,-0.12345757332038065,-0.11614086034284687
IRL,2016,pat_res_pm,-2.606933552580729,-0.9262396203450125
IRL,2017,pat_res_pm,-2.968550119455543,-0.9486222520467749
IRL,2018,pat_res_pm,-2.8262550853371335,-0.940765733902989
IRL,2019,pat_res_pm,-3.0761545528305203,-0.9538636692111448
IRL,2020,pat_res_pm,-3.046162283559098,-0.9524589762868163
IRL,2021,pat_res_pm,-3.187782844520853,-0.9587367433509651
ISL,2000,pat_res_pm,1.3842023874266278,2.991640851834528
ISL,2001,pat_res_pm,1.2923516418568113,2.6413396216063174
ISL,2002,pat_res_pm,1.6671538650902615,4.297070146134592
ISL,2003,pat_res_pm,1.4952648545811043,3.460517784982999
ISL,2004,pat_res_pm,1.5218219340228698,3.580563081017961
ISL,2005,pat_res_pm,1.1347543097329833,2.1104092517399304
ISL,2006,pat_res_pm,1.0453716323651303,1.8444554189462066
ISL,2007,pat_res_pm,1.2528284481308365,2.500229186227573
ISL,2008,pat_res_pm,0.979407481462987,1.6628779698389238
ISL,2009,pat_res_pm,1.2755229813730118,2.5805734937684073
ISL,2010,pat_res_pm,1.2480097418378708,2.4834031821651146
ISL,2011,pat_res_pm,1.1181987522444903,2.059338610504197
ISL,2012,pat_res_pm,0.8795626119850803,1.4098454383593637
ISL,2013,pat_res_pm,0.6850038922525687,0.9837795568932093
ISL,2014,pat_res_pm,1.135105991541022,2.1115033184597274
ISL,2015,pat_res_pm,0.8458699549801274,1.3300039316511847
ISL,2016,pat_res_pm,0.7475721930212131,1.1118665832124441
ISL,2017,pat_res_pm,0.786659511720595,1.1960482863398503
ISL,2018,pat_res_pm,1.2316495900350786,2.4268778198357626
ISL,2019,pat_res_pm,1.1550221116011699,2.1740936010434444
ISL,2020,pat_res_pm,1.140282867779555,2.127652952315499
ISL,2021,pat_res_pm,0.9428457208974965,1.5672767863159467
ISR,2000,pat_res_pm,1.2895116526223065,2.6310129270732925
ISR,2001,pat_res_pm,1.0660578878225833,1.9039093700717862
ISR,2002,pat_res_pm,1.062161229387538,1.8926158449253205
ISR,2003,pat_res_pm,1.2245417377847927,2.4026064394908766
ISR,2004,pat_res_pm,1.3158774484711655,2.7280206966005256
ISR,2005,pat_res_pm,1.397970075505695,3.046976566367473
ISR,2006,pat_res_pm,1.1320680585511838,2.102065123441379
ISR,2007,pat_res_pm,1.2612078483437905,2.5296822345202576
ISR,2008,pat_res_pm,1.1011264732118908,2.007552043268457
ISR,2009,pat_res_pm,0.8675230027050143,1.381005798218947
ISR,2010,pat_res_pm,0.8589688147646282,1.3607250932830555
ISR,2011,pat_res_pm,0.725298568998002,1.06534765669993
ISR,2012,pat_res_pm,0.7406078369861566,1.0972098888873822
ISR,2013,pat_res_pm,0.5627337702313993,0.7554649844528822
ISR,2014,pat_res_pm,0.48182595333505773,0.6190279743591258
ISR,2015,pat_res_pm,0.6039336765711631,0.8293005424900584
ISR,2016,pat_res_pm,0.6861679395321687,0.9860901146280581
ISR,2017,pat_res_pm,0.777593043548169,1.1762278708010192
ISR,2018,pat_res_pm,0.8355043378644904,1.3059767464538834
ISR,2019,pat_res_pm,0.7884777756820087,1.2000449141574916
ISR,2020,pat_res_pm,0.921788342638485,1.5137818758938408
ISR,2021,pat_res_pm,0.8739184044970996,1.3962820838921068
ITA,2000,pat_res_pm,-1.03987832501954,-0.6465023088331798
ITA,2007,pat_res_pm,-0.6944781043914263,-0.5006650192725758
ITA,2008,pat_res_pm,-0.796005719804346,-0.5488727009642228
ITA,2009,pat_res_pm,-0.7841826793499811,-0.5435073497747416
ITA,2010,pat_res_pm,-0.7606302791795532,-0.5326282405308485
ITA,2011,pat_res_pm,-0.7549940389448002,-0.5299865835018924
ITA,2012,pat_res_pm,-0.6484015165158823,-0.4771190743788758
ITA,2013,pat_res_pm,-0.6412556564911993,-0.473369258601969
ITA,2014,pat_res_pm,-0.5602614930710876,-0.4289402838359806
ITA,2016,pat_res_pm,-0.40694231849714235,-0.33431741323384145
ITA,2017,pat_res_pm,-0.39788053430114445,-0.32825772697127187
ITA,2018,pat_res_pm,-0.30558755075671673,-0.26330959579635316
ITA,2019,pat_res_pm,-0.17361669583144135,-0.15938095130089502
ITA,2020,pat_res_pm,-0.0004525346332941993,-0.0004524322549408488
ITA,2021,pat_res_pm,-0.0014965490181007013,-0.0014954297470365363
JPN,2000,pat_res_pm,2.2051494175221027,8.071606923624957
JPN,2001,pat_res_pm,2.215045211833294,8.1618233250739
JPN,2002,pat_res_pm,2.1783834043907824,7.832016912024763
JPN,2003,pat_res_pm,2.209996113591817,8.115680965714366
JPN,2004,pat_res_pm,2.218316297575565,8.191841503978056
JPN,2005,pat_res_pm,2.259481490673414,8.578121533647252
JPN,2006,pat_res_pm,2.221197312271557,8.218361518366294
JPN,2007,pat_res_pm,2.2036524414178986,8.058037104215348
JPN,2008,pat_res_pm,2.1652923363666483,7.71714988432603
JPN,2009,pat_res_pm,2.0495990748734263,6.764787383799018
JPN,2010,pat_res_pm,1.9948226836273877,6.3508994774930105
JPN,2011,pat_res_pm,2.0159120543140325,6.507571572632088
JPN,2012,pat_res_pm,2.0627953713989955,6.867932893108517
JPN,2013,pat_res_pm,1.952577336221065,6.046826236343789
JPN,2014,pat_res_pm,1.9583466775879224,6.087599286180518
JPN,2015,pat_res_pm,1.9164131059153906,5.79653623986532
JPN,2016,pat_res_pm,2.0551989841560223,6.80839146424612
JPN,2017,pat_res_pm,2.0881331949829747,7.069836283158708
JPN,2018,pat_res_pm,2.123180320669605,7.357675353534782
JPN,2019,pat_res_pm,2.2035145402460925,8.056788076407592
JPN,2020,pat_res_pm,2.116910587366137,7.305438883514942
JPN,2021,pat_res_pm,2.1739893114234157,7.793293348399635
KOR,2000,pat_res_pm,2.7465143566230177,14.588202164367445
KOR,2001,pat_res_pm,2.6863597864505993,13.678146961682108
KOR,2002,pat_res_pm,2.5878757777438643,12.301486258502464
KOR,2003,pat_res_pm,2.784173854458941,15.186439996256851
KOR,2004,pat_res_pm,2.860214221749601,16.46526797612276
KOR,2005,pat_res_pm,3.0042924975106136,19.17193934886081
KOR,2006,pat_res_pm,2.9821475895559884,18.73014342817982
KOR,2007,pat_res_pm,2.9527817524885975,18.15917575349281
KOR,2008,pat_res_pm,2.8336878853215532,16.008069115923547
KOR,2009,pat_res_pm,2.6952035453854224,13.808532655031232
KOR,2010,pat_res_pm,2.6418469876392185,13.03910973836988
KOR,2011,pat_res_pm,2.6469280330768594,13.110624624188334
KOR,2012,pat_res_pm,2.752886391021881,14.687847860519202
KOR,2013,pat_res_pm,2.752623877030876,14.683730121472767
KOR,2014,pat_res_pm,2.7643816152827734,14.869223670403398
KOR,2015,pat_res_pm,2.7507805122760995,14.654845916385257
KOR,2016,pat_res_pm,2.815078123397419,15.694479958879754
KOR,2017,pat_res_pm,2.7877297042372016,15.244098997948878
KOR,2018,pat_res_pm,2.827692202671999,15.906399225791613
KOR,2019,pat_res_pm,2.946177445067768,18.033059580275506
KOR,2020,pat_res_pm,2.915266805527402,17.453735304569484
KOR,2021,pat_res_pm,3.007376943170925,19.2342546543276
LTU,2000,pat_res_pm,0.42011274525953013,0.5221331592427827
LTU,2001,pat_res_pm,0.3348932313773769,0.3977911370206819
LTU,2002,pat_res_pm,0.43240789971753113,0.5409635455790862
LTU,2003,pat_res_pm,0.031638745425543124,0.032144570999288025
LTU,2004,pat_res_pm,0.010195247789090978,0.010247396399829523
LTU,2005,pat_res_pm,-0.09866292829318013,-0.0939519402761001
LTU,2006,pat_res_pm,-0.2456880864028701,-0.21783384486007273
LTU,2007,pat_res_pm,-0.45452283467120624,-0.3652492232393555
LTU,2008,pat_res_pm,-0.22524316370982866,-0.2016779278010793
LTU,2009,pat_res_pm,0.007968900179613048,0.00800073637494858
LTU,2010,pat_res_pm,0.20233384765271634,0.22425665510527204
LTU,2011,pat_res_pm,-0.05668114406976299,-0.05510469318967193
LTU,2012,pat_res_pm,0.09097082750858743,0.09523705399886628
LTU,2013,pat_res_pm,0.061699881533526124,0.0636430778920809
LTU,2014,pat_res_pm,0.07876986908921202,0.08195530205871804
LTU,2015,pat_res_pm,-0.15802411035229946,-0.14617080440239905
LTU,2016,pat_res_pm,-0.1313156783475753,-0.12305910056242675
LTU,2017,pat_res_pm,-0.32281578014361045,-0.2758927629871146
LTU,2018,pat_res_pm,-0.34556042278636356,-0.29217643816012984
LTU,2019,pat_res_pm,-0.22539199604294424,-0.2017967350962595
LTU,2020,pat_res_pm,-0.26856480566012797,-0.23552412115947596
LTU,2021,pat_res_pm,-0.40082217083535365,-0.3302308450622351
LUX,2000,pat_res_pm,-0.3661002564046818,-0.3065667234025282
LUX,2001,pat_res_pm,-0.9147599712403247,-0.5993872268616246
LUX,2002,pat_res_pm,-1.1808891517850997,-0.6929943574079249
LUX,2003,pat_res_pm,-2.077610757086165,-0.8747709423121273
LUX,2004,pat_res_pm,-1.7673605184861616,-0.829216826533735
LUX,2005,pat_res_pm,-1.685731854340092,-0.8146912367054973
LUX,2006,pat_res_pm,-1.6626170574891326,-0.8103579739779964
LUX,2007,pat_res_pm,-2.303441079147434,-0.9000855619901751
LUX,2008,pat_res_pm,-1.175473714319514,-0.6913272776399657
LUX,2009,pat_res_pm,-1.0021030205900106,-0.6328934039285655
LUX,2010,pat_res_pm,-0.74583340753016,-0.5256611823786208
LUX,2011,pat_res_pm,-0.6532981235521236,-0.47967315852197545
LUX,2012,pat_res_pm,-0.3404349076067881,-0.2885391642610372
LUX,2013,pat_res_pm,-0.36813549944753987,-0.3079765934536378
LUX,2014,pat_res_pm,-0.23515347387996854,-0.20955047303677876
LUX,2015,pat_res_pm,-0.24438972631320866,-0.21681765199137604
LUX,2016,pat_res_pm,-0.07023399161615629,-0.06782432690760765
LUX,2017,pat_res_pm,0.07060903967223897,0.07316158023815555
LUX,2018,pat_res_pm,0.1025311015944741,0.10797176106233586
LUX,2019,pat_res_pm,-0.0936650237103187,-0.08941226354026244
LUX,2020,pat_res_pm,-0.07204373471603365,-0.06950979980337102
LUX,2021,pat_res_pm,-0.18672278150920896,-0.17032629459944038
LVA,2000,pat_res_pm,1.5259036869795866,3.599298017597288
LVA,2001,pat_res_pm,1.5856835243457432,3.8826276330356215
LVA,2002,pat_res_pm,1.6886983379714522,4.4124309620696955
LVA,2003,pat_res_pm,1.1098312200604332,2.0338462988261874
LVA,2004,pat_res_pm,1.1288599188325992,2.0921292115278876
LVA,2005,pat_res_pm,1.017700211449954,1.7668243305318017
LVA,2006,pat_res_pm,0.8387777061829893,1.3135374253713206
LVA,2007,pat_res_pm,0.8896933000863045,1.4343829117543159
LVA,2008,pat_res_pm,1.2939129905632516,2.6470294632717883
LVA,2009,pat_res_pm,1.6601576167775587,4.26013986540647
LVA,2010,pat_res_pm,1.4677327244814125,3.339385396964073
LVA,2011,pat_res_pm,1.3952777001262389,3.0360952411780895
LVA,2012,pat_res_pm,1.4386078505333009,3.2148240656918725
LVA,2013,pat_res_pm,1.5290303355052979,3.613700910621964
LVA,2014,pat_res_pm,0.746594802924609,1.109803474124098
LVA,2015,pat_res_pm,0.96681312976607,1.629551054128231
LVA,2016,pat_res_pm,0.6998503723738105,1.013451416974378
LVA,2017,pat_res_pm,0.6390298704552775,0.8946419393221672
LVA,2018,pat_res_pm,0.5827678602556445,0.7909887833192562
LVA,2019,pat_res_pm,0.6255861349010217,0.8693413225760764
LVA,2020,pat_res_pm,0.721758776611777,1.0580496790730378
LVA,2021,pat_res_pm,0.8458140938893095,1.3298737787252284
MEX,2000,pat_res_pm,-2.9142326970893038,-0.9457543620957481
MEX,2001,pat_res_pm,-2.6663325418218613,-0.9304933287508643
MEX,2002,pat_res_pm,-2.658646927886415,-0.9299570692074708
MEX,2003,pat_res_pm,-2.7019433623913907,-0.9329249651022731
MEX,2004,pat_res_pm,-2.5537524963466876,-0.9222107861093477
MEX,2005,pat_res_pm,-2.4754644621706943,-0.9158760911912069
MEX,2006,pat_res_pm,-2.5280863048715365,-0.9201883906771624
MEX,2007,pat_res_pm,-2.413401027184486,-0.9104896508284349
MEX,2008,pat_res_pm,-2.3901237487046467,-0.9083816544756145
MEX,2009,pat_res_pm,-2.1956248796706563,-0.8887110024595082
MEX,2010,pat_res_pm,-2.0942312783654047,-0.8768351132147099
MEX,2011,pat_res_pm,-2.0135247137433976,-0.8664827657199686
MEX,2012,pat_res_pm,-1.7980023908446583,-0.8343705791783744
MEX,2013,pat_res_pm,-1.8893835667518086,-0.8488350367690147
MEX,2014,pat_res_pm,-1.856258430004928,-0.8437438185713719
MEX,2015,pat_res_pm,-1.7912132249094994,-0.833242267743808
MEX,2016,pat_res_pm,-1.7132497182737856,-0.8197210162560649
MEX,2017,pat_res_pm,-1.661146557169125,-0.8100789001792774
MEX,2018,pat_res_pm,-1.4629312977968327,-0.768443482179002
MEX,2019,pat_res_pm,-1.516550734723289,-0.7805324151785454
MEX,2020,pat_res_pm,-1.5753647052577882,-0.793067930296356
MEX,2021,pat_res_pm,-1.5505865383923338,-0.7878764812561913
NLD,2000,pat_res_pm,-0.6256013131389144,-0.46506033446088346
NLD,2001,pat_res_pm,-0.8069055604029343,-0.5537632152814778
NLD,2002,pat_res_pm,-0.7928991293960053,-0.5474690540749878
NLD,2003,pat_res_pm,-0.6279407904367611,-0.4663103509014599
NLD,2004,pat_res_pm,-0.6891592879948725,-0.49800207260536267
NLD,2005,pat_res_pm,-0.6354386576144799,-0.47029692094179276
NLD,2006,pat_res_pm,-0.6759036170364148,-0.49130345400175446
NLD,2007,pat_res_pm,-0.7369162173498918,-0.5214124979216094
NLD,2008,pat_res_pm,-0.676188099654687,-0.4914481487445206
NLD,2009,pat_res_pm,-0.6634507860262993,-0.484929135094447
NLD,2010,pat_res_pm,-0.661272327659387,-0.48380585159029554
NLD,2011,pat_res_pm,-0.6441543760481148,-0.4748936030404467
NLD,2012,pat_res_pm,-0.6244185424856372,-0.46442724919968026
NLD,2013,pat_res_pm,-0.6626680994173748,-0.4845258382188946
NLD,2014,pat_res_pm,-0.6555711049635544,-0.48085450865845825
NLD,2015,pat_res_pm,-0.7120436307109745,-0.5093595157609281
NLD,2016,pat_res_pm,-0.5721685208050804,-0.435699586253981
NLD,2017,pat_res_pm,-0.5797156648618671,-0.4399424120201515
NLD,2018,pat_res_pm,-0.6023466632732442,-0.4524747300918658
NLD,2019,pat_res_pm,-0.4819441012145065,-0.38241841713974756
NLD,2020,pat_res_pm,-0.5093975700116236,-0.39914255565478973
NLD,2021,pat_res_pm,-0.5316290812146027,-0.4123531349935151
NOR,2000,pat_res_pm,-0.11047170147854946,-0.10458833134272372
NOR,2001,pat_res_pm,-0.23230112840567152,-0.20729261934730958
NOR,2002,pat_res_pm,-0.257915603150348,-0.227339560537817
NOR,2003,pat_res_pm,-0.2752532982226983,-0.24062025067884307
NOR,2004,pat_res_pm,-0.278041354441795,-0.24273449542543957
NOR,2005,pat_res_pm,-0.2526764016762053,-0.22328081381258114
NOR,2006,pat_res_pm,-0.2747616509446482,-0.24024681189952546
NOR,2007,pat_res_pm,-0.18947361302335608,-0.17260545094994617
NOR,2008,pat_res_pm,-0.3135493783946943,-0.2691517100027223
NOR,2009,pat_res_pm,-0.32005020832631104,-0.2738874207388624
NOR,2010,pat_res_pm,-0.3977376104991981,-0.3281617121504443
NOR,2011,pat_res_pm,-0.3862200369422828,-0.3203790324928386
NOR,2012,pat_res_pm,-0.4577211671986916,-0.36727612421603395
NOR,2013,pat_res_pm,-0.4035923431084196,-0.3320836535204411
NOR,2014,pat_res_pm,-0.3877478673024335,-0.32141658523627326
NOR,2015,pat_res_pm,-0.3591401192154109,-0.30172349745919147
NOR,2016,pat_res_pm,-0.1696182086585898,-0.15601301798551714
NOR,2017,pat_res_pm,-0.21513208835013486,-0.19356508751513313
NOR,2018,pat_res_pm,-0.21761657193721273,-0.1955661749554617
NOR,2019,pat_res_pm,-0.2574748788086749,-0.22699895522328495
NOR,2020,pat_res_pm,-0.4066259540524291,-0.3341067816155032
NOR,2021,pat_res_pm,-0.260669500731618,-0.22946446103110207
NZL,2000,pat_res_pm,1.7304700283394228,4.6433057988011495
NZL,2001,pat_res_pm,1.87177784483627,5.499841843499556
NZL,2002,pat_res_pm,1.8387001615569858,5.288359095485578
NZL,2003,pat_res_pm,1.8500574475412437,5.360184889090761
NZL,2004,pat_res_pm,1.6771992252546761,4.350549282450551
NZL,2005,pat_res_pm,1.8458971206547794,5.333779406699166
NZL,2006,pat_res_pm,1.9776254822761734,6.2255653659253865
NZL,2007,pat_res_pm,1.8494972501436946,5.356622927861818
NZL,2008,pat_res_pm,1.4135785138397887,3.110639094396677
NZL,2009,pat_res_pm,1.5071121991356664,3.513677354153196
NZL,2010,pat_res_pm,1.5477873420247938,3.7010568353527127
NZL,2011,pat_res_pm,1.4822394449249332,3.4027944646176698
NZL,2012,pat_res_pm,1.4705347835920541,3.351561662691516
NZL,2013,pat_res_pm,1.5339220819938735,3.636325257019199
NZL,2014,pat_res_pm,1.5284244204476645,3.610906246518833
NZL,2015,pat_res_pm,1.1654780157377136,2.2074557311284098
NZL,2016,pat_res_pm,1.15647982921503,2.1787239072132296
NZL,2017,pat_res_pm,1.1107225055329781,2.0365515273446206
NZL,2018,pat_res_pm,1.1373083414679952,2.1183634890411542
NZL,2019,pat_res_pm,0.06396888546769741,0.06605922831117073
NZL,2020,pat_res_pm,0.056196042814337765,0.0578050384875084
NZL,2021,pat_res_pm,0.07196147653081031,0.07461394540919208
POL,2000,pat_res_pm,0.3301134061130817,0.39112588169757134
POL,2001,pat_res_pm,0.23331010272877784,0.26277300797267245
POL,2002,pat_res_pm,0.25392535832396756,0.28907558191478344
POL,2003,pat_res_pm,0.2532964845041876,0.2882651708794499
POL,2004,pat_res_pm,0.22394907860886004,0.2510073147736167
POL,2005,pat_res_pm,0.0779762673208797,0.08109700103739859
POL,2006,pat_res_pm,0.06929262853220042,0.07174978783237296
POL,2007,pat_res_pm,0.09730738011897522,0.10219911565236406
POL,2008,pat_res_pm,-0.001134163191517601,-0.0011335202715268
POL,2009,pat_res_pm,-0.026344146462912832,-0.026000166674090552
POL,2010,pat_res_pm,0.053362921559649834,0.05481238981965442
POL,2011,pat_res_pm,0.16942751218931384,0.18462647294124168
POL,2012,pat_res_pm,0.3502401190449982,0.4194083346507873
POL,2013,pat_res_pm,0.2811704659351033,0.3246793974018536
POL,2014,pat_res_pm,0.17737598282388412,0.19407996229446933
POL,2015,pat_res_pm,0.2827022323033219,0.32671005159832256
POL,2016,pat_res_pm,0.27744651127981346,0.3197555252217832
POL,2017,pat_res_pm,0.15999721240429743,0.17350759972250884
POL,2018,pat_res_pm,0.18666137223736,0.20521909529590276
POL,2019,pat_res_pm,0.12578969596663203,0.13404364924969414
POL,2020,pat_res_pm,0.09477393836377157,0.09941029254231082
POL,2021,pat_res_pm,-0.06801325118811263,-0.06575190640204309
PRT,2000,pat_res_pm,-2.489706040814847,-0.9170656576960526
PRT,2001,pat_res_pm,-2.229973442451953,-0.8924687141348349
PRT,2002,pat_res_pm,-2.037938443316882,-0.8697029510616417
PRT,2003,pat_res_pm,-1.9674135121132594,-0.8601819734356091
PRT,2004,pat_res_pm,-1.9957899769253014,-0.8640937510520607
PRT,2005,pat_res_pm,-1.6808396316252572,-0.8137824437682996
PRT,2006,pat_res_pm,-1.5091588845433543,-0.7789041330775522
PRT,2007,pat_res_pm,-1.1950938578152908,-0.6973244556164149
PRT,2008,pat_res_pm,-0.8312185288536802,-0.5644817287211934
PRT,2009,pat_res_pm,-0.4893287866128353,-0.38696226474510365
PRT,2010,pat_res_pm,-0.6141623241938152,-0.45890603315581047
PRT,2011,pat_res_pm,-0.41880252917466043,-0.3421659145175724
PRT,2012,pat_res_pm,-0.17189481105695492,-0.15793225527391597
PRT,2013,pat_res_pm,-0.12938715773068044,-0.12136627015355417
PRT,2014,pat_res_pm,0.008367499130896405,0.008402604498146005
PRT,2015,pat_res_pm,0.24363488261889454,0.2758784000549437
PRT,2016,pat_res_pm,0.10475069961986616,0.11043374429116648
PRT,2017,pat_res_pm,-0.013619764181605376,-0.013527434836707264
PRT,2018,pat_res_pm,0.03169148742148575,0.03219900979965673
PRT,2019,pat_res_pm,0.14727340201195993,0.1586707026305585
PRT,2020,pat_res_pm,0.21168884721093306,0.2357633140496389
PRT,2021,pat_res_pm,0.28159490126868647,0.3252417574780815
SVK,2000,pat_res_pm,0.787027036507824,1.1968555368522318
SVK,2001,pat_res_pm,0.7853742245120614,1.1932275466867064
SVK,2002,pat_res_pm,0.7595141695640364,1.1372376331375071
SVK,2003,pat_res_pm,0.5431907539690362,0.7214909624458448
SVK,2004,pat_res_pm,0.4832952343579149,0.621408529861579
SVK,2005,pat_res_pm,0.10932302953206907,0.11552263890244929
SVK,2006,pat_res_pm,0.20792674706756342,0.23112298287700317
SVK,2007,pat_res_pm,0.27208170305054713,0.3126942480543573
SVK,2008,pat_res_pm,-0.24245586220586368,-0.21530161832999006
SVK,2009,pat_res_pm,-0.20255117082123064,-0.18335530685068235
SVK,2010,pat_res_pm,-0.00456496947503604,-0.004554565838663316
SVK,2011,pat_res_pm,-0.07130377783556163,-0.06882102237615317
SVK,2012,pat_res_pm,-0.30658282223701727,-0.2640424379965035
SVK,2013,pat_res_pm,-0.2440369262369253,-0.2165412964529938
SVK,2014,pat_res_pm,-0.11395261777468679,-0.10769976594847963
SVK,2015,pat_res_pm,-0.11541950748862506,-0.10900771244239249
SVK,2016,pat_res_pm,-0.041254308728368994,-0.04041493194283974
SVK,2017,pat_res_pm,-0.21573793882954284,-0.19405351852045394
SVK,2018,pat_res_pm,-0.045876033435671815,-0.044839637199736604
SVK,2019,pat_res_pm,-0.03407197182006394,-0.03349805876957146
SVK,2020,pat_res_pm,-0.07732295226569574,-0.07440911634040215
SVK,2021,pat_res_pm,-0.38130990650731755,-0.3170337988502375
SVN,2000,pat_res_pm,1.4597566453736759,3.3049117806655124
SVN,2001,pat_res_pm,1.4007822714872384,3.0583734752645277
SVN,2002,pat_res_pm,1.342940349304488,2.830289352538297
SVN,2003,pat_res_pm,1.401875358535504,3.0628120561830716
SVN,2004,pat_res_pm,1.433287114502848,3.192457655073449
SVN,2005,pat_res_pm,1.443440202356836,3.2352408693102515
SVN,2006,pat_res_pm,1.1997568541811559,2.319309748323229
SVN,2007,pat_res_pm,1.2635736935784765,2.5380428024199517
SVN,2008,pat_res_pm,1.0511426468160936,1.8609182702597749
SVN,2009,pat_res_pm,1.3023288852160144,2.677851996704547
SVN,2010,pat_res_pm,1.496696102976478,3.466906464708509
SVN,2011,pat_res_pm,1.573117101853847,3.8216543815282042
SVN,2018,pat_res_pm,1.1216872291937543,2.070029679659036
SVN,2020,pat_res_pm,1.0617247695724092,1.891353609825893
SVN,2021,pat_res_pm,1.009160131067782,1.7432960380988796
SWE,2000,pat_res_pm,1.0494807363940364,1.8561676290332771
SWE,2001,pat_res_pm,0.9665431227922552,1.6288411528490752
SWE,2002,pat_res_pm,0.7765407804118993,1.1739391108365091
SWE,2003,pat_res_pm,0.7257836013281294,1.0663496600687528
SWE,2004,pat_res_pm,0.5791732085963899,0.7845623598144771
SWE,2005,pat_res_pm,0.512345912713255,0.6692024086206063
SWE,2006,pat_res_pm,0.4441285671668913,0.5591309257825678
SWE,2007,pat_res_pm,0.4735241223647426,0.6056427157334439
SWE,2008,pat_res_pm,0.4534861471376317,0.5737890936335128
SWE,2009,pat_res_pm,0.2652580885757372,0.30376741983679567
SWE,2010,pat_res_pm,0.20711199137743286,0.2301203269367358
SWE,2011,pat_res_pm,0.08459168743357903,0.08827262058143082
SWE,2012,pat_res_pm,0.3124368154912842,0.36675158091833304
SWE,2013,pat_res_pm,0.2988662683027634,0.3483292970501717
SWE,2014,pat_res_pm,0.14382698849629438,0.15468431757225698
SWE,2015,pat_res_pm,0.11255936819828793,0.11913869618859807
SWE,2016,pat_res_pm,0.22264167625969833,0.2493728135796347
SWE,2017,pat_res_pm,0.23895696086260454,0.2699238789793277
SWE,2018,pat_res_pm,0.20867222115947381,0.2320410953367007
SWE,2019,pat_res_pm,0.2514749523079729,0.2859206903150915
SWE,2020,pat_res_pm,0.17736708379418697,0.19406933618870537
SWE,2021,pat_res_pm,0.2346420617248386,0.26445609049024266
TUR,2000,pat_res_pm,-2.1379425445928844,-0.8821028381907029
TUR,2001,pat_res_pm,-1.8063014563948552,-0.8357394605240639
TUR,2002,pat_res_pm,-1.7087855428156655,-0.8189144201875783
TUR,2003,pat_res_pm,-1.5594718207821752,-0.7897529099771753
TUR,2004,pat_res_pm,-1.387832706094994,-0.7503842905822473
TUR,2005,pat_res_pm,-1.1690590533385197,-0.6893408825577556
TUR,2006,pat_res_pm,-1.104892878348783,-0.668753636001014
TUR,2007,pat_res_pm,-0.6239621811750937,-0.46418277873804636
TUR,2008,pat_res_pm,-0.4820452300329361,-0.3824808692775974
TUR,2009,pat_res_pm,-0.36022837152537157,-0.3024829851440044
TUR,2010,pat_res_pm,-0.2523015482765323,-0.22298960340785234
TUR,2011,pat_res_pm,-0.2250938307501138,-0.20155870310136503
TUR,2012,pat_res_pm,-0.0967653404778206,-0.09223100221869529
TUR,2013,pat_res_pm,-0.27680515591125054,-0.2417977860613717
TUR,2014,pat_res_pm,-0.23100439085455182,-0.20626401915165316
TUR,2015,pat_res_pm,-0.1985183208316883,-0.18005525146693602
TUR,2016,pat_res_pm,0.04370086736256251,0.044669813308574335
TUR,2017,pat_res_pm,0.23774855200330336,0.26839021854438694
TUR,2018,pat_res_pm,0.12280476383865047,0.13066365296586135
TUR,2019,pat_res_pm,0.3087792366543409,0.3617617102461166
TUR,2020,pat_res_pm,0.18877113901556175,0.20776451067585344
TUR,2021,pat_res_pm,0.16124388392283606,0.17497149052976235
USA,2000,pat_res_pm,-0.42542051469838693,-0.3465050768783535
USA,2001,pat_res_pm,-0.3485154501994936,-0.29426498880701735
USA,2002,pat_res_pm,-0.3300789139132254,-0.2811329974147335
USA,2003,pat_res_pm,-0.2662162211396568,-0.2337265749257773
USA,2004,pat_res_pm,-0.3113228212531425,-0.26752262156701734
USA,2005,pat_res_pm,-0.203043110762275,-0.1837569481930753
USA,2006,pat_res_pm,-0.13692952503460276,-0.12796831963090927
USA,2007,pat_res_pm,-0.030495161926140213,-0.03003487518122616
USA,2008,pat_res_pm,-0.12032717578806729,-0.11336969471110103
USA,2009,pat_res_pm,-0.21885066327993563,-0.19655830745776004
USA,2010,pat_res_pm,-0.14974254324519087,-0.1390703999644699
USA,2011,pat_res_pm,-0.12567418272240793,-0.11809786106748876
USA,2012,pat_res_pm,-0.0021784597238889702,-0.0021760886026146453
USA,2013,pat_res_pm,0.013815477983825097,0.013911352709389257
USA,2014,pat_res_pm,0.00520602067732856,0.005219595549773803
USA,2015,pat_res_pm,-0.015298019390821871,-0.015181599114781674
USA,2016,pat_res_pm,0.12499826922183299,0.133146491839921
USA,2017,pat_res_pm,0.14118061903873258,0.15163263598056664
USA,2018,pat_res_pm,0.13407948443439555,0.14348370518815345
USA,2019,pat_res_pm,0.1942192323939631,0.2143624813694387
USA,2020,pat_res_pm,0.08656301822297241,0.09042008188848816
USA,2021,pat_res_pm,0.09206203549775882,0.09643283772795042
AUS,2000,mva_share,-0.3298033461637968,-0.2809348735556735
AUS,2001,mva_share,-0.37593282480200463,-0.3133515427608491
AUS,2002,mva_share,-0.3850543749955193,-0.31958636228980153
AUS,2003,mva_share,-0.335398413038845,-0.28494685690190225
AUS,2004,mva_share,-0.3249326494370126,-0.27742398209512187
AUS,2005,mva_share,-0.36220307957266273,-0.3038590185271154
AUS,2006,mva_share,-0.40464980010147933,-0.332789573026265
AUS,2007,mva_share,-0.45333771554247626,-0.36449652201963123
AUS,2008,mva_share,-0.43247688636842074,-0.3511001486067824
AUS,2009,mva_share,-0.4278885063122204,-0.34811590829146233
AUS,2010,mva_share,-0.51713395970686,-0.4037730880983649
AUS,2011,mva_share,-0.6069931033942269,-0.4550128722440411
AUS,2012,mva_share,-0.6367793381562552,-0.47100660771488023
AUS,2013,mva_share,-0.6859624607461281,-0.4963947040814086
AUS,2014,mva_share,-0.7339444978573231,-0.519988154786866
AUS,2015,mva_share,-0.7808626103296128,-0.5419892439551407
AUS,2016,mva_share,-0.8035203762483929,-0.5522500618822144
AUS,2017,mva_share,-0.8463554440739132,-0.571024488345538
AUS,2018,mva_share,-0.8589528502264454,-0.5763945715191697
AUS,2019,mva_share,-0.8689309728360537,-0.5806003406875978
AUS,2020,mva_share,-0.8474345190322237,-0.5714871354175655
AUS,2021,mva_share,-0.878472182374719,-0.5845828913299811
AUS,2022,mva_share,-0.912654768685768,-0.5985429674715178
AUS,2023,mva_share,-0.9058320864229099,-0.5957945887000186
AUT,2000,mva_share,0.24202513793634717,0.2738262137760019
AUT,2001,mva_share,0.25995081939827,0.2968663044321451
AUT,2002,mva_share,0.2537452194886356,0.288843390254798
AUT,2003,mva_share,0.25363297738575286,0.2886987358806967
AUT,2004,mva_share,0.24940833652625782,0.28326593045161896
AUT,2005,mva_share,0.2711314887197416,0.31144749960082185
AUT,2006,mva_share,0.3057537953178473,0.3576480061005962
AUT,2007,mva_share,0.33599096245873294,0.39932637828389383
AUT,2008,mva_share,0.33137540282433076,0.39288258622972894
AUT,2009,mva_share,0.34513321335478553,0.41217802811078164
AUT,2010,mva_share,0.32629682950903227,0.38582666207549265
AUT,2011,mva_share,0.33061359341609187,0.3918218792505439
AUT,2012,mva_share,0.3521857954050587,0.42217273233231123
AUT,2013,mva_share,0.35615272183877167,0.4278255917632383
AUT,2014,mva_share,0.3483678656144842,0.4167533287244707
AUT,2015,mva_share,0.3159106904380171,0.37150776139874453
AUT,2016,mva_share,0.35486146606965807,0.4259830935548128
AUT,2017,mva_share,0.35326932766800345,0.4237145375182594
AUT,2018,mva_share,0.3455875590643802,0.41281979091908694
AUT,2019,mva_share,0.34793908867356427,0.4161459877823426
AUT,2020,mva_share,0.31880651415482575,0.37548516224837414
AUT,2021,mva_share,0.32917664367847177,0.38982333741231256
AUT,2022,mva_share,0.30483235012869025,0.3563975840629654
AUT,2023,mva_share,0.266612967034074,0.3055350634293219
BEL,2000,mva_share,0.1520830255093104,0.16425689544118716
BEL,2001,mva_share,0.13357158427497762,0.1429030770950288
BEL,2002,mva_share,0.1444772893759274,0.1554354540055436
BEL,2003,mva_share,0.126372535666611,0.13470480756592673
BEL,2004,mva_share,0.12668837243033737,0.1350632456611176
BEL,2005,mva_share,0.13233525052617656,0.14149094056510592
BEL,2006,mva_share,0.08622961528652917,0.09005659322869031
BEL,2007,mva_share,0.10331932051820214,0.10884542964718391
BEL,2008,mva_share,0.05800458648117379,0.05971985608431085
BEL,2009,mva_share,0.04983241633406221,0.05109493527307296
BEL,2010,mva_share,0.04168498293042466,0.04256600092896767
BEL,2011,mva_share,0.020258300821716535,0.020464892907698484
BEL,2012,mva_share,0.00839167064734836,0.008426979412879065
BEL,2013,mva_share,0.025912910148055968,0.026251568484296994
BEL,2014,mva_share,0.009944800445926827,0.009994414304131949
BEL,2015,mva_share,-0.025335987637222335,-0.025017725000491486
BEL,2016,mva_share,-0.03688389977521789,-0.03621197513994234
BEL,2017,mva_share,-0.010453600813247643,-0.010399151822767627
BEL,2018,mva_share,-0.02049131464959908,-0.020282794375210078
BEL,2019,mva_share,0.0013068171270695927,0.0013076713846502663
BEL,2020,mva_share,-0.02745926102999574,-0.027085682726702198
BEL,2021,mva_share,-0.14870300829369043,-0.1381749682187896
BEL,2022,mva_share,-0.002432977631233957,-0.0024300203399842957
BEL,2023,mva_share,-0.03698296484768715,-0.0363074481413721
CAN,2000,mva_share,0.07800764753256617,0.08113092662243804
CAN,2001,mva_share,0.030715907138894494,0.031192507839548078
CAN,2002,mva_share,0.03509523182140306,0.03571833744699138
CAN,2003,mva_share,-0.011451898306214403,-0.011386574915536407
CAN,2004,mva_share,-0.030558227930525206,-0.03009604507715047
CAN,2005,mva_share,-0.07565869171158646,-0.07286740939830638
CAN,2006,mva_share,-0.12729975856273068,-0.11953029529739434
CAN,2007,mva_share,-0.17361121760103293,-0.15937634618344665
CAN,2008,mva_share,-0.25761656307373126,-0.22710846954979025
CAN,2009,mva_share,-0.23455657895877646,-0.20907851688857426
CAN,2010,mva_share,-0.26841030243499997,-0.2354059980456965
CAN,2011,mva_share,-0.27808229266272333,-0.2427654958934109
CAN,2012,mva_share,-0.2544796338869797,-0.22468015681846898
CAN,2013,mva_share,-0.28009775085090105,-0.24429013343737338
CAN,2014,mva_share,-0.30604134699755514,-0.2636438272902091
CAN,2015,mva_share,-0.2866728367377944,-0.24924269112720987
CAN,2016,mva_share,-0.28076689663152976,-0.24479564435685164
CAN,2017,mva_share,-0.29343433445764466,-0.25430181206763225
CAN,2018,mva_share,-0.27792185637590583,-0.2426439982552676
CAN,2019,mva_share,-0.32332063640785424,-0.2762582407970612
CAN,2020,mva_share,-0.35387105793355333,-0.29803452560097077
CAN,2021,mva_share,-0.3404569053692561,-0.2885548146353698
CAN,2022,mva_share,-0.37048395731390116,-0.30959987441690673
CHE,2000,mva_share,0.24463774018047912,0.2771585661609399
CHE,2001,mva_share,0.29500266719322754,0.34312994106858175
CHE,2002,mva_share,0.33822821614677556,0.4024605310245917
CHE,2003,mva_share,0.34416555721194264,0.41081218630627503
CHE,2004,mva_share,0.3468493980518148,0.4146036672591489
CHE,2005,mva_share,0.38272788614131903,0.4662789809460546
CHE,2006,mva_share,0.41230581534893185,0.5102962374830615
CHE,2007,mva_share,0.4370961295384803,0.548204898125505
CHE,2008,mva_share,0.47620763032101543,0.6099572572000613
CHE,2009,mva_share,0.4829512166929071,0.6208508326194639
CHE,2010,mva_share,0.45327250500143634,0.5734529018832686
CHE,2011,mva_share,0.4661728998411223,0.5938825575667832
CHE,2012,mva_share,0.4609357317977594,0.5855569471114423
CHE,2013,mva_share,0.48061308906502287,0.6170655035227905
CHE,2014,mva_share,0.4618035713948254,0.5869335534639011
CHE,2015,mva_share,0.4041449746135912,0.4980211062474962
CHE,2016,mva_share,0.43978293168721105,0.5523702115532478
CHE,2017,mva_share,0.4589514914950428,0.5824139403862623
CHE,2018,mva_share,0.4657765940078771,0.5932510177614316
CHE,2019,mva_share,0.5138423733082211,0.6717021741839639
CHE,2020,mva_share,0.5138876473862628,0.6717778606719653
CHE,2021,mva_share,0.5859751497772687,0.7967422244210263
CHE,2022,mva_share,0.5400736324768012,0.7161332206723161
CHE,2023,mva_share,0.5191458334653523,0.680591531399573
CHL,2000,mva_share,-0.22739724273188378,-0.20339572582907517
CHL,2001,mva_share,-0.16737721927286264,-0.15411953126774192
CHL,2002,mva_share,-0.15026887174413162,-0.13952341252138278
CHL,2003,mva_share,-0.16471856421821318,-0.15186763470227527
CHL,2004,mva_share,-0.21913089512066453,-0.19678342585803443
CHL,2005,mva_share,-0.29783283224020085,-0.25757456102775844
CHL,2006,mva_share,-0.3754476364237864,-0.313018308075214
CHL,2007,mva_share,-0.4522116522792232,-0.36378050183305466
CHL,2008,mva_share,-0.4826972066924622,-0.3828833461206286
CHL,2009,mva_share,-0.37555943270487946,-0.3130951057806213
CHL,2010,mva_share,-0.43698963805795454,-0.3540218750361612
CHL,2011,mva_share,-0.4332913163623493,-0.3516284169608168
CHL,2012,mva_share,-0.41683237817673824,-0.340868604508913
CHL,2013,mva_share,-0.382023382164268,-0.3175209048194888
CHL,2014,mva_share,-0.3994413133384809,-0.3293053504624456
CHL,2015,mva_share,-0.38611067438763635,-0.32030470334330197
CHL,2016,mva_share,-0.4415386706712283,-0.3569537768795418
CHL,2017,mva_share,-0.4921671336128921,-0.3886998115150512
CHL,2018,mva_share,-0.44590412912243105,-0.35975485001618934
CHL,2019,mva_share,-0.5035659650530508,-0.39562835564898613
CHL,2020,mva_share,-0.4989372783755792,-0.3928244244170912
CHL,2021,mva_share,-0.5516527212058029,-0.42400293927416544
CHL,2022,mva_share,-0.45713588587730314,-0.36690569435767695
CHL,2023,mva_share,-0.4393879565836354,-0.35556928001372046
CHN,2004,mva_share,0.10385064291557056,0.10943474060236613
CHN,2005,mva_share,0.14517109522618066,0.15623738004144183
CHN,2006,mva_share,0.1843475381325037,0.20243364203050085
CHN,2007,mva_share,0.21588366845144158,0.2409580080366147
CHN,2008,mva_share,0.25377971616449857,0.2888878518343536
CHN,2009,mva_share,0.3367198129982527,0.40034664983724055
CHN,2010,mva_share,0.3231145667267272,0.3814236070208945
CHN,2011,mva_share,0.34740631390473764,0.41539170188116725
CHN,2012,mva_share,0.35854623917048656,0.43124721028188695
CHN,2013,mva_share,0.3578333790688073,0.4302272948217474
CHN,2014,mva_share,0.3489602778886316,0.41759287944136747
CHN,2015,mva_share,0.2762158570822959,0.31813236152643753
CHN,2016,mva_share,0.27023036190116034,0.31026625139492325
CHN,2017,mva_share,0.29348067701525027,0.3410872653510313
CHN,2018,mva_share,0.2918403510963019,0.3388892483750572
CHN,2019,mva_share,0.27514952130709824,0.3167275389722852
CHN,2020,mva_share,0.2682855889698259,0.30772055725724257
CHN,2021,mva_share,0.3036262540568293,0.3547626244223392
CHN,2022,mva_share,0.27255450439687134,0.3133150384058421
CHN,2023,mva_share,0.2551569473389641,0.2906641712847795
COL,2000,mva_share,-0.45813221728180187,-0.3675361519718843
COL,2001,mva_share,-0.43536111256186505,-0.35296902612678327
COL,2002,mva_share,-0.4184875658358962,-0.34195868826503284
COL,2003,mva_share,-0.3831190629242207,-0.3182682745190787
COL,2004,mva_share,-0.36287285479301934,-0.3043251203972148
COL,2005,mva_share,-0.2368695815948576,-0.21090580628668332
COL,2006,mva_share,-0.2221168187774447,-0.1991781921543554
COL,2007,mva_share,-0.19228612789054944,-0.17492924104128293
COL,2008,mva_share,-0.20896972407971504,-0.1885801982472357
COL,2009,mva_share,-0.16538537305396606,-0.15243298834499364
COL,2010,mva_share,-0.24923292725463808,-0.22060159089181575
COL,2011,mva_share,-0.301724194697675,-0.26045799362918276
COL,2012,mva_share,-0.291244804974248,-0.25266729514093267
COL,2013,mva_share,-0.30189024399966424,-0.26058078386823347
COL,2014,mva_share,-0.33873746957131523,-0.28733047803293155
COL,2015,mva_share,-0.35984126181824383,-0.3022129172670911
COL,2016,mva_share,-0.3534355538545393,-0.29772875019515754
COL,2017,mva_share,-0.4208911988238273,-0.3435384786905532
COL,2018,mva_share,-0.4476921383688306,-0.3608985914494841
COL,2019,mva_share,-0.45357480131976713,-0.3646471729963716
COL,2020,mva_share,-0.4756158093081222,-0.37849778824956526
COL,2021,mva_share,-0.43553658948506735,-0.3530825551701402
COL,2022,mva_share,-0.4414434372195246,-0.35689253445199143
COL,2023,mva_share,-0.4569275120756138,-0.3667737603450639
CRI,2000,mva_share,-0.030779869467462362,-0.03031099225890921
CRI,2001,mva_share,-0.0718402351776608,-0.06932042620910461
CRI,2002,mva_share,-0.047636403749536704,-0.04651959404047967
CRI,2003,mva_share,-0.042469095829107406,-0.04157991575865616
CRI,2004,mva_share,-0.04823165851837663,-0.047086988910117866
CRI,2005,mva_share,-0.02874990057282112,-0.028340554448631372
CRI,2006,mva_share,-0.03564609698668164,-0.03501825699380123
CRI,2007,mva_share,-0.03671793125030076,-0.036052003388352905
CRI,2008,mva_share,-0.06459188061305765,-0.06255002317365155
CRI,2009,mva_share,-0.05535519243167064,-0.053850976709755805
CRI,2010,mva_share,-0.05158801767405574,-0.05027994586687057
CRI,2011,mva_share,-0.07346978330891218,-0.07083577836440735
CRI,2012,mva_share,-0.08098416289082344,-0.07779170355756837
CRI,2013,mva_share,-0.1431344830766017,-0.13336248702077835
CRI,2014,mva_share,-0.1943585962972625,-0.17663740345481227
CRI,2015,mva_share,-0.280885276622064,-0.2448850401498831
CRI,2016,mva_share,-0.2625154648444643,-0.23088552995905565
CRI,2017,mva_share,-0.22609238076570604,-0.20235558873953474
CRI,2018,mva_share,-0.21053467549853666,-0.1898490377222236
CRI,2019,mva_share,-0.1847543299395622,-0.1686915136260344
CRI,2020,mva_share,-0.12026958307069835,-0.1133186297920481
CRI,2021,mva_share,-0.05573485511226339,-0.054210126002072756
CRI,2022,mva_share,-0.025366000721675608,-0.025046986786731007
CRI,2023,mva_share,-0.03319118896006934,-0.03264640541980557
CZE,2000,mva_share,0.3235695742360951,0.3820523081567293
CZE,2001,mva_share,0.35118349718657216,0.4207480052562931
CZE,2002,mva_share,0.3217470832279443,0.3795358240836535
CZE,2003,mva_share,0.3144269545488254,0.36947431503257633
CZE,2004,mva_share,0.3737718202464708,0.4532055205451704
CZE,2005,mva_share,0.3982158350783669,0.4891654093563804
CZE,2006,mva_share,0.4445429128821674,0.5597770788573548
CZE,2007,mva_share,0.4610915893694765,0.5858040874258825
CZE,2008,mva_share,0.4388074507101063,0.550856642291486
CZE,2009,mva_share,0.4360944737748347,0.5466549061747727
CZE,2010,mva_share,0.4247349005866399,0.5291849798837429
CZE,2011,mva_share,0.4742742673196112,0.6068476323905463
CZE,2012,mva_share,0.4803734460122202,0.6166780314382956
CZE,2013,mva_share,0.49712587203983105,0.643989438001134
CZE,2014,mva_share,0.564892815549952,0.7592592073851883
CZE,2015,mva_share,0.5499634851252861,0.7331897295060907
CZE,2016,mva_share,0.5688682460639356,0.7662669402685935
CZE,2017,mva_share,0.5622600675832361,0.7546336129679725
CZE,2018,mva_share,0.5241094034733016,0.6889540018052298
CZE,2019,mva_share,0.5348279674737371,0.7071545308843121
CZE,2020,mva_share,0.47631197794115243,0.6101252611736274
CZE,2021,mva_share,0.4106858157292561,0.5078515388927898
CZE,2022,mva_share,0.38681669070545865,0.4722865827206768
CZE,2023,mva_share,0.44401748248875483,0.5589577398448349
DEU,2000,mva_share,0.1928665055125256,0.21272089115900883
DEU,2001,mva_share,0.19474543204523131,0.21500164663317012
DEU,2002,mva_share,0.18614091269227862,0.20459199071927858
DEU,2003,mva_share,0.20572518675872198,0.2284155727394861
DEU,2004,mva_share,0.221254730878234,0.24764120282846003
DEU,2005,mva_share,0.23823518123951226,0.2690076045145
DEU,2006,mva_share,0.2802872998354422,0.32351000192637813
DEU,2007,mva_share,0.3045914165082255,0.3560708216478541
DEU,2008,mva_share,0.2978795101910685,0.3469994783916486
DEU,2009,mva_share,0.2398594699327763,0.2710705141450229
DEU,2010,mva_share,0.32890163954308127,0.38944118279652007
DEU,2011,mva_share,0.36795228902631516,0.44477310579782636
DEU,2012,mva_share,0.37960366562030234,0.46170515061187767
DEU,2013,mva_share,0.37999616438355455,0.4622789806821619
DEU,2014,mva_share,0.38887616105479283,0.4753218377195336
DEU,2015,mva_share,0.35590416019582083,0.42747073319224427
DEU,2016,mva_share,0.38495967156588895,0.4695550553918748
DEU,2017,mva_share,0.382254447814375,0.46558495258125965
DEU,2018,mva_share,0.36494066532067304,0.4404285382481672
DEU,2019,mva_share,0.3536363750627607,0.42423720414597743
DEU,2020,mva_share,0.3186841767786053,0.37531689929522827
DEU,2021,mva_share,0.3077423400225445,0.3603504359146983
DEU,2022,mva_share,0.28484110348616154,0.32955075035706516
DEU,2023,mva_share,0.3254087926323481,0.38459654317119285
DNK,2000,mva_share,-0.0027797147742414374,-0.0027758549443653857
DNK,2001,mva_share,-0.0014795819034469915,-0.0014784878617837283
DNK,2002,mva_share,0.013880437738628348,0.013977218281536086
DNK,2003,mva_share,-0.019758176803250205,-0.019564263254051695
DNK,2004,mva_share,-0.051002087594801626,-0.04972331326231505
DNK,2005,mva_share,-0.08825647634307021,-0.08447396416061026
DNK,2006,mva_share,-0.07246814632234955,-0.06990462685337995
DNK,2007,mva_share,-0.07310043225681717,-0.07049252719538923
DNK,2008,mva_share,-0.058804676632520536,-0.05710908019832628
DNK,2009,mva_share,-0.04339614757424348,-0.042468009052502476
DNK,2010,mva_share,-0.10045540955736065,-0.09557455975563944
DNK,2011,mva_share,-0.09855768093712314,-0.09385657609502762
DNK,2012,mva_share,-0.06313698220558761,-0.061185136049990874
DNK,2013,mva_share,0.004744360604193254,0.004755632902530449
DNK,2014,mva_share,-0.0034792790590132405,-0.0034732333811938743
DNK,2015,mva_share,0.017361414161397803,0.017512999486792857
DNK,2016,mva_share,0.07045470596677417,0.07299596801501784
DNK,2017,mva_share,0.08912809180056103,0.09322067996350603
DNK,2018,mva_share,0.08638767609660558,0.09022890207412426
DNK,2019,mva_share,0.13173896100667593,0.14081048437525134
DNK,2020,mva_share,0.09944156712882846,0.10455392659692686
DNK,2021,mva_share,0.067827533877447,0.07018072264216513
DNK,2022,mva_share,0.0749783281254186,0.07786079136762347
DNK,2023,mva_share,0.3269748434090247,0.38676659042159467
ESP,2000,mva_share,-0.03855862961186096,-0.03782470887778122
ESP,2001,mva_share,-0.05094366583743115,-0.04966779480656058
ESP,2002,mva_share,-0.06711457782498309,-0.0649119451569039
ESP,2003,mva_share,-0.08839106323531398,-0.08459717367316344
ESP,2004,mva_share,-0.12624556971112932,-0.11860162453934797
ESP,2005,mva_share,-0.14481597494741738,-0.13481850646830018
ESP,2006,mva_share,-0.1677679863964241,-0.15445000897126915
ESP,2007,mva_share,-0.19279572882126494,-0.17534959075355538
ESP,2008,mva_share,-0.18290162194141812,-0.16714991411850066
ESP,2009,mva_share,-0.1994170764551808,-0.18079185035985157
ESP,2010,mva_share,-0.25279105716943295,-0.2233698638288385
ESP,2011,mva_share,-0.25550526969408516,-0.22547494496033493
ESP,2012,mva_share,-0.28205147682477083,-0.24576514208185507
ESP,2013,mva_share,-0.26434098854776034,-0.23228828588300754
ESP,2014,mva_share,-0.2605009871591246,-0.22933460439370168
ESP,2015,mva_share,-0.2862208547387608,-0.24890328564114939
ESP,2016,mva_share,-0.27305838388277603,-0.23895164662602553
ESP,2017,mva_share,-0.24475708955590747,-0.21710531155735435
ESP,2018,mva_share,-0.2752933654756191,-0.24065067632978188
ESP,2019,mva_share,-0.2690585396313372,-0.23590147570698417
ESP,2020,mva_share,-0.2642561254998923,-0.23222313276255646
ESP,2021,mva_share,-0.2361551909041908,-0.21034188333396475
ESP,2022,mva_share,-0.2588692994372086,-0.22807609266013584
ESP,2023,mva_share,-0.25441774983090815,-0.22463217539719293
EST,2000,mva_share,-0.0584897322594089,-0.05681207524111165
EST,2001,mva_share,0.0012811648178074897,0.0012819858600454648
EST,2002,mva_share,0.014822395044075787,0.014932791513791788
EST,2003,mva_share,0.05303082290158523,0.05446214620142231
EST,2004,mva_share,0.015167566717496861,0.015283178032120093
EST,2005,mva_share,0.03414585759352917,0.034735519754795385
EST,2006,mva_share,0.04664549127323259,0.047750506535057635
EST,2007,mva_share,0.029381703497703082,0.02981760444533199
EST,2008,mva_share,0.039573940210927194,0.04036742102765567
EST,2009,mva_share,-0.020470611245087866,-0.02026251068362539
EST,2010,mva_share,0.06386334722890874,0.06594672423461567
EST,2011,mva_share,0.12810543160892385,0.13667283762584548
EST,2012,mva_share,0.10378526228062235,0.10936220742575031
EST,2013,mva_share,0.09938944449689524,0.10449635583954309
EST,2014,mva_share,0.12428357477479901,0.132336927664497
EST,2015,mva_share,0.07012424295021802,0.07264144111291615
EST,2016,mva_share,0.08606697056491974,0.08987931569456453
EST,2017,mva_share,0.08536516185157828,0.08911469723365206
EST,2018,mva_share,0.07786637413815667,0.08097820237482334
EST,2019,mva_share,0.07146718019878984,0.07408289893561282
EST,2020,mva_share,0.05754300100245624,0.059230817662433655
EST,2021,mva_share,0.08665004849859548,0.09051498557844706
EST,2022,mva_share,-0.015031678586244546,-0.01491926685618572
EST,2023,mva_share,-0.06511222975629449,-0.06303769757443856
FIN,2000,mva_share,0.4916564320664092,0.6350222814694322
FIN,2001,mva_share,0.48191256427173634,0.6191682059612016
FIN,2002,mva_share,0.47643248874618793,0.6103193103573363
FIN,2003,mva_share,0.45562622546287823,0.5771607320596419
FIN,2004,mva_share,0.44525848347613417,0.5608936088985186
FIN,2005,mva_share,0.4507451548117749,0.5694812563768559
FIN,2006,mva_share,0.4911930976418186,0.634264894836654
FIN,2007,mva_share,0.5238751030413824,0.688558325508489
FIN,2008,mva_share,0.49108008310265117,0.6340802095789428
FIN,2009,mva_share,0.33540916988242486,0.39851249736307226
FIN,2010,mva_share,0.3291768180153345,0.389823579709774
FIN,2011,mva_share,0.2835187620355515,0.3277937921944971
FIN,2012,mva_share,0.18028942278116444,0.19756391524832417
FIN,2013,mva_share,0.19510846132636406,0.21544280787990244
FIN,2014,mva_share,0.17825421837496025,0.19512910639857584
FIN,2015,mva_share,0.15906152267187146,0.17241007426225186
FIN,2016,mva_share,0.17023507955074857,0.18558352500627318
FIN,2017,mva_share,0.22632037616618605,0.25397734538478356
FIN,2018,mva_share,0.18520625585712747,0.20346663657348096
FIN,2019,mva_share,0.19501694581305884,0.21533158109701178
FIN,2020,mva_share,0.19178722739097864,0.21141273409327122
FIN,2021,mva_share,0.2038705103179579,0.22613937077881174
FIN,2022,mva_share,0.244824644719563,0.27739729520316114
FIN,2023,mva_share,0.16571450621300343,0.18023610354537078
FRA,2000,mva_share,-0.15295596709756643,-0.1418324914143657
FRA,2001,mva_share,-0.1745397721771389,-0.16015654883755004
FRA,2002,mva_share,-0.18539929753703,-0.16922750779522944
FRA,2003,mva_share,-0.20369546489166268,-0.18428925407365837
FRA,2004,mva_share,-0.2319585021217847,-0.20702097042889467
FRA,2005,mva_share,-0.2481379668809902,-0.2197477131227098
FRA,2006,mva_share,-0.2813841924765974,-0.24526168501048873
FRA,2007,mva_share,-0.27413779147260353,-0.23977268479774871
FRA,2008,mva_share,-0.29069278523928643,-0.2522546388525396
FRA,2009,mva_share,-0.2648523361303017,-0.23268075305998703
FRA,2010,mva_share,-0.3188948081747536,-0.2730479853062069
FRA,2011,mva_share,-0.3200602210337906,-0.27389469105531794
FRA,2012,mva_share,-0.3124029748908095,-0.26831338252329495
FRA,2013,mva_share,-0.2968048104147001,-0.2568109390298994
FRA,2014,mva_share,-0.31504413324819325,-0.2702433329737497
FRA,2015,mva_share,-0.3357983743731592,-0.28523279332555285
FRA,2016,mva_share,-0.33677076544425866,-0.2859274887626789
FRA,2017,mva_share,-0.3402522136557433,-0.2884091727959769
FRA,2018,mva_share,-0.35473757164018505,-0.2986425248482363
FRA,2019,mva_share,-0.3363426427465299,-0.28562171266262004
FRA,2020,mva_share,-0.407218513521729,-0.33450124606423504
FRA,2021,mva_share,-0.43197736204491166,-0.3507759263757866
FRA,2022,mva_share,-0.4184531458626539,-0.341936038110884
FRA,2023,mva_share,-0.35772987797516187,-0.30073806445239626
GBR,2000,mva_share,-0.240015153709622,-0.2133840591733156
GBR,2001,mva_share,-0.2886149635569599,-0.2506993420731656
GBR,2002,mva_share,-0.29877538645379564,-0.2582740075686166
GBR,2003,mva_share,-0.3204082878220631,-0.2741473802192459
GBR,2004,mva_share,-0.3724804077879469,-0.31097684908667844
GBR,2005,mva_share,-0.38542799133805783,-0.3198405284612619
GBR,2006,mva_share,-0.41689047545827274,-0.3409068971388055
GBR,2007,mva_share,-0.4481219683470603,-0.36117323736425566
GBR,2008,mva_share,-0.4305575529598409,-0.34985349745628525
GBR,2009,mva_share,-0.3932237838147472,-0.32512229602087805
GBR,2010,mva_share,-0.40727170568575,-0.33453664444164366
GBR,2011,mva_share,-0.42889094469824496,-0.34876905450411744
GBR,2012,mva_share,-0.40752864661069177,-0.33470760724712445
GBR,2013,mva_share,-0.36749346968659014,-0.30753215117404265
GBR,2014,mva_share,-0.39159055509692475,-0.32401916578694323
GBR,2015,mva_share,-0.43060378661334386,-0.3498835554095602
GBR,2016,mva_share,-0.4424236018289176,-0.3575225768067074
GBR,2017,mva_share,-0.43912878254150733,-0.3554022386536929
GBR,2018,mva_share,-0.444661411245288,-0.3589587113371253
GBR,2019,mva_share,-0.4345432362219932,-0.35243961833654625
GBR,2020,mva_share,-0.4302595016877713,-0.3496596915835618
GBR,2021,mva_share,-0.47471705616483906,-0.37793896009653405
GBR,2022,mva_share,-0.572459451687918,-0.43586373479244034
GBR,2023,mva_share,-0.5332834438216181,-0.4133245122664446
GRC,2000,mva_share,-0.5169772362757787,-0.40367963804831364
GRC,2001,mva_share,-0.4526437547069544,-0.36405535443626735
GRC,2002,mva_share,-0.43331228983090364,-0.35164201541922124
GRC,2003,mva_share,-0.4333789696527033,-0.3516852463727633
GRC,2004,mva_share,-0.4573325319798962,-0.36703017764547763
GRC,2005,mva_share,-0.4518468296147713,-0.36354835219640746
GRC,2006,mva_share,-0.4775930230801051,-0.3797254169398411
GRC,2007,mva_share,-0.4741023038833245,-0.3775564290841529
GRC,2008,mva_share,-0.46046241185704107,-0.36900820005428825
GRC,2009,mva_share,-0.4700959429610245,-0.37505769340906814
GRC,2010,mva_share,-0.5339655729569812,-0.41372456425056203
GRC,2011,mva_share,-0.5477154224966876,-0.42173059627949405
GRC,2012,mva_share,-0.5506488581178806,-0.42342442676105463
GRC,2013,mva_share,-0.5835234764900705,-0.4420709507070607
GRC,2014,mva_share,-0.5906194120873636,-0.44601596596822124
GRC,2015,mva_share,-0.5626629503611951,-0.43031001402191005
GRC,2016,mva_share,-0.5713326429214947,-0.4352277028274476
GRC,2017,mva_share,-0.5705846604035147,-0.43480510499433034
GRC,2018,mva_share,-0.5500986721671115,-0.4231071156990621
GRC,2019,mva_share,-0.575323949148836,-0.4374773894335453
GRC,2020,mva_share,-0.5069667141671585,-0.3976801811337921
GRC,2021,mva_share,-0.4801823947041277,-0.3813294607153628
GRC,2022,mva_share,-0.36411353573234617,-0.3051876957592552
GRC,2023,mva_share,-0.43245270860762375,-0.35108445947173095
HUN,2000,mva_share,0.06860991042779041,0.07101833456542739
HUN,2001,mva_share,0.0899271284908032,0.09409455247893517
HUN,2002,mva_share,0.0910404308146,0.09531328877175738
HUN,2003,mva_share,0.11919413878661178,0.1265886116053061
HUN,2004,mva_share,0.15068391062492248,0.16262910528777663
HUN,2005,mva_share,0.17901033389885734,0.1960331037891465
HUN,2006,mva_share,0.2276915087047997,0.25569789380613406
HUN,2007,mva_share,0.2042518188576663,0.22660699734109735
HUN,2008,mva_share,0.19375284825604533,0.21379625402043612
HUN,2009,mva_share,0.20077363794620195,0.22234804729010116
HUN,2010,mva_share,0.22530354877131176,0.2527029149151585
HUN,2011,mva_share,0.2392790674080567,0.2703329956590159
HUN,2012,mva_share,0.2546394518621846,0.28999643120523566
HUN,2013,mva_share,0.28615293008266995,0.331296034897844
HUN,2014,mva_share,0.3213643468823859,0.3790079266129953
HUN,2015,mva_share,0.3336656597106229,0.39607630098224744
HUN,2016,mva_share,0.31991453111512147,0.3770100677913719
HUN,2017,mva_share,0.31395006494661537,0.36882138267194486
HUN,2018,mva_share,0.28377216331863364,0.32813029947899586
HUN,2019,mva_share,0.24654586568315073,0.279597871502238
HUN,2020,mva_share,0.25032268931805346,0.28443982483276065
HUN,2021,mva_share,0.200288662625149,0.2217553823789724
HUN,2022,mva_share,0.2112689144187887,0.23524448545493515
HUN,2023,mva_share,0.24267748763201968,0.2746574650226683
IRL,2000,mva_share,0.48967172488471267,0.6317804591033769
IRL,2001,mva_share,0.5931309583200166,0.8096454793306522
IRL,2002,mva_share,0.681211011945396,0.9762695697225046
IRL,2003,mva_share,0.5646339100140971,0.7588037843957032
IRL,2004,mva_share,0.47408922739382753,0.6065503289312564
IRL,2005,mva_share,0.42057225843516033,0.5228327602101392
IRL,2006,mva_share,0.3758865779529823,0.45628194992372273
IRL,2007,mva_share,0.3550670626228225,0.4262763009038957
IRL,2008,mva_share,0.34656272717237524,0.41419819970244465
IRL,2009,mva_share,0.566335894469502,0.7617997899510702
IRL,2010,mva_share,0.4908872150618673,0.633765078120808
IRL,2011,mva_share,0.5390187164057489,0.7143237987197117
IRL,2012,mva_share,0.5027021158921245,0.6531823310841072
IRL,2013,mva_share,0.493129305630581,0.6374322369087981
IRL,2014,mva_share,0.5239391529714816,0.6886664810148457
IRL,2015,mva_share,1.1083245190686122,2.029278641509723
IRL,2016,mva_share,1.0534970388883336,1.8676619290478964
IRL,2017,mva_share,1.0637190631932287,1.897125571465617
IRL,2018,mva_share,1.0898058324348683,1.9736966210713507
IRL,2019,mva_share,1.0820618730400362,1.9507573701358236
IRL,2020,mva_share,1.1595746679509413,2.1885767837597805
IRL,2021,mva_share,1.1862559558459518,2.2747972404116785
IRL,2022,mva_share,1.2609948132971853,2.5289303685906654
IRL,2023,mva_share,1.0415839892339007,1.8337020148011272
ISL,2000,mva_share,-0.10277199222767619,-0.09766731110544147
ISL,2001,mva_share,0.05722406513057532,0.05889304482487989
ISL,2002,mva_share,-0.06339279879974535,-0.061425269754628364
ISL,2003,mva_share,-0.09875019880190505,-0.09403100810100651
ISL,2004,mva_share,-0.13378787273004766,-0.12522439131515029
ISL,2005,mva_share,-0.2989234407601571,-0.2583838151669918
ISL,2006,mva_share,-0.23837364176238296,-0.2120917593359305
ISL,2007,mva_share,-0.36814077830820136,-0.30798024653913336
ISL,2008,mva_share,-0.005897268249608789,-0.005879913495177913
ISL,2009,mva_share,0.06092141163401932,0.06281538598054226
ISL,2010,mva_share,0.20167029796101144,0.2234445694386027
ISL,2011,mva_share,0.2057008569322023,0.22838568596527864
ISL,2012,mva_share,0.10652027024774746,0.11240047485037241
ISL,2013,mva_share,0.0832897134882793,0.08685663996900628
ISL,2014,mva_share,0.09983570500953176,0.10498935894523287
ISL,2015,mva_share,0.0028759837889174023,0.002880123397825951
ISL,2016,mva_share,-0.09783917479096527,-0.09320527252086053
ISL,2017,mva_share,-0.1664811817415366,-0.1533612509476634
ISL,2018,mva_share,-0.13977545152135296,-0.13044652961299663
ISL,2019,mva_share,-0.20314927290065699,-0.1838435977013647
ISL,2020,mva_share,-0.1522859714507283,-0.14125733026313725
ISL,2021,mva_share,-0.05400383215762794,-0.052571524200418884
ISL,2022,mva_share,-0.06058995677740331,-0.058790902927180255
ISL,2023,mva_share,-0.19598344250710253,-0.17797415474739797
ISR,2000,mva_share,0.03402720522456448,0.03461275321753887
ISR,2001,mva_share,-0.043929949923026346,-0.04297900548062439
ISR,2002,mva_share,-0.06948760996442971,-0.06712830837360595
ISR,2003,mva_share,-0.08236970794845755,-0.07906857991567773
ISR,2004,mva_share,-0.09003907951556966,-0.08610453001888352
ISR,2005,mva_share,-0.01805233001235962,-0.01789036279589551
ISR,2006,mva_share,0.011714744870861882,0.011783631227113567
ISR,2007,mva_share,0.05086652933849356,0.05218244842336173
ISR,2008,mva_share,0.04663772256372489,0.04774236689735312
ISR,2009,mva_share,0.06889623688528923,0.07132503935783263
ISR,2010,mva_share,0.045051620175272866,0.046081857443854846
ISR,2011,mva_share,0.01020742260919505,0.010259696055014311
ISR,2012,mva_share,0.03835624121202574,0.03910133767124324
ISR,2013,mva_share,-0.0022793837133181505,-0.0022767878909282224
ISR,2014,mva_share,-0.0488837483450677,-0.047708171235022245
ISR,2015,mva_share,-0.05231822197629876,-0.050973182403371675
ISR,2016,mva_share,-0.10136301013127325,-0.09639504441177182
ISR,2017,mva_share,-0.13950247220666556,-0.13020912710105303
ISR,2018,mva_share,-0.12557847834435742,-0.11801345513283656
ISR,2019,mva_share,-0.1142528897158992,-0.107967658449589
ISR,2020,mva_share,-0.05013803292069552,-0.048901867413489675
ISR,2021,mva_share,-0.091827667562145,-0.08773765160606706
ISR,2022,mva_share,-0.08282965013085253,-0.07949205772774748
ISR,2023,mva_share,-0.12691440065142823,-0.11919093394743419
ITA,2000,mva_share,0.07481286467961512,0.07768245956109188
ITA,2001,mva_share,0.06020070207048267,0.062049680726285805
ITA,2002,mva_share,0.061773995021080275,0.06372191111136272
ITA,2003,mva_share,0.03522874941666698,0.03585663330103772
ITA,2004,mva_share,0.021143097214575413,0.021368196124766037
ITA,2005,mva_share,0.014927496563457598,0.01503946809808765
ITA,2006,mva_share,0.026388860311275852,0.026740129341908947
ITA,2007,mva_share,0.06105846630130074,0.06296105977205801
ITA,2008,mva_share,0.05592147144586601,0.057514635380528256
ITA,2009,mva_share,0.0016518142910708633,0.0016531792877672036
ITA,2010,mva_share,0.00661281759671839,0.006634730550494794
ITA,2011,mva_share,-0.0033807846404907416,-0.003375076222886908
ITA,2012,mva_share,-0.022398725560886845,-0.022149736584196722
ITA,2013,mva_share,-0.011857965062209708,-0.011787936466687299
ITA,2014,mva_share,-0.01835663830153944,-0.018189181430580348
ITA,2015,mva_share,-0.021363214155499577,-0.021136637036127892
ITA,2016,mva_share,0.022438594385775,0.02269223319155733
ITA,2017,mva_share,0.044965207686609165,0.04599146681270305
ITA,2018,mva_share,0.0515375596248715,0.05288873165526664
ITA,2019,mva_share,0.055949068991483664,0.05754382059163787
ITA,2020,mva_share,0.03117430002597832,0.03166530750607888
ITA,2021,mva_share,0.0883700526323512,0.09239228988432768
ITA,2022,mva_share,0.08657250894320523,0.09043043080953095
ITA,2023,mva_share,0.1035829117831999,0.10913775014154359
JPN,2000,mva_share,0.21395183555844222,0.2385629986616471
JPN,2001,mva_share,0.17457635881785016,0.19074166253940894
JPN,2002,mva_share,0.17088692302768616,0.18635659182532183
JPN,2003,mva_share,0.19706428261520648,0.2178223229935652
JPN,2004,mva_share,0.21380947352320545,0.23838668686273956
JPN,2005,mva_share,0.2386485698758305,0.26953230628300995
JPN,2006,mva_share,0.2507966280965084,0.2850487149512628
JPN,2007,mva_share,0.2906403047423214,0.3372834829033675
JPN,2008,mva_share,0.29626977600877913,0.3448329115539459
JPN,2009,mva_share,0.2565200214798016,0.2924246417945018
JPN,2010,mva_share,0.32253195372455945,0.3806190060741885
JPN,2011,mva_share,0.25540142155216206,0.29097974396567694
JPN,2012,mva_share,0.27666249860911574,0.31872122567274164
JPN,2013,mva_share,0.26742044619895555,0.30658968152583044
JPN,2014,mva_share,0.26933512047992103,0.3090937716783342
JPN,2015,mva_share,0.2714741044871922,0.3118968991736626
JPN,2016,mva_share,0.28378116558128896,0.32814225571060884
JPN,2017,mva_share,0.3014878561657799,0.35186869816906574
JPN,2018,mva_share,0.3082620432201235,0.36105759812738625
JPN,2019,mva_share,0.3069264491018253,0.35924099099960016
JPN,2020,mva_share,0.30038455049945956,0.350377996275395
JPN,2021,mva_share,0.28216631059849373,0.3259992293751992
JPN,2022,mva_share,0.2286739034844767,0.2569320909970392
JPN,2023,mva_share,0.27555063817226744,0.31725580653643126
KOR,2000,mva_share,0.36116285628112044,0.434997140147634
KOR,2001,mva_share,0.3212164214704809,0.3788039513843626
KOR,2002,mva_share,0.34363296012163014,0.4100609919006051
KOR,2003,mva_share,0.3513441581108756,0.4209762822811278
KOR,2004,mva_share,0.43977132384218676,0.5523521919849961
KOR,2005,mva_share,0.4517084451806137,0.5709938509721346
KOR,2006,mva_share,0.45216971660404237,0.5717186726988932
KOR,2007,mva_share,0.47909412808952956,0.6146111086650337
KOR,2008,mva_share,0.5184784119264858,0.679470242641238
KOR,2009,mva_share,0.61102848894221,0.8423252358524831
KOR,2010,mva_share,0.656178185388554,0.9274120288513192
KOR,2011,mva_share,0.6848704449751168,0.9835148445752391
KOR,2012,mva_share,0.6946224634633009,1.0029527433370489
KOR,2013,mva_share,0.7191076825405918,1.0526008216787588
KOR,2014,mva_share,0.6913100694180954,0.9963291506278602
KOR,2015,mva_share,0.644120551488681,0.9043115486738837
KOR,2016,mva_share,0.6513803715919702,0.9181868129579165
KOR,2017,mva_share,0.6846812330754313,0.9831395754672525
KOR,2018,mva_share,0.6760035477484303,0.9660049661683858
KOR,2019,mva_share,0.6408087737213548,0.8980153236286661
KOR,2020,mva_share,0.6284934345106579,0.8747839657370355
KOR,2021,mva_share,0.6380200576404751,0.8927296712912576
KOR,2022,mva_share,0.6404340822631638,0.8973042867174341
KOR,2023,mva_share,0.6127820960093726,0.8455587847645643
LTU,2000,mva_share,-0.06483435764057965,-0.0627773057009735
LTU,2001,mva_share,-0.015792195294214828,-0.015668152406359215
LTU,2002,mva_share,-0.03438897133473162,-0.03380439085973974
LTU,2003,mva_share,0.027305677802988093,0.02768189429925849
LTU,2004,mva_share,0.12576740777636752,0.134018373750745
LTU,2005,mva_share,0.16720016147323458,0.18199083065795163
LTU,2006,mva_share,0.15534855323161034,0.16806502299813175
LTU,2007,mva_share,0.08419020093784058,0.08783578151894567
LTU,2008,mva_share,0.10608137356159153,0.11191235309362879
LTU,2009,mva_share,0.11854253513895419,0.1258547614722516
LTU,2010,mva_share,0.2063272302444341,0.22915535500100193
LTU,2011,mva_share,0.29512318748317634,0.34329182523348556
LTU,2012,mva_share,0.34231673221584913,0.4082062511727358
LTU,2013,mva_share,0.31211956577025735,0.3663180481332875
LTU,2014,mva_share,0.2947912781423949,0.3428460481121829
LTU,2015,mva_share,0.25786084831579315,0.29415872172837565
LTU,2016,mva_share,0.25381739691337035,0.2889364190088406
LTU,2017,mva_share,0.26882967349593745,0.3084322613729653
LTU,2018,mva_share,0.2644381678638399,0.30269887204786916
LTU,2019,mva_share,0.25559247588054124,0.2912264147966259
LTU,2020,mva_share,0.2364838436619685,0.2667870888143793
LTU,2021,mva_share,0.2568471357988096,0.29284748155577134
LTU,2022,mva_share,0.26279509118492905,0.3005601953975767
LTU,2023,mva_share,0.19001020693422577,0.20926194045134827
LUX,2000,mva_share,-0.1236675085782366,-0.11632639406352308
LUX,2001,mva_share,-0.16619854309170767,-0.1531219242948506
LUX,2002,mva_share,-0.18552905111591134,-0.1693352965061924
LUX,2003,mva_share,-0.15258024698275374,-0.1415100000400571
LUX,2004,mva_share,-0.21028870419124557,-0.18964973932108975
LUX,2005,mva_share,-0.2505330800504648,-0.22161426945139806
LUX,2006,mva_share,-0.3376938031536769,-0.2865863005169881
LUX,2007,mva_share,-0.19928088801369803,-0.180680276081311
LUX,2008,mva_share,-0.35055875733760766,-0.29570554993737697
LUX,2009,mva_share,-0.6407202683755393,-0.4730872312713795
LUX,2010,mva_share,-0.6058942351675063,-0.4544136740457425
LUX,2011,mva_share,-0.6373731458283711,-0.4713206348046428
LUX,2012,mva_share,-0.6916207291653589,-0.4992361914927358
LUX,2013,mva_share,-0.6768883180944676,-0.4918041214844713
LUX,2014,mva_share,-0.6521696935539547,-0.4790856747003549
LUX,2015,mva_share,-0.5416002963422224,-0.41818357172650833
LUX,2016,mva_share,-0.4681358008937,-0.3738315163562539
LUX,2017,mva_share,-0.6565978926178542,-0.4813872872676952
LUX,2018,mva_share,-0.6250098221078748,-0.46474382885068266
LUX,2019,mva_share,-0.5950946116727491,-0.44848961592061076
LUX,2020,mva_share,-0.6085863002515697,-0.4558804527265119
LUX,2021,mva_share,-0.6785593879417227,-0.49265264312663615
LUX,2022,mva_share,-0.8706232528445366,-0.5813094821444241
LUX,2023,mva_share,-0.8311527120723907,-0.5644530633670648
LVA,2000,mva_share,-0.2576282486791981,-0.2271175012025135
LVA,2001,mva_share,-0.237495953819725,-0.21139991820728288
LVA,2002,mva_share,-0.18874325784864343,-0.17200093833193064
LVA,2003,mva_share,-0.2313688386387014,-0.20655324176460166
LVA,2004,mva_share,-0.22168932551694587,-0.19883577304292444
LVA,2005,mva_share,-0.2538651252118673,-0.2242035696303638
LVA,2006,mva_share,-0.28593971772989635,-0.24869209487212707
LVA,2007,mva_share,-0.3071375192531929,-0.26445055825816843
LVA,2008,mva_share,-0.3291845789389205,-0.28048980193921413
LVA,2009,mva_share,-0.2857393030156836,-0.24854150662348873
LVA,2010,mva_share,-0.1277590063551779,-0.11993455623051996
LVA,2011,mva_share,-0.12319482878951682,-0.11590860067670561
LVA,2012,mva_share,-0.1203893291011231,-0.11342480000952426
LVA,2013,mva_share,-0.1249360670736448,-0.1174466750023172
LVA,2014,mva_share,-0.1846283027038913,-0.1685867395134497
LVA,2015,mva_share,-0.21542095030544273,-0.19379800223906118
LVA,2016,mva_share,-0.2236117457015534,-0.20037446784116375
LVA,2017,mva_share,-0.17479863905595128,-0.1603739283530513
LVA,2018,mva_share,-0.16256483062719118,-0.15003901506457917
LVA,2019,mva_share,-0.1393860213072764,-0.13010783327385933
LVA,2020,mva_share,-0.08872152767328068,-0.08489963177510285
LVA,2021,mva_share,0.01838049324022961,0.018550454231437197
LVA,2022,mva_share,-0.059611763666784334,-0.05786976822241052
LVA,2023,mva_share,-0.14923072955431538,-0.1386296516273965
MEX,2000,mva_share,0.03874329145249211,0.03950359993668928
MEX,2001,mva_share,-0.006754764429476534,-0.006732002288031502
MEX,2002,mva_share,-0.02825038792979173,-0.027855077029899755
MEX,2003,mva_share,-0.03369486876943251,-0.03313351920892216
MEX,2004,mva_share,-0.027986107775346714,-0.027598124467278273
MEX,2005,mva_share,-0.05271230059702825,-0.051347099901400406
MEX,2006,mva_share,0.008802938102856483,0.008841797905593918
MEX,2007,mva_share,-0.021306527698792266,-0.021081147167733683
MEX,2008,mva_share,0.0014105722833219758,0.001411567608342823
MEX,2009,mva_share,0.026383771219898655,0.02673490418086577
MEX,2010,mva_share,0.02224216307963145,0.022491364149538562
MEX,2011,mva_share,0.01060853629437375,0.010665006327000626
MEX,2012,mva_share,0.08838249724162406,0.09240588436413666
MEX,2013,mva_share,0.06374287694574088,0.06581831706568453
MEX,2014,mva_share,0.06063432504416211,0.06251030972947902
MEX,2015,mva_share,0.11169717690604042,0.11817420039961068
MEX,2016,mva_share,0.1281623122287594,0.13673749412023328
MEX,2017,mva_share,0.15264814407621285,0.16491502457242602
MEX,2018,mva_share,0.1511410289909625,0.16316068589306876
MEX,2019,mva_share,0.14552404882589176,0.15664555021517668
MEX,2020,mva_share,0.15565431471541924,0.16842222689956343
MEX,2021,mva_share,0.17662174735828717,0.1931796843915885
MEX,2022,mva_share,0.19987648811393077,0.22125190971783892
MEX,2023,mva_share,0.16468866154076833,0.17902598542930326
NLD,2000,mva_share,-0.17010769405042092,-0.15642603619267292
NLD,2001,mva_share,-0.1740718546193265,-0.15976347938606028
NLD,2002,mva_share,-0.201749954040082,-0.18270073522642694
NLD,2003,mva_share,-0.22477477185319206,-0.20130391265750225
NLD,2004,mva_share,-0.2131919729356162,-0.19199899199882742
NLD,2005,mva_share,-0.1889769501719094,-0.1721944127486904
NLD,2006,mva_share,-0.20705835131427275,-0.18702778939344678
NLD,2007,mva_share,-0.18260858628229704,-0.1669058235827664
NLD,2008,mva_share,-0.198720544825139,-0.1802210472038902
NLD,2009,mva_share,-0.21748210653278743,-0.19545799916305584
NLD,2010,mva_share,-0.2561100609973397,-0.22594322935633682
NLD,2011,mva_share,-0.2289023484898669,-0.20459379767038
NLD,2012,mva_share,-0.2209217028081656,-0.1982205450875849
NLD,2013,mva_share,-0.24889536753786334,-0.22033845297570098
NLD,2014,mva_share,-0.25710915557129654,-0.22671619907659724
NLD,2015,mva_share,-0.2403476214281528,-0.21364554011112824
NLD,2016,mva_share,-0.21218641861814014,-0.19118609445888746
NLD,2017,mva_share,-0.17245925023601005,-0.15840741718784246
NLD,2018,mva_share,-0.16352118534365,-0.15085149069195392
NLD,2019,mva_share,-0.17054613120178752,-0.15679580929127634
NLD,2020,mva_share,-0.1587473409488216,-0.14678809655166758
NLD,2021,mva_share,-0.14322917150900327,-0.1334445436833731
NLD,2022,mva_share,-0.18731397709238617,-0.17081664906757144
NLD,2023,mva_share,-0.1696518926356645,-0.15604144634487793
NOR,2000,mva_share,-0.3865166426591915,-0.32058058206527695
NOR,2001,mva_share,-0.368745818916028,-0.3083988199516703
NOR,2002,mva_share,-0.34704428403478227,-0.2932259712409523
NOR,2003,mva_share,-0.3319059385003067,-0.2824451860378504
NOR,2004,mva_share,-0.3626905609394315,-0.3041982915828624
NOR,2005,mva_share,-0.39070627568565985,-0.3234211454832864
NOR,2006,mva_share,-0.37139556527441053,-0.31022896188318805
NOR,2007,mva_share,-0.3583512636435593,-0.3011724408259979
NOR,2008,mva_share,-0.3991708564786216,-0.32912393196177403
NOR,2009,mva_share,-0.36746791200871964,-0.30751445307766645
NOR,2010,mva_share,-0.4297981539916571,-0.34935958936017186
NOR,2011,mva_share,-0.505528588894554,-0.3968133466211794
NOR,2012,mva_share,-0.5083073852183078,-0.39848715281582203
NOR,2013,mva_share,-0.4974683048174171,-0.39193184412348014
NOR,2014,mva_share,-0.48549995284515046,-0.3846105458661764
NOR,2015,mva_share,-0.5050247548271727,-0.39650936406426385
NOR,2016,mva_share,-0.5409692229685614,-0.4178162869906471
NOR,2017,mva_share,-0.5553911889789356,-0.42615226562618413
NOR,2018,mva_share,-0.6171362640717719,-0.46051282364812285
NOR,2019,mva_share,-0.5812965717422192,-0.4408271114164426
NOR,2020,mva_share,-0.523825741624613,-0.40774958878964906
NOR,2021,mva_share,-0.6928956196270639,-0.4998742037115068
NOR,2022,mva_share,-0.8429080328072798,-0.5695430812910316
NOR,2023,mva_share,-0.6699152419791126,-0.48824804896904395
NZL,2000,mva_share,0.00824428747608108,0.008278365198547633
NZL,2001,mva_share,0.0019021956605387302,0.0019040059823842714
NZL,2002,mva_share,0.05357976070601689,0.05504113923785825
NZL,2003,mva_share,0.019786186937572836,0.01998323097206578
NZL,2004,mva_share,0.014225886138621746,0.01432755559747001
NZL,2005,mva_share,0.03202330794848418,0.03254157145040626
NZL,2006,mva_share,-0.04721420857951042,-0.04611695422805773
NZL,2007,mva_share,-0.111401965109589,-0.1054209129326551
NZL,2008,mva_share,-0.08176918100892783,-0.07851536969626327
NZL,2009,mva_share,-0.14276692860466467,-0.13304389198040534
NZL,2010,mva_share,-0.1691829716572868,-0.15564560367197433
NZL,2011,mva_share,-0.16436527146616298,-0.15156794274845597
NZL,2012,mva_share,-0.17813686087773162,-0.1631721133479367
NZL,2013,mva_share,-0.19436940851705486,-0.17664630578404794
NZL,2014,mva_share,-0.12481983832921317,-0.11734409097596799
NZL,2015,mva_share,-0.13886332050448402,-0.12965302108497578
NZL,2016,mva_share,-0.23545736149315788,-0.20979064436248052
NZL,2017,mva_share,-0.21486873671973417,-0.1933526835988869
NZL,2018,mva_share,-0.24108622049084172,-0.2142261263415267
NZL,2019,mva_share,-0.25669731325045353,-0.22639766249243398
NZL,2020,mva_share,-0.2773493319523399,-0.24221026929857148
NZL,2021,mva_share,-0.3668716798930194,-0.3071014478436759
NZL,2022,mva_share,-0.34802483439756493,-0.2939186591080871
NZL,2023,mva_share,-0.41596820143553837,-0.3402987522964849
POL,2000,mva_share,-0.21317187180892283,-0.19198275010495758
POL,2001,mva_share,-0.30231189599484276,-0.2608924957344053
POL,2002,mva_share,-0.29378887740903936,-0.2545661472421761
POL,2003,mva_share,-0.18466990702965003,-0.1686213291820342
POL,2004,mva_share,-0.09822747703680434,-0.09355731459626804
POL,2005,mva_share,-0.08930989745085727,-0.0854378908120128
POL,2006,mva_share,-0.06104127752394728,-0.05921559427630796
POL,2007,mva_share,-0.03270493451095957,-0.03217591104985873
POL,2008,mva_share,-0.0022327460947497713,-0.0022302553712505446
POL,2009,mva_share,0.09663753721482315,0.10146106261317378
POL,2010,mva_share,0.0395136804018672,0.04030473057438866
POL,2011,mva_share,0.039579520770844034,0.04037322687658418
POL,2012,mva_share,0.08313221362854861,0.08668547368035084
POL,2013,mva_share,0.03719351302548013,0.03789384738478874
POL,2014,mva_share,0.11640330514516917,0.1234488734892385
POL,2015,mva_share,0.1339325082526206,0.14331565266940438
POL,2016,mva_share,0.18689713069289215,0.2055032693852934
POL,2017,mva_share,0.1264748450126727,0.13482090441155692
POL,2018,mva_share,0.11035453377223448,0.11667389889718227
POL,2019,mva_share,0.1428368803447082,0.15354162100686208
POL,2020,mva_share,0.12928907301588755,0.13801904722016878
POL,2021,mva_share,0.19070641896549878,0.21010413630267477
POL,2022,mva_share,0.20930243428521944,0.23281778852185342
POL,2023,mva_share,0.2091996645408143,0.23269109866288273
PRT,2000,mva_share,-0.0752079593256707,-0.07244942652155106
PRT,2001,mva_share,-0.08927320749557399,-0.08540433495354527
PRT,2002,mva_share,-0.09944042936750064,-0.09465611983026789
PRT,2003,mva_share,-0.1373482964369428,-0.12833342510738055
PRT,2004,mva_share,-0.1651898079421783,-0.1522672175986528
PRT,2005,mva_share,-0.1859476781864573,-0.1696829624613545
PRT,2006,mva_share,-0.19543843492750845,-0.17752602232442194
PRT,2007,mva_share,-0.1901783225930349,-0.173188318406303
PRT,2008,mva_share,-0.1889207297702833,-0.17214787187784586
PRT,2009,mva_share,-0.17877695244706482,-0.16370758842834054
PRT,2010,mva_share,-0.1689387933300499,-0.15543940545434043
PRT,2011,mva_share,-0.2027963739123848,-0.18355552610562387
PRT,2012,mva_share,-0.19115605238960187,-0.17399632175470403
PRT,2013,mva_share,-0.1605207198593721,-0.14829982371875272
PRT,2014,mva_share,-0.14606892324194654,-0.1359018553133079
PRT,2015,mva_share,-0.143296548996112,-0.1335029280455422
PRT,2016,mva_share,-0.12603909410317637,-0.1184196184846672
PRT,2017,mva_share,-0.09514822889490526,-0.09076185088711264
PRT,2018,mva_share,-0.10206867405252673,-0.09703246090063611
PRT,2019,mva_share,-0.11565127193534641,-0.10921418884908196
PRT,2020,mva_share,-0.10550041957412892,-0.10012590471718552
PRT,2021,mva_share,-0.08837475424028307,-0.08458224425127603
PRT,2022,mva_share,-0.08783236345040013,-0.08408559541496097
PRT,2023,mva_share,-0.10666424787277817,-0.10117259445278515
SVK,2000,mva_share,0.0903077731701436,0.09451109302097271
SVK,2001,mva_share,0.1715216581841763,0.1871098530977029
SVK,2002,mva_share,0.10668155222769338,0.1125798994700391
SVK,2003,mva_share,0.15320322689338672,0.16556182838426725
SVK,2004,mva_share,0.19687624106194024,0.21759334332186842
SVK,2005,mva_share,0.23635683081036563,0.2666262007914948
SVK,2006,mva_share,0.2577937629332925,0.2940719055075942
SVK,2007,mva_share,0.2704867500107522,0.3106022311509471
SVK,2008,mva_share,0.2393643398534162,0.27044132467865123
SVK,2009,mva_share,0.07873561454948597,0.08191824081260335
SVK,2010,mva_share,0.21291535409112816,0.2372799161279342
SVK,2011,mva_share,0.22520294735386548,0.25257689756514723
SVK,2012,mva_share,0.23515384037251108,0.26510337773804316
SVK,2013,mva_share,0.21527020906385896,0.24019696415561254
SVK,2014,mva_share,0.31457234917167076,0.36967344370987565
SVK,2015,mva_share,0.3048739435715233,0.35645400248164716
SVK,2016,mva_share,0.2635156237337699,0.30149762903525446
SVK,2017,mva_share,0.24020536478186072,0.27151024693495796
SVK,2018,mva_share,0.2995794557717715,0.3492912515951143
SVK,2019,mva_share,0.3488005850571705,0.4173665180952135
SVK,2020,mva_share,0.2943298939581722,0.34222662309118035
SVK,2021,mva_share,0.23152742095188517,0.2605238908686778
SVK,2022,mva_share,0.2629217592709372,0.3007249453023233
SVK,2023,mva_share,0.2474419279506357,0.2807449847381349
SVN,2000,mva_share,0.33860976911618135,0.40299574610463695
SVN,2001,mva_share,0.36727127748228217,0.44378953358429873
SVN,2002,mva_share,0.37975590845613594,0.46192770168963326
SVN,2003,mva_share,0.4091839018685457,0.5055885755800051
SVN,2004,mva_share,0.40662326605695087,0.5017382433090358
SVN,2005,mva_share,0.39080642700604606,0.47817235146977466
SVN,2006,mva_share,0.39874525977778363,0.4899540190419136
SVN,2007,mva_share,0.4142144450883767,0.5131815864528075
SVN,2008,mva_share,0.391326211793094,0.4789408826888184
SVN,2009,mva_share,0.3444128766161758,0.41116115068672965
SVN,2010,mva_share,0.3317496869892227,0.39340401770099276
SVN,2011,mva_share,0.3634943067907015,0.43834666807333167
SVN,2012,mva_share,0.40005517794231027,0.4919070157294243
SVN,2013,mva_share,0.4366126654271829,0.5474565775279785
SVN,2014,mva_share,0.4542818859237423,0.5750419170504601
SVN,2015,mva_share,0.4406182066048374,0.5536674091367113
SVN,2016,mva_share,0.4718726828014015,0.6029932821199757
SVN,2017,mva_share,0.51048510393779,0.6660992302368263
SVN,2018,mva_share,0.502418005882106,0.6527127121503393
SVN,2019,mva_share,0.5285339234146846,0.6964433686749425
SVN,2020,mva_share,0.530775923247969,0.7002510612527832
SVN,2021,mva_share,0.4960641768833227,0.6422449485992967
SVN,2022,mva_share,0.48853093367269906,0.6299199996953351
SVN,2023,mva_share,0.4807693204162664,0.6173181595873405
SWE,2000,mva_share,0.2728396264878197,0.31368954692345485
SWE,2001,mva_share,0.23789771002211824,0.26857942322681616
SWE,2002,mva_share,0.24580883510196516,0.278655116201741
SWE,2003,mva_share,0.22457390409377487,0.2517892202775065
SWE,2004,mva_share,0.19270771769379857,0.2125283411416803
SWE,2005,mva_share,0.20004369800132205,0.2214561321856714
SWE,2006,mva_share,0.20810029485621184,0.2313366600893032
SWE,2007,mva_share,0.22294811801207315,0.249755732242134
SWE,2008,mva_share,0.1676896422262466,0.1825695340403246
SWE,2009,mva_share,0.11889077494804612,0.12624689719412352
SWE,2010,mva_share,0.17437323455882892,0.19049981858453857
SWE,2011,mva_share,0.16009156619636578,0.17361832983838466
SWE,2012,mva_share,0.12446099401021193,0.13253784383910294
SWE,2013,mva_share,0.08729226431141601,0.0912155564810806
SWE,2014,mva_share,0.05328314072558804,0.05472823936425719
SWE,2015,mva_share,0.0771034644896691,0.08015382817592642
SWE,2016,mva_share,0.07327672115170047,0.07602825549841286
SWE,2017,mva_share,0.07002661599331095,0.07253672750468643
SWE,2018,mva_share,0.07202627632684067,0.07468358242987394
SWE,2019,mva_share,0.0690714933227854,0.07151281242136953
SWE,2020,mva_share,0.03746854273951161,0.038179338290271536
SWE,2021,mva_share,0.044349870295323335,0.04534802713875519
SWE,2022,mva_share,0.09137681084441507,0.09568179226362439
SWE,2023,mva_share,0.07767382639034048,0.0807700824936679
TUR,2000,mva_share,-0.12367275084037033,-0.11633102650006377
TUR,2001,mva_share,-0.18337169475028636,-0.16754132229535912
TUR,2002,mva_share,-0.19465635085514332,-0.1768825269255958
TUR,2003,mva_share,-0.15796385500904675,-0.1461193550811064
TUR,2004,mva_share,-0.14952608084479424,-0.1388840209053721
TUR,2005,mva_share,-0.12071314129989918,-0.11371183739880131
TUR,2006,mva_share,-0.09421857418044999,-0.08991618032532134
TUR,2007,mva_share,-0.09069569277046297,-0.08670440893228448
TUR,2008,mva_share,-0.09502280696652887,-0.09064780533334038
TUR,2009,mva_share,-0.09635919285190564,-0.09186223911430658
TUR,2010,mva_share,-0.12325774521140387,-0.11596422279438157
TUR,2011,mva_share,-0.02460329007758988,-0.024303096095457555
TUR,2012,mva_share,-0.039657375246099136,-0.03888131420173202
TUR,2013,mva_share,0.016901426457644586,0.017045063649236525
TUR,2014,mva_share,0.040953370192496674,0.04180352531500331
TUR,2015,mva_share,0.005432539989007612,0.005447322992002013
TUR,2016,mva_share,0.025852806962328057,0.026189889349247597
TUR,2017,mva_share,0.08915765596964143,0.09325300060229469
TUR,2018,mva_share,0.16145869110801847,0.17522390995809545
TUR,2019,mva_share,0.13815911266581082,0.14815822225659603
TUR,2020,mva_share,0.19610812163324232,0.21665844532123524
TUR,2021,mva_share,0.34587259882718024,0.4132225581367788
TUR,2022,mva_share,0.3265089761050346,0.3861206916720876
TUR,2023,mva_share,0.2318064844048533,0.26087570610531663
USA,2000,mva_share,-0.142359072549056,-0.13269022656441443
USA,2001,mva_share,-0.21655310364576863,-0.19471023003549126
USA,2002,mva_share,-0.2264199110324734,-0.20261679864692994
USA,2003,mva_share,-0.21628276978394112,-0.19449250351398684
USA,2004,mva_share,-0.2205845281455301,-0.19795015978939257
USA,2005,mva_share,-0.21446573428712412,-0.19302753725513577
USA,2006,mva_share,-0.2051069021288101,-0.18543976646618388
USA,2007,mva_share,-0.2118183698561631,-0.1908883567146401
USA,2008,mva_share,-0.22895463796856985,-0.2046353879586802
USA,2009,mva_share,-0.1962167428272208,-0.17816591127094195
USA,2010,mva_share,-0.20872821220274362,-0.18838420706175574
USA,2011,mva_share,-0.21244499136115236,-0.19139520465276638
USA,2012,mva_share,-0.20243831331058448,-0.18326313716260811
USA,2013,mva_share,-0.19262240126225239,-0.1752066437231099
USA,2014,mva_share,-0.2147934906006177,-0.19329198423516492
USA,2015,mva_share,-0.24743631175755443,-0.21920005299625167
USA,2016,mva_share,-0.27201772461335194,-0.2381592423626987
USA,2017,mva_share,-0.25829604057367916,-0.22763345357701592
USA,2018,mva_share,-0.2494832737875421,-0.22079668615955605
USA,2019,mva_share,-0.26024662298900525,-0.22913854979633308
USA,2020,mva_share,-0.2973640260071444,-0.2572264257567721
USA,2021,mva_share,-0.3016748190317755,-0.26042147734865717
AUS,2007,hitech_share,-0.00021984321003509777,-0.00021981904628742832
AUS,2008,hitech_share,0.03485594721080876,0.035470535636692224
AUS,2009,hitech_share,0.03536438305679024,0.035997139835349135
AUS,2010,hitech_share,0.06896864556254778,0.07140261539540171
AUS,2011,hitech_share,0.17534451224413816,0.1916566862216076
AUS,2012,hitech_share,0.11448935602654675,0.12130070590549713
AUS,2013,hitech_share,0.12578330337790522,0.1340363997982177
AUS,2014,hitech_share,0.16578933704366605,0.1803244248979159
AUS,2015,hitech_share,0.1825506394951084,0.20027493073111957
AUS,2016,hitech_share,0.21303235677381283,0.2374246896666341
AUS,2017,hitech_share,0.15955961514520034,0.17299418835523706
AUS,2018,hitech_share,0.18805916124113065,0.20690491523024335
AUS,2019,hitech_share,0.3056710698261349,0.35753569864712786
AUS,2020,hitech_share,0.2668795947496432,0.3058832016704691
AUS,2021,hitech_share,0.3375222553378219,0.401470798250964
AUS,2022,hitech_share,0.3842266085165038,0.4684781736410648
AUS,2023,hitech_share,0.3283464781415697,0.388670032758335
AUT,2007,hitech_share,-0.10686899928533755,-0.10135661179416988
AUT,2008,hitech_share,-0.14943433854694543,-0.13880501652276933
AUT,2009,hitech_share,-0.15869189185801558,-0.1467407854156888
AUT,2010,hitech_share,-0.09791914330875917,-0.09327778465177783
AUT,2011,hitech_share,-0.11266340525334728,-0.10654865946293379
AUT,2012,hitech_share,-0.03606371837448963,-0.03542116987015165
AUT,2013,hitech_share,-0.004506379905361513,-0.0044962414104563475
AUT,2014,hitech_share,-0.006241207286016515,-0.006221771407293519
AUT,2015,hitech_share,-0.0536368723369236,-0.05222379221887863
AUT,2016,hitech_share,-0.10814226841089036,-0.10250009853758513
AUT,2017,hitech_share,-0.1478734114483773,-0.13745970424186482
AUT,2018,hitech_share,-0.22370554839890966,-0.20044947135513413
AUT,2019,hitech_share,-0.2788032626467518,-0.24331124248464708
AUT,2020,hitech_share,-0.24538326531233645,-0.217595387778157
AUT,2021,hitech_share,-0.33244555294236156,-0.28283228452706966
AUT,2022,hitech_share,-0.12970000077001043,-0.12164110160826191
AUT,2023,hitech_share,-0.08793849949556565,-0.08418280178893245
BEL,2007,hitech_share,-0.5310092414453953,-0.41198877518565
BEL,2008,hitech_share,-0.48884913226462245,-0.3866681479982208
BEL,2009,hitech_share,-0.3230659843459893,-0.276073914997346
BEL,2010,hitech_share,-0.48666045515127143,-0.38532429251444145
BEL,2011,hitech_share,-0.5284593045930581,-0.41048747039117606
BEL,2012,hitech_share,-0.512667377718691,-0.4011040353787795
BEL,2013,hitech_share,-0.36433490154900916,-0.3053414864297842
BEL,2014,hitech_share,-0.2626965053328676,-0.2310247582149939
BEL,2015,hitech_share,-0.24935245291443975,-0.2206947434337424
BEL,2016,hitech_share,-0.18551752700067103,-0.16932572377526478
BEL,2017,hitech_share,-0.2572371193446945,-0.2268151450587853
BEL,2018,hitech_share,-0.2120920669238262,-0.19110977789627315
BEL,2019,hitech_share,-0.06534560186594707,-0.06325633293093103
BEL,2020,hitech_share,-0.027294668001129008,-0.02692553463312608
BEL,2021,hitech_share,0.3266459968308748,0.3863106319479428
BEL,2022,hitech_share,0.29510859795439837,0.34327222738170615
BEL,2023,hitech_share,0.06303080235459868,0.06505964507091044
CAN,2007,hitech_share,-0.0240852215219598,-0.02379748725100561
CAN,2008,hitech_share,-0.010547073771014936,-0.010491648418023192
CAN,2009,hitech_share,0.0838019731426396,0.08741353540108898
CAN,2010,hitech_share,-0.019228328072818712,-0.019044642975751258
CAN,2011,hitech_share,-0.051797886594447284,-0.05047924167557616
CAN,2012,hitech_share,-0.01013336415167565,-0.01008219460290627
CAN,2013,hitech_share,-0.048437253043735584,-0.047282882470329524
CAN,2014,hitech_share,-0.11881578780587088,-0.11202863915068784
CAN,2015,hitech_share,-0.12411642754475727,-0.11672300287617177
CAN,2016,hitech_share,-0.18632207649247734,-0.16999377356646228
CAN,2017,hitech_share,-0.09473760741206849,-0.09038842150625603
CAN,2018,hitech_share,0.003921681113552289,0.003929380967096829
CAN,2019,hitech_share,0.07044908168142072,0.0729899331964814
CAN,2020,hitech_share,0.012891948556611244,0.012975407991343557
CAN,2021,hitech_share,0.005527744467489715,0.005543050636806601
CAN,2022,hitech_share,-0.16605382070072405,-0.15299935320568625
CAN,2023,hitech_share,-0.11608287096670233,-0.10959856818747848
CHE,2007,hitech_share,0.42659471469078714,0.5320316259729301
CHE,2008,hitech_share,0.45249466473226985,0.5722294827285737
CHE,2009,hitech_share,0.44661108213591527,0.5630062999914445
CHE,2010,hitech_share,0.463325265494813,0.5893502191359004
CHE,2011,hitech_share,0.4675222474748302,0.596034710899205
CHE,2012,hitech_share,0.4818905201007011,0.6191325131337453
CHE,2013,hitech_share,0.479536141956284,0.61532494691606
CHE,2014,hitech_share,0.4621359760707451,0.5874611452795817
CHE,2015,hitech_share,0.45894332696903817,0.5824010207792374
CHE,2016,hitech_share,0.4548389910880286,0.575919625501671
CHE,2017,hitech_share,-0.1342979057463891,-0.12567044199751276
CHE,2018,hitech_share,-0.1629003068592083,-0.15032410894938197
CHE,2019,hitech_share,-0.23206491247811645,-0.20710534712063844
CHE,2020,hitech_share,-0.2824613850472999,-0.2460742457954287
CHE,2021,hitech_share,-0.16176200309944422,-0.14935636900150218
CHE,2022,hitech_share,0.48821648826636777,0.6294075594102126
CHE,2023,hitech_share,0.43816225836864175,0.5498563641837564
CHL,2007,hitech_share,-0.35522484796951037,-0.29898419649326
CHL,2008,hitech_share,-0.5540083695104063,-0.42535818890127874
CHL,2009,hitech_share,-0.6217364815901534,-0.4629888824366827
CHL,2010,hitech_share,-0.6477534290809606,-0.47678009198777116
CHL,2011,hitech_share,-0.834832619069457,-0.5660528901744336
CHL,2012,hitech_share,-0.806538957944636,-0.5535995937890287
CHL,2013,hitech_share,-0.631827091410988,-0.468380404473687
CHL,2014,hitech_share,-0.5864217756606374,-0.4436856549295958
CHL,2015,hitech_share,-0.6601216567368142,-0.4832115401304349
CHL,2016,hitech_share,-0.4482292117792328,-0.36124174366535333
CHL,2017,hitech_share,-0.5383060482425375,-0.4162637636373857
CHL,2018,hitech_share,-0.5424227566634734,-0.41866189592471525
CHL,2019,hitech_share,-0.47747652054483236,-0.3796531491687417
CHL,2020,hitech_share,0.22863279490635735,0.25688042136802536
CHL,2021,hitech_share,-0.018854325861331844,-0.018677694887433316
CHL,2022,hitech_share,-0.6946127898121321,-0.5007322678857227
CHL,2023,hitech_share,-0.2887243785982565,-0.2507813223505766
CHN,2007,hitech_share,1.0596581622641676,1.8853844873656094
CHN,2008,hitech_share,0.9917151994584232,1.6958544372067101
CHN,2009,hitech_share,0.9673992290344136,1.63109268380701
CHN,2010,hitech_share,0.9888861345358251,1.6882384680971096
CHN,2011,hitech_share,0.9363548378211748,1.5506668577403735
CHN,2012,hitech_share,0.9110329355681515,1.4868900042800322
CHN,2013,hitech_share,0.8869138965690317,1.42762617352769
CHN,2014,hitech_share,0.7956029804572475,1.2157766640990437
CHN,2015,hitech_share,0.7842068916541667,1.1906688138436383
CHN,2016,hitech_share,0.7481447164170558,1.1130760224233178
CHN,2017,hitech_share,0.8308790660349965,1.2953356052250333
CHN,2018,hitech_share,0.8635187879896278,1.3714908025206012
CHN,2019,hitech_share,0.7864640960536233,1.1956191860271006
CHN,2020,hitech_share,0.7404019087491966,1.0967780586169775
CHN,2021,hitech_share,0.7153836720775257,1.0449711300855302
CHN,2022,hitech_share,0.5346706536822667,0.7068859930553388
CHN,2023,hitech_share,0.44544279709148427,0.561181329357336
COL,2007,hitech_share,-1.1817828927438714,-0.6932686183479098
COL,2008,hitech_share,-0.9324801151139359,-0.6064236158070788
COL,2009,hitech_share,-0.6893923207019201,-0.4981190409120658
COL,2010,hitech_share,-0.6892626880965238,-0.49805397655860073
COL,2011,hitech_share,-0.8168518642081284,-0.5581796220405144
COL,2012,hitech_share,-0.648350902921139,-0.4770926088258546
COL,2013,hitech_share,-0.3737021091111985,-0.31181811558906436
COL,2014,hitech_share,-0.35005543943052153,-0.29535097670475574
COL,2015,hitech_share,-0.1799985432877893,-0.1647285718395256
COL,2016,hitech_share,-0.1617407935109969,-0.14933832700884242
COL,2017,hitech_share,-0.2099362359659538,-0.18936406626046276
COL,2018,hitech_share,-0.3978610399663598,-0.32824463167487083
COL,2019,hitech_share,-0.2139020892730885,-0.19257256304011694
COL,2020,hitech_share,-0.15023972629328863,-0.13949833317782834
COL,2021,hitech_share,-0.33328831966646355,-0.2834364349985552
COL,2022,hitech_share,-0.4157284337213305,-0.340140558272111
COL,2023,hitech_share,-0.42083711379377453,-0.3435029729892899
CRI,2007,hitech_share,1.562757419915941,3.771961421782195
CRI,2008,hitech_share,1.3997881225761004,3.054340852538979
CRI,2009,hitech_share,1.4370199301974695,3.2081365718549435
CRI,2010,hitech_share,1.372454908473883,2.9450234892944294
CRI,2011,hitech_share,1.409729116428787,3.094846027306546
CRI,2012,hitech_share,1.3525978526080067,2.8674595815214574
CRI,2013,hitech_share,1.409745579324842,3.094913440885964
CRI,2014,hitech_share,1.2185127552180282,2.3821539005378005
CRI,2015,hitech_share,0.4286792016988126,0.5352284567116836
CRI,2016,hitech_share,0.489437974819952,0.6313990748914149
CRI,2017,hitech_share,0.5623819905562248,0.7548475561566013
CRI,2018,hitech_share,0.5857139368309832,0.796272953383373
CRI,2019,hitech_share,0.49312736300058146,0.637429055986902
CRI,2020,hitech_share,0.3402654374662175,0.4053205657908112
CRI,2021,hitech_share,0.4304522426973132,0.5379528942635081
CRI,2022,hitech_share,0.5872728882327602,0.7990754395242929
CRI,2023,hitech_share,0.6408967541394479,0.8981823191564464
CZE,2007,hitech_share,0.17397490017921768,0.19002569601380448
CZE,2008,hitech_share,0.18679507342760315,0.20538024529618082
CZE,2009,hitech_share,0.22226494237638716,0.24890222115749272
CZE,2010,hitech_share,0.28521637344771644,0.3300497844464323
CZE,2011,hitech_share,0.3528943446376025,0.4231807688099134
CZE,2012,hitech_share,0.33345026998632,0.3957756328742459
CZE,2013,hitech_share,0.23795418957424186,0.2686510740478574
CZE,2014,hitech_share,0.22425872093253707,0.25139473956396086
CZE,2015,hitech_share,0.2142944439769896,0.23898741347178176
CZE,2016,hitech_share,0.1456804029784564,0.1568264106887729
CZE,2017,hitech_share,0.26621690670507814,0.30501809516465284
CZE,2018,hitech_share,0.382119791813611,0.4653876160593369
CZE,2019,hitech_share,0.39333717025590476,0.4819179637627835
CZE,2020,hitech_share,0.44305967102397226,0.5574652671163449
CZE,2021,hitech_share,0.35710764508139414,0.4291897068161501
CZE,2022,hitech_share,0.3360461292261032,0.3994035767260544
CZE,2023,hitech_share,0.23895188405079226,0.2699174318311437
DEU,2007,hitech_share,-0.03968918467236149,-0.03891188634945353
DEU,2008,hitech_share,-0.08188832539033175,-0.07862515287235983
DEU,2009,hitech_share,-0.0377156100940077,-0.037013234331387035
DEU,2010,hitech_share,0.001055227228877964,0.0010557841770153509
DEU,2011,hitech_share,-0.021229997001538603,-0.02100622695856036
DEU,2012,hitech_share,0.015162609707338515,0.015278145275566812
DEU,2013,hitech_share,-0.007103742072388286,-0.007078570136919926
DEU,2014,hitech_share,-0.027067077531195416,-0.026704046954986516
DEU,2015,hitech_share,-0.011106489056952551,-0.011045039713254545
DEU,2016,hitech_share,-0.012913538254538892,-0.012830516272835712
DEU,2017,hitech_share,-0.07193701933589969,-0.06941049688946632
DEU,2018,hitech_share,-0.04990375013647652,-0.04867901539074504
DEU,2019,hitech_share,-0.04888573821142117,-0.04771006616660567
DEU,2020,hitech_share,-0.14534668596862899,-0.1352775460028216
DEU,2021,hitech_share,-0.13017663198523488,-0.12205965512164685
DEU,2022,hitech_share,-0.09352797462468665,-0.08928745977166697
DEU,2023,hitech_share,-0.10303131015833644,-0.09790127181467811
DNK,2007,hitech_share,0.2450982403849835,0.27774683338003325
DNK,2008,hitech_share,0.15434917496940725,0.16689826731754875
DNK,2009,hitech_share,0.2067436575753061,0.2296673154744806
DNK,2010,hitech_share,0.047027375119610415,0.04815070193775384
DNK,2011,hitech_share,0.05810248793792505,0.05982360928068142
DNK,2012,hitech_share,0.07912323509701524,0.08233769584293138
DNK,2013,hitech_share,0.04983444592314079,0.05109706856603902
DNK,2014,hitech_share,0.0313171768601892,0.03181271910978145
DNK,2015,hitech_share,0.09854717636330479,0.10356646541886039
DNK,2016,hitech_share,-0.06293642185689352,-0.060996828130598035
DNK,2017,hitech_share,-0.17061026049268513,-0.15684988164427904
DNK,2018,hitech_share,-0.1496732202703921,-0.1390107156947814
DNK,2019,hitech_share,-0.2161735006041603,-0.19440448156158274
DNK,2020,hitech_share,-0.16957543991209212,-0.15597692094832905
DNK,2021,hitech_share,-0.1025391230499757,-0.09745716116639425
DNK,2022,hitech_share,-0.050212767825670745,-0.048972944986029776
DNK,2023,hitech_share,-0.009739563108454252,-0.009692287170499525
ESP,2007,hitech_share,-0.9577412059623949,-0.6162412603325701
ESP,2008,hitech_share,-0.9748489616708458,-0.6227506716314097
ESP,2009,hitech_share,-0.8938999424338829,-0.5909426621545397
ESP,2010,hitech_share,-0.8339997991911918,-0.5656913398630092
ESP,2011,hitech_share,-0.8001495914223049,-0.5507382466144037
ESP,2012,hitech_share,-0.710300397966313,-0.5085034692755976
ESP,2013,hitech_share,-0.7720679163583453,-0.5379434146825968
ESP,2014,hitech_share,-0.7950620133605946,-0.5484467682790715
ESP,2015,hitech_share,-0.827210935141754,-0.5627328463715384
ESP,2016,hitech_share,-0.7227001947843692,-0.5145602970709364
ESP,2017,hitech_share,-0.7591985382212274,-0.5319586059828363
ESP,2018,hitech_share,-0.7678736176494965,-0.5360013413726983
ESP,2019,hitech_share,-0.7967587979554116,-0.5492123071854134
ESP,2020,hitech_share,-0.6876129682301975,-0.4972252228141073
ESP,2021,hitech_share,-0.48267577466254696,-0.3828701199163098
ESP,2022,hitech_share,-0.29399896219609234,-0.25472273510545496
ESP,2023,hitech_share,-0.6017365979997895,-0.45214060202875483
EST,2007,hitech_share,0.09411646841236765,0.09868770087788259
EST,2008,hitech_share,0.03761161250114675,0.03832788098646578
EST,2009,hitech_share,0.0006982166153348679,0.0006984604252966431
EST,2010,hitech_share,0.3621442551983569,0.43640613606765855
EST,2011,hitech_share,0.7108842568364238,1.0357906247560815
EST,2012,hitech_share,0.6058495957691403,0.8328086941126789
EST,2013,hitech_share,0.579027295426104,0.7843019876593089
EST,2014,hitech_share,0.6935400902954107,1.000785973869212
EST,2015,hitech_share,0.6314185875307916,0.8802760243563628
EST,2016,hitech_share,0.5744797113805782,0.7762061466187842
EST,2017,hitech_share,0.43975719745303543,0.5523302630087212
EST,2018,hitech_share,0.4739647232783746,0.6063503192548945
EST,2019,hitech_share,0.35668973008846194,0.428592551798636
EST,2020,hitech_share,0.5071816971704091,0.6606045074135745
EST,2021,hitech_share,0.5179132387843826,0.6785213193453747
EST,2022,hitech_share,0.30325679788450666,0.3542621914584303
EST,2023,hitech_share,0.20403123619371932,0.22633645894114518
FIN,2007,hitech_share,0.4533381588066985,0.5735562084448753
FIN,2008,hitech_share,0.4254398524752081,0.5302633617823012
FIN,2009,hitech_share,0.1956785695046932,0.2161359393261455
FIN,2010,hitech_share,-0.08188903421300653,-0.07862580596351199
FIN,2011,hitech_share,-0.23277210263197645,-0.20766587618852317
FIN,2012,hitech_share,-0.2981098565279128,-0.2577802024210235
FIN,2013,hitech_share,-0.4684689162103681,-0.37404006793118005
FIN,2014,hitech_share,-0.36751454109928616,-0.30754674229613566
FIN,2015,hitech_share,-0.37130310330576144,-0.3101651813464952
FIN,2016,hitech_share,-0.4028404320927441,-0.33158125100465063
FIN,2017,hitech_share,-0.37211444182973086,-0.31072464392258403
FIN,2018,hitech_share,-0.4126771794852906,-0.3381240845328013
FIN,2019,hitech_share,-0.4312738038954125,-0.3503189987692146
FIN,2020,hitech_share,-0.3973715513681819,-0.3279157345921919
FIN,2021,hitech_share,-0.33973070140499395,-0.28803797267777764
FIN,2022,hitech_share,-0.49513888661283767,-0.39051374806340533
FIN,2023,hitech_share,-0.5091787629662474,-0.39901106942816855
FRA,2007,hitech_share,0.2677791098478264,0.30705839179822725
FRA,2008,hitech_share,0.3177189746276161,0.3739900808927319
FRA,2009,hitech_share,0.3640264983390411,0.4391123477397143
FRA,2010,hitech_share,0.49240925676284775,0.6362536300588086
FRA,2011,hitech_share,0.4660640418247195,0.5937090601166528
FRA,2012,hitech_share,0.5119557880574503,0.6685513386129638
FRA,2013,hitech_share,0.5032517557158047,0.6540912356912776
FRA,2014,hitech_share,0.5027046137693385,0.65318646053574
FRA,2015,hitech_share,0.5107507693440829,0.6665419139660242
FRA,2016,hitech_share,0.4874246042248491,0.6281177683166781
FRA,2017,hitech_share,0.49107115486705677,0.6340656201909805
FRA,2018,hitech_share,0.5150184933036699,0.6736694531887728
FRA,2019,hitech_share,0.5108303218420889,0.6666744968118903
FRA,2020,hitech_share,0.2417747952158913,0.2735073605692122
FRA,2021,hitech_share,0.3078471300918646,0.3604929946004143
FRA,2022,hitech_share,0.19724803486858056,0.21804612115070277
FRA,2023,hitech_share,0.18553893080607198,0.20386706637814878
GBR,2007,hitech_share,0.3070238373804921,0.359373371586061
GBR,2008,hitech_share,0.2827078493188049,0.3267175037701533
GBR,2009,hitech_share,0.21114522414224268,0.235091707171716
GBR,2010,hitech_share,0.3819187234375163,0.4650930025707469
GBR,2011,hitech_share,0.4080461773405757,0.5038766045888972
GBR,2012,hitech_share,0.39632157585617644,0.48634721408522275
GBR,2013,hitech_share,0.3723214754381772,0.45109939913337715
GBR,2014,hitech_share,0.2949192470325688,0.3430179016263515
GBR,2015,hitech_share,0.27977874739621766,0.322837098804325
GBR,2016,hitech_share,0.3170187992371112,0.3730283835689816
GBR,2017,hitech_share,0.34879145953681645,0.4173535839472189
GBR,2018,hitech_share,0.3638140902532023,0.4388067011026817
GBR,2019,hitech_share,0.3584012323070134,0.4310396846597526
GBR,2020,hitech_share,0.33350433990111084,0.3958511043841333
GBR,2021,hitech_share,0.3802413317095952,0.4626375276599872
GBR,2022,hitech_share,0.41001786473218305,0.5068447042494841
GBR,2023,hitech_share,0.44564264288863153,0.5614933560621671
GRC,2007,hitech_share,-0.3637629906808515,-0.3049440900493925
GRC,2008,hitech_share,-0.20261950400363427,-0.18341110887487155
GRC,2009,hitech_share,-0.15027149977666765,-0.1395256738788797
GRC,2010,hitech_share,-0.13886566367027786,-0.1296550604498563
GRC,2011,hitech_share,-0.11060610982295582,-0.10470867405495654
GRC,2012,hitech_share,-0.2040780005679399,-0.18460123286018537
GRC,2013,hitech_share,-0.40385894594871363,-0.3322616981808306
GRC,2014,hitech_share,-0.11189178065735783,-0.10585898438234753
GRC,2015,hitech_share,-0.012974022300473731,-0.012890222471580448
GRC,2016,hitech_share,0.03511897536978026,0.03574292936739032
GRC,2017,hitech_share,-0.014501284704811823,-0.014396647477800562
GRC,2018,hitech_share,0.07704294325148098,0.08008845790697627
GRC,2019,hitech_share,-0.000509687339048881,-0.0005095574705221706
GRC,2020,hitech_share,0.031127460649297056,0.03161698607781327
GRC,2021,hitech_share,-0.03873456887401039,-0.037993978397545924
GRC,2022,hitech_share,0.018838627883073666,0.01901719438675875
GRC,2023,hitech_share,0.0289343112560263,0.029356975087444726
HUN,2007,hitech_share,0.8060724380410944,1.2390965039300683
HUN,2008,hitech_share,0.7448631626139606,1.1061532147610196
HUN,2009,hitech_share,0.7534059253799597,1.1242226535978617
HUN,2010,hitech_share,0.7649761494829428,1.1489431206394514
HUN,2011,hitech_share,0.7560219809416813,1.129787013248725
HUN,2012,hitech_share,0.5723841551682205,0.772487904047646
HUN,2013,hitech_share,0.4479069521070258,0.5650330658491414
HUN,2014,hitech_share,0.2757123238230226,0.3174688051176653
HUN,2015,hitech_share,0.27079622815708726,0.3110078966690948
HUN,2016,hitech_share,0.2794292082336418,0.32237479623371823
HUN,2017,hitech_share,0.32843004343855187,0.38878608223081934
HUN,2018,hitech_share,0.3164308562995317,0.37222135849336024
HUN,2019,hitech_share,0.2970953492026651,0.34594362798174894
HUN,2020,hitech_share,0.26085196974505775,0.2980355026847039
HUN,2021,hitech_share,0.2097853523568416,0.23341328228672542
HUN,2022,hitech_share,0.2255808859087325,0.2530503841364522
HUN,2023,hitech_share,0.22372644476152947,0.2507288292033971
IRL,2007,hitech_share,0.8039012537073278,1.2342402864582924
IRL,2008,hitech_share,0.7511730799845968,1.1194848841487839
IRL,2009,hitech_share,0.5835265636160614,0.7923481281321614
IRL,2010,hitech_share,0.45559011371476643,0.5771037790568962
IRL,2011,hitech_share,0.5618231340278896,0.7538671221301059
IRL,2012,hitech_share,0.5756324986428196,0.778254915109944
IRL,2013,hitech_share,0.5205982701104137,0.6830342576482908
IRL,2014,hitech_share,0.48287635235101556,0.6207294932306291
IRL,2015,hitech_share,0.5296397709700282,0.6983204140987309
IRL,2016,hitech_share,0.6651327679488972,0.9447487044938438
IRL,2017,hitech_share,0.6061107340562595,0.8332873731336663
IRL,2018,hitech_share,0.45888282580347983,0.5823052865691443
IRL,2019,hitech_share,0.4492258642000104,0.5670985686945342
IRL,2020,hitech_share,0.3737658671214148,0.453196869456725
IRL,2021,hitech_share,0.46019068183747747,0.5843760679325902
IRL,2022,hitech_share,0.8527622440149387,1.3461184614072117
IRL,2023,hitech_share,0.8576362020197679,1.3575812561605938
ISL,2007,hitech_share,1.6140019323694963,4.022872254687221
ISL,2008,hitech_share,1.204398911161003,2.3347539921049343
ISL,2009,hitech_share,0.8917334170810354,1.439354407196126
ISL,2010,hitech_share,0.5450774191064767,0.7247419051849628
ISL,2011,hitech_share,0.5633984462188586,0.7566321877378999
ISL,2012,hitech_share,0.23264667973815012,0.2619355331579789
ISL,2013,hitech_share,0.22022087169494675,0.24635198406363124
ISL,2014,hitech_share,0.29243587178076735,0.33968682207892065
ISL,2015,hitech_share,0.4296547656892473,0.5367269011064966
ISL,2016,hitech_share,0.5526530063613802,0.7378574542485121
ISL,2017,hitech_share,0.7484027543361944,1.1136213465172466
ISL,2018,hitech_share,0.6557438952842789,0.9265751546165812
ISL,2019,hitech_share,1.1051535291285695,2.019688043293403
ISL,2020,hitech_share,0.767248876741859,1.1538326364108307
ISL,2021,hitech_share,0.9707217715904686,1.6398491400116546
ISL,2022,hitech_share,0.8590494995065581,1.3609155754623736
ISL,2023,hitech_share,1.0827633981074847,1.952828126657812
ISR,2007,hitech_share,-0.4724681797290202,-0.37653844748259757
ISR,2008,hitech_share,0.313263898754502,0.3678824658794324
ISR,2009,hitech_share,0.5508159527074286,0.73466784749852
ISR,2010,hitech_share,0.39611495028806765,0.4860401284746674
ISR,2011,hitech_share,0.35912094546730655,0.4320699934726362
ISR,2012,hitech_share,0.4190864807423882,0.5205718492866243
ISR,2013,hitech_share,0.3414620467894447,0.4070031920042909
ISR,2014,hitech_share,0.34534321352237285,0.4124746168741029
ISR,2015,hitech_share,0.5248392683721779,0.6901871600116667
ISR,2016,hitech_share,0.42387931173244553,0.5278771858057503
ISR,2017,hitech_share,0.46083734586928005,0.5854009582927222
ISR,2018,hitech_share,0.5520355707757334,0.7367847704041444
ISR,2019,hitech_share,0.5339274715778828,0.705617937187655
ISR,2020,hitech_share,0.6894435166493795,0.9926063723863572
ISR,2021,hitech_share,0.7490109889817207,1.1149073152934585
ISR,2022,hitech_share,0.6318172523652552,0.8810257737257827
ISR,2023,hitech_share,0.7869014118300948,1.1965795749175747
ITA,2007,hitech_share,-0.8384751570811986,-0.5676306836861138
ITA,2008,hitech_share,-0.855298654497282,-0.5748438026907864
ITA,2009,hitech_share,-0.7623879828203708,-0.5334490200192172
ITA,2010,hitech_share,-0.6926656603965524,-0.4997591819435817
ITA,2011,hitech_share,-0.6728215435743907,-0.48973319529377735
ITA,2012,hitech_share,-0.726135343039445,-0.5162249935428224
ITA,2013,hitech_share,-0.7227423203093486,-0.5145807460425532
ITA,2014,hitech_share,-0.7364568299712335,-0.5211925903560584
ITA,2015,hitech_share,-0.7034847855645641,-0.5051421778071763
ITA,2016,hitech_share,-0.7022997634516353,-0.5045554127490026
ITA,2017,hitech_share,-0.6877041389912848,-0.4972710590837034
ITA,2018,hitech_share,-0.7024913808062645,-0.5046503394350863
ITA,2019,hitech_share,-0.7038215494995903,-0.5053088000169063
ITA,2020,hitech_share,-0.6290581481272368,-0.46690634010663945
ITA,2021,hitech_share,-0.7221862859854449,-0.5143107612224117
ITA,2022,hitech_share,-0.6592362953024198,-0.4827537929523782
ITA,2023,hitech_share,-0.6046114362465156,-0.45371334740240643
JPN,2007,hitech_share,0.2697402001050895,0.30962416631145295
JPN,2008,hitech_share,0.19596813070775365,0.2164881361006219
JPN,2009,hitech_share,0.21671271397964498,0.24198724530719296
JPN,2010,hitech_share,0.18332992766382095,0.20121065533604265
JPN,2011,hitech_share,0.17125361100057335,0.1867916942876442
JPN,2012,hitech_share,0.14197480680910246,0.1525476118192397
JPN,2013,hitech_share,0.08304587403931807,0.0865916537531759
JPN,2014,hitech_share,0.07193215496201111,0.07458243650440677
JPN,2015,hitech_share,0.06475441131216897,0.06689697437926267
JPN,2016,hitech_share,0.02720296755593532,0.027576346258528783
JPN,2017,hitech_share,0.10085919659991438,0.1061208852166109
JPN,2018,hitech_share,0.11224130214298889,0.11878279276156878
JPN,2019,hitech_share,0.060963678462660376,0.06286030876570381
JPN,2020,hitech_share,0.10944687852239054,0.11566080381057375
JPN,2021,hitech_share,0.09768245422354127,0.10261259953742252
JPN,2022,hitech_share,0.02011641017291499,0.020320108753966393
JPN,2023,hitech_share,-0.07735809107323321,-0.07444163992889807
KOR,2007,hitech_share,0.8606007634606518,1.3645808208397554
KOR,2008,hitech_share,0.7767038233063679,1.1742935850580047
KOR,2009,hitech_share,0.7489993475520342,1.1148826948919628
KOR,2010,hitech_share,0.7749591844519133,1.1705035350840785
KOR,2011,hitech_share,0.6622647540498305,0.9391791288071176
KOR,2012,hitech_share,0.640692874312208,0.8977953575213231
KOR,2013,hitech_share,0.6610187926151956,0.9367644909829562
KOR,2014,hitech_share,0.6516913696172284,0.9187834580417353
KOR,2015,hitech_share,0.6654948408213914,0.9454529727340777
KOR,2016,hitech_share,0.6231675144440394,0.864825558573141
KOR,2017,hitech_share,0.757876675025166,1.1337407820036614
KOR,2018,hitech_share,0.8922625105751383,1.4406453952393554
KOR,2019,hitech_share,0.7337042074627251,1.082781390590299
KOR,2020,hitech_share,0.7760499422490579,1.1728723203893665
KOR,2021,hitech_share,0.8078707666997587,1.2431267581172554
KOR,2022,hitech_share,0.7155149623650434,1.0452396325586624
KOR,2023,hitech_share,0.5058095136338925,0.6583274158988723
LTU,2007,hitech_share,0.05992257720956706,0.06175433937933761
LTU,2008,hitech_share,0.05262879225346717,0.054038305305592615
LTU,2009,hitech_share,-0.09382174979171465,-0.0895549652051365
LTU,2010,hitech_share,0.010290035880933246,0.010343160361392822
LTU,2011,hitech_share,-0.0461523279881173,-0.0451035063502071
LTU,2012,hitech_share,-0.03784144361172226,-0.037134402719941506
LTU,2013,hitech_share,-0.07987383804933534,-0.07676718410755812
LTU,2014,hitech_share,-0.09219856207723742,-0.08807594196851365
LTU,2015,hitech_share,0.01818237008055723,0.01834867578631072
LTU,2016,hitech_share,-0.015321575631840112,-0.015204797461158104
LTU,2017,hitech_share,0.038456871943224336,0.03920590846007177
LTU,2018,hitech_share,0.019016813177365588,0.019198784443287487
LTU,2019,hitech_share,-0.03816055886841774,-0.03744161880090435
LTU,2020,hitech_share,-0.09435237555707676,-0.09003794264707476
LTU,2021,hitech_share,-0.12169637883094442,-0.11458284091174942
LTU,2022,hitech_share,-0.09207180940133197,-0.08796034582803036
LTU,2023,hitech_share,-0.016712815339959164,-0.016573931033963984
LUX,2007,hitech_share,-0.38535496533177405,-0.31979085731779877
LUX,2008,hitech_share,-0.6839971466138239,-0.49540398826121856
LUX,2009,hitech_share,-0.4966725046136937,-0.39144775076590754
LUX,2010,hitech_share,-0.6193297922397969,-0.46169490702517413
LUX,2011,hitech_share,-0.5597839766185659,-0.4286675283086969
LUX,2012,hitech_share,-0.6155247914026107,-0.4596427539495854
LUX,2013,hitech_share,-0.8834632079980358,-0.5866510832709535
LUX,2014,hitech_share,-1.0309956920034424,-0.6433483314965771
LUX,2015,hitech_share,-0.8744185315319071,-0.5828955177161547
LUX,2016,hitech_share,-0.7811458467003258,-0.5421189508897026
LUX,2017,hitech_share,-0.8326821031698832,-0.5651186758538445
LUX,2018,hitech_share,-0.8008820986582266,-0.5510672135995236
LUX,2019,hitech_share,-0.899739687512819,-0.5933244913237593
LUX,2020,hitech_share,-1.105131867988619,-0.668832790991255
LUX,2021,hitech_share,-1.009469448585947,-0.6355877322637195
LUX,2022,hitech_share,-1.1015361359342017,-0.6676398589958563
LUX,2023,hitech_share,-1.127295880847311,-0.6760920410451688
LVA,2007,hitech_share,-0.36341842562509763,-0.3047045568060055
LVA,2008,hitech_share,-0.37362305685743324,-0.3117637111097312
LVA,2009,hitech_share,-0.24626922485191605,-0.2182882596346295
LVA,2010,hitech_share,-0.2178473371840517,-0.1957517889082152
LVA,2011,hitech_share,-0.09166450342742305,-0.08758879096532335
LVA,2012,hitech_share,0.05400220462768779,0.05548692910822295
LVA,2013,hitech_share,0.3204550852332395,0.37775461747077443
LVA,2014,hitech_share,0.44209646807197567,0.5559658342184493
LVA,2015,hitech_share,0.4777126735258568,0.61238213674661
LVA,2016,hitech_share,0.3630384137247562,0.4376910852501177
LVA,2017,hitech_share,0.3612486649871003,0.43512028067850395
LVA,2018,hitech_share,0.4088118910901697,0.5050285845698936
LVA,2019,hitech_share,0.4017005187360305,0.4943637317161329
LVA,2020,hitech_share,0.5120411285113589,0.6686937396177675
LVA,2021,hitech_share,0.35841150259461907,0.43105438192436174
LVA,2022,hitech_share,0.29847184894068324,0.34779759473269256
LVA,2023,hitech_share,0.32897460052332805,0.3895425614855115
MEX,2008,hitech_share,0.5138378473891567,0.6716946082123452
MEX,2009,hitech_share,0.5524609336701718,0.7375236913447338
MEX,2010,hitech_share,0.5625143683555152,0.7550798743907243
MEX,2011,hitech_share,0.5366458836416803,0.7102608173358895
MEX,2012,hitech_share,0.5234767807917047,0.6878858690936274
MEX,2013,hitech_share,0.45802050510728076,0.580941420102485
MEX,2014,hitech_share,0.4299899419692914,0.5372420618426599
MEX,2015,hitech_share,0.37558301910465985,0.4558399497420984
MEX,2016,hitech_share,0.4149311923614549,0.5142665440023046
MEX,2017,hitech_share,0.5164330643292199,0.6760386528091038
MEX,2018,hitech_share,0.530918973372529,0.7004942997761145
MEX,2019,hitech_share,0.47467317370521966,0.6074887420346706
MEX,2020,hitech_share,0.5019328327656316,0.6519110548601568
MEX,2021,hitech_share,0.4378692902112169,0.5494023721263239
MEX,2022,hitech_share,0.3778850410320831,0.45919518566085027
MEX,2023,hitech_share,0.2099256420933462,0.23358632964919912
NLD,2007,hitech_share,0.6474956018166553,0.9107495541758348
NLD,2008,hitech_share,0.5186065530183992,0.6796854655811229
NLD,2009,hitech_share,0.5246518676754217,0.6898704474372377
NLD,2010,hitech_share,0.5614838736991437,0.7532722055151844
NLD,2011,hitech_share,0.4849491689325647,0.624092452393062
NLD,2012,hitech_share,0.4831165259761194,0.6211187964566431
NLD,2013,hitech_share,0.42552526587213535,0.5303940723563618
NLD,2014,hitech_share,0.40779010879982325,0.5034915584024999
NLD,2015,hitech_share,0.3663958261763445,0.44252611926117447
NLD,2016,hitech_share,0.34618971423917566,0.4136707838564293
NLD,2017,hitech_share,0.37318197114448015,0.45234860132523025
NLD,2018,hitech_share,0.38104743124192275,0.46381703442305366
NLD,2019,hitech_share,0.362795665313719,0.43734213037944447
NLD,2020,hitech_share,0.3271134701275291,0.3869588466489733
NLD,2021,hitech_share,0.2927202345844133,0.3400678333498037
NLD,2022,hitech_share,0.19152429513683256,0.21109425648324764
NLD,2023,hitech_share,0.2772157095503509,0.3194509585127079
NOR,2007,hitech_share,0.13521597172444322,0.1447839986290056
NOR,2008,hitech_share,0.16116144340907113,0.17487462926912478
NOR,2009,hitech_share,0.15454824808914536,0.16713058851972673
NOR,2010,hitech_share,0.22284220130491095,0.24962336924006823
NOR,2011,hitech_share,0.3046486570107616,0.35614844604476836
NOR,2012,hitech_share,0.2642080133654612,0.3023990845424791
NOR,2013,hitech_share,0.23258033462768424,0.2618518126828835
NOR,2014,hitech_share,0.2795422777950902,0.32252432502541706
NOR,2015,hitech_share,0.25725631921772507,0.2933766015545931
NOR,2016,hitech_share,0.1835510173115531,0.20147625993681495
NOR,2017,hitech_share,0.2878617714603333,0.3335729535405152
NOR,2018,hitech_share,0.29495494025079294,0.34306583911290955
NOR,2019,hitech_share,0.31882709426475175,0.37551347017550385
NOR,2020,hitech_share,0.25127204582547247,0.28565979514060147
NOR,2021,hitech_share,0.20508343367769433,0.2276274861664389
NOR,2022,hitech_share,0.25713257978061854,0.29321656976327604
NOR,2023,hitech_share,0.30252317498884285,0.35326903805262644
NZL,2007,hitech_share,-0.2082167889657658,-0.18796902172708452
NZL,2008,hitech_share,-0.2960092850161957,-0.25621947802607437
NZL,2009,hitech_share,-0.3138131125720558,-0.26934443426015686
NZL,2010,hitech_share,-0.2896250474031863,-0.25145581644811377
NZL,2011,hitech_share,-0.24131572436904403,-0.2144064438003519
NZL,2012,hitech_share,-0.25149015682068887,-0.22235888796699899
NZL,2013,hitech_share,-0.2213782246381677,-0.19858649137400985
NZL,2014,hitech_share,-0.31677691977466704,-0.27150675056136786
NZL,2015,hitech_share,-0.3194116411682524,-0.27342360101843355
NZL,2016,hitech_share,-0.26364883641366976,-0.23175672864369756
NZL,2017,hitech_share,-0.3500462820636834,-0.29534452394561217
NZL,2018,hitech_share,-0.2656688354063248,-0.23330701296442047
NZL,2019,hitech_share,-0.3000846579101437,-0.2592444927860085
NZL,2020,hitech_share,-0.3749511518231281,-0.31267714756077614
NZL,2021,hitech_share,-0.33706480148584106,-0.2861374209519584
NZL,2022,hitech_share,-0.22280596154596477,-0.19972988259353308
NZL,2023,hitech_share,-0.2030468357942139,-0.18375998871885013
POL,2007,hitech_share,-1.1259043048212134,-0.675640984728035
POL,2008,hitech_share,-0.8433577766209985,-0.5697366330996666
POL,2009,hitech_share,-0.642230203777443,-0.47388223516129446
POL,2010,hitech_share,-0.5186190461719629,-0.40465787945690856
POL,2011,hitech_share,-0.6613616788599159,-0.48385197209666997
POL,2012,hitech_share,-0.515750935793883,-0.4029479215406321
POL,2013,hitech_share,-0.4309405734003078,-0.35010246917238563
POL,2014,hitech_share,-0.31128972650521725,-0.26749838001168524
POL,2015,hitech_share,-0.27319326175231495,-0.23905428828434505
POL,2016,hitech_share,-0.2995352497934718,-0.2588374038791408
POL,2017,hitech_share,-0.23920450546488858,-0.21274613180919066
POL,2018,hitech_share,-0.2524767005281534,-0.22312568661036092
POL,2019,hitech_share,-0.3562777048571535,-0.2997218774059701
POL,2020,hitech_share,-0.4058129620455655,-0.33356519562882325
POL,2021,hitech_share,-0.43908320838539705,-0.3553728609852628
POL,2022,hitech_share,-0.33417321964492785,-0.28407024161270533
POL,2023,hitech_share,-0.3232281848868377,-0.27619132667749124
PRT,2007,hitech_share,-0.3829368938786808,-0.3181440727888216
PRT,2008,hitech_share,-0.4408188876277901,-0.3564907564948723
PRT,2009,hitech_share,-1.0526021524475302,-0.6509716585373602
PRT,2010,hitech_share,-1.1748808277443021,-0.6911442154645536
PRT,2011,hitech_share,-1.1307810799076143,-0.6772189598504754
PRT,2012,hitech_share,-1.0487361938024284,-0.6496197178136336
PRT,2013,hitech_share,-1.027764671066752,-0.6421941188500402
PRT,2014,hitech_share,-1.0029433569445274,-0.6332017673645781
PRT,2015,hitech_share,-0.9850300051256169,-0.6265719779861503
PRT,2016,hitech_share,-0.8698762736737033,-0.5809966122094462
PRT,2017,hitech_share,-0.7692478616885028,-0.5366385508224965
PRT,2018,hitech_share,-0.8724988537272911,-0.5820940424583074
PRT,2019,hitech_share,-0.6441846905696429,-0.4749095211483457
PRT,2020,hitech_share,-0.6471359751615189,-0.47645692804568496
PRT,2021,hitech_share,-0.7572571021388756,-0.5310490508966148
PRT,2022,hitech_share,-0.7509176328621632,-0.5280667075134413
PRT,2023,hitech_share,-0.8263767589476962,-0.5623679363430689
SVK,2007,hitech_share,-0.7219483221566174,-0.5141951709989313
SVK,2008,hitech_share,-0.8107709390848756,-0.5554847600814539
SVK,2009,hitech_share,-0.6530345264548714,-0.4795359837983042
SVK,2010,hitech_share,-0.4774229080821841,-0.37961988995482643
SVK,2011,hitech_share,-0.4366633663295256,-0.35381107624982977
SVK,2012,hitech_share,-0.21616584057890043,-0.19439831065592772
SVK,2013,hitech_share,-0.10311514651620524,-0.09797689731635972
SVK,2014,hitech_share,-0.10836965184223546,-0.10270415194475047
SVK,2015,hitech_share,-0.1389364250812961,-0.12971664510691716
SVK,2016,hitech_share,-0.1944978129110737,-0.17675202122890776
SVK,2017,hitech_share,-0.031095268019829092,-0.03061678254275535
SVK,2018,hitech_share,-0.11262418940568875,-0.10651362132425224
SVK,2019,hitech_share,-0.2260890818142216,-0.2023529573449797
SVK,2020,hitech_share,-0.2635037702668397,-0.2316452744685754
SVK,2021,hitech_share,-0.3514168806011959,-0.29630966215094856
SVK,2022,hitech_share,-0.49869784226989733,-0.39267902725583814
SVK,2023,hitech_share,-0.39890925369611185,-0.32894840595761154
SVN,2007,hitech_share,-0.7202702009207123,-0.5133792471808125
SVN,2008,hitech_share,-0.6124099161493901,-0.45795698441807375
SVN,2009,hitech_share,-0.6120734130971655,-0.45777455459651895
SVN,2010,hitech_share,-0.6875146791811675,-0.4971758031307144
SVN,2011,hitech_share,-0.6402438627282974,-0.4728361472485789
SVN,2012,hitech_share,-0.5765057118351062,-0.4381417650204368
SVN,2013,hitech_share,-0.5880252886067392,-0.44457699735347134
SVN,2014,hitech_share,-0.6542323547126006,-0.4801590370741359
SVN,2015,hitech_share,-0.5895168077913828,-0.4454048039193603
SVN,2016,hitech_share,-0.5906959165743162,-0.44605834661134935
SVN,2017,hitech_share,-0.6189969845503123,-0.4615157251360419
SVN,2018,hitech_share,-0.551729812662195,-0.42404734201489636
SVN,2019,hitech_share,-0.523153553035087,-0.40735135099063413
SVN,2020,hitech_share,-0.5039914538144235,-0.3958854542911796
SVN,2021,hitech_share,-0.7217834408421746,-0.5141150642562919
SVN,2022,hitech_share,-0.4937063219948534,-0.3896399939185262
SVN,2023,hitech_share,-0.5722723236745035,-0.4357581592160712
SWE,2007,hitech_share,0.16496582809040428,0.17935281728495234
SWE,2008,hitech_share,0.18207848792599401,0.19970835280506005
SWE,2009,hitech_share,0.20160380928731048,0.22336322693604171
SWE,2010,hitech_share,0.26588743982842544,0.30458820574991363
SWE,2011,hitech_share,0.2474173810767688,0.28071354683839145
SWE,2012,hitech_share,0.19617132765890632,0.21673534789648197
SWE,2013,hitech_share,0.17127722027962378,0.18681971391468966
SWE,2014,hitech_share,0.14927431440100625,0.16099142219826512
SWE,2015,hitech_share,0.1364242414933292,0.14616804250725957
SWE,2016,hitech_share,0.10541327599105843,0.11116973525009222
SWE,2017,hitech_share,0.017398351632121223,0.017550584537566305
SWE,2018,hitech_share,-0.018480666519382627,-0.018310946125381533
SWE,2019,hitech_share,-0.03643330524044641,-0.03577759966700467
SWE,2020,hitech_share,-0.04033706492068623,-0.03953435469094224
SWE,2021,hitech_share,-0.10269876819089996,-0.09760123624434092
SWE,2022,hitech_share,0.022495998706759224,0.022750941829828175
SWE,2023,hitech_share,0.016748323338285687,0.016889362796910445
TUR,2007,hitech_share,-1.6809399930307862,-0.8138011318861785
TUR,2008,hitech_share,-1.8327991719512224,-0.8400348295209922
TUR,2009,hitech_share,-1.822627732634313,-0.8383994505169159
TUR,2010,hitech_share,-1.7197385857850018,-0.8208870355330278
TUR,2011,hitech_share,-1.7606638332194815,-0.8280693073732872
TUR,2012,hitech_share,-1.7666861099249704,-0.8291016100523181
TUR,2013,hitech_share,-1.440986851639988,-0.763305938533886
TUR,2014,hitech_share,-1.3841580854134776,-0.7494653602077236
TUR,2015,hitech_share,-1.3979202756321494,-0.7528896486763661
TUR,2016,hitech_share,-1.5391773473132682,-0.7854424648220493
TUR,2017,hitech_share,-1.4167680995231933,-0.7575035237221576
TUR,2018,hitech_share,-1.5826102457060474,-0.7945618463273114
TUR,2019,hitech_share,-1.4948286254008072,-0.7757129614615142
TUR,2020,hitech_share,-1.5118733549573768,-0.7795034774476808
TUR,2021,hitech_share,-1.468867713501037,-0.7698140258443908
TUR,2022,hitech_share,-1.4596196352680413,-0.7676753739800604
TUR,2023,hitech_share,-1.2928561414197215,-0.7255143074968973
USA,2007,hitech_share,0.5080600806255431,0.6620637957519468
USA,2008,hitech_share,0.44560005286927984,0.5614268534460987
USA,2009,hitech_share,0.22109384870346105,0.24744049574394156
USA,2010,hitech_share,0.18675059593427257,0.20532663419661246
USA,2011,hitech_share,0.11832879270569352,0.12561414425200756
USA,2012,hitech_share,0.07581301637314519,0.07876084468256961
USA,2013,hitech_share,0.046118076053381696,0.047198052670399004
USA,2014,hitech_share,0.04572201263584441,0.04678337795498333
USA,2015,hitech_share,0.0658287169242695,0.06804376367716514
USA,2016,hitech_share,0.09777616445233095,0.10271593045789795
USA,2017,hitech_share,0.020740281095921187,0.020956855405184438
USA,2018,hitech_share,0.003051650683660867,0.0030563117096769066
USA,2019,hitech_share,-0.029069287586694248,-0.02865084030417364
USA,2020,hitech_share,-0.033452361852037704,-0.03289901896631686
USA,2021,hitech_share,0.003743296258305495,0.003750311141942353
USA,2022,hitech_share,-0.05551521868965148,-0.05400237328340851
USA,2023,hitech_share,-0.03126569712442473,-0.030781979578925256
