country_iso3,year,indicator,resid,pct_above
AUS,2000,rd_gdp,-0.0677129923418891,-0.06547134802941401
AUS,2002,rd_gdp,-0.014497881808978486,-0.01439329356655239
AUS,2004,rd_gdp,0.0939617198453645,0.09851769368511176
AUS,2006,rd_gdp,0.22491953387111374,0.25222195068493547
AUS,2008,rd_gdp,0.288356935944736,0.33423345501940993
AUS,2010,rd_gdp,0.19264656335571184,0.21245419204085914
AUS,2011,rd_gdp,0.0986970232498261,0.10373184380818179
AUS,2013,rd_gdp,0.03413312699936588,0.03472234704067567
AUS,2015,rd_gdp,-0.0921496670639893,-0.08803135233951853
AUS,2017,rd_gdp,-0.06331227150366225,-0.06134968582618594
AUS,2019,rd_gdp,-0.14214228001370954,-0.13250217989688018
AUS,2021,rd_gdp,-0.1462870025678379,-0.13609027670805296
AUS,2023,rd_gdp,-0.31013724297402157,-0.2666536973101168
AUT,2000,rd_gdp,-0.016387749299933474,-0.016254200652138007
AUT,2001,rd_gdp,-0.002287058534390929,-0.0022844452086769884
AUT,2002,rd_gdp,0.043553730148356395,0.04451611481014073
AUT,2003,rd_gdp,0.1453971425649372,0.1564987739667585
AUT,2004,rd_gdp,0.17174701715833218,0.18737740910334844
AUT,2005,rd_gdp,0.24301238236213374,0.2750844125776577
AUT,2006,rd_gdp,0.2117942883489078,0.23589362120948665
AUT,2007,rd_gdp,0.26388504652374944,0.3019785207412333
AUT,2008,rd_gdp,0.25368046628912544,0.2887599362235984
AUT,2009,rd_gdp,0.21188201502291637,0.23600204680214265
AUT,2010,rd_gdp,0.26455163500096,0.30284669394571506
AUT,2011,rd_gdp,0.1908080035320311,0.21022707045082023
AUT,2012,rd_gdp,0.2729827042940638,0.3138775201889952
AUT,2013,rd_gdp,0.30096752490314294,0.3511654615962816
AUT,2014,rd_gdp,0.3386277338680226,0.4030209508014475
AUT,2015,rd_gdp,0.3498709464235559,0.4188844246675485
AUT,2016,rd_gdp,0.41861400527979487,0.5198535860929552
AUT,2017,rd_gdp,0.3924188581158101,0.48055772516343587
AUT,2018,rd_gdp,0.37649116177615904,0.45716266063752964
AUT,2019,rd_gdp,0.35181135178341183,0.421640308511382
AUT,2020,rd_gdp,0.3658534872270822,0.44174399326923597
AUT,2021,rd_gdp,0.4023729300946466,0.4953688967675691
AUT,2022,rd_gdp,0.35119821520131,0.42076891600025523
AUT,2023,rd_gdp,0.3564997186118426,0.4283211286059587
BEL,2000,rd_gdp,0.05517743144669063,0.05672809483718977
BEL,2001,rd_gdp,0.06570332070601226,0.06790984342498874
BEL,2002,rd_gdp,0.0042081172058328065,0.0042169837638510455
BEL,2003,rd_gdp,0.023712791256568555,0.02399617499773843
BEL,2004,rd_gdp,0.02747645688568645,0.027857415857751366
BEL,2005,rd_gdp,-0.009899571945154784,-0.009850732478942081
BEL,2006,rd_gdp,-0.007821748745685198,-0.007791238468695116
BEL,2007,rd_gdp,0.04075758158010334,0.0415995720149136
BEL,2008,rd_gdp,0.03236334784678696,0.032892736483032925
BEL,2009,rd_gdp,-0.006043271183972521,-0.006025047349675461
BEL,2010,rd_gdp,0.02953335803656465,0.02997379280228296
BEL,2011,rd_gdp,0.044375786406261275,0.045375118845249585
BEL,2012,rd_gdp,0.09600633180923857,0.10076603381245541
BEL,2013,rd_gdp,0.12224897819794156,0.13003542094041265
BEL,2014,rd_gdp,0.1173501443648548,0.12451310269143612
BEL,2015,rd_gdp,0.16666204957517294,0.18135495842912452
BEL,2016,rd_gdp,0.2583803042532822,0.2948311547949847
BEL,2017,rd_gdp,0.31234525647973654,0.3666264482231534
BEL,2018,rd_gdp,0.35937565096606483,0.43243479603121693
BEL,2019,rd_gdp,0.41225466948853096,0.5102189940578927
BEL,2020,rd_gdp,0.45417393954624097,0.5748719061572969
BEL,2021,rd_gdp,0.47200728581717843,0.6032090643721644
BEL,2022,rd_gdp,0.3943217820661289,0.483377796257908
BEL,2023,rd_gdp,0.3704650129335738,0.44840798653470615
CAN,2000,rd_gdp,-0.017241105884486907,-0.01709332851897072
CAN,2001,rd_gdp,0.027714906237466863,0.028102537015614493
CAN,2002,rd_gdp,-0.0004566264342801274,-0.0004565221962964383
CAN,2003,rd_gdp,0.046650629281382194,0.04775588989952895
CAN,2004,rd_gdp,0.08745149635879113,0.09138932680280143
CAN,2005,rd_gdp,0.04776215547938001,0.04892114550635407
CAN,2006,rd_gdp,0.02054249550158538,0.020754944814908027
CAN,2007,rd_gdp,0.054714015635818236,0.05623850378112927
CAN,2008,rd_gdp,-0.0281190645074072,-0.02772740324846601
CAN,2009,rd_gdp,-0.045868885298328554,-0.04483280955787605
CAN,2010,rd_gdp,-0.09634539216563631,-0.09184970610349741
CAN,2011,rd_gdp,-0.16528334438796377,-0.15234650780177472
CAN,2012,rd_gdp,-0.18549080398915496,-0.16930352536041215
CAN,2013,rd_gdp,-0.23613800779199412,-0.21032831443337152
CAN,2014,rd_gdp,-0.2588276814934356,-0.2280439661058472
CAN,2015,rd_gdp,-0.2423794337683114,-0.2152416427668391
CAN,2016,rd_gdp,-0.16079543385106387,-0.14853376553888664
CAN,2017,rd_gdp,-0.1954885383003323,-0.1775672300124327
CAN,2018,rd_gdp,-0.18588952189202945,-0.16963467289509337
CAN,2019,rd_gdp,-0.202036208626458,-0.1829346574071643
CAN,2020,rd_gdp,-0.11974404593364407,-0.11285252333587126
CAN,2021,rd_gdp,-0.14152289695849385,-0.13196470001088778
CAN,2022,rd_gdp,-0.1831465306343919,-0.16735386136923025
CAN,2023,rd_gdp,-0.2153895335198719,-0.1937726735659
CHE,2000,rd_gdp,-0.12389960923211174,-0.11653147148505061
CHE,2004,rd_gdp,0.10045530844500239,0.10567422629936596
CHE,2008,rd_gdp,0.01575867987166757,0.015883502686282913
CHE,2012,rd_gdp,-0.0008298916531581657,-0.0008295473883209725
CHE,2015,rd_gdp,0.05358478228703922,0.05504643722572311
CHE,2017,rd_gdp,0.10973854778099779,0.11598625522985828
CHE,2019,rd_gdp,0.08326126824336355,0.08682572450539516
CHE,2021,rd_gdp,0.07366421389932376,0.07644528943725137
CHE,2023,rd_gdp,0.022535586347205427,0.022791430927807887
CHL,2007,rd_gdp,-0.7125828764626361,-0.5096240202347807
CHL,2008,rd_gdp,-0.6171137334863291,-0.4605006685492705
CHL,2009,rd_gdp,-0.7476858714620755,-0.52653906455619
CHL,2010,rd_gdp,-0.845992089570919,-0.5708685898402074
CHL,2011,rd_gdp,-0.8660773477707144,-0.5794018220593019
CHL,2012,rd_gdp,-0.9030755732151494,-0.5946788540829977
CHL,2013,rd_gdp,-0.8525912492972579,-0.573691172977598
CHL,2014,rd_gdp,-0.9036065038585055,-0.5948939943824226
CHL,2015,rd_gdp,-0.8725535692966162,-0.582116907795148
CHL,2016,rd_gdp,-0.8506689367473181,-0.5728708859978845
CHL,2017,rd_gdp,-0.8765854588804467,-0.5837983742604593
CHL,2018,rd_gdp,-0.8724086947106524,-0.5820563627695716
CHL,2019,rd_gdp,-0.9583380508215598,-0.6164702364251011
CHL,2020,rd_gdp,-0.9824584154854958,-0.6256104385408646
CHL,2021,rd_gdp,-0.9567981301093598,-0.6158791760221498
CHL,2022,rd_gdp,-0.8685873444387134,-0.5804561982905312
CHN,2000,rd_gdp,1.850210099969543,5.361155860867228
CHN,2001,rd_gdp,1.7860030188392149,4.9655605173545005
CHN,2002,rd_gdp,1.8260602518562605,5.209375031656735
CHN,2003,rd_gdp,1.8371745650531466,5.27877291101865
CHN,2004,rd_gdp,1.8630237642461802,5.44319003322219
CHN,2005,rd_gdp,1.8178023228719622,5.158309591192357
CHN,2006,rd_gdp,1.7363410198058062,4.6765350478600105
CHN,2007,rd_gdp,1.6587365964984628,4.252670408368731
CHN,2008,rd_gdp,1.54976353771695,3.7103562293040033
CHN,2009,rd_gdp,1.4929388660161955,3.4501547284692338
CHN,2010,rd_gdp,1.432173169218611,3.187790086829689
CHN,2011,rd_gdp,1.3498148934029754,2.8567115618659202
CHN,2012,rd_gdp,1.336135464078862,2.804313155870536
CHN,2013,rd_gdp,1.3016948371460169,2.675520800867509
CHN,2014,rd_gdp,1.2304870514372213,2.4228962569087757
CHN,2015,rd_gdp,1.2026033068478048,2.328771466185331
CHN,2016,rd_gdp,1.2140091823655879,2.3669563713251187
CHN,2017,rd_gdp,1.1635267015778248,2.2012030797705884
CHN,2018,rd_gdp,1.1004720668009678,2.005584525778402
CHN,2019,rd_gdp,1.0611574990154682,1.8897138951782253
CHN,2020,rd_gdp,1.0187710778461812,1.7697888167326643
CHN,2021,rd_gdp,1.0072421078178198,1.7380393753285053
CHN,2022,rd_gdp,1.0405312039314305,1.8307203047940002
CHN,2023,rd_gdp,0.9719550584803471,1.6431068397735795
COL,2000,rd_gdp,-0.9434116775266617,-0.6107025900669358
COL,2001,rd_gdp,-0.9608707884683931,-0.6174403876081689
COL,2002,rd_gdp,-0.7960916251396113,-0.5489114535415434
COL,2003,rd_gdp,-0.6525427557388868,-0.4792799718919927
COL,2004,rd_gdp,-0.6710584765033316,-0.4888327671685979
COL,2005,rd_gdp,-0.7350451692614641,-0.5205161994434048
COL,2006,rd_gdp,-0.7976555959926626,-0.5496163914854608
COL,2007,rd_gdp,-0.6836283554990177,-0.4952178634170378
COL,2008,rd_gdp,-0.7005544684881697,-0.5036899607914103
COL,2009,rd_gdp,-0.8081252196557434,-0.5543071403358636
COL,2010,rd_gdp,-0.8243265988758679,-0.5614698002131753
COL,2011,rd_gdp,-0.8887420613656456,-0.5888273424617602
COL,2012,rd_gdp,-0.8178039457920159,-0.5586000709031864
COL,2013,rd_gdp,-0.7101272668135927,-0.5084183685480943
COL,2014,rd_gdp,-0.594408632947399,-0.4481111617394048
COL,2015,rd_gdp,-0.40396343986768013,-0.3323314691274485
COL,2016,rd_gdp,-0.6573719336132735,-0.481788559447502
COL,2017,rd_gdp,-0.6810603688289942,-0.49391992378646976
COL,2018,rd_gdp,-0.5151268570704759,-0.40257519774930284
COL,2019,rd_gdp,-0.5223539190084583,-0.40687725944044484
COL,2020,rd_gdp,-0.6131312411282723,-0.4583478326036152
CRI,2000,rd_gdp,0.06500714017511333,0.06716664411370354
CRI,2003,rd_gdp,-0.08687544661565583,-0.08320872202148466
CRI,2004,rd_gdp,-0.04015123028819756,-0.039355850325095254
CRI,2006,rd_gdp,0.004962280498782556,0.004974613003334127
CRI,2007,rd_gdp,-0.18454894090073348,-0.16852075443961556
CRI,2008,rd_gdp,-0.2021286383456521,-0.18301017503725292
CRI,2009,rd_gdp,0.018062896017295826,0.01822701679988903
CRI,2010,rd_gdp,-0.08176983991977527,-0.07851597687228185
CRI,2011,rd_gdp,-0.17898757569974855,-0.16388371250769607
CRI,2012,rd_gdp,-0.05720657827807418,-0.055601043096113356
CRI,2013,rd_gdp,-0.07916486418724977,-0.07611240408893816
CRI,2014,rd_gdp,-0.08859402583948384,-0.08478294736146574
CRI,2015,rd_gdp,-0.3327097674906576,-0.2830217456407724
CRI,2016,rd_gdp,-0.2938035512636651,-0.25457708554991076
CRI,2017,rd_gdp,-0.3594825333611651,-0.30196255628041246
CRI,2018,rd_gdp,-0.5229500888950982,-0.40723075597498337
CRI,2020,rd_gdp,-0.7135115689460121,-0.5100792173194453
CRI,2021,rd_gdp,-0.9136144266749238,-0.5989280441195928
CRI,2022,rd_gdp,-0.7376126113943182,-0.5217456673857137
CRI,2023,rd_gdp,-0.8272238362348343,-0.5627384875593995
CZE,2000,rd_gdp,0.12033473779763594,0.12787433056703268
CZE,2001,rd_gdp,0.044192009826900594,0.04518302103383953
CZE,2002,rd_gdp,0.04311669595030511,0.044059725283732476
CZE,2003,rd_gdp,0.10587685814352113,0.11168497312602521
CZE,2004,rd_gdp,0.10180565227392252,0.10716827518046435
CZE,2005,rd_gdp,0.05203268163841998,0.05341016912105778
CZE,2006,rd_gdp,0.04188736877686877,0.04277702288474794
CZE,2007,rd_gdp,0.11016158140458221,0.11645845481038641
CZE,2008,rd_gdp,-0.017079545837194482,-0.016934517242208957
CZE,2009,rd_gdp,-0.008021054537435346,-0.007988971716148208
CZE,2010,rd_gdp,0.004702208889657056,0.004713281622509502
CZE,2011,rd_gdp,0.11792328115846012,0.1251577872540539
CZE,2012,rd_gdp,0.26143362058511244,0.29879072574203214
CZE,2013,rd_gdp,0.3262465364767957,0.3857569664031206
CZE,2014,rd_gdp,0.33603845390650755,0.39939283589757957
CZE,2015,rd_gdp,0.2903308292207667,0.33686969043265247
CZE,2016,rd_gdp,0.18160064850709878,0.19913522180610888
CZE,2017,rd_gdp,0.191022243206186,0.21048637687991767
CZE,2018,rd_gdp,0.23093054473395536,0.25977173862930814
CZE,2019,rd_gdp,0.183782963373457,0.20175496994537334
CZE,2020,rd_gdp,0.1894151331626951,0.2085425544527737
CZE,2021,rd_gdp,0.1901382903896669,0.20941683681883383
CZE,2022,rd_gdp,0.17560728328820419,0.19196986023794382
CZE,2023,rd_gdp,0.1250310710743171,0.13318366175360685
DEU,2000,rd_gdp,0.12424084909129263,0.13228854882881969
DEU,2001,rd_gdp,0.07493138623573847,0.07781019573280124
DEU,2002,rd_gdp,0.11083837127750806,0.11721431833768325
DEU,2003,rd_gdp,0.191637454972289,0.21123131146444685
DEU,2004,rd_gdp,0.21280668033723027,0.23714546358069
DEU,2005,rd_gdp,0.2017677984916274,0.22356386174873966
DEU,2006,rd_gdp,0.17433934942044127,0.1904594790168952
DEU,2007,rd_gdp,0.20281993523510877,0.22485189572079545
DEU,2008,rd_gdp,0.1938336834402694,0.213894375430018
DEU,2009,rd_gdp,0.20464178472553718,0.22708542548261157
DEU,2010,rd_gdp,0.17344362023687043,0.18939362714825703
DEU,2011,rd_gdp,0.11487835483932995,0.12173697539752326
DEU,2012,rd_gdp,0.1345390719761259,0.14400935683545146
DEU,2013,rd_gdp,0.12010241333873628,0.12761232820943325
DEU,2014,rd_gdp,0.10870636102893827,0.11483494328841437
DEU,2015,rd_gdp,0.14643160166592373,0.15769574365011918
DEU,2016,rd_gdp,0.19254595406252006,0.2123322140177346
DEU,2017,rd_gdp,0.21180759411113304,0.23591006582554996
DEU,2018,rd_gdp,0.21860911392370386,0.2443447845618294
DEU,2019,rd_gdp,0.20913378557010298,0.23260989291700263
DEU,2020,rd_gdp,0.16532757626381045,0.1797795231877939
DEU,2021,rd_gdp,0.19037001387374053,0.209697119574753
DEU,2022,rd_gdp,0.18981972769338484,0.20903162309098766
DEU,2023,rd_gdp,0.18932288691578636,0.20843107607970568
DNK,2000,rd_gdp,0.0710697552954832,0.07365611645597014
DNK,2001,rd_gdp,0.09495082259250032,0.09960477808416912
DNK,2002,rd_gdp,0.16099113781163887,0.17467455858054182
DNK,2003,rd_gdp,0.24633342913460587,0.27932606701851626
DNK,2004,rd_gdp,0.23032002845715782,0.2590028622074927
DNK,2005,rd_gdp,0.19521853929487576,0.2155766087191633
DNK,2006,rd_gdp,0.16649654791985025,0.18115945840621572
DNK,2007,rd_gdp,0.272634491689016,0.313420091120882
DNK,2008,rd_gdp,0.3217614578585699,0.3795556545440868
DNK,2009,rd_gdp,0.3866497900000194,0.4720408775561651
DNK,2010,rd_gdp,0.3523617358410227,0.42242297203584966
DNK,2011,rd_gdp,0.32864026811681213,0.38907807002857386
DNK,2012,rd_gdp,0.34330299402314,0.40959579633007914
DNK,2013,rd_gdp,0.32701679790498805,0.3868247727354108
DNK,2014,rd_gdp,0.2964408139363799,0.3450629486600816
DNK,2015,rd_gdp,0.357839991624749,0.4302367523110129
DNK,2016,rd_gdp,0.40398406128099795,0.4977800740721603
DNK,2017,rd_gdp,0.3325026369711097,0.39445357631386546
DNK,2018,rd_gdp,0.32721382452600944,0.38709804105401435
DNK,2019,rd_gdp,0.2658702253547047,0.304565748143828
DNK,2020,rd_gdp,0.2237266803214233,0.250729123824982
DNK,2021,rd_gdp,0.15013891118163003,0.16199564570587843
DNK,2022,rd_gdp,0.22076755380993407,0.24703352867944983
DNK,2023,rd_gdp,0.2444197145413729,0.27688014320108745
ESP,2000,rd_gdp,-0.558307302991536,-0.4278232334949621
ESP,2001,rd_gdp,-0.6187375248189064,-0.4613759920239455
ESP,2002,rd_gdp,-0.538821126185876,-0.41656435587660157
ESP,2003,rd_gdp,-0.4283937076782727,-0.3484451578494351
ESP,2004,rd_gdp,-0.3776773002146943,-0.31454833991655085
ESP,2005,rd_gdp,-0.3452185314938756,-0.2919343980743777
ESP,2006,rd_gdp,-0.298708144224924,-0.2582241305827725
ESP,2007,rd_gdp,-0.19936357737062582,-0.18074802230141573
ESP,2008,rd_gdp,-0.1834268065404266,-0.16758719931911115
ESP,2009,rd_gdp,-0.19848828545072938,-0.18003062374419887
ESP,2010,rd_gdp,-0.1757749325542181,-0.16119324981359007
ESP,2011,rd_gdp,-0.20730128042179213,-0.18722526002035478
ESP,2012,rd_gdp,-0.20303043910819835,-0.1837466049779477
ESP,2013,rd_gdp,-0.20601406077064272,-0.18617836675685717
ESP,2014,rd_gdp,-0.26027721631706363,-0.22916213265282592
ESP,2015,rd_gdp,-0.29762301531467183,-0.2574187712616254
ESP,2016,rd_gdp,-0.29543758248220203,-0.2557941352437385
ESP,2017,rd_gdp,-0.29658291794314207,-0.2566460126750443
ESP,2018,rd_gdp,-0.2976744754831253,-0.25745698363353064
ESP,2019,rd_gdp,-0.3257588190782027,-0.27802070593306594
ESP,2020,rd_gdp,-0.15473853029228174,-0.14336086661267788
ESP,2021,rd_gdp,-0.15539766092431845,-0.14392531766217076
ESP,2022,rd_gdp,-0.1887514397275899,-0.17200771289230665
ESP,2023,rd_gdp,-0.18306557235567045,-0.1672864490423065
EST,2000,rd_gdp,0.07497502782220322,0.07785723410605794
EST,2001,rd_gdp,0.12493709706925271,0.13307717694991839
EST,2002,rd_gdp,0.07753850518639649,0.08062384127991007
EST,2003,rd_gdp,0.11695599417081448,0.12406996297134976
EST,2004,rd_gdp,0.18603185866608693,0.20446063227548628
EST,2005,rd_gdp,0.15471209053416074,0.16732182971528675
EST,2006,rd_gdp,0.239848760772311,0.27105690211981104
EST,2007,rd_gdp,0.16803230774759698,0.18297482928262654
EST,2008,rd_gdp,0.3361775400078483,0.39958748552758383
EST,2009,rd_gdp,0.530288377993893,0.6994223139594529
EST,2010,rd_gdp,0.6444489073333244,0.904936943171263
EST,2011,rd_gdp,0.907766427543154,1.478779811340289
EST,2012,rd_gdp,0.7709984898692316,1.1619238354917099
EST,2013,rd_gdp,0.5370856484015787,0.7110130951741065
EST,2014,rd_gdp,0.3012015896954439,0.3514817588749988
EST,2015,rd_gdp,0.3322575321375572,0.3941118308855853
EST,2016,rd_gdp,0.18968795158940777,0.2088723121110323
EST,2017,rd_gdp,0.1657397613269671,0.18026591091906252
EST,2018,rd_gdp,0.22329496397313547,0.25018928015300124
EST,2019,rd_gdp,0.30412977366195154,0.3554449457306845
EST,2020,rd_gdp,0.3354810558834772,0.3986130344474905
EST,2021,rd_gdp,0.3317632160871056,0.39342286932786097
EST,2022,rd_gdp,0.38908367212603645,0.4756280151010073
EST,2023,rd_gdp,0.4431658414296554,0.5576306326138978
FIN,2000,rd_gdp,0.7039329263926148,1.0216882433522976
FIN,2001,rd_gdp,0.6317966306742147,0.8809869841933919
FIN,2002,rd_gdp,0.652749503092819,0.9208148616096197
FIN,2003,rd_gdp,0.7059775176236553,1.0258259979735214
FIN,2004,rd_gdp,0.7177909266158351,1.0498998260519095
FIN,2005,rd_gdp,0.6939708045580097,1.0016479265388942
FIN,2006,rd_gdp,0.6613770473157343,0.9374584702689355
FIN,2007,rd_gdp,0.6748357576674515,0.9637104251016504
FIN,2008,rd_gdp,0.6713037632172356,0.9567868449992372
FIN,2009,rd_gdp,0.7313718040355048,1.0779291650102403
FIN,2010,rd_gdp,0.7144660387839361,1.0430954572136897
FIN,2011,rd_gdp,0.6473098361790606,0.910394635533484
FIN,2012,rd_gdp,0.6053892029413166,0.8319650763478219
FIN,2013,rd_gdp,0.5875605003598663,0.799592949855835
FIN,2014,rd_gdp,0.5543821414468895,0.7408650440614333
FIN,2015,rd_gdp,0.48969988408980614,0.6318264093909509
FIN,2016,rd_gdp,0.4737680925521519,0.6060344924766932
FIN,2017,rd_gdp,0.4501822052135547,0.5685979661814218
FIN,2018,rd_gdp,0.44439256512013836,0.5595425874923521
FIN,2019,rd_gdp,0.42333351940780983,0.5270435096924588
FIN,2020,rd_gdp,0.40870064732818334,0.5048611688403994
FIN,2021,rd_gdp,0.4794648443080409,0.6152097821517337
FIN,2022,rd_gdp,0.4868318467312751,0.6271529752814873
FIN,2023,rd_gdp,0.5054404460940372,0.6577154940064116
FRA,2000,rd_gdp,0.11640321863035386,0.12344877629427087
FRA,2001,rd_gdp,0.09621594262743494,0.10099679046514609
FRA,2002,rd_gdp,0.12854685179084313,0.13717469871427057
FRA,2003,rd_gdp,0.15886374424462857,0.17217821977034453
FRA,2004,rd_gdp,0.1726203783988125,0.18841487148405256
FRA,2005,rd_gdp,0.1356770325402299,0.14531193536943277
FRA,2006,rd_gdp,0.11725591882432396,0.12440714982831236
FRA,2007,rd_gdp,0.15030785088051335,0.1621919694833407
FRA,2008,rd_gdp,0.11162242464931016,0.11809061747875815
FRA,2009,rd_gdp,0.12298911740213225,0.13087211405406696
FRA,2010,rd_gdp,0.1115653898256177,0.11802684919604167
FRA,2011,rd_gdp,0.07069323677796946,0.0732519411412027
FRA,2012,rd_gdp,0.08809808501860639,0.09209523495646543
FRA,2013,rd_gdp,0.09041128919521513,0.09462439832307501
FRA,2014,rd_gdp,0.09525488697200368,0.09993917956592924
FRA,2015,rd_gdp,0.09370495405689216,0.09823566813214812
FRA,2016,rd_gdp,0.14748208408687302,0.1589125216676961
FRA,2017,rd_gdp,0.12905345765886012,0.13775094404190735
FRA,2018,rd_gdp,0.11004203300210136,0.11632499196347146
FRA,2019,rd_gdp,0.06622831502271742,0.06847063721743685
FRA,2020,rd_gdp,0.10797930093709363,0.11402468588076098
FRA,2021,rd_gdp,0.07986503624187624,0.08314087304688833
FRA,2022,rd_gdp,0.08016705405459823,0.08346805028842619
FRA,2023,rd_gdp,0.009134466762083293,0.009176313321885399
GBR,2000,rd_gdp,-0.09282214349201029,-0.08864442359707592
GBR,2001,rd_gdp,-0.15415035984243447,-0.14285686858439284
GBR,2002,rd_gdp,-0.13863485619791793,-0.12945415514994718
GBR,2003,rd_gdp,-0.1306662643114503,-0.12248941787353418
GBR,2004,rd_gdp,-0.13244623064848582,-0.12404996789483747
GBR,2005,rd_gdp,-0.1446600110969684,-0.13468355890803485
GBR,2006,rd_gdp,-0.1386345663968107,-0.12945390286476088
GBR,2007,rd_gdp,-0.06971063425943302,-0.06733633822624152
GBR,2008,rd_gdp,-0.12400977011307518,-0.11662878979602143
GBR,2009,rd_gdp,-0.12130689330653832,-0.1142379165780667
GBR,2010,rd_gdp,-0.13533192149110923,-0.12657404527604288
GBR,2011,rd_gdp,-0.15449585977982927,-0.14315296032985014
GBR,2012,rd_gdp,-0.2122572244461695,-0.1912433611697586
GBR,2013,rd_gdp,-0.19357313423876238,-0.17599042932128317
GBR,2014,rd_gdp,0.10721439393816723,0.11317288641677092
GBR,2015,rd_gdp,0.12334208989810935,0.13127135126252742
GBR,2016,rd_gdp,0.1866914281362938,0.20525531978360112
GBR,2017,rd_gdp,0.17198564845775588,0.18766078832762068
GBR,2018,rd_gdp,0.30792263337430625,0.3605957201652552
GBR,2019,rd_gdp,0.26406319955811586,0.30221049282803514
GBR,2020,rd_gdp,0.3987073291114702,0.4898975051650063
GBR,2021,rd_gdp,0.36624053242122345,0.4423021213564422
GBR,2022,rd_gdp,0.2893351736916365,0.3355392911532513
GBR,2023,rd_gdp,0.23365377096629203,0.2632070575269534
GRC,2001,rd_gdp,-0.6825707770732825,-0.49468373432777446
GRC,2003,rd_gdp,-0.7434282736201798,-0.5245189609564165
GRC,2004,rd_gdp,-0.7884188489173136,-0.5454370399143037
GRC,2005,rd_gdp,-0.7080304130259549,-0.5073865122944762
GRC,2006,rd_gdp,-0.8083323579733689,-0.5543994508441403
GRC,2007,rd_gdp,-0.7526361791538525,-0.5288770502180049
GRC,2008,rd_gdp,-0.6713822598517614,-0.48899824781546697
GRC,2009,rd_gdp,-0.7731937012385102,-0.538463298306658
GRC,2010,rd_gdp,-0.7285938727768012,-0.5174129079226236
GRC,2011,rd_gdp,-0.5094565893510645,-0.39917801681779574
GRC,2012,rd_gdp,-0.36694008975338144,-0.3071488473155599
GRC,2013,rd_gdp,-0.2108903039941333,-0.19013709926566202
GRC,2014,rd_gdp,-0.20585066701133145,-0.18604538251669112
GRC,2015,rd_gdp,-0.04324972962047055,-0.0423277989133255
GRC,2016,rd_gdp,0.047500858213240946,0.04864710108372616
GRC,2017,rd_gdp,0.17348945150173795,0.1894481398117973
GRC,2018,rd_gdp,0.19238284689993385,0.21213449007572827
GRC,2019,rd_gdp,0.18948554149574645,0.20862764891509888
GRC,2020,rd_gdp,0.37788526816319934,0.4591955170895192
GRC,2021,rd_gdp,0.30317976490151816,0.3541578726201209
GRC,2022,rd_gdp,0.2799199161259403,0.3230238552189659
GRC,2023,rd_gdp,0.22495928314357372,0.25227172658570507
HUN,2000,rd_gdp,0.11832946471776379,0.1256149006785532
HUN,2001,rd_gdp,0.1842204019968845,0.20228077898132923
HUN,2002,rd_gdp,0.2213437083426556,0.247752219718123
HUN,2003,rd_gdp,0.1668385422016888,0.18156347726906286
HUN,2004,rd_gdp,0.09286276108822755,0.09731113114843093
HUN,2005,rd_gdp,0.10861627644147563,0.1147345183658961
HUN,2006,rd_gdp,0.1295017290858443,0.13826107961220324
HUN,2007,rd_gdp,0.1673801349819541,0.1822035768387833
HUN,2008,rd_gdp,0.12037104056732761,0.12791527627231303
HUN,2009,rd_gdp,0.24706103444540098,0.28025725018494474
HUN,2010,rd_gdp,0.2550958750049255,0.2905853498183091
HUN,2011,rd_gdp,0.25064217401403444,0.28485024925837354
HUN,2012,rd_gdp,0.31953709069626135,0.37649042660757215
HUN,2013,rd_gdp,0.3900395936011685,0.4770392740288414
HUN,2014,rd_gdp,0.30071389572192797,0.35082281006162175
HUN,2015,rd_gdp,0.2795050750159172,0.32247512436020864
HUN,2016,rd_gdp,0.17849906799594933,0.1954217691350284
HUN,2017,rd_gdp,0.250749748612206,0.28498847394224724
HUN,2018,rd_gdp,0.3141656865875533,0.36911656200701026
HUN,2019,rd_gdp,0.20935867388504498,0.23288712365060937
HUN,2020,rd_gdp,0.24797486142868036,0.28142771852702686
HUN,2021,rd_gdp,0.2679207641766314,0.307243555391729
HUN,2022,rd_gdp,0.07981732525899454,0.0830891965640137
HUN,2023,rd_gdp,0.039705700248741815,0.04050450890954549
IRL,2000,rd_gdp,-0.5228116337688999,-0.4071486783525927
IRL,2001,rd_gdp,-0.6246386286024427,-0.4645451083566129
IRL,2002,rd_gdp,-0.65017315056421,-0.47804460793446724
IRL,2003,rd_gdp,-0.5439006680356143,-0.4195204275466946
IRL,2004,rd_gdp,-0.5027680866027868,-0.3951459481123111
IRL,2005,rd_gdp,-0.5320716263720419,-0.4126131377321881
IRL,2006,rd_gdp,-0.5470817562883658,-0.42136405037743907
IRL,2007,rd_gdp,-0.4790802949978723,-0.38064724823171203
IRL,2008,rd_gdp,-0.3413072493051079,-0.2891595305897249
IRL,2009,rd_gdp,-0.2183873916584037,-0.19618600949116693
IRL,2010,rd_gdp,-0.22179960454351655,-0.19892411978251068
IRL,2011,rd_gdp,-0.2944410172385441,-0.2550521158708483
IRL,2012,rd_gdp,-0.28383403907166366,-0.2471084150753171
IRL,2013,rd_gdp,-0.3067296531109843,-0.26415049135555635
IRL,2014,rd_gdp,-0.44732681262320845,-0.36066506859751946
IRL,2015,rd_gdp,-0.9237619667931664,-0.6029773578481414
IRL,2016,rd_gdp,-0.8555475041640209,-0.574949589505746
IRL,2017,rd_gdp,-0.8914351595417053,-0.5899331810614973
IRL,2018,rd_gdp,-1.0755591128770772,-0.658893015332784
IRL,2019,rd_gdp,-1.085958057258222,-0.6624217883377586
IRL,2020,rd_gdp,-1.2501632612167504,-0.7135419744434762
IRL,2021,rd_gdp,-1.384216967997122,-0.7494801119002938
IRL,2022,rd_gdp,-1.0678035880474077,-0.6562372665924966
IRL,2023,rd_gdp,-1.0202207568192823,-0.6394846548330702
ISL,2000,rd_gdp,0.6063336210940076,0.8336960346665925
ISL,2001,rd_gdp,0.6468780963154759,0.9095700200366459
ISL,2002,rd_gdp,0.6628676953247359,0.9403486924969897
ISL,2003,rd_gdp,0.662400462267348,0.9394423092076025
ISL,2005,rd_gdp,0.56622709736275,0.7616081216579142
ISL,2006,rd_gdp,0.5966399872062382,0.8160067319737581
ISL,2007,rd_gdp,0.4755883093166484,0.6089604855472148
ISL,2008,rd_gdp,0.39102013121601464,0.4784882768804357
ISL,2009,rd_gdp,0.45105267768339896,0.5699639819805546
ISL,2011,rd_gdp,0.3851300605410952,0.4698054727053411
ISL,2013,rd_gdp,-0.0050889809761807125,-0.005076054050082601
ISL,2014,rd_gdp,0.11389538787955977,0.12063488676025225
ISL,2015,rd_gdp,0.2296173755708918,0.2581185309378893
ISL,2016,rd_gdp,0.2019288888670756,0.2237609819872739
ISL,2017,rd_gdp,0.1866717074932569,0.20523155160803386
ISL,2018,rd_gdp,0.11845238600630092,0.12575327121670932
ISL,2019,rd_gdp,0.26520653016891593,0.3037002013986161
ISL,2020,rd_gdp,0.33709787712188233,0.4008761707563129
ISL,2021,rd_gdp,0.4812455140511507,0.6180884996014677
ISL,2022,rd_gdp,0.3657542087861597,0.4416008662782045
ISL,2023,rd_gdp,0.29524348829105906,0.3434534340459239
ISR,2000,rd_gdp,1.2526151321375512,2.4994826109930366
ISR,2001,rd_gdp,1.3070825666246866,2.6953769543962585
ISR,2002,rd_gdp,1.3347079943858877,2.7988864882612003
ISR,2003,rd_gdp,1.3384351423632117,2.813071919531177
ISR,2004,rd_gdp,1.3521797669986415,2.8658429902859353
ISR,2005,rd_gdp,1.364616223457324,2.9142205776633943
ISR,2006,rd_gdp,1.3530249400502083,2.869111677711603
ISR,2007,rd_gdp,1.4342590969224336,3.196534631262651
ISR,2008,rd_gdp,1.3488684168243095,2.8530630016127274
ISR,2009,rd_gdp,1.2093325789626526,2.351247213083631
ISR,2010,rd_gdp,1.1439083498666704,2.1390127820555387
ISR,2011,rd_gdp,1.0980471601688377,1.9983050934672852
ISR,2012,rd_gdp,1.1227848370265536,2.073401218257457
ISR,2013,rd_gdp,1.1108326159001134,2.0368859015568175
ISR,2014,rd_gdp,1.1052151214965742,2.0198740387585166
ISR,2015,rd_gdp,1.1531378963234145,2.1681185562903873
ISR,2016,rd_gdp,1.2494028529527306,2.488259331648252
ISR,2017,rd_gdp,1.2648273042154108,2.5424809117603107
ISR,2018,rd_gdp,1.2728843148165248,2.5711380082619764
ISR,2019,rd_gdp,1.316907722889127,2.7318635602159795
ISR,2020,rd_gdp,1.3561742326859807,2.8813158497930407
ISR,2021,rd_gdp,1.3305758459518722,2.783221313111986
ISR,2022,rd_gdp,1.3738647482473185,2.9505892628193164
ISR,2023,rd_gdp,1.3708960367715965,2.9388784946856186
ITA,2000,rd_gdp,-0.7270394907334277,-0.5166621999199641
ITA,2001,rd_gdp,-0.7432382136434489,-0.5244285824528038
ITA,2002,rd_gdp,-0.6873161069518868,-0.4970759462949367
ITA,2003,rd_gdp,-0.6424066336666251,-0.4739750498723564
ITA,2004,rd_gdp,-0.6084852650834278,-0.4558254747392555
ITA,2005,rd_gdp,-0.6168683095269173,-0.46036824623810657
ITA,2006,rd_gdp,-0.5905175887209098,-0.44595955457696423
ITA,2007,rd_gdp,-0.49204323554286106,-0.3886240679093419
ITA,2008,rd_gdp,-0.5019337367316878,-0.394641077622059
ITA,2009,rd_gdp,-0.48126483554047383,-0.38199877266068627
ITA,2010,rd_gdp,-0.471613837491746,-0.3760055703476559
ITA,2011,rd_gdp,-0.5132154620534185,-0.4014321909384444
ITA,2012,rd_gdp,-0.4279518076307631,-0.3481571721079637
ITA,2013,rd_gdp,-0.37109582780017775,-0.31002218066593223
ITA,2014,rd_gdp,-0.34822681324500215,-0.2940612582020323
ITA,2015,rd_gdp,-0.3314979737899352,-0.28215238927468433
ITA,2016,rd_gdp,-0.2672222454002462,-0.2344970769448005
ITA,2017,rd_gdp,-0.27263467151110027,-0.23862911269727505
ITA,2018,rd_gdp,-0.2485262201959078,-0.2200505898593088
ITA,2019,rd_gdp,-0.25172965054521595,-0.22254510583336995
ITA,2020,rd_gdp,-0.20624241322840026,-0.18636418371029806
ITA,2021,rd_gdp,-0.29911838342671115,-0.25852837371285087
ITA,2022,rd_gdp,-0.36549891965282927,-0.30614961108843974
ITA,2023,rd_gdp,-0.40547241891310243,-0.33333820718547613
JPN,2000,rd_gdp,0.5394367002088869,0.7150405080769271
JPN,2001,rd_gdp,0.5320818928561766,0.7024729880337242
JPN,2002,rd_gdp,0.566929501800713,0.7628459176863391
JPN,2003,rd_gdp,0.62283093767449,0.8641980072263902
JPN,2004,rd_gdp,0.6460463041854931,0.9079823151340913
JPN,2005,rd_gdp,0.6737144788217457,0.9615097921350533
JPN,2006,rd_gdp,0.6934269729911224,1.0005596631534606
JPN,2007,rd_gdp,0.7623666683007266,1.1433428041426419
JPN,2008,rd_gdp,0.7187460930140117,1.0518587568889033
JPN,2009,rd_gdp,0.6627730588516139,0.9401650734287723
JPN,2010,rd_gdp,0.609142541112514,0.8388539809040809
JPN,2011,rd_gdp,0.6186294497485068,0.8563820326663796
JPN,2012,rd_gdp,0.5840812985997945,0.7933426821733203
JPN,2013,rd_gdp,0.5951387217736837,0.813282469274131
JPN,2014,rd_gdp,0.6042903322761934,0.829953089325111
JPN,2015,rd_gdp,0.5720362714031986,0.7718713915256963
JPN,2016,rd_gdp,0.5816194376805539,0.7889331519614136
JPN,2017,rd_gdp,0.5926661569881806,0.8088045491495819
JPN,2018,rd_gdp,0.5943076102790077,0.811776055456455
JPN,2019,rd_gdp,0.5753384386668505,0.7777320783887842
JPN,2020,rd_gdp,0.5512398119215371,0.7354032582934107
JPN,2021,rd_gdp,0.5808113660309198,0.7874881497095294
JPN,2022,rd_gdp,0.6215860668498845,0.8618787653936639
JPN,2023,rd_gdp,0.5810802737782776,0.7879688837549543
KOR,2000,rd_gdp,0.7543512561866811,1.1262316961679448
KOR,2001,rd_gdp,0.7501460341251,1.117309193432571
KOR,2002,rd_gdp,0.6572795815931912,0.9295360426203048
KOR,2003,rd_gdp,0.7183787068641619,1.0511050708555567
KOR,2004,rd_gdp,0.783841189147206,1.189867827236827
KOR,2005,rd_gdp,0.7675169267290621,1.1544100486056665
KOR,2006,rd_gdp,0.794785070189072,1.2139650985635115
KOR,2007,rd_gdp,0.8554833191408129,1.3525111195019632
KOR,2008,rd_gdp,0.8103047727062145,1.248593192087542
KOR,2009,rd_gdp,0.7613110243366852,1.1410813910821078
KOR,2010,rd_gdp,0.7613038345590515,1.1410659972383494
KOR,2011,rd_gdp,0.7849563026621176,1.192311140479474
KOR,2012,rd_gdp,0.825236948073554,1.2824215166431894
KOR,2013,rd_gdp,0.8195811813114167,1.2695491088733841
KOR,2014,rd_gdp,0.8139530118301261,1.2568115799514281
KOR,2015,rd_gdp,0.7881203126596401,1.1992586199970465
KOR,2016,rd_gdp,0.8159781673670927,1.2613866054239287
KOR,2017,rd_gdp,0.8644807728546859,1.373773238438638
KOR,2018,rd_gdp,0.876470600036374,1.4024056753148795
KOR,2019,rd_gdp,0.8542863761010411,1.3496969822084912
KOR,2020,rd_gdp,0.8130340980961137,1.254738717332358
KOR,2021,rd_gdp,0.8484906337606097,1.336118131691117
KOR,2022,rd_gdp,0.8912990918536206,1.438295164083129
KOR,2023,rd_gdp,0.8547416513983315,1.3507669847549901
LTU,2000,rd_gdp,0.2875329008551195,0.3331344527051574
LTU,2001,rd_gdp,0.30780407698975476,0.36043442241746404
LTU,2002,rd_gdp,0.22768638000949348,0.25569145373075464
LTU,2003,rd_gdp,0.1723150190665993,0.18805203331333398
LTU,2004,rd_gdp,0.257786227320396,0.29406215391939616
LTU,2005,rd_gdp,0.15383610238544915,0.16629971737123395
LTU,2006,rd_gdp,0.11933003202024342,0.12674171777752052
LTU,2007,rd_gdp,0.06102852755115851,0.06292923652285509
LTU,2008,rd_gdp,-0.05327231201496607,-0.05187820763003925
LTU,2009,rd_gdp,0.07327155699871621,0.07602269873823397
LTU,2010,rd_gdp,0.024866930581190355,0.02517869151470964
LTU,2011,rd_gdp,0.04286172125924419,0.04379355041319899
LTU,2012,rd_gdp,-0.038712800203192954,-0.0379730365772003
LTU,2013,rd_gdp,-0.03195087752024902,-0.031445841307304434
LTU,2014,rd_gdp,-0.00730761293811831,-0.007280977255269772
LTU,2015,rd_gdp,-0.01579694379716569,-0.01567282649794466
LTU,2016,rd_gdp,-0.20830804565372554,-0.18804312160357628
LTU,2017,rd_gdp,-0.2021192362746722,-0.18300249360481813
LTU,2018,rd_gdp,-0.2363076636593609,-0.21046227550415908
LTU,2019,rd_gdp,-0.25150387221381443,-0.22236955354741972
LTU,2020,rd_gdp,-0.20890955329139402,-0.1885313730091932
LTU,2021,rd_gdp,-0.22998758496442867,-0.20545653327249602
LTU,2022,rd_gdp,-0.27046346181280434,-0.23697422093435805
LTU,2023,rd_gdp,-0.30546794792613824,-0.26322148026942227
LUX,2000,rd_gdp,-0.8658695672967751,-0.5793144208907377
LUX,2003,rd_gdp,-0.8552017514661732,-0.5748026017703576
LUX,2004,rd_gdp,-0.8587252217838777,-0.5762981358998929
LUX,2005,rd_gdp,-0.8894048060692592,-0.5890997546829649
LUX,2006,rd_gdp,-0.8773219794111972,-0.5841048024435721
LUX,2007,rd_gdp,-0.9313153943468899,-0.60596494215748
LUX,2008,rd_gdp,-0.9820494938811517,-0.625457311254349
LUX,2009,rd_gdp,-0.9942354469395569,-0.6299937741780264
LUX,2010,rd_gdp,-1.104519099573868,-0.6686297999986905
LUX,2011,rd_gdp,-1.1144623374522264,-0.6719083659305678
LUX,2012,rd_gdp,-1.2771644803897533,-0.7211732005380054
LUX,2013,rd_gdp,-1.263007897599696,-0.7171978938787429
LUX,2014,rd_gdp,-1.2868162061553077,-0.7238514148565249
LUX,2015,rd_gdp,-1.2304680043709133,-0.7078441845179311
LUX,2016,rd_gdp,-1.1912961191357174,-0.696172787511085
LUX,2017,rd_gdp,-1.1906598889060287,-0.6959794219479118
LUX,2018,rd_gdp,-1.2490356141810968,-0.7132187687033695
LUX,2019,rd_gdp,-1.2699684637441444,-0.7191595217040936
LUX,2020,rd_gdp,-1.4076312864614933,-0.7552777258852745
LUX,2021,rd_gdp,-1.4570885637191862,-0.7670865989274742
LUX,2022,rd_gdp,-1.367017965962354,-0.7451341538942129
LUX,2023,rd_gdp,-1.380065812626125,-0.7484380034406777
LVA,2000,rd_gdp,0.13968589985082058,0.14991255442184448
LVA,2001,rd_gdp,-0.05776096043206891,-0.0561244559253008
LVA,2002,rd_gdp,-0.11085667557413592,-0.10493297529628898
LVA,2003,rd_gdp,-0.27049571157327246,-0.23699882793617677
LVA,2004,rd_gdp,-0.22803292880851678,-0.20390195515623732
LVA,2005,rd_gdp,-0.08911840474099475,-0.0852627420660681
LVA,2006,rd_gdp,-0.0159238396098072,-0.015797725569779097
LVA,2007,rd_gdp,-0.23272961845745677,-0.20763221381227515
LVA,2008,rd_gdp,-0.2203635005447585,-0.19777286504471725
LVA,2009,rd_gdp,-0.40594245257761685,-0.33365148703913783
LVA,2010,rd_gdp,-0.06978380291675501,-0.06740457747758888
LVA,2011,rd_gdp,0.03234535788583781,0.03287415495017987
LVA,2012,rd_gdp,-0.13844646597660487,-0.1292901373763854
LVA,2013,rd_gdp,-0.2520632040286815,-0.22280438537735514
LVA,2014,rd_gdp,-0.17496741207953803,-0.1605156226264236
LVA,2015,rd_gdp,-0.307260657120831,-0.26454112667165186
LVA,2016,rd_gdp,-0.6383136638575012,-0.4718176335244738
LVA,2017,rd_gdp,-0.5129613782307275,-0.4012800852183952
LVA,2018,rd_gdp,-0.35302524331882884,-0.2974405417790047
LVA,2019,rd_gdp,-0.3909549604218179,-0.3235893793977417
LVA,2020,rd_gdp,-0.3076080070342929,-0.26479654388551566
LVA,2021,rd_gdp,-0.30346605261893367,-0.26174504947145827
LVA,2022,rd_gdp,-0.25313211709826405,-0.22363469608340703
LVA,2023,rd_gdp,-0.2644218729967126,-0.23235037931072788
MEX,2000,rd_gdp,-0.9519138644143024,-0.6139984385870825
MEX,2001,rd_gdp,-0.9060104236077899,-0.5958666671278601
MEX,2002,rd_gdp,-0.7775969751814087,-0.5404911030725777
MEX,2003,rd_gdp,-0.6116818134680214,-0.4575621777325498
MEX,2004,rd_gdp,-0.5971430882020725,-0.449618215648391
MEX,2005,rd_gdp,-0.5789353107071247,-0.4395051981858472
MEX,2006,rd_gdp,-0.6887925181584564,-0.4978179211391137
MEX,2007,rd_gdp,-0.5548689730311722,-0.42585251492722065
MEX,2008,rd_gdp,-0.4986541956224998,-0.39265251915299293
MEX,2009,rd_gdp,-0.42877657971271044,-0.34869457222745504
MEX,2010,rd_gdp,-0.4128394474106434,-0.33823147705102896
MEX,2011,rd_gdp,-0.5044804418667115,-0.3961807868733078
MEX,2012,rd_gdp,-0.6507954837483481,-0.47836933704025963
MEX,2013,rd_gdp,-0.6306354633551058,-0.46774653405472044
MEX,2014,rd_gdp,-0.6239432934525787,-0.4641726582754765
MEX,2015,rd_gdp,-0.6267774336013564,-0.4656891181125553
MEX,2016,rd_gdp,-0.6741960927936815,-0.4904341003072401
MEX,2017,rd_gdp,-0.8366369356449588,-0.5668351621921712
MEX,2018,rd_gdp,-0.9221778527420241,-0.6023479302911932
MEX,2019,rd_gdp,-1.0041532246752707,-0.6336452763622251
MEX,2020,rd_gdp,-0.9253513338226165,-0.603607871354106
MEX,2021,rd_gdp,-0.9801755602793369,-0.6247547850864825
MEX,2022,rd_gdp,-1.0508327335474812,-0.650353534494412
MEX,2023,rd_gdp,-1.0768085504703981,-0.6593189410835398
NLD,2000,rd_gdp,-0.17756340106743584,-0.16269208856250061
NLD,2001,rd_gdp,-0.2235229632800131,-0.20030347199854837
NLD,2002,rd_gdp,-0.23019029683128356,-0.20561758033830657
NLD,2003,rd_gdp,-0.1448454449190557,-0.1348440029666842
NLD,2004,rd_gdp,-0.11048445704055687,-0.10459975274894207
NLD,2005,rd_gdp,-0.1397157044259798,-0.13039457476680927
NLD,2006,rd_gdp,-0.1917502770958962,-0.17448700774449977
NLD,2007,rd_gdp,-0.2081359228404962,-0.1879033532731318
NLD,2008,rd_gdp,-0.31538535416192937,-0.27049229873189995
NLD,2009,rd_gdp,-0.33967786374490494,-0.2880003532763299
NLD,2010,rd_gdp,-0.30186774353558343,-0.2605641464055456
NLD,2011,rd_gdp,-0.24359206653872745,-0.21619268971578853
NLD,2012,rd_gdp,-0.21294553070357913,-0.19179984188843657
NLD,2013,rd_gdp,-0.08813190499364831,-0.08435990874302368
NLD,2014,rd_gdp,-0.10329454843132668,-0.09813870747350484
NLD,2015,rd_gdp,-0.11007084230919217,-0.10422932541439112
NLD,2016,rd_gdp,-0.07273371568056564,-0.07015159888915223
NLD,2017,rd_gdp,-0.07425261110033288,-0.07156286930926692
NLD,2018,rd_gdp,-0.11609354364922708,-0.10960807110856885
NLD,2019,rd_gdp,-0.13838539959155016,-0.12923696464912693
NLD,2020,rd_gdp,-0.11618861897304145,-0.10969272138538988
NLD,2021,rd_gdp,-0.13069368509459178,-0.12251347957101422
NLD,2022,rd_gdp,-0.17238203147148679,-0.15834242793920328
NLD,2023,rd_gdp,-0.15196934657499983,-0.14098538792246607
NOR,2001,rd_gdp,-0.6375109544623865,-0.47139348636589007
NOR,2002,rd_gdp,-0.5877253141338041,-0.44441035963871567
NOR,2003,rd_gdp,-0.5040673837900144,-0.39593132295246414
NOR,2004,rd_gdp,-0.5803822166734338,-0.44031559503327755
NOR,2005,rd_gdp,-0.6486246764250693,-0.47723574741989616
NOR,2006,rd_gdp,-0.6848039310662388,-0.4958109243013319
NOR,2007,rd_gdp,-0.5729325674334973,-0.4361305734144082
NOR,2008,rd_gdp,-0.634557832442533,-0.46983013958989783
NOR,2009,rd_gdp,-0.5941436944828621,-0.447964925787092
NOR,2010,rd_gdp,-0.6150223039220915,-0.4593711629686179
NOR,2011,rd_gdp,-0.6543034274358251,-0.4801959822741012
NOR,2012,rd_gdp,-0.6803242128406973,-0.49354723274526735
NOR,2013,rd_gdp,-0.6593946171301054,-0.48283567783498826
NOR,2014,rd_gdp,-0.6401054510772738,-0.47276317657948075
NOR,2015,rd_gdp,-0.5032941106710528,-0.39546403223410576
NOR,2016,rd_gdp,-0.39276390856256993,-0.324811865092292
NOR,2017,rd_gdp,-0.3792377433636732,-0.3156171141658861
NOR,2018,rd_gdp,-0.4115157750316163,-0.33735493233486036
NOR,2019,rd_gdp,-0.39333714854667967,-0.32519879901442417
NOR,2020,rd_gdp,-0.4079025412149646,-0.33495630998583514
NOR,2021,rd_gdp,-0.549591553690448,-0.4228144884663104
NOR,2022,rd_gdp,-0.7598355857796437,-0.5322566756577729
NOR,2023,rd_gdp,-0.6130840766228544,-0.45832228524457186
NZL,2001,rd_gdp,-0.10743913213378493,-0.10186881188390373
NZL,2003,rd_gdp,-0.05179773630349291,-0.05047909897118441
NZL,2005,rd_gdp,-0.08233030340280319,-0.0790322903165076
NZL,2007,rd_gdp,-0.01898127696749302,-0.01880226693212128
NZL,2009,rd_gdp,-0.06529703779783216,-0.06321083974301911
NZL,2011,rd_gdp,-0.1017846158861972,-0.09677592916398203
NZL,2013,rd_gdp,-0.20974976950141477,-0.18921289575019273
NZL,2015,rd_gdp,-0.17067969274085076,-0.15690842142023986
NZL,2017,rd_gdp,-0.03800937461643383,-0.03729608413105412
NZL,2019,rd_gdp,-0.009636237718570917,-0.009589957953454853
NZL,2021,rd_gdp,-0.02981203732271226,-0.029372041766865142
NZL,2023,rd_gdp,-0.03907792555730516,-0.03832423289364406
POL,2000,rd_gdp,0.012138457380259704,0.012212427445214002
POL,2001,rd_gdp,-0.06256850708663025,-0.06065129143421377
POL,2002,rd_gdp,-0.17431939329526636,-0.15997144468106061
POL,2003,rd_gdp,-0.18960499479019643,-0.17271414836708876
POL,2004,rd_gdp,-0.1715539966051084,-0.15764521750654825
POL,2005,rd_gdp,-0.18927870436393912,-0.17244416887045555
POL,2006,rd_gdp,-0.27554026191247394,-0.2408381338298775
POL,2007,rd_gdp,-0.26282478867895487,-0.23112339860497344
POL,2008,rd_gdp,-0.30782119043570233,-0.26495326035374966
POL,2009,rd_gdp,-0.33545808501488616,-0.2849895242628898
POL,2010,rd_gdp,-0.2611334080811817,-0.22982183523006183
POL,2011,rd_gdp,-0.30911629053270356,-0.2659046032824337
POL,2012,rd_gdp,-0.16152231845031506,-0.14915245834512147
POL,2013,rd_gdp,-0.17170265009197544,-0.1577704271754875
POL,2014,rd_gdp,-0.1520323229052198,-0.14103948380694198
POL,2015,rd_gdp,-0.12083991732227703,-0.11382419036475488
POL,2016,rd_gdp,-0.13270919797679903,-0.12428028385040302
POL,2017,rd_gdp,-0.11013119524529225,-0.10428338617329558
POL,2018,rd_gdp,-0.03703695136374477,-0.03635947314046084
POL,2019,rd_gdp,-0.018549887653004582,-0.018378897402695604
POL,2020,rd_gdp,-0.047397262852163946,-0.046291550614403265
POL,2021,rd_gdp,-0.036355498163485545,-0.03570257342174599
POL,2022,rd_gdp,-0.059398851281973974,-0.05766915567227049
POL,2023,rd_gdp,-0.029157751927646414,-0.028736766266672653
PRT,2000,rd_gdp,-0.50903170405768,-0.3989226821530687
PRT,2001,rd_gdp,-0.4946947830116277,-0.39024301291125396
PRT,2002,rd_gdp,-0.5363425221366185,-0.4151164562829598
PRT,2003,rd_gdp,-0.4948331574214617,-0.3903273818370998
PRT,2004,rd_gdp,-0.4178437592106327,-0.34153490050479474
PRT,2005,rd_gdp,-0.3869906035005148,-0.32090252396425933
PRT,2006,rd_gdp,-0.16625765616175112,-0.15317198437824076
PRT,2007,rd_gdp,0.03842753166456371,0.03917541831642857
PRT,2008,rd_gdp,0.22851524544597873,0.25673268443610153
PRT,2009,rd_gdp,0.2596010819033936,0.29641282096435173
PRT,2010,rd_gdp,0.2321554814699605,0.2613158248218155
PRT,2011,rd_gdp,0.17606742155340266,0.19251845738719364
PRT,2012,rd_gdp,0.16011593702825888,0.1736469322419385
PRT,2013,rd_gdp,0.12911211993797372,0.13781768906303693
PRT,2014,rd_gdp,0.08268308965582932,0.08619752676584569
PRT,2015,rd_gdp,0.053714044762828955,0.05518282395492524
PRT,2016,rd_gdp,0.1162302530725434,0.12325447515419441
PRT,2017,rd_gdp,0.11856889491702965,0.12588443914505598
PRT,2018,rd_gdp,0.10053862474726427,0.10576635082509167
PRT,2019,rd_gdp,0.08067496075586783,0.08401849074614476
PRT,2020,rd_gdp,0.23829562290124856,0.2690843077608853
PRT,2021,rd_gdp,0.28998627382027886,0.33640914410748346
PRT,2022,rd_gdp,0.2560105949022823,0.29176641400613046
PRT,2023,rd_gdp,0.19928580796258333,0.22053075346228423
SVK,2000,rd_gdp,0.17037197428773854,0.18574583626063323
SVK,2001,rd_gdp,0.08518324483716988,0.08891658675996217
SVK,2002,rd_gdp,-0.05017554256097578,-0.04893754209323786
SVK,2003,rd_gdp,-0.04399593187513018,-0.043042149510841066
SVK,2004,rd_gdp,-0.17127761010864107,-0.1574123698429396
SVK,2005,rd_gdp,-0.25892467571751243,-0.22811883775125885
SVK,2006,rd_gdp,-0.3939177326351695,-0.32559046414633663
SVK,2007,rd_gdp,-0.5053370396500558,-0.39669779560693186
SVK,2008,rd_gdp,-0.5914938695122759,-0.4465001896727001
SVK,2009,rd_gdp,-0.5970520857350865,-0.4495681272691824
SVK,2010,rd_gdp,-0.4028052155394779,-0.33155771118567934
SVK,2011,rd_gdp,-0.3770096929081804,-0.31409057459328193
SVK,2012,rd_gdp,-0.20340114361921885,-0.1840491377150284
SVK,2013,rd_gdp,-0.176815201780604,-0.16206538095844925
SVK,2014,rd_gdp,-0.14607081224274088,-0.13590348759384785
SVK,2015,rd_gdp,0.10130436180762861,0.1066134013676292
SVK,2016,rd_gdp,-0.24401506798596034,-0.2165241712288679
SVK,2017,rd_gdp,-0.1478468389112553,-0.13743678405331416
SVK,2018,rd_gdp,-0.2545353681859599,-0.22472336752224387
SVK,2019,rd_gdp,-0.3126246322841192,-0.26847554829835896
SVK,2020,rd_gdp,-0.28802247721189495,-0.2502552601217404
SVK,2021,rd_gdp,-0.2687044088185485,-0.2356308369575939
SVK,2022,rd_gdp,-0.17418079676862122,-0.15985501157258475
SVK,2023,rd_gdp,-0.18179683226360935,-0.16622928148137994
SVN,2000,rd_gdp,0.43008559610716596,0.5373891124396768
SVN,2001,rd_gdp,0.45002966988758236,0.5683587178267075
SVN,2002,rd_gdp,0.41798144337912,0.5188924886286554
SVN,2003,rd_gdp,0.29423890862770463,0.3421045057138452
SVN,2004,rd_gdp,0.3861534932852363,0.47131048976413004
SVN,2005,rd_gdp,0.37765832465108523,0.4588643997079018
SVN,2006,rd_gdp,0.40001610830824214,0.49184872860689177
SVN,2007,rd_gdp,0.3176348665928332,0.37387452214699435
SVN,2008,rd_gdp,0.35501123224531617,0.4261966735824203
SVN,2009,rd_gdp,0.4740681497544408,0.6065164669996326
SVN,2010,rd_gdp,0.6091606202372654,0.8388872260751221
SVN,2011,rd_gdp,0.7423808285700557,1.1009315226077692
SVN,2012,rd_gdp,0.8359955668129769,1.3071097872547148
SVN,2013,rd_gdp,0.8543058745231726,1.3497427980387982
SVN,2014,rd_gdp,0.7353858021049198,1.0862867310724433
SVN,2015,rd_gdp,0.6619108490124869,0.9384929649707019
SVN,2016,rd_gdp,0.6003947934261713,0.822838302932698
SVN,2017,rd_gdp,0.4788396274187343,0.6142002413400276
SVN,2018,rd_gdp,0.47144461247782465,0.6023072351156649
SVN,2019,rd_gdp,0.46479294842049845,0.5916845939574562
SVN,2020,rd_gdp,0.4808957058687201,0.6175225779921858
SVN,2021,rd_gdp,0.4546442308401475,0.5756127288913675
SVN,2022,rd_gdp,0.4309540607899398,0.5387248605285766
SVN,2023,rd_gdp,0.3852109658180468,0.4699243925347314
SWE,2001,rd_gdp,0.7780345080618785,1.1771888102744557
SWE,2003,rd_gdp,0.7392075994461784,1.094275351875662
SWE,2004,rd_gdp,0.6848374042657916,0.9834493089204956
SWE,2005,rd_gdp,0.656390424590646,0.9278211446560956
SWE,2006,rd_gdp,0.649569486289205,0.9147163399130833
SWE,2007,rd_gdp,0.6176342512991833,0.8545354831401355
SWE,2008,rd_gdp,0.6532410707016016,0.9217593040877028
SWE,2009,rd_gdp,0.5931491995555778,0.8096784898011977
SWE,2010,rd_gdp,0.4913596075607549,0.6345370388085203
SWE,2011,rd_gdp,0.4467408442222285,0.5632091321095269
SWE,2012,rd_gdp,0.46802698939802023,0.5968404998692922
SWE,2013,rd_gdp,0.4760743776498664,0.6097427403878901
SWE,2014,rd_gdp,0.40762376614713536,0.5032414844279423
SWE,2015,rd_gdp,0.43389104237103315,0.5432507100173347
SWE,2016,rd_gdp,0.4884079510670787,0.6297195602123575
SWE,2017,rd_gdp,0.5343381519420474,0.7063185448362801
SWE,2018,rd_gdp,0.5085691658900835,0.6629101433523574
SWE,2019,rd_gdp,0.4844922475328368,0.6233505393073178
SWE,2020,rd_gdp,0.4586316927465903,0.5819079672976855
SWE,2021,rd_gdp,0.4538101948574853,0.5742991590391378
SWE,2022,rd_gdp,0.48622542611837916,0.6261665353059387
SWE,2023,rd_gdp,0.49104500009728613,0.6340228821397986
TUR,2000,rd_gdp,-0.08282316637752762,-0.07948608936196744
TUR,2001,rd_gdp,0.08214759488239609,0.08561602937564872
TUR,2002,rd_gdp,0.015856436361925463,0.015982816746234363
TUR,2003,rd_gdp,-0.06676257139399266,-0.06458273020856675
TUR,2004,rd_gdp,-0.04738422164711775,-0.046279113025860075
TUR,2005,rd_gdp,-0.01141580647476026,-0.011350893402523266
TUR,2006,rd_gdp,-0.0927169921917077,-0.08854858833466617
TUR,2007,rd_gdp,0.13469131062008316,0.14418353252640959
TUR,2008,rd_gdp,0.08195860346916672,0.08541087665469438
TUR,2009,rd_gdp,0.21412757617545244,0.2387806836147215
TUR,2010,rd_gdp,0.14509336766756606,0.15614751202536836
TUR,2011,rd_gdp,0.017558992273192492,0.017714057645649817
TUR,2012,rd_gdp,0.01252349970631933,0.012602247116464182
TUR,2013,rd_gdp,-0.08219250804293823,-0.07890537649566076
TUR,2014,rd_gdp,-0.0723133641067576,-0.06976065348884175
TUR,2015,rd_gdp,0.02652670561942376,0.02688167040658751
TUR,2016,rd_gdp,0.21009098905871632,0.23379031626914837
TUR,2017,rd_gdp,0.19746869242047782,0.21831492188125856
TUR,2018,rd_gdp,0.24606494022648157,0.27898262826645825
TUR,2019,rd_gdp,0.26345742932177024,0.30142189134979036
TUR,2020,rd_gdp,0.2024820374879484,0.2244380909404151
TUR,2021,rd_gdp,0.18033552532396124,0.19761912726267616
TUR,2022,rd_gdp,0.09472619444382557,0.0993578036383389
TUR,2023,rd_gdp,0.07517647253187981,0.07807438461483152
USA,2000,rd_gdp,0.014813319007066061,0.014923579988015856
USA,2001,rd_gdp,-0.008049127549168866,-0.008016820062489716
USA,2002,rd_gdp,-0.032997560665289916,-0.032459080257697615
USA,2003,rd_gdp,0.005449366763462304,0.0054642415696741775
USA,2004,rd_gdp,-0.0023417313951955565,-0.0023389916812073253
USA,2005,rd_gdp,-0.026196710788253585,-0.0258565537649732
USA,2006,rd_gdp,-0.023940970804887773,-0.02365665918150328
USA,2007,rd_gdp,0.058077090838486445,0.05979669317688607
USA,2008,rd_gdp,0.05775811650689011,0.05945869914362811
USA,2009,rd_gdp,0.017334931472800852,0.01748605336368869
USA,2010,rd_gdp,-0.010286954994565445,-0.010234225237473304
USA,2011,rd_gdp,-0.03370312001245068,-0.033141497026307754
USA,2012,rd_gdp,-0.07931983898933537,-0.07625557229224533
USA,2013,rd_gdp,-0.08379985744989193,-0.08038470817255527
USA,2014,rd_gdp,-0.10500754954541858,-0.09968227442895194
USA,2015,rd_gdp,-0.07841243058719427,-0.07541697842109074
USA,2016,rd_gdp,-0.007624790281517635,-0.007595795308429687
USA,2017,rd_gdp,-0.0004595955222548298,-0.00045948992441080527
USA,2018,rd_gdp,0.0043097038930155485,0.00431900402230645
USA,2019,rd_gdp,0.009560871498685009,0.009606722639716514
USA,2020,rd_gdp,0.03592419888908793,0.0365772698042639
USA,2021,rd_gdp,0.05580502530111464,0.057391499047734884
USA,2022,rd_gdp,0.061354035578791155,0.06327528483984568
USA,2023,rd_gdp,-0.013653717935290022,-0.013560928714576814
AUS,2000,researchers_pm,0.18910110156908733,0.2081630934929395
AUS,2002,researchers_pm,0.17758748679303693,0.1943325416558077
AUS,2004,researchers_pm,0.28298227281459987,0.3270816361864304
AUS,2006,researchers_pm,0.20795671795885262,0.2311598812830229
AUS,2008,researchers_pm,0.24481730069281227,0.2773879139977018
AUS,2010,researchers_pm,0.18486724751250705,0.2030587204885952
AUT,2002,researchers_pm,-0.29383495246816693,-0.2546004923597849
AUT,2004,researchers_pm,-0.17413765618259802,-0.15981876644362714
AUT,2005,researchers_pm,-0.14783989285788834,-0.13743079262237545
AUT,2006,researchers_pm,-0.20688126879259094,-0.18688381347690242
AUT,2007,researchers_pm,-0.11459069233145946,-0.10826893841828344
AUT,2008,researchers_pm,-0.05070978338015841,-0.049445502781095274
AUT,2009,researchers_pm,-0.10715041458498753,-0.1016094682120392
AUT,2010,researchers_pm,-0.06155282654215988,-0.05969672854303276
AUT,2011,researchers_pm,-0.10396087181388403,-0.0987394385777216
AUT,2012,researchers_pm,-0.022013589979675174,-0.0217730591233678
AUT,2013,researchers_pm,0.04347794863038601,0.0444369627925838
AUT,2014,researchers_pm,0.08759893479201786,0.09155025139812922
AUT,2015,researchers_pm,0.11115079748768864,0.11756341990452102
AUT,2016,researchers_pm,0.16898682380159435,0.18410453682487127
AUT,2017,researchers_pm,0.1389367429281716,0.14905141207690842
AUT,2018,researchers_pm,0.10500487098478928,0.11071602062337016
AUT,2019,researchers_pm,0.07093056998502689,0.07350668969532426
AUT,2020,researchers_pm,0.10108935020019416,0.1063754922189235
AUT,2021,researchers_pm,0.1502868260912713,0.16216753489899038
AUT,2022,researchers_pm,0.12537038277453583,0.13356822946900948
AUT,2023,researchers_pm,0.11005205134052076,0.11633617574104838
BEL,2000,researchers_pm,-0.13770747723518362,-0.12864645478306058
BEL,2001,researchers_pm,-0.15273025464393442,-0.14163877045858198
BEL,2002,researchers_pm,-0.2112439800846717,-0.19042347776466673
BEL,2003,researchers_pm,-0.13439404964648283,-0.1257544994103179
BEL,2004,researchers_pm,-0.1235921718945221,-0.11625981851680678
BEL,2005,researchers_pm,-0.16644722330922512,-0.15333249993484455
BEL,2006,researchers_pm,-0.1877957783916102,-0.17121605445860122
BEL,2007,researchers_pm,-0.13292206354780411,-0.12446667458903238
BEL,2008,researchers_pm,-0.12635459905037472,-0.11869771758326064
BEL,2009,researchers_pm,-0.16959272826374772,-0.1559915125899921
BEL,2010,researchers_pm,-0.12346984589694543,-0.11615170750524939
BEL,2011,researchers_pm,-0.11801524917370365,-0.11131749916253175
BEL,2012,researchers_pm,-0.03244022390793333,-0.03191968384011601
BEL,2013,researchers_pm,0.021733815181217864,0.021971714905918205
BEL,2014,researchers_pm,0.08908564304284639,0.09317427508865506
BEL,2015,researchers_pm,0.1303335336638849,0.13920828427920506
BEL,2016,researchers_pm,0.1440584796056683,0.15495164766698477
BEL,2017,researchers_pm,0.10890491727638185,0.11505632270867894
BEL,2018,researchers_pm,0.0923778377946789,0.09677914841650082
BEL,2019,researchers_pm,0.05148978970918883,0.05283843645064046
BEL,2020,researchers_pm,0.10561519046000178,0.1113941191495067
BEL,2021,researchers_pm,0.11881187785569658,0.12615804309387846
BEL,2022,researchers_pm,0.06942370467256431,0.07189027786524238
BEL,2023,researchers_pm,0.048906002419530026,0.050121637207587444
CAN,2000,researchers_pm,0.12008920481206964,0.12759743421029057
CAN,2001,researchers_pm,0.10274909826353884,0.108213321544399
CAN,2002,researchers_pm,0.09213020176268394,0.09650758000666171
CAN,2003,researchers_pm,0.21264858518600427,0.2369498923413762
CAN,2004,researchers_pm,0.2411502427388399,0.27271223671675715
CAN,2005,researchers_pm,0.21195665026130683,0.23609429955216688
CAN,2006,researchers_pm,0.16865179832726795,0.1837078980865201
CAN,2007,researchers_pm,0.2782623560377093,0.320832680184608
CAN,2008,researchers_pm,0.30435347207995633,0.35574819053716444
CAN,2009,researchers_pm,0.19301108446042292,0.2128962377449528
CAN,2010,researchers_pm,0.2252147504770381,0.25259168197180326
CAN,2011,researchers_pm,0.20662287141899682,0.22951879765553396
CAN,2012,researchers_pm,0.18686322819505108,0.2054624005060881
CAN,2013,researchers_pm,0.20996164806288675,0.2336307469206489
CAN,2014,researchers_pm,0.16410033395150947,0.17833253592136278
CAN,2015,researchers_pm,0.1747588017892685,0.1909589248048984
CAN,2016,researchers_pm,0.1528935742902089,0.1652009650039694
CAN,2017,researchers_pm,0.12327072820964169,0.13119062470921206
CAN,2018,researchers_pm,0.11393132596720967,0.12067516095872066
CAN,2019,researchers_pm,0.0728197856352395,0.07553669228665782
CAN,2020,researchers_pm,0.17667958700908848,0.1932486994837619
CAN,2021,researchers_pm,0.19890764734835464,0.22006928406314508
CAN,2022,researchers_pm,0.1679276972568502,0.18285108417782503
CHE,2000,researchers_pm,-0.375746027054948,-0.3132232663955219
CHE,2004,researchers_pm,-0.4006410435914951,-0.33010952063393184
CHE,2008,researchers_pm,-0.5971490416921448,-0.44962149233112625
CHE,2012,researchers_pm,-0.37564538235695544,-0.3131541424801605
CHE,2015,researchers_pm,-0.18858756634750584,-0.17187201587927436
CHE,2017,researchers_pm,-0.2184666013615626,-0.19624967683718098
CHE,2019,researchers_pm,-0.32102176456179166,-0.2745925373572162
CHE,2021,researchers_pm,-0.2900239521668748,-0.2517543547406317
CHE,2023,researchers_pm,-0.35736369813770175,-0.30048196194356946
CHL,2007,researchers_pm,-1.1937998939364514,-0.6969325508943792
CHL,2008,researchers_pm,-1.1730298211284094,-0.6905719919326306
CHL,2009,researchers_pm,-1.4690384602826434,-0.7698533260033655
CHL,2010,researchers_pm,-1.4151086328059517,-0.7571007748089428
CHL,2011,researchers_pm,-1.4023035502643326,-0.7539704307978146
CHL,2012,researchers_pm,-1.347930668710827,-0.7402227299377755
CHL,2013,researchers_pm,-1.4906338438670579,-0.7747701502730022
CHL,2014,researchers_pm,-1.2611399590198307,-0.7166691432311277
CHL,2015,researchers_pm,-1.1985051143706293,-0.6983552004842041
CHL,2016,researchers_pm,-1.1120606528249493,-0.6711194463078332
CHL,2017,researchers_pm,-1.1216804284221684,-0.6742680347944473
CHL,2018,researchers_pm,-1.148349609263077,-0.6828402247664987
CHL,2019,researchers_pm,-1.2303460684090632,-0.7078085580455302
CHL,2020,researchers_pm,-1.1583820916223662,-0.6860062166826826
CHL,2021,researchers_pm,-1.0569234108671672,-0.6524766461345148
CHL,2022,researchers_pm,-0.9913998007263913,-0.6289430784282586
CHN,2000,researchers_pm,1.7907989569028926,4.994239692914865
CHN,2001,researchers_pm,1.6934915526456926,4.438436180087771
CHN,2002,researchers_pm,1.6751397402041075,4.339541245525617
CHN,2003,researchers_pm,1.6889546661463273,4.413818498444576
CHN,2004,researchers_pm,1.6406305199361988,4.1584209743347476
CHN,2005,researchers_pm,1.6460176367691588,4.1862849767284445
CHN,2006,researchers_pm,1.5328853818813775,3.6315212686815608
CHN,2007,researchers_pm,1.5645080659631256,3.7803227539136204
CHN,2008,researchers_pm,1.5481994600076394,3.70299462468443
CHN,2009,researchers_pm,0.9907554069789821,1.6932682177077596
CHN,2010,researchers_pm,0.917168158760302,1.502194529844318
CHN,2011,researchers_pm,0.8598746628751117,1.3628645204999335
CHN,2012,researchers_pm,0.8432837062178979,1.3239857474821175
CHN,2013,researchers_pm,0.8388230292223735,1.3136422842954123
CHN,2014,researchers_pm,0.7663332495263608,1.151861431213585
CHN,2015,researchers_pm,0.7486177910932792,1.1140759016685884
CHN,2016,researchers_pm,0.7146287562610905,1.0434279316010362
CHN,2017,researchers_pm,0.6419069182614079,0.9001007636409546
CHN,2018,researchers_pm,0.5676306800456485,0.764082420346716
CHN,2019,researchers_pm,0.5467841799037982,0.7276881405985753
CHN,2020,researchers_pm,0.550753443526875,0.7345594182217883
CHN,2021,researchers_pm,0.5190630607076798,0.6804524299609822
CHN,2022,researchers_pm,0.5540993368132252,0.7403727889696798
CHN,2023,researchers_pm,0.5706617264861986,0.7694375478078559
COL,2013,researchers_pm,-2.46948433746204,-0.9153715125075471
COL,2014,researchers_pm,-2.503190907537948,-0.9181765095708404
COL,2015,researchers_pm,-2.338576149033252,-0.9035351078773329
COL,2016,researchers_pm,-2.0883586446096905,-0.8761096829347561
COL,2017,researchers_pm,-2.1095415505704107,-0.8787064393474671
CRI,2003,researchers_pm,-1.5653715821161116,-0.7909896657601605
CRI,2004,researchers_pm,-1.7863820665234442,-0.8324346855191133
CRI,2005,researchers_pm,-1.7333208921114531,-0.8233033559349239
CRI,2008,researchers_pm,-1.1756417403776016,-0.6913791383436462
CRI,2009,researchers_pm,-0.9940498611738384,-0.629925099917001
CRI,2010,researchers_pm,-0.9164712630537295,-0.6000722059539206
CRI,2011,researchers_pm,-0.9160807381852791,-0.5999159937043623
CRI,2012,researchers_pm,-1.1305097485983158,-0.6771313673654804
CRI,2013,researchers_pm,-1.056179405924782,-0.6522179908331647
CRI,2014,researchers_pm,-0.6208947104797335,-0.46253665168125446
CRI,2015,researchers_pm,-0.7799694830397454,-0.5415799993232935
CRI,2016,researchers_pm,-0.7542651429181397,-0.5296438677032113
CRI,2017,researchers_pm,-1.1310646595573752,-0.6773104810074083
CRI,2018,researchers_pm,-1.3088876730838965,-0.7298796485218966
CRI,2020,researchers_pm,-1.310831226269623,-0.7304041319457282
CRI,2021,researchers_pm,-1.2953491102186856,-0.7261977395227565
CRI,2022,researchers_pm,-1.2483185759206652,-0.7130130618471267
CRI,2023,researchers_pm,-1.252800050678525,-0.714296308998749
CZE,2000,researchers_pm,-0.18924406156456364,-0.17241549952323543
CZE,2001,researchers_pm,-0.2103526479432274,-0.18970155450053083
CZE,2002,researchers_pm,-0.22223325409905836,-0.19927143067087338
CZE,2003,researchers_pm,-0.13245534549329108,-0.12405795200705028
CZE,2004,researchers_pm,-0.15584820474794991,-0.1443109299487254
CZE,2005,researchers_pm,0.1165173039730627,0.12357695264431245
CZE,2006,researchers_pm,0.07286566385074167,0.07558603712272483
CZE,2007,researchers_pm,0.12514059509525666,0.13330777938151184
CZE,2008,researchers_pm,0.1606621629284115,0.17428818371210086
CZE,2009,researchers_pm,0.08538639197140263,0.08913781951462019
CZE,2010,researchers_pm,0.07987719749594646,0.08315404547833594
CZE,2011,researchers_pm,0.0837451938961058,0.08735179463269205
CZE,2012,researchers_pm,0.19463485066260322,0.21486729749958333
CZE,2013,researchers_pm,0.2672746343758794,0.30639917919143844
CZE,2014,researchers_pm,0.28540657080409293,0.3303027804581067
CZE,2015,researchers_pm,0.28882876406954683,0.33486313242662513
CZE,2016,researchers_pm,0.2453410410336181,0.2780571088059818
CZE,2017,researchers_pm,0.21518117137534354,0.24008654480043523
CZE,2018,researchers_pm,0.1758793981004203,0.19229425702721392
CZE,2019,researchers_pm,0.09987930813700885,0.10503754098754792
CZE,2020,researchers_pm,0.17370924067262195,0.18970959636386286
CZE,2021,researchers_pm,0.20713745233702419,0.23015164737939497
CZE,2022,researchers_pm,0.2052696477022451,0.2278561089070068
CZE,2023,researchers_pm,0.14765702687825666,0.15911528279448772
DEU,2000,researchers_pm,0.003684462633165353,0.003691258609556547
DEU,2001,researchers_pm,-0.049004455491553855,-0.04782311272702522
DEU,2002,researchers_pm,-0.027520906755770014,-0.027145656887312408
DEU,2003,researchers_pm,0.07259702197668183,0.07529712848221637
DEU,2004,researchers_pm,0.07114881846963783,0.07374100647228055
DEU,2005,researchers_pm,0.028647173436130657,0.02906145019994022
DEU,2006,researchers_pm,-0.03716179079403581,-0.03647976596603919
DEU,2007,researchers_pm,0.028838823547948422,0.029258688841738545
DEU,2008,researchers_pm,0.0526610126643039,0.05407226739996074
DEU,2009,researchers_pm,0.06562812274362528,0.06782954180004741
DEU,2010,researchers_pm,0.05790071827984811,0.059609790605200885
DEU,2011,researchers_pm,-0.005228653877860978,-0.005215008260269882
DEU,2012,researchers_pm,0.05012665210338341,0.05140425050355346
DEU,2013,researchers_pm,0.09506946911584713,0.09973525010801731
DEU,2014,researchers_pm,0.058189655565890064,0.059915995617254136
DEU,2015,researchers_pm,0.152903702559831,0.16521276653327122
DEU,2016,researchers_pm,0.16065302644414992,0.17427745489560365
DEU,2017,researchers_pm,0.16031730227321006,0.17388328774002848
DEU,2018,researchers_pm,0.12330072089043576,0.13122455265732857
DEU,2019,researchers_pm,0.08488097119140292,0.0885874857151383
DEU,2020,researchers_pm,0.09910335019728755,0.10418041092537433
DEU,2021,researchers_pm,0.09870512528778619,0.10374078632170414
DEU,2022,researchers_pm,0.10857278808059867,0.114686041442978
DEU,2023,researchers_pm,0.10336731519761422,0.10889864960522466
DNK,2001,researchers_pm,-0.2076637633790952,-0.18751982362135589
DNK,2002,researchers_pm,0.07227751616562905,0.0749536196805094
DNK,2003,researchers_pm,0.12235715005966874,0.13015766558730957
DNK,2004,researchers_pm,0.14605681424120043,0.1572619351418083
DNK,2005,researchers_pm,0.15235192243634543,0.16457000263754562
DNK,2006,researchers_pm,0.08529279005610135,0.08903587889967945
DNK,2007,researchers_pm,0.18003335505411933,0.19725729703774486
DNK,2008,researchers_pm,0.35367637392217866,0.42429417314902396
DNK,2009,researchers_pm,0.3432504100901532,0.40952167618796786
DNK,2010,researchers_pm,0.35611641430964447,0.4277737518850715
DNK,2011,researchers_pm,0.36568811445668103,0.44150558778429083
DNK,2012,researchers_pm,0.4108484192912485,0.5080967408587858
DNK,2013,researchers_pm,0.4293055138557538,0.5361902901303444
DNK,2014,researchers_pm,0.44958713741800693,0.5676648217172311
DNK,2015,researchers_pm,0.4717288174120995,0.6027626834553761
DNK,2016,researchers_pm,0.487158859080532,0.6276851614095098
DNK,2017,researchers_pm,0.4166208514890588,0.5168273010840561
DNK,2018,researchers_pm,0.33661141238715864,0.40019485963187873
DNK,2019,researchers_pm,0.26696968395250487,0.3060008529466134
DNK,2020,researchers_pm,0.24698624350295262,0.28016150211921564
DNK,2021,researchers_pm,0.20180533794342992,0.2236097945274953
DNK,2022,researchers_pm,0.3510065882297706,0.4204966844399125
DNK,2023,researchers_pm,0.29052877204313887,0.3371343403842355
ESP,2000,researchers_pm,-0.23464730961290758,-0.2091502744567486
ESP,2001,researchers_pm,-0.29596429017551884,-0.25618601098707316
ESP,2002,researchers_pm,-0.2666489616940355,-0.2340581007750362
ESP,2003,researchers_pm,-0.11354221889047977,-0.10733349177393181
ESP,2004,researchers_pm,-0.0506362719077611,-0.049375623551979775
ESP,2005,researchers_pm,-0.04615806569938563,-0.04510898525486062
ESP,2006,researchers_pm,-0.07965594657533615,-0.07656599763084582
ESP,2007,researchers_pm,-0.0005481782733127716,-0.000548028051053917
ESP,2008,researchers_pm,0.05482894510928826,0.05635990369230792
ESP,2009,researchers_pm,0.017636718386542682,0.017793163678114787
ESP,2010,researchers_pm,0.038991673900794055,0.03976182645399984
ESP,2011,researchers_pm,-0.003468496272230226,-0.003462487987613283
ESP,2012,researchers_pm,0.028025235432800777,0.028421636759069724
ESP,2013,researchers_pm,0.05727625414575854,0.058948308852148745
ESP,2014,researchers_pm,0.025751824705239734,0.02608626761008659
ESP,2015,researchers_pm,-0.014056684499399452,-0.013958350598592628
ESP,2016,researchers_pm,-0.009639559834385913,-0.009593248204853522
ESP,2017,researchers_pm,-0.008854786196952347,-0.008815698035176789
ESP,2018,researchers_pm,-0.0431355182161397,-0.04221841558005757
ESP,2019,researchers_pm,-0.10248776896369449,-0.09741081071344393
ESP,2020,researchers_pm,0.021524856349426358,0.021758187200274337
ESP,2021,researchers_pm,0.019676459800141544,0.019871317272000644
ESP,2022,researchers_pm,-0.022086051857797884,-0.021843940716596233
ESP,2023,researchers_pm,-0.003442414239195557,-0.0034364959243432525
EST,2000,researchers_pm,0.577621699226543,0.7817957413643524
EST,2001,researchers_pm,0.4454419572819788,0.5611800182629663
EST,2002,researchers_pm,0.4958444956184902,0.6418842177761761
EST,2003,researchers_pm,0.46028530199179585,0.5845259889332988
EST,2004,researchers_pm,0.4883574629559071,0.6296372808271058
EST,2005,researchers_pm,0.3125830509253804,0.3669514630436388
EST,2006,researchers_pm,0.19502391166161992,0.21534004694224307
EST,2007,researchers_pm,0.2040217608249968,0.2263248390060706
EST,2008,researchers_pm,0.34793674405649,0.41614266746617234
EST,2009,researchers_pm,0.5335462397779178,0.7049678253209408
EST,2010,researchers_pm,0.4574163483351388,0.579986572105156
EST,2011,researchers_pm,0.43733008335235635,0.5485671489394104
EST,2012,researchers_pm,0.4224663000111972,0.5257198019968365
EST,2013,researchers_pm,0.39930935986552196,0.4907947393376837
EST,2014,researchers_pm,0.33186686717614666,0.3935673066111731
EST,2015,researchers_pm,0.29066885587913216,0.3373216644121029
EST,2016,researchers_pm,0.29149461482038763,0.33842642580434856
EST,2017,researchers_pm,0.28092425298715806,0.3243532843306147
EST,2018,researchers_pm,0.2392514880159986,0.27029796113040194
EST,2019,researchers_pm,0.13148138311519197,0.14051667465717133
EST,2020,researchers_pm,0.148525698209788,0.16012261046558263
EST,2021,researchers_pm,0.11967064630220037,0.1271255674673044
EST,2022,researchers_pm,0.28312082772348646,0.3272655226005057
EST,2023,researchers_pm,0.3340018797663973,0.39654576875184633
FIN,2004,researchers_pm,0.827186952513145,1.2868765910293694
FIN,2005,researchers_pm,0.7187859884836119,1.0519406183905033
FIN,2006,researchers_pm,0.6465070687436345,0.9088616483296941
FIN,2007,researchers_pm,0.6024645774768569,0.826615091799451
FIN,2008,researchers_pm,0.6376070153672515,0.8919480553565531
FIN,2009,researchers_pm,0.6427704437482955,0.9017422577119947
FIN,2010,researchers_pm,0.6306824014100041,0.8788923006455722
FIN,2011,researchers_pm,0.5461854074123718,0.7266539581171303
FIN,2012,researchers_pm,0.6013491140904232,0.824578705511763
FIN,2013,researchers_pm,0.6255344048345197,0.8692446239262801
FIN,2014,researchers_pm,0.6067726183986508,0.8345011990029019
FIN,2015,researchers_pm,0.5939271551801948,0.8110868871253651
FIN,2016,researchers_pm,0.5254427506137578,0.6912074657849223
FIN,2017,researchers_pm,0.5005466559619709,0.6496228004032276
FIN,2018,researchers_pm,0.451777792958719,0.5711027996827485
FIN,2019,researchers_pm,0.4238505923794502,0.5278333067916092
FIN,2020,researchers_pm,0.45815407748529147,0.5811526043113382
FIN,2021,researchers_pm,0.49431552404255186,0.6393757416592389
FIN,2022,researchers_pm,0.49827990691249724,0.6458877542938017
FIN,2023,researchers_pm,0.5123275030009236,0.6691716793672997
FRA,2000,researchers_pm,0.02572220697843086,0.026055877717372056
FRA,2001,researchers_pm,-0.023069388708199412,-0.022805324855439957
FRA,2002,researchers_pm,0.028009867668279398,0.028405832338966874
FRA,2003,researchers_pm,0.1328341653302605,0.14206058938538013
FRA,2004,researchers_pm,0.15607546179220755,0.168914408137947
FRA,2005,researchers_pm,0.09697234234230834,0.10182989916540097
FRA,2006,researchers_pm,0.06132223804842063,0.06324147584920792
FRA,2007,researchers_pm,0.14178954930887322,0.1523341135064713
FRA,2008,researchers_pm,0.16138399219065036,0.1751361252831074
FRA,2009,researchers_pm,0.1199516892039032,0.12744238262460916
FRA,2010,researchers_pm,0.14811837572260522,0.15965016266428944
FRA,2011,researchers_pm,0.1209339718145781,0.12855039377254918
FRA,2012,researchers_pm,0.1788756197043817,0.19587199200526917
FRA,2013,researchers_pm,0.23620762880123714,0.26643723171515554
FRA,2014,researchers_pm,0.24461775213415038,0.2771330385114752
FRA,2015,researchers_pm,0.27155638269525184,0.31200484414038376
FRA,2016,researchers_pm,0.29113466456342607,0.33794474556412
FRA,2017,researchers_pm,0.2896416416830139,0.33594865392230533
FRA,2018,researchers_pm,0.24401629784308554,0.27636513231858806
FRA,2019,researchers_pm,0.17910603922354085,0.19614757600338972
FRA,2020,researchers_pm,0.26913266294590343,0.30882876260896897
FRA,2021,researchers_pm,0.2457248208555498,0.27854769546822733
FRA,2022,researchers_pm,0.22531634964764713,0.2527189507128933
FRA,2023,researchers_pm,0.2047396308853333,0.2272054969534072
GBR,2000,researchers_pm,0.08558122132015722,0.08935003619904824
GBR,2001,researchers_pm,0.06403952569495619,0.06613453763723243
GBR,2002,researchers_pm,0.13974208782220465,0.14997716749076817
GBR,2003,researchers_pm,0.2692448435346364,0.30897559602588465
GBR,2004,researchers_pm,0.3058152040657731,0.35773138012469596
GBR,2005,researchers_pm,0.31611777531147567,0.37179180931996014
GBR,2006,researchers_pm,0.2701547778830786,0.3101672199495302
GBR,2007,researchers_pm,0.2891212282639213,0.33525358919177894
GBR,2008,researchers_pm,0.28648205007174,0.33173426314518095
GBR,2009,researchers_pm,0.25888572324932824,0.29548575246640474
GBR,2010,researchers_pm,0.24830716622264504,0.281853613860624
GBR,2011,researchers_pm,0.19961215630686446,0.22092913665513292
GBR,2012,researchers_pm,0.2207433784891144,0.2470033816082302
GBR,2013,researchers_pm,0.2851931547497806,0.33001890278076496
GBR,2014,researchers_pm,0.2758363933784125,0.317632273027042
GBR,2015,researchers_pm,0.29488699322583756,0.3429745848850845
GBR,2016,researchers_pm,0.2952614804332363,0.34347760586856846
GBR,2017,researchers_pm,0.2586936069861938,0.2952368924904867
GRC,2001,researchers_pm,-0.40447445243532965,-0.3326725689771707
GRC,2003,researchers_pm,-0.3664344177107841,-0.30679840326055297
GRC,2005,researchers_pm,-0.25342998780336945,-0.22386591812505807
GRC,2006,researchers_pm,-0.36304728217411775,-0.30444645456225194
GRC,2007,researchers_pm,-0.2949917102324173,-0.25546224051469035
GRC,2011,researchers_pm,0.02503073972333425,0.025346638911994956
GRC,2012,researchers_pm,0.16591140167656082,0.1804685095591796
GRC,2013,researchers_pm,0.3999017929565172,0.49167819714212846
GRC,2014,researchers_pm,0.4058489616643346,0.5005758908560607
GRC,2015,researchers_pm,0.5689080089030449,0.7663371734530897
GRC,2016,researchers_pm,0.41340926556385504,0.5119636939993439
GRC,2017,researchers_pm,0.5544507596866941,0.7409845032549871
GRC,2018,researchers_pm,0.5180858107154496,0.6788110100063107
GRC,2019,researchers_pm,0.48651306471214095,0.6266343508390522
GRC,2020,researchers_pm,0.6676883883209728,0.9497251000821041
GRC,2021,researchers_pm,0.6218015382781381,0.8622799902951774
GRC,2022,researchers_pm,0.6645774039063896,0.9436689608448057
GRC,2023,researchers_pm,0.6611025896445533,0.9369267928939802
HUN,2000,researchers_pm,0.24549405847942385,0.27825268880355924
HUN,2001,researchers_pm,0.15135823476180743,0.16341335854645056
HUN,2002,researchers_pm,0.1192450373990459,0.12664595486175467
HUN,2003,researchers_pm,0.1611942923392924,0.17491322327772285
HUN,2004,researchers_pm,0.08581116685687817,0.08960055617967089
HUN,2005,researchers_pm,0.053427870392063426,0.05488090087762121
HUN,2006,researchers_pm,0.05953996104647352,0.06134817271577653
HUN,2007,researchers_pm,0.10558685775672316,0.11136263079578046
HUN,2008,researchers_pm,0.15033862404728282,0.16222773436093219
HUN,2009,researchers_pm,0.21478311922473114,0.23959302391437332
HUN,2010,researchers_pm,0.27536553278189047,0.3170119979519739
HUN,2011,researchers_pm,0.3045918059037547,0.35607134969587206
HUN,2012,researchers_pm,0.37509006914631815,0.4551224703547667
HUN,2013,researchers_pm,0.43311672444636073,0.5420562058529799
HUN,2014,researchers_pm,0.4152763885977242,0.5147893533447199
HUN,2015,researchers_pm,0.3411947283386869,0.4066271243579429
HUN,2016,researchers_pm,0.3332691134882797,0.3955228019502184
HUN,2017,researchers_pm,0.3612129236846098,0.43506898852707154
HUN,2018,researchers_pm,0.5100807723827518,0.665425709916152
HUN,2019,researchers_pm,0.4208421192871201,0.5232437686112461
HUN,2020,researchers_pm,0.5042051929188469,0.6556690598712225
HUN,2021,researchers_pm,0.46310078412673583,0.5889934796665353
HUN,2022,researchers_pm,0.44807063821696325,0.5652892609908347
HUN,2023,researchers_pm,0.38315271623253366,0.46690203271547515
IRL,2000,researchers_pm,-0.5336255142122042,-0.41352516225951363
IRL,2001,researchers_pm,-0.6034224738592684,-0.45306344684271227
IRL,2002,researchers_pm,-0.61614727283773,-0.4599790116356426
IRL,2003,researchers_pm,-0.5006155797790868,-0.39384259340156036
IRL,2004,researchers_pm,-0.4788770840123746,-0.38052137615979376
IRL,2005,researchers_pm,-0.5309771038468263,-0.4119698776132932
IRL,2006,researchers_pm,-0.5745465736947137,-0.43703992814990045
IRL,2007,researchers_pm,-0.5327951239185724,-0.41303795698952706
IRL,2008,researchers_pm,-0.3384988919315255,-0.2871604307364958
IRL,2009,researchers_pm,-0.4004696095192841,-0.32999466873663574
IRL,2010,researchers_pm,-0.4081687853167164,-0.335133350376683
IRL,2011,researchers_pm,-0.373517220011486,-0.3116908664968946
IRL,2012,researchers_pm,0.03612877091821254,0.03678934621140306
IRL,2013,researchers_pm,0.10818312291000609,0.1142517717318674
IRL,2014,researchers_pm,0.021046662071842803,0.021269705086065294
IRL,2015,researchers_pm,-0.2640056804633897,-0.2320308227764798
IRL,2016,researchers_pm,-0.2726128104197567,-0.23861246811682768
IRL,2017,researchers_pm,-0.40340481133835837,-0.3319583862403026
IRL,2018,researchers_pm,-0.6334225849005506,-0.4692279237917091
IRL,2019,researchers_pm,-0.6782400537374436,-0.4924906038911777
IRL,2020,researchers_pm,-0.7522312372004123,-0.5286862341382991
IRL,2021,researchers_pm,-0.9082060459387904,-0.5967530178963721
IRL,2022,researchers_pm,-0.9311141080446035,-0.6058856203147833
IRL,2023,researchers_pm,-0.8747745778931577,-0.5830439998145092
ISL,2001,researchers_pm,0.44337923704983595,0.5579630596367304
ISL,2003,researchers_pm,0.5341823148836671,0.7060526578916508
ISL,2005,researchers_pm,0.4470064890877552,0.5636244457497419
ISL,2006,researchers_pm,0.44993012738463634,0.5682026072443658
ISL,2007,researchers_pm,0.32248104712445347,0.38054872524344185
ISL,2008,researchers_pm,0.34120568273541174,0.4066425331939041
ISL,2009,researchers_pm,0.423413125738648,0.5271650768619895
ISL,2011,researchers_pm,0.3325643039899866,0.3945395707603623
ISL,2013,researchers_pm,0.1393489249672477,0.14952512805284313
ISL,2017,researchers_pm,0.06353172093310455,0.065593286878733
ISL,2018,researchers_pm,-0.0739132735055339,-0.07124776222560003
ISL,2021,researchers_pm,0.13950791639588367,0.14970790722498095
ISL,2022,researchers_pm,0.03230092268376339,0.032828259998070486
ISL,2023,researchers_pm,-0.20429906781511775,-0.18478147089789176
ITA,2000,researchers_pm,-1.0248216292335162,-0.6411395300854053
ITA,2001,researchers_pm,-1.099503082172685,-0.6669634656219415
ITA,2002,researchers_pm,-1.0223230867252484,-0.6402417808815456
ITA,2003,researchers_pm,-0.950508696365965,-0.6134556602683108
ITA,2004,researchers_pm,-0.9341738186484916,-0.6070896533258361
ITA,2005,researchers_pm,-0.8451883183448912,-0.5705235277036051
ITA,2006,researchers_pm,-0.8394718857570735,-0.5680614238810398
ITA,2007,researchers_pm,-0.7436059438508753,-0.5246034322780728
ITA,2008,researchers_pm,-0.7009020907913488,-0.5038624592464387
ITA,2009,researchers_pm,-0.6749734874117417,-0.4908300801589631
ITA,2010,researchers_pm,-0.6636215737725433,-0.4850170953751374
ITA,2011,researchers_pm,-0.6656853819748783,-0.48607882533740954
ITA,2012,researchers_pm,-0.5582564654697322,-0.4277941447067245
ITA,2013,researchers_pm,-0.4440771582205114,-0.35858407159367267
ITA,2014,researchers_pm,-0.4307575920049391,-0.3499835391346878
ITA,2015,researchers_pm,-0.3682307197211534,-0.30804248497460196
ITA,2016,researchers_pm,-0.31637634702419426,-0.2712148775624571
ITA,2017,researchers_pm,-0.30294784005241304,-0.261362377334607
ITA,2018,researchers_pm,-0.28894725331323734,-0.25094828564317684
ITA,2019,researchers_pm,-0.305911871498993,-0.2635484810352594
ITA,2020,researchers_pm,-0.2497856098538973,-0.22103223181558573
ITA,2021,researchers_pm,-0.3299095936184475,-0.2810112683366388
ITA,2022,researchers_pm,-0.3621070012313172,-0.30379213124311455
ITA,2023,researchers_pm,-0.3945730808743795,-0.3260322924566491
JPN,2000,researchers_pm,0.8135626689865214,1.2559308216118703
JPN,2001,researchers_pm,0.7631178023060867,1.1449533465988577
JPN,2002,researchers_pm,0.7290831024421554,1.0731788433273928
JPN,2003,researchers_pm,0.8391376529421741,1.3143703255607053
JPN,2004,researchers_pm,0.821662954943001,1.2742787176431438
JPN,2005,researchers_pm,0.7988744593220511,1.2230374008224225
JPN,2006,researchers_pm,0.7436664304745024,1.1036342210992642
JPN,2007,researchers_pm,0.7807589669924404,1.1831285593993326
JPN,2008,researchers_pm,0.7523670747301905,1.1220170493589747
JPN,2009,researchers_pm,0.7224914999920244,1.059558212792076
JPN,2010,researchers_pm,0.6827350255773688,0.9792837277127531
JPN,2011,researchers_pm,0.6648516295852387,0.9442020378734155
JPN,2012,researchers_pm,0.6461540767316292,0.9081879543271065
JPN,2013,researchers_pm,0.6810025720712085,0.9758576792707194
JPN,2014,researchers_pm,0.698910849531118,1.0115606217372215
JPN,2015,researchers_pm,0.6567977443532333,0.9286065442505771
JPN,2016,researchers_pm,0.6619253477485598,0.9385210708723297
JPN,2017,researchers_pm,0.6432906597920107,0.9027318319193403
JPN,2018,researchers_pm,0.5786737217869309,0.783671217030653
JPN,2019,researchers_pm,0.5238054516454671,0.6884407191598036
JPN,2020,researchers_pm,0.5502311116589702,0.7336536391401101
JPN,2021,researchers_pm,0.548656587008935,0.7309261065977635
JPN,2022,researchers_pm,0.5165219171001443,0.6761875801037855
JPN,2023,researchers_pm,0.45579447835420517,0.5774261162380998
KOR,2000,researchers_pm,0.55344470665566,0.7392338612854921
KOR,2001,researchers_pm,0.6680593830036736,0.9504485719207676
KOR,2002,researchers_pm,0.6208228849141939,0.8604583552380984
KOR,2003,researchers_pm,0.7268564427384092,1.0685677151501167
KOR,2004,researchers_pm,0.7011640884269017,1.0160982586414997
KOR,2005,researchers_pm,0.7456353916067231,1.1077802754875345
KOR,2006,researchers_pm,0.7455805079135045,1.1076645958960132
KOR,2007,researchers_pm,0.8359619924846928,1.3070323288936434
KOR,2008,researchers_pm,0.861180683480053,1.3659524862849368
KOR,2009,researchers_pm,0.7750516726512551,1.1707042903313059
KOR,2010,researchers_pm,0.7792988132472409,1.1799431821932505
KOR,2011,researchers_pm,0.8058181667638946,1.238527238379247
KOR,2012,researchers_pm,0.878182185975235,1.4065211200521683
KOR,2013,researchers_pm,0.8910696397895128,1.4377357564059037
KOR,2014,researchers_pm,0.9149984323512834,1.496771337841437
KOR,2015,researchers_pm,0.9178442780043516,1.50388688377036
KOR,2016,researchers_pm,0.8947385689991743,1.4466960636432393
KOR,2017,researchers_pm,0.895085875002712,1.4475459634540853
KOR,2018,researchers_pm,0.8637159697693821,1.3719584634033004
KOR,2019,researchers_pm,0.8238129106982015,1.2791735762403142
KOR,2020,researchers_pm,0.8265260551432245,1.2853656996320955
KOR,2021,researchers_pm,0.8415939681345339,1.3200621361307268
KOR,2022,researchers_pm,0.8264320274903589,1.28515082216179
KOR,2023,researchers_pm,0.7696423073064587,1.1589938593243416
LTU,2000,researchers_pm,1.1222342678191728,2.071709563913885
LTU,2001,researchers_pm,1.0115337240836322,1.7498152403210177
LTU,2002,researchers_pm,0.6894320451689202,0.9925835143724011
LTU,2003,researchers_pm,0.6722092983611692,0.958559586775424
LTU,2004,researchers_pm,0.6972626087056879,1.0082478162982231
LTU,2005,researchers_pm,0.5855336026178577,0.7959490531197935
LTU,2006,researchers_pm,0.48805108251782237,0.6291380683214649
LTU,2007,researchers_pm,0.45922361128812206,0.5828446051338294
LTU,2008,researchers_pm,0.4137384000157853,0.5124614152452185
LTU,2009,researchers_pm,0.5226542611286034,0.6864981205806855
LTU,2010,researchers_pm,0.5282651321103362,0.6959874407266022
LTU,2011,researchers_pm,0.39739001919802064,0.4879361405575797
LTU,2012,researchers_pm,0.3124300233413413,0.3667422977681871
LTU,2013,researchers_pm,0.3607484567254362,0.43440260116720153
LTU,2014,researchers_pm,0.363852504177097,0.4388619723753835
LTU,2015,researchers_pm,0.227965775963189,0.25604233785753716
LTU,2016,researchers_pm,0.23844511545821856,0.2692740406005334
LTU,2017,researchers_pm,0.18683637466236558,0.20543003001674798
LTU,2018,researchers_pm,0.09025868332613562,0.09445736496091306
LTU,2019,researchers_pm,0.03937997649605052,0.04016564706688275
LTU,2020,researchers_pm,0.051085404846837434,0.052412770596652836
LTU,2021,researchers_pm,0.07271488317372388,0.07542387175786569
LTU,2022,researchers_pm,0.08717982771764099,0.09109287081814377
LTU,2023,researchers_pm,-0.05810206034847809,-0.05644635689116795
LUX,2000,researchers_pm,-1.12384887512912,-0.6749736019329031
LUX,2003,researchers_pm,-1.0240455552381018,-0.6408609197095724
LUX,2004,researchers_pm,-1.0246126639372477,-0.6410645328653553
LUX,2005,researchers_pm,-0.9952829391236371,-0.6303811498857025
LUX,2006,researchers_pm,-1.1914260940192083,-0.6962122748513928
LUX,2007,researchers_pm,-1.1621619511605772,-0.687190828835309
LUX,2008,researchers_pm,-1.1133991917052217,-0.6715593712219308
LUX,2009,researchers_pm,-1.1271626539707338,-0.6760488849247851
LUX,2010,researchers_pm,-1.0679283122378305,-0.6562801394474217
LUX,2011,researchers_pm,-1.009428362377644,-0.635572759637797
LUX,2012,researchers_pm,-1.2047990574203933,-0.7002477735524089
LUX,2013,researchers_pm,-1.1169677232208457,-0.6727293331920903
LUX,2014,researchers_pm,-1.0966259120690758,-0.6660038830826829
LUX,2015,researchers_pm,-1.112469372728869,-0.6712538388698109
LUX,2016,researchers_pm,-1.1047423865098995,-0.6687037823753845
LUX,2017,researchers_pm,-1.0662246789265684,-0.6556940677593662
LUX,2018,researchers_pm,-1.1602468788016171,-0.6865912026574836
LUX,2019,researchers_pm,-1.1655536832490814,-0.6882499965168454
LUX,2020,researchers_pm,-1.2123189531296106,-0.7024934249194572
LUX,2021,researchers_pm,-1.2514422392381608,-0.7139081137702334
LUX,2022,researchers_pm,-1.1501407341571497,-0.6834077890942848
LUX,2023,researchers_pm,-1.1544518576781648,-0.684769719387053
LVA,2000,researchers_pm,0.8947829505259,1.4468046541596662
LVA,2001,researchers_pm,0.6592359417826117,0.9333146050275172
LVA,2002,researchers_pm,0.554839550730942,0.7416615140373635
LVA,2003,researchers_pm,0.4465930688983093,0.5629781454411611
LVA,2004,researchers_pm,0.37352309805872874,0.4528441210347631
LVA,2005,researchers_pm,0.16956137526719584,0.1847850613013764
LVA,2006,researchers_pm,0.14175476384921648,0.15229402973182515
LVA,2007,researchers_pm,0.11860813292727368,0.12592861747694206
LVA,2008,researchers_pm,0.20556113599953374,0.2282140667612358
LVA,2009,researchers_pm,0.1359815124391357,0.14566071292691296
LVA,2010,researchers_pm,0.26580064475702336,0.30447497883728536
LVA,2011,researchers_pm,0.214924100947937,0.23976779619451793
LVA,2012,researchers_pm,0.1249055244485282,0.13304140329869596
LVA,2013,researchers_pm,0.05839362826240624,0.06013221159128879
LVA,2014,researchers_pm,0.05819113723105307,0.0599175660590241
LVA,2015,researchers_pm,-0.020347639796091777,-0.020142023536840692
LVA,2016,researchers_pm,-0.18666014621294824,-0.17027432611358906
LVA,2017,researchers_pm,-0.14768442330936882,-0.13729667895211184
LVA,2018,researchers_pm,-0.27106164399235855,-0.23743051287147687
LVA,2019,researchers_pm,-0.29692826419426677,-0.25690268286523055
LVA,2020,researchers_pm,-0.1807804601789762,-0.16538142940448852
LVA,2021,researchers_pm,-0.14154038225478693,-0.1319798777326071
LVA,2022,researchers_pm,-0.23985427113070212,-0.21325749619151946
LVA,2023,researchers_pm,-0.29942140026618613,-0.2587530180643792
MEX,2000,researchers_pm,-1.397668499183685,-0.7528274242767405
MEX,2001,researchers_pm,-1.3912783823769699,-0.7512429054079214
MEX,2002,researchers_pm,-1.0837238354602912,-0.6616667205584028
MEX,2003,researchers_pm,-0.9378948663571425,-0.6085489746849964
MEX,2004,researchers_pm,-0.8019481677589075,-0.5515455519552146
MEX,2005,researchers_pm,-0.7618572615275827,-0.5332013457627829
MEX,2006,researchers_pm,-1.052964733565867,-0.6510981866839942
MEX,2007,researchers_pm,-0.9695048280868779,-0.6207292041410444
MEX,2008,researchers_pm,-0.9873802109417342,-0.6274485801940943
MEX,2009,researchers_pm,-0.8712639093998504,-0.5815776330638422
MEX,2010,researchers_pm,-1.027146242066448,-0.6419727728803288
MEX,2011,researchers_pm,-1.0532230505272162,-0.651188302300522
MEX,2012,researchers_pm,-1.3894114060274143,-0.7507780479916584
MEX,2013,researchers_pm,-1.3270167332739513,-0.7347325544075354
MEX,2014,researchers_pm,-1.3142141438654633,-0.7313146116443343
MEX,2015,researchers_pm,-1.2437198137649634,-0.7116902378315815
MEX,2016,researchers_pm,-1.129372187384945,-0.6767638755493925
MEX,2017,researchers_pm,-1.1194233706694412,-0.6735320086227425
MEX,2018,researchers_pm,-1.1526462523192915,-0.6842000237351153
MEX,2019,researchers_pm,-1.1613273915274274,-0.6869296619636699
MEX,2020,researchers_pm,-1.03541573593147,-0.6449212687516406
MEX,2021,researchers_pm,-1.0371688949581541,-0.6455432328742003
MEX,2022,researchers_pm,-1.047785683132676,-0.6492865192876538
MEX,2023,researchers_pm,-1.0750887176743982,-0.6587325224990261
NLD,2000,researchers_pm,-0.388724900140776,-0.32207925973596296
NLD,2001,researchers_pm,-0.39647208156784064,-0.3273109431371237
NLD,2002,researchers_pm,-0.42411308827602845,-0.34565012157519626
NLD,2003,researchers_pm,-0.34446490184673095,-0.2914005777184857
NLD,2004,researchers_pm,-0.26139763054263465,-0.2300253067184621
NLD,2005,researchers_pm,-0.3372596055522008,-0.28627647074100715
NLD,2006,researchers_pm,-0.3203131390656715,-0.27407831295937035
NLD,2007,researchers_pm,-0.3506821501159223,-0.29579244942482696
NLD,2008,researchers_pm,-0.3867080155777618,-0.32071059210162367
NLD,2009,researchers_pm,-0.5218963160281893,-0.4066057825971304
NLD,2010,researchers_pm,-0.38895680443287617,-0.3222364542375896
NLD,2011,researchers_pm,-0.29779991257632865,-0.257550120229568
NLD,2012,researchers_pm,-0.08568316970682588,-0.08211500107097969
NLD,2013,researchers_pm,0.07940695391833508,0.0826448189845137
NLD,2014,researchers_pm,0.06743343301274685,0.06975904659089238
NLD,2015,researchers_pm,0.05075578604834341,0.052065932728969866
NLD,2016,researchers_pm,0.07779288238491944,0.0808987623106503
NLD,2017,researchers_pm,0.06815637969872768,0.07053270497160824
NLD,2018,researchers_pm,0.03213026446170808,0.0326520144028386
NLD,2019,researchers_pm,-0.03661801594625835,-0.03595568541945093
NLD,2020,researchers_pm,0.018461092769296528,0.01863255222686444
NLD,2021,researchers_pm,0.0046814841572278,0.004692459424347595
NLD,2022,researchers_pm,-0.012628741641785624,-0.012549333709636512
NLD,2023,researchers_pm,0.007171419916479849,0.0071971961287953246
NOR,2001,researchers_pm,-0.43840575484097855,-0.3549360080880446
NOR,2003,researchers_pm,-0.3310586479097015,-0.28183695095619377
NOR,2004,researchers_pm,-0.37091264973112636,-0.30989578028476295
NOR,2005,researchers_pm,-0.41918622929464355,-0.3424182771162251
NOR,2006,researchers_pm,-0.431397752333746,-0.35039952072434366
NOR,2007,researchers_pm,-0.3356549696486244,-0.28513028498125836
NOR,2008,researchers_pm,-0.29541848317188624,-0.25577992128925076
NOR,2009,researchers_pm,-0.3530437382365932,-0.29745353543825037
NOR,2010,researchers_pm,-0.33974837113763634,-0.28805055274530833
NOR,2011,researchers_pm,-0.34335372727610114,-0.2906127624405921
NOR,2012,researchers_pm,-0.33338212107771525,-0.2835036465198869
NOR,2013,researchers_pm,-0.28913824782824804,-0.251091336750655
NOR,2014,researchers_pm,-0.2839473780329289,-0.24719374218996326
NOR,2015,researchers_pm,-0.24926870626513065,-0.22062947649681053
NOR,2016,researchers_pm,-0.2138623203560499,-0.1925404518868532
NOR,2017,researchers_pm,-0.20655239441955153,-0.1866163564233767
NOR,2018,researchers_pm,-0.25387547190764614,-0.2242115965184892
NOR,2019,researchers_pm,-0.29003505815207475,-0.25176266469954867
NOR,2020,researchers_pm,-0.30196317024117114,-0.2606347049664085
NOR,2021,researchers_pm,-0.25628882087754157,-0.22608158728513472
NOR,2022,researchers_pm,-0.2906851373603043,-0.2522489201646403
NOR,2023,researchers_pm,-0.31224762597724265,-0.26819970697274054
NZL,2001,researchers_pm,0.08700708872059604,0.09090441280744832
NZL,2003,researchers_pm,0.25646597561211415,0.29235479347083904
NZL,2005,researchers_pm,0.18466554567744975,0.2028160858077439
NZL,2007,researchers_pm,0.25041463296837563,0.2845579263481339
NZL,2009,researchers_pm,0.2559540466840975,0.29169336898240994
NZL,2011,researchers_pm,0.22113947280146995,0.24749741038970963
NZL,2013,researchers_pm,0.3156746002182791,0.37118400004993135
NZL,2015,researchers_pm,0.579221283103438,0.7846481538324579
NZL,2017,researchers_pm,0.4580182955714278,0.5809379269595949
NZL,2019,researchers_pm,0.4254824044442831,0.5303284788869689
NZL,2021,researchers_pm,0.28133797571846486,0.32490131274671263
NZL,2023,researchers_pm,0.2526925393836006,0.2874873643153568
POL,2000,researchers_pm,0.5520543806497917,0.7368174394141911
POL,2001,researchers_pm,0.49605589295199337,0.6422313444112648
POL,2002,researchers_pm,0.49285928325269346,0.6369901532514846
POL,2003,researchers_pm,0.5589599138510826,0.7488525966695907
POL,2004,researchers_pm,0.5399715890186165,0.7159581094384029
POL,2005,researchers_pm,0.4791687238468496,0.6147315562958473
POL,2006,researchers_pm,0.313571369757474,0.3683031147385134
POL,2007,researchers_pm,0.3154882602366822,0.37092851745264666
POL,2008,researchers_pm,0.2611746391127241,0.2984544065596535
POL,2009,researchers_pm,0.10417070137107043,0.10978988140179746
POL,2010,researchers_pm,0.1259406847529858,0.13421489005136156
POL,2011,researchers_pm,0.027071688326414822,0.027441455681877613
POL,2012,researchers_pm,0.06922378787676564,0.07167601041398863
POL,2013,researchers_pm,0.16411311033805287,0.1783475908494918
POL,2014,researchers_pm,0.20245438927192083,0.224404237879555
POL,2015,researchers_pm,0.2041085312585258,0.22643125236069817
POL,2016,researchers_pm,0.23676181335156876,0.26713926617329453
POL,2017,researchers_pm,0.41836720630147095,0.5194785340638379
POL,2018,researchers_pm,0.3080048566405935,0.36070759738885605
POL,2019,researchers_pm,0.2077843081662083,0.23094763556032505
POL,2020,researchers_pm,0.20752538082775462,0.23062895082514934
POL,2021,researchers_pm,0.21066566146728327,0.23449954528952155
POL,2022,researchers_pm,0.16419623067868017,0.17844553957332998
POL,2023,researchers_pm,0.10293536013957016,0.10841975866179832
PRT,2000,researchers_pm,-0.2405387375819199,-0.2137958107909652
PRT,2001,researchers_pm,-0.2637253811128195,-0.23181553134323118
PRT,2002,researchers_pm,-0.19156499703944618,-0.17433404248042572
PRT,2003,researchers_pm,-0.032764910406399395,-0.032233955425572614
PRT,2004,researchers_pm,-0.025143644783466534,-0.02483017609108873
PRT,2005,researchers_pm,-0.05144052623105466,-0.050139859955156796
PRT,2006,researchers_pm,0.040685299015678744,0.04152428524773799
PRT,2007,researchers_pm,0.2015688818964536,0.22332049879665017
PRT,2008,researchers_pm,0.5543261311891969,0.7407675404923328
PRT,2009,researchers_pm,0.4722931990576882,0.6036675086054888
PRT,2010,researchers_pm,0.5046148777516919,0.6563475013373625
PRT,2011,researchers_pm,0.5669638883126007,0.7629065368506787
PRT,2012,researchers_pm,0.6059999091519641,0.8330842104939409
PRT,2013,researchers_pm,0.5408919582073795,0.7175381514109771
PRT,2014,researchers_pm,0.5346839200197708,0.7069086373312068
PRT,2015,researchers_pm,0.5380336280841478,0.7126358698821398
PRT,2016,researchers_pm,0.5846638228764407,0.7943876521526732
PRT,2017,researchers_pm,0.6100215505667714,0.8404710615487612
PRT,2018,researchers_pm,0.5722531590964977,0.7722557303022957
PRT,2019,researchers_pm,0.523169405913726,0.6873671351075548
PRT,2020,researchers_pm,0.6533607826617613,0.9219893754318214
PRT,2021,researchers_pm,0.6723875021028327,0.9589086405224765
PRT,2022,researchers_pm,0.6207003939643023,0.860230479883551
PRT,2023,researchers_pm,0.608665205905611,0.8379764406157415
SVK,2000,researchers_pm,0.7511586835862101,1.1194543714196543
SVK,2001,researchers_pm,0.6144779685445618,0.8486912726190348
SVK,2002,researchers_pm,0.5247256755081757,0.6899951777155773
SVK,2003,researchers_pm,0.5879661625531583,0.8003231247710718
SVK,2004,researchers_pm,0.6331828004691715,0.8835961594977992
SVK,2005,researchers_pm,0.5285630120375222,0.6964927165939874
SVK,2006,researchers_pm,0.44599430799011675,0.5620425753466627
SVK,2007,researchers_pm,0.4140229735809351,0.5128918830292772
SVK,2008,researchers_pm,0.35892495476500574,0.4317893485716655
SVK,2009,researchers_pm,0.38057707774781147,0.4631286848626741
SVK,2010,researchers_pm,0.438431401271389,0.5502735531636624
SVK,2011,researchers_pm,0.39463671258566535,0.4838450307672939
SVK,2012,researchers_pm,0.39148225501802525,0.47917167940029914
SVK,2013,researchers_pm,0.3867589088185701,0.4722015136816349
SVK,2014,researchers_pm,0.3486884577408338,0.4172076015008861
SVK,2015,researchers_pm,0.26959269863067714,0.30943100906183574
SVK,2016,researchers_pm,0.2349795077878758,0.26488284821967034
SVK,2017,researchers_pm,0.2580643095632409,0.2944220596649181
SVK,2018,researchers_pm,0.21929988398129652,0.24520463762651112
SVK,2019,researchers_pm,0.16344876514529805,0.1775650212690687
SVK,2020,researchers_pm,0.17347897059498596,0.18943567338208744
SVK,2021,researchers_pm,0.1364223258574757,0.14616584686876632
SVK,2022,researchers_pm,0.1635431728181045,0.17767619769017595
SVK,2023,researchers_pm,0.12788140236235357,0.13641821818860067
SVN,2000,researchers_pm,0.20434371607238955,0.22671972428727982
SVN,2001,researchers_pm,0.14721813059006905,0.1586066630231171
SVN,2002,researchers_pm,0.14726648385784635,0.1586626867957983
SVN,2003,researchers_pm,-0.020530295024462575,-0.020320983374829904
SVN,2004,researchers_pm,-0.006011958685215646,-0.005993923022918457
SVN,2005,researchers_pm,0.17208476831017538,0.18777851492410913
SVN,2006,researchers_pm,0.16294427817710222,0.1769711048857694
SVN,2007,researchers_pm,0.19854543952702564,0.21962744544942558
SVN,2008,researchers_pm,0.26209590741220357,0.29965118263402024
SVN,2009,researchers_pm,0.3257576830501421,0.38507969991709423
SVN,2010,researchers_pm,0.35832346898726364,0.43092840658991194
SVN,2011,researchers_pm,0.46168724669373606,0.5867489646289745
SVN,2012,researchers_pm,0.5358007656024482,0.7088160556504386
SVN,2013,researchers_pm,0.5679287875927406,0.7646083850230385
SVN,2014,researchers_pm,0.5123805111218429,0.6692601613666265
SVN,2015,researchers_pm,0.4112640064194375,0.508723616704094
SVN,2016,researchers_pm,0.406782363783738,0.501977185456848
SVN,2017,researchers_pm,0.461934758602939,0.5871417525024685
SVN,2018,researchers_pm,0.4318853216599514,0.5401584822151819
SVN,2019,researchers_pm,0.3666935515035892,0.44295565976146056
SVN,2020,researchers_pm,0.41481130164063096,0.5140850083772606
SVN,2021,researchers_pm,0.34465239244797985,0.4114991866044071
SVN,2022,researchers_pm,0.32180611456100827,0.379617262326039
SVN,2023,researchers_pm,0.29969833096830456,0.3494516583918339
SWE,2001,researchers_pm,0.4098505361282587,0.5065925871225829
SWE,2003,researchers_pm,0.49745292861121193,0.6445272034851872
SWE,2004,researchers_pm,0.46514552412716625,0.5922458822204515
SWE,2005,researchers_pm,0.5118443772312862,0.668365454284787
SWE,2006,researchers_pm,0.425472779327686,0.5303137493678145
SWE,2007,researchers_pm,0.24978520325496412,0.2837496418265253
SWE,2008,researchers_pm,0.3543923320693487,0.42531427329718796
SWE,2009,researchers_pm,0.24685523483098848,0.27999380084632386
SWE,2010,researchers_pm,0.22954442029434752,0.2580267479006084
SWE,2011,researchers_pm,0.15779068573136001,0.1709210785662163
SWE,2012,researchers_pm,0.19922926509104855,0.22046174309972755
SWE,2013,researchers_pm,0.4931916498582023,0.6375343245391445
SWE,2014,researchers_pm,0.5011891212776618,0.6506829663599212
SWE,2015,researchers_pm,0.46080713529205575,0.5853530631381139
SWE,2016,researchers_pm,0.5009811609317136,0.6503397254506724
SWE,2017,researchers_pm,0.5063903629015876,0.659290933966288
SWE,2018,researchers_pm,0.4583130143933829,0.5814039277892473
SWE,2019,researchers_pm,0.4077254375763051,0.5033943289078779
SWE,2020,researchers_pm,0.41037146838571736,0.5073776242578938
SWE,2021,researchers_pm,0.4275632159703697,0.5335161193138587
SWE,2022,researchers_pm,0.46222985759414925,0.5876101855461997
SWE,2023,researchers_pm,0.4623613774231945,0.5878190014978113
TUR,2000,researchers_pm,-0.5252936689299315,-0.40861833155823724
TUR,2001,researchers_pm,-0.5165827453482352,-0.4034443486689029
TUR,2002,researchers_pm,-0.5293172434507012,-0.4109930192014012
TUR,2003,researchers_pm,-0.21235488234514754,-0.19132233878743443
TUR,2004,researchers_pm,-0.2913775527795508,-0.2527664953328841
TUR,2005,researchers_pm,-0.2995995456596452,-0.2588850560382988
TUR,2006,researchers_pm,-0.3437858166066956,-0.2909192148850177
TUR,2007,researchers_pm,-0.20734849254289234,-0.18726363193398898
TUR,2008,researchers_pm,-0.15400135315268937,-0.14272913900769846
TUR,2009,researchers_pm,-0.10070044005327006,-0.09579614442116668
TUR,2010,researchers_pm,-0.0810840886750741,-0.07788385134078646
TUR,2011,researchers_pm,-0.12057171350820273,-0.11358648275705174
TUR,2012,researchers_pm,-0.027906420577782143,-0.027520633399428562
TUR,2013,researchers_pm,-0.014175343825188591,-0.014075346694434332
TUR,2014,researchers_pm,-0.07045102862819252,-0.06802662157687911
TUR,2015,researchers_pm,-0.14002428925024546,-0.13066288040448215
TUR,2016,researchers_pm,-0.05058896081738595,-0.049330647412266115
TUR,2017,researchers_pm,-0.030645487079502765,-0.030180674378452954
TUR,2018,researchers_pm,-0.003947186945221226,-0.003939407042440668
TUR,2019,researchers_pm,0.026308325005569344,0.02665744384130697
TUR,2020,researchers_pm,0.09505900078276941,0.09972373777337928
TUR,2021,researchers_pm,0.09996451728450229,0.10513170430609486
TUR,2022,researchers_pm,0.14112089707856867,0.15156386027588753
TUR,2023,researchers_pm,0.10388664241420553,0.1094746804156983
USA,2000,researchers_pm,0.032991370564129596,0.033541620321690946
USA,2001,researchers_pm,-0.010875367108013734,-0.010816444099706057
USA,2002,researchers_pm,0.004805859787341049,0.0048174264533240585
USA,2003,researchers_pm,0.11545083026007319,0.12237932609192614
USA,2004,researchers_pm,0.04919552552995299,0.050425715707066665
USA,2005,researchers_pm,-0.04231023120429889,-0.041427644616635506
USA,2006,researchers_pm,-0.09651781221277744,-0.09200627592170674
USA,2007,researchers_pm,-0.06351224800181221,-0.06153737506165824
USA,2008,researchers_pm,-0.02052141173887634,-0.020312280567687635
USA,2009,researchers_pm,-0.05070833862310309,-0.04944412945978682
USA,2010,researchers_pm,-0.12255554926000656,-0.11534323844990724
USA,2011,researchers_pm,-0.12194133138163998,-0.11479969954217606
USA,2012,researchers_pm,-0.12649257912444867,-0.11881931134851875
USA,2013,researchers_pm,-0.08240186907632108,-0.07909819763256054
USA,2014,researchers_pm,-0.08254686779784315,-0.07923171753620961
USA,2015,researchers_pm,-0.08947618908116439,-0.08558996219171755
USA,2016,researchers_pm,-0.10763511814855242,-0.10204481578848568
USA,2017,researchers_pm,-0.11190801623396673,-0.10587350115946137
USA,2018,researchers_pm,-0.12641925690788547,-0.11875469885849765
USA,2019,researchers_pm,-0.20790390368212286,-0.18771490943219504
USA,2020,researchers_pm,-0.17161592315647134,-0.15769738001811318
USA,2021,researchers_pm,-0.1532400198495214,-0.14207622163905853
USA,2022,researchers_pm,-0.186847191606482,-0.17042950796530854
AUS,2000,articles_pm,0.535462526741215,0.7082381653916996
AUS,2001,articles_pm,0.5133043423935479,0.6708029886506253
AUS,2002,articles_pm,0.44608007172701925,0.562176547700028
AUS,2003,articles_pm,0.4575980139025173,0.5802736273354641
AUS,2004,articles_pm,0.4378500213341141,0.5493725171700692
AUS,2005,articles_pm,0.4702730694465904,0.6004311624050018
AUS,2006,articles_pm,0.4972057388356168,0.6441207434132543
AUS,2007,articles_pm,0.5171530035962935,0.6772457333085822
AUS,2008,articles_pm,0.444155687281242,0.5591732101649389
AUS,2009,articles_pm,0.3542526155010046,0.4251151471890431
AUS,2010,articles_pm,0.37634462588608386,0.45694914965396194
AUS,2011,articles_pm,0.39880133888095326,0.49003757666996206
AUS,2012,articles_pm,0.35391359996610916,0.42463209290121173
AUS,2013,articles_pm,0.40863283882050183,0.5047591299098655
AUS,2014,articles_pm,0.40384573392442746,0.4975729044427337
AUS,2015,articles_pm,0.4340639825102244,0.5435176230892587
AUS,2016,articles_pm,0.42943398304072566,0.5363876559223191
AUS,2017,articles_pm,0.4370780364395097,0.5481768865544652
AUS,2018,articles_pm,0.4517480807441778,0.5710561194327881
AUS,2019,articles_pm,0.4411464298789918,0.554488309212688
AUS,2020,articles_pm,0.36455790891041495,0.4398773104913425
AUS,2021,articles_pm,0.4115783762571281,0.5091979884627771
AUS,2022,articles_pm,0.3939941010879986,0.48289180120070996
AUS,2023,articles_pm,0.3223897652446217,0.3804227119120567
AUT,2000,articles_pm,-0.12670237123951011,-0.11900415671871367
AUT,2001,articles_pm,-0.09581731990001163,-0.09137001047444027
AUT,2002,articles_pm,-0.08720349866627952,-0.0835094279539238
AUT,2003,articles_pm,-0.053032027502664114,-0.051650361274677814
AUT,2004,articles_pm,-0.11186963020352181,-0.10583917853370473
AUT,2005,articles_pm,-0.10013601472060873,-0.09528564480328239
AUT,2006,articles_pm,-0.13431921739848285,-0.12568907520631534
AUT,2007,articles_pm,-0.09714381072885026,-0.09257450077307017
AUT,2008,articles_pm,-0.144218190436745,-0.13430115975702728
AUT,2009,articles_pm,-0.15418819104050474,-0.14288929472260825
AUT,2010,articles_pm,-0.17240381994033172,-0.15836076616920847
AUT,2011,articles_pm,-0.18456491842222977,-0.1685340393110053
AUT,2012,articles_pm,-0.18734958660586543,-0.17084617535757174
AUT,2013,articles_pm,-0.16119582542824418,-0.14887461720579642
AUT,2014,articles_pm,-0.16171720319588445,-0.1493182593952227
AUT,2015,articles_pm,-0.10153664311848232,-0.09655192641912758
AUT,2016,articles_pm,-0.13038855673932925,-0.12224569269966445
AUT,2017,articles_pm,-0.12394491635274374,-0.11657149799349686
AUT,2018,articles_pm,-0.1334398645433339,-0.12491990926374008
AUT,2019,articles_pm,-0.13425524961100965,-0.12563314568206774
AUT,2020,articles_pm,-0.11448149757569581,-0.10817156074633838
AUT,2021,articles_pm,-0.0828637090008213,-0.07952340865416696
AUT,2022,articles_pm,-0.10087919924095434,-0.09595776472190376
AUT,2023,articles_pm,-0.06878127379075316,-0.06646915458773472
BEL,2000,articles_pm,0.0884100396596077,0.09243597227795664
BEL,2001,articles_pm,0.09200376173633007,0.09636894632395632
BEL,2002,articles_pm,0.06360625750975935,0.06567271551457576
BEL,2003,articles_pm,0.10239258455951106,0.10781829872798987
BEL,2004,articles_pm,0.06769528803569624,0.07003920504943673
BEL,2005,articles_pm,0.07827321191801762,0.08141807461901207
BEL,2006,articles_pm,0.05397315054743057,0.055456263351759016
BEL,2007,articles_pm,0.06442946085352119,0.06655034204032706
BEL,2008,articles_pm,0.039591951777740775,0.0403861598437274
BEL,2009,articles_pm,-0.007655703714644524,-0.007626473455260463
BEL,2010,articles_pm,-0.04273435617578514,-0.041834112886765196
BEL,2011,articles_pm,-0.05938442995435533,-0.05765556591244825
BEL,2012,articles_pm,-0.03805294718885577,-0.037338030703282454
BEL,2013,articles_pm,-0.02091218703025266,-0.020695043529681767
BEL,2014,articles_pm,-0.03598152178974523,-0.03534188152602735
BEL,2015,articles_pm,-0.03724161687986971,-0.036556676945151856
BEL,2016,articles_pm,-0.038786047647904276,-0.03804350001334955
BEL,2017,articles_pm,-0.056539223946430184,-0.05497058401502264
BEL,2018,articles_pm,-0.045553228750841335,-0.04453125718928208
BEL,2019,articles_pm,-0.09080633328917376,-0.08680545084044888
BEL,2020,articles_pm,-0.08514498066636644,-0.0816208724687818
BEL,2021,articles_pm,-0.06768937963900434,-0.06544928102148795
BEL,2022,articles_pm,-0.08987431893308706,-0.08595394366391418
BEL,2023,articles_pm,-0.09401775645602317,-0.08973340101156801
CAN,2000,articles_pm,0.32488409055915035,0.38387023305932266
CAN,2001,articles_pm,0.26641058783517924,0.3052708770228745
CAN,2002,articles_pm,0.2750140529760525,0.3165491761716668
CAN,2003,articles_pm,0.305433285877335,0.35721293682337807
CAN,2004,articles_pm,0.3192775093182174,0.37613316169743416
CAN,2005,articles_pm,0.3292945183384859,0.3899871720214745
CAN,2006,articles_pm,0.3429910700596057,0.4091561781895874
CAN,2007,articles_pm,0.3586808319662085,0.43143985880954916
CAN,2008,articles_pm,0.3153521126659369,0.37074188157062915
CAN,2009,articles_pm,0.2880795899965296,0.33386346208709106
CAN,2010,articles_pm,0.24752763107027942,0.2808547532824812
CAN,2011,articles_pm,0.1945177908295923,0.21472509365994874
CAN,2012,articles_pm,0.18285229921210355,0.200637059944192
CAN,2013,articles_pm,0.15994590408917553,0.17344739056941272
CAN,2014,articles_pm,0.1242165442069556,0.13226102902103865
CAN,2015,articles_pm,0.15757977177343996,0.17067414100932798
CAN,2016,articles_pm,0.15557316074506478,0.1683274086442912
CAN,2017,articles_pm,0.1580918687282269,0.17127379319891212
CAN,2018,articles_pm,0.17648414869734008,0.19301551575969778
CAN,2019,articles_pm,0.1559672838591757,0.16878796423272702
CAN,2020,articles_pm,0.1652602598587407,0.17970010734454256
CAN,2021,articles_pm,0.17722375503491428,0.1938982039766406
CAN,2022,articles_pm,0.16391734754416998,0.1781169368104183
CAN,2023,articles_pm,0.1357352958092175,0.1453786669307786
CHE,2000,articles_pm,0.24391056363263353,0.27623018399352706
CHE,2001,articles_pm,0.1789607755182132,0.19597383179405004
CHE,2002,articles_pm,0.15050006564788188,0.16241538141324074
CHE,2003,articles_pm,0.2116425917389293,0.23570615455624244
CHE,2004,articles_pm,0.20568041956432825,0.22836058125166137
CHE,2005,articles_pm,0.19400256643755043,0.21409939886252194
CHE,2006,articles_pm,0.19429191871852947,0.2144507521229002
CHE,2007,articles_pm,0.17179273488509672,0.18743169454019815
CHE,2008,articles_pm,0.09219015529960028,0.09657332148503595
CHE,2009,articles_pm,0.046659170540698014,0.04776483909250295
CHE,2010,articles_pm,0.02481367250344224,0.025124093922145763
CHE,2011,articles_pm,0.04377377251037373,0.044745977892088895
CHE,2012,articles_pm,0.05836982132809254,0.0601069733937869
CHE,2013,articles_pm,0.08243488804941013,0.08592796424912263
CHE,2014,articles_pm,0.05671898202742476,0.05835835088369978
CHE,2015,articles_pm,0.07598631759993602,0.07894781146068497
CHE,2016,articles_pm,0.07584235739328715,0.07879249709059644
CHE,2017,articles_pm,0.11636382832338121,0.12340452417366254
CHE,2018,articles_pm,0.08505914020486038,0.08878145555272443
CHE,2019,articles_pm,0.06804170723538494,0.07040995138760264
CHE,2020,articles_pm,0.04378752098447958,0.0447603416538529
CHE,2021,articles_pm,0.052724503863860406,0.05413919383723442
CHE,2022,articles_pm,0.049808748246720214,0.051070058160738174
CHE,2023,articles_pm,0.028677789580563662,0.029092956576229456
CHL,2000,articles_pm,-0.529413040326391,-0.4110494415273367
CHL,2001,articles_pm,-0.5301613096562772,-0.4114899703294108
CHL,2002,articles_pm,-0.3893244868374355,-0.32248561015988697
CHL,2003,articles_pm,-0.4278425116191853,-0.34808592439322483
CHL,2004,articles_pm,-0.49564198379327173,-0.39082030175865223
CHL,2005,articles_pm,-0.5200738601487318,-0.4055233617842924
CHL,2006,articles_pm,-0.40231939005805994,-0.33123288599112666
CHL,2007,articles_pm,-0.4165158071357453,-0.3406599095652464
CHL,2008,articles_pm,-0.41123009273542444,-0.3371655993271131
CHL,2009,articles_pm,-0.4603648284361599,-0.3689466227114866
CHL,2010,articles_pm,-0.4927728510922256,-0.38906997460589166
CHL,2011,articles_pm,-0.5384149287325943,-0.41632731766490516
CHL,2012,articles_pm,-0.5450516348820349,-0.42018815594927283
CHL,2013,articles_pm,-0.5846599009903937,-0.4427046348128494
CHL,2014,articles_pm,-0.4825254771705998,-0.38277735987250117
CHL,2015,articles_pm,-0.44430365073340905,-0.35872933104839955
CHL,2016,articles_pm,-0.3588846223917521,-0.3015450672375499
CHL,2017,articles_pm,-0.2985294654156849,-0.2580915791119859
CHL,2018,articles_pm,-0.24492297411520259,-0.21723517092659128
CHL,2019,articles_pm,-0.2131638612192912,-0.19197627738442835
CHL,2020,articles_pm,-0.09301028226450203,-0.08881586878827419
CHL,2021,articles_pm,-0.11299440095009672,-0.10684433907486746
CHL,2022,articles_pm,-0.16509414020954605,-0.15218611304599994
CHL,2023,articles_pm,-0.12410116440670826,-0.11670952119454303
CHN,2000,articles_pm,0.8294003514243027,1.2919439671795194
CHN,2001,articles_pm,0.9751564758505786,1.6515820870851705
CHN,2002,articles_pm,0.8711646287251646,1.3896923378525807
CHN,2003,articles_pm,0.8836171293976101,1.419636033307158
CHN,2004,articles_pm,1.0193832759103865,1.7714849952301464
CHN,2005,articles_pm,1.1089025838761675,2.03103026711244
CHN,2006,articles_pm,1.073138595917153,1.9245440725944918
CHN,2007,articles_pm,0.9922826047399633,1.6973845132982217
CHN,2008,articles_pm,0.934618790897118,1.5462426218394318
CHN,2009,articles_pm,0.8229851498372387,1.2772877461744003
CHN,2010,articles_pm,0.7360224434604961,1.0876153703735212
CHN,2011,articles_pm,0.6138824767820923,0.8475907199123984
CHN,2012,articles_pm,0.4933036236390276,0.6377176957148847
CHN,2013,articles_pm,0.4568049029057262,0.5790207918281665
CHN,2014,articles_pm,0.41935332857921104,0.5209776647384197
CHN,2015,articles_pm,0.4034854304301856,0.49703342088712255
CHN,2016,articles_pm,0.38623062579586254,0.47142398001295405
CHN,2017,articles_pm,0.39469667224977023,0.483934004284307
CHN,2018,articles_pm,0.42823384916899077,0.534544891059777
CHN,2019,articles_pm,0.4975331540201635,0.6446591416449445
CHN,2020,articles_pm,0.4666899128354052,0.5947068286214683
CHN,2021,articles_pm,0.4956919208068076,0.6416337267106438
CHN,2022,articles_pm,0.6819953404886459,0.9778202223862733
CHN,2023,articles_pm,0.6853434030911814,0.9844531858998966
COL,2000,articles_pm,-1.7819582249948351,-0.8316917610436936
COL,2001,articles_pm,-1.8206980987876746,-0.8380873195746338
COL,2002,articles_pm,-1.6671188189911894,-0.8112097784011894
COL,2003,articles_pm,-1.653520182697493,-0.8086249536285313
COL,2004,articles_pm,-1.5781779529277906,-0.79364926335895
COL,2005,articles_pm,-1.5629195138769605,-0.7904765292922076
COL,2006,articles_pm,-1.284756841414294,-0.7232821382240783
COL,2007,articles_pm,-1.2898630814055636,-0.7246915246412102
COL,2008,articles_pm,-1.0023135546681474,-0.6329706842419922
COL,2009,articles_pm,-0.9860185023782364,-0.6269409281767946
COL,2010,articles_pm,-0.9170964363236651,-0.6003221519827338
COL,2011,articles_pm,-0.9411391608337212,-0.6098168992118848
COL,2012,articles_pm,-0.8622200844918257,-0.5777763311946549
COL,2013,articles_pm,-0.8442019626375519,-0.5700997021469709
COL,2014,articles_pm,-0.8109210940146845,-0.5555515012252215
COL,2015,articles_pm,-0.7574399685959001,-0.5311347984547805
COL,2016,articles_pm,-0.6154419612037723,-0.4595979941977473
COL,2017,articles_pm,-0.5502933947727913,-0.4232194388484082
COL,2018,articles_pm,-0.4519866039974767,-0.3636373056157516
COL,2019,articles_pm,-0.36209062956373916,-0.3037807330660187
COL,2020,articles_pm,-0.22641994815651412,-0.20261682824901583
COL,2021,articles_pm,-0.27607340811028,-0.241242770217585
COL,2022,articles_pm,-0.3232209031444988,-0.2761860560700399
COL,2023,articles_pm,-0.3100813610141975,-0.26661271533642694
CRI,2000,articles_pm,-1.357974342524138,-0.7428187892925429
CRI,2001,articles_pm,-1.0913072732670468,-0.6642227459617378
CRI,2002,articles_pm,-1.2276200544424132,-0.7070109534471158
CRI,2003,articles_pm,-1.3176292388131667,-0.7322306327168747
CRI,2004,articles_pm,-1.0743061708051873,-0.658465360183061
CRI,2005,articles_pm,-1.1748676125405089,-0.6911401338454486
CRI,2006,articles_pm,-1.259413733771912,-0.7161796279674122
CRI,2007,articles_pm,-1.3341744439255536,-0.7366244830122164
CRI,2008,articles_pm,-1.4113112194249222,-0.7561766324762682
CRI,2009,articles_pm,-1.4729005073245007,-0.7707404491266008
CRI,2010,articles_pm,-1.4983572272161707,-0.7765029864513384
CRI,2011,articles_pm,-1.6063752012304118,-0.7993865187809088
CRI,2012,articles_pm,-1.535989433820938,-0.7847573825494599
CRI,2013,articles_pm,-1.7079821145938903,-0.8187688724614544
CRI,2014,articles_pm,-1.478207301002806,-0.7719538597542656
CRI,2015,articles_pm,-1.5076577435524463,-0.7785719877727005
CRI,2016,articles_pm,-1.3770054834509002,-0.747666961704242
CRI,2017,articles_pm,-1.2785755570306563,-0.7215663690608871
CRI,2018,articles_pm,-1.1922263514791167,-0.696455285995962
CRI,2019,articles_pm,-1.0827102360763101,-0.6613236122969945
CRI,2020,articles_pm,-0.9625037359142823,-0.618064577576716
CRI,2021,articles_pm,-0.9908183449265007,-0.6287272624914875
CRI,2022,articles_pm,-1.0287747157254392,-0.6425553363155476
CRI,2023,articles_pm,-1.1580453695657136,-0.6859004702476086
CZE,2000,articles_pm,0.32583071889594084,0.3851808640787364
CZE,2001,articles_pm,0.3361400951285205,0.39953507912426156
CZE,2002,articles_pm,0.30889011352887774,0.3619127064992542
CZE,2003,articles_pm,0.3256126975710414,0.3848788980302398
CZE,2004,articles_pm,0.3032247077384964,0.35421873368425705
CZE,2005,articles_pm,0.2695175543303545,0.30933261648170607
CZE,2006,articles_pm,0.27463958995883875,0.3160562694882689
CZE,2007,articles_pm,0.34096785144694675,0.4063080293671397
CZE,2008,articles_pm,0.3048132523815399,0.3563716801722234
CZE,2009,articles_pm,0.2950091100953731,0.3431385947512382
CZE,2010,articles_pm,0.35551124436731296,0.4269099675205099
CZE,2011,articles_pm,0.37797907883419324,0.4593324116210724
CZE,2012,articles_pm,0.37523517902828196,0.4553336383255919
CZE,2013,articles_pm,0.3868658603378341,0.4723589762904685
CZE,2014,articles_pm,0.4288287669815789,0.5354580907621354
CZE,2015,articles_pm,0.47844977709915426,0.6135710675098531
CZE,2016,articles_pm,0.44998514286857016,0.5682888850429952
CZE,2017,articles_pm,0.405186035885456,0.49958145007148325
CZE,2018,articles_pm,0.3583562066154258,0.4309752525588224
CZE,2019,articles_pm,0.31320897993547625,0.3678073454526216
CZE,2020,articles_pm,0.22932560800497637,0.25775150630203036
CZE,2021,articles_pm,0.20932068859733555,0.2328402929679485
CZE,2022,articles_pm,0.2004681351128994,0.2219746735346464
CZE,2023,articles_pm,0.1922690656177677,0.21199657970524788
DEU,2000,articles_pm,-0.0012729964963931195,-0.0012721865800632282
DEU,2001,articles_pm,-0.017971269809569534,-0.01781074956285278
DEU,2002,articles_pm,-0.047366116896757404,-0.04626184599098082
DEU,2003,articles_pm,-0.018998453397238713,-0.018819120261309497
DEU,2004,articles_pm,-0.04288839882059392,-0.04198169992654088
DEU,2005,articles_pm,-0.01196641201219073,-0.01189509924006893
DEU,2006,articles_pm,-0.05460442659195053,-0.053140373628903115
DEU,2007,articles_pm,-0.05037872912833574,-0.04913076557853169
DEU,2008,articles_pm,-0.10190129413592608,-0.09688130961975705
DEU,2009,articles_pm,-0.10113268874482984,-0.09618690089657222
DEU,2010,articles_pm,-0.15787507057411432,-0.14604354040501577
DEU,2011,articles_pm,-0.22070330359142964,-0.19804541795951935
DEU,2012,articles_pm,-0.20731269450132483,-0.18723453704293458
DEU,2013,articles_pm,-0.20532957613282043,-0.18562112766193117
DEU,2014,articles_pm,-0.23242654697037857,-0.20739203333491363
DEU,2015,articles_pm,-0.21253944850906858,-0.191471579548392
DEU,2016,articles_pm,-0.21213769755740852,-0.19114668722750172
DEU,2017,articles_pm,-0.21306375367079866,-0.19189538406148487
DEU,2018,articles_pm,-0.20484548919757195,-0.18522680205325281
DEU,2019,articles_pm,-0.21916433852546024,-0.19681028770588382
DEU,2020,articles_pm,-0.2602692503356101,-0.22915599214821336
DEU,2021,articles_pm,-0.21269842873824363,-0.1916001093648494
DEU,2022,articles_pm,-0.20709835967375856,-0.18706031442725968
DEU,2023,articles_pm,-0.19164368958444378,-0.1743990136795327
DNK,2000,articles_pm,0.2508043902751753,0.2850586897676972
DNK,2001,articles_pm,0.21695177815613498,0.24228419545886104
DNK,2002,articles_pm,0.17238135846406433,0.18813085058369738
DNK,2003,articles_pm,0.2092325245097557,0.23273160551962246
DNK,2004,articles_pm,0.16242602505347659,0.176361293966101
DNK,2005,articles_pm,0.13665376931554096,0.14643115015605268
DNK,2006,articles_pm,0.1032264360001367,0.10874243985699472
DNK,2007,articles_pm,0.13935112661008908,0.14952765889939834
DNK,2008,articles_pm,0.12187415852561401,0.12961194080351812
DNK,2009,articles_pm,0.15115323345013287,0.1631748817267944
DNK,2010,articles_pm,0.16583543213839302,0.18037883331806115
DNK,2011,articles_pm,0.225265323292974,0.2526550306622257
DNK,2012,articles_pm,0.28121803008329405,0.3247424061474835
DNK,2013,articles_pm,0.3043091025057256,0.35568803790166936
DNK,2014,articles_pm,0.3621601302554893,0.43642893927813464
DNK,2015,articles_pm,0.38608875880822957,0.4712152483317962
DNK,2016,articles_pm,0.35549056615432306,0.42688046187734696
DNK,2017,articles_pm,0.364227949487419,0.4394022877782078
DNK,2018,articles_pm,0.3708520136617359,0.4489686299578801
DNK,2019,articles_pm,0.3495512137986978,0.4184308335438838
DNK,2020,articles_pm,0.3052030750297092,0.3569005276441539
DNK,2021,articles_pm,0.2957438483073247,0.34412581262968667
DNK,2022,articles_pm,0.357053766293566,0.4291127058815476
DNK,2023,articles_pm,0.37872398976544375,0.4604198892735263
ESP,2000,articles_pm,0.023813473587431133,0.0240992785096954
ESP,2001,articles_pm,0.007127761062765359,0.007153224013640935
ESP,2002,articles_pm,-0.002210192142653611,-0.0022077514664521347
ESP,2003,articles_pm,0.00759752432928984,0.007626458747488796
ESP,2004,articles_pm,0.010351399269580064,0.010405160343653685
ESP,2005,articles_pm,0.026276256893305927,0.02662452140302496
ESP,2006,articles_pm,0.057349017735641716,0.0590253645359915
ESP,2007,articles_pm,0.09855697832623544,0.10357728258946075
ESP,2008,articles_pm,0.06885787556923884,0.07128394270767102
ESP,2009,articles_pm,0.08045560319539202,0.08378072917285673
ESP,2010,articles_pm,0.1012642437376865,0.10656900706430705
ESP,2011,articles_pm,0.14274876676671866,0.153439982805194
ESP,2012,articles_pm,0.20299474046560828,0.22506602495366446
ESP,2013,articles_pm,0.2219977976518699,0.24856862807847202
ESP,2014,articles_pm,0.21125276546529914,0.2352245377102593
ESP,2015,articles_pm,0.15924471518736638,0.17262487068689536
ESP,2016,articles_pm,0.1364272856419948,0.14617153161848728
ESP,2017,articles_pm,0.12661473507658005,0.13497966568470177
ESP,2018,articles_pm,0.1362978344195298,0.14602316791570336
ESP,2019,articles_pm,0.1436524450510719,0.15448279258126818
ESP,2020,articles_pm,0.27802655148921485,0.32052125854958224
ESP,2021,articles_pm,0.272262670533026,0.3129318245238515
ESP,2022,articles_pm,0.2190854958828563,0.24493770918624413
ESP,2023,articles_pm,0.2054119773362606,0.22803088165498675
EST,2000,articles_pm,0.4380008867481715,0.5496062815294362
EST,2001,articles_pm,0.43375522771325503,0.5430411281827525
EST,2002,articles_pm,0.29784852915574866,0.3469577475996677
EST,2003,articles_pm,0.2782976764278908,0.3208793333341353
EST,2004,articles_pm,0.2467462517569725,0.279854310788352
EST,2005,articles_pm,0.1640639109204738,0.178289618260437
EST,2006,articles_pm,0.2343098597474551,0.26403610544046163
EST,2007,articles_pm,0.31429500645737285,0.36929362743136873
EST,2008,articles_pm,0.3705340912227548,0.44850804353629536
EST,2009,articles_pm,0.5185097847044098,0.6795229331147092
EST,2010,articles_pm,0.6635649783247253,0.9417021364662177
EST,2011,articles_pm,0.502801705603928,0.6533469792345132
EST,2012,articles_pm,0.4909188724567386,0.6338167996856936
EST,2013,articles_pm,0.43091906167824945,0.5386710074677323
EST,2014,articles_pm,0.517805779067249,0.6783409556102866
EST,2015,articles_pm,0.4432012030784831,0.5576857139752096
EST,2016,articles_pm,0.41986300611582283,0.5217530704744822
EST,2017,articles_pm,0.37551742162563695,0.45574445344372694
EST,2018,articles_pm,0.3137467076336682,0.36854305113499586
EST,2019,articles_pm,0.3332715675450446,0.3955262266465933
EST,2020,articles_pm,0.3336216740515905,0.3960148949965905
EST,2021,articles_pm,0.27334384402777,0.3143520992562798
EST,2022,articles_pm,0.38906510265999117,0.47560061373110063
EST,2023,articles_pm,0.4516974075971989,0.5709765110921556
FIN,2000,articles_pm,0.6380923560013736,0.8928665174909343
FIN,2001,articles_pm,0.6156942167339947,0.8509411079339013
FIN,2002,articles_pm,0.5749715200662813,0.7770799150751366
FIN,2003,articles_pm,0.5676859972048076,0.7641800070738176
FIN,2004,articles_pm,0.5534218459332463,0.7391941015974461
FIN,2005,articles_pm,0.4978075263755146,0.6451104525581752
FIN,2006,articles_pm,0.45987938619350377,0.5838829353232255
FIN,2007,articles_pm,0.39119193769959093,0.4787423125741601
FIN,2008,articles_pm,0.33575286511161995,0.39899324204648035
FIN,2009,articles_pm,0.3878594736860954,0.4738226588695966
FIN,2010,articles_pm,0.33293704203563035,0.3950594656008144
FIN,2011,articles_pm,0.2976689767707805,0.34671591983466055
FIN,2012,articles_pm,0.3206308246777372,0.3779967645786788
FIN,2013,articles_pm,0.36084620107332377,0.43454281276639484
FIN,2014,articles_pm,0.39764507975805685,0.48831570278650815
FIN,2015,articles_pm,0.4123115274816911,0.5103048645203152
FIN,2016,articles_pm,0.40068116344301874,0.4928412202584147
FIN,2017,articles_pm,0.3612519445950193,0.43512498731805915
FIN,2018,articles_pm,0.3780851156541605,0.45948716279379176
FIN,2019,articles_pm,0.35543750956120856,0.42680475846955845
FIN,2020,articles_pm,0.2973620660770546,0.3463026617373608
FIN,2021,articles_pm,0.32938144920137535,0.3901080100579448
FIN,2022,articles_pm,0.40284464018147315,0.49607444375343346
FIN,2023,articles_pm,0.43055701753973796,0.5381140414776009
FRA,2000,articles_pm,0.09573787825075719,0.10047056891469919
FRA,2001,articles_pm,0.06843162562063121,0.07082740528858578
FRA,2002,articles_pm,0.023288016783125087,0.023561299930148438
FRA,2003,articles_pm,0.03992225407681094,0.04072985854335509
FRA,2004,articles_pm,-0.013214686676288778,-0.013127756045969052
FRA,2005,articles_pm,-0.02037931268445714,-0.020173057977665332
FRA,2006,articles_pm,-0.016757483282350272,-0.01661785767189483
FRA,2007,articles_pm,-0.023748248899302382,-0.023468478299648488
FRA,2008,articles_pm,-0.052252476224015076,-0.050910785870180386
FRA,2009,articles_pm,-0.0900900207591242,-0.08615108380483927
FRA,2010,articles_pm,-0.12336879515745736,-0.11606238946894676
FRA,2011,articles_pm,-0.15688464712075767,-0.14519734292154285
FRA,2012,articles_pm,-0.15946683833909692,-0.14740175949863277
FRA,2013,articles_pm,-0.15310025045140296,-0.14195630176855667
FRA,2014,articles_pm,-0.17642191891875036,-0.1617357708226661
FRA,2015,articles_pm,-0.16681709283923496,-0.153645598538782
FRA,2016,articles_pm,-0.17777619669449862,-0.16287024506842462
FRA,2017,articles_pm,-0.19197381943834646,-0.17467152422811982
FRA,2018,articles_pm,-0.21474092586336546,-0.19324957872576942
FRA,2019,articles_pm,-0.27016800836549226,-0.23674874903095966
FRA,2020,articles_pm,-0.25404449164495535,-0.22434270899004327
FRA,2021,articles_pm,-0.28673397082932883,-0.24928858659034758
FRA,2022,articles_pm,-0.28738990970134726,-0.24978084592440486
FRA,2023,articles_pm,-0.321978480877088,-0.2752862146328702
GBR,2000,articles_pm,0.6456257362093103,0.9071800475890668
GBR,2001,articles_pm,0.5464836040784755,0.7271689173467026
GBR,2002,articles_pm,0.49854117529487585,0.6463178289049454
GBR,2003,articles_pm,0.4692136377156739,0.5987365126897486
GBR,2004,articles_pm,0.44332167679954626,0.557873385473934
GBR,2005,articles_pm,0.40656060054125387,0.5016441390561537
GBR,2006,articles_pm,0.40977194306661247,0.5064741840513984
GBR,2007,articles_pm,0.41406807108032506,0.5129601122085203
GBR,2008,articles_pm,0.3508340532114964,0.4202516201601971
GBR,2009,articles_pm,0.3324124275120486,0.39432778908474453
GBR,2010,articles_pm,0.29052590710073556,0.3371305095768524
GBR,2011,articles_pm,0.27160517889415114,0.31206886655172794
GBR,2012,articles_pm,0.24971871830562264,0.2836642946338046
GBR,2013,articles_pm,0.2429257119188204,0.2749739052352871
GBR,2014,articles_pm,0.18536744919703363,0.20366064301594888
GBR,2015,articles_pm,0.2021618953757489,0.22404615948395357
GBR,2016,articles_pm,0.18787496615644006,0.20668262974974394
GBR,2017,articles_pm,0.18443218559215957,0.20253542929165924
GBR,2018,articles_pm,0.19553763317625528,0.21596455366949185
GBR,2019,articles_pm,0.17638701057149397,0.1928996340967466
GBR,2020,articles_pm,0.2567531156636971,0.2927259335749439
GBR,2021,articles_pm,0.21406789468420406,0.23870675354234416
GBR,2022,articles_pm,0.1573609012655508,0.170417943003629
GBR,2023,articles_pm,0.15077223352072977,0.1627317965920354
GRC,2000,articles_pm,0.16624920791022646,0.18086734654137127
GRC,2001,articles_pm,0.16031958946599367,0.17388597264048333
GRC,2002,articles_pm,0.16599069554961776,0.18056211719053095
GRC,2003,articles_pm,0.1420389395585433,0.15262153023671754
GRC,2004,articles_pm,0.1788734000540675,0.19586933759057223
GRC,2005,articles_pm,0.24371437049790412,0.2759798209536508
GRC,2006,articles_pm,0.29448435570924136,0.3424339617782508
GRC,2007,articles_pm,0.3004726586510813,0.350496980826315
GRC,2008,articles_pm,0.2922303931669674,0.3394115733676242
GRC,2009,articles_pm,0.2561881845275833,0.2919958386906891
GRC,2010,articles_pm,0.32411255444045484,0.3828029389718426
GRC,2011,articles_pm,0.45136237872963925,0.5704502767674489
GRC,2012,articles_pm,0.5487117228947822,0.7310215453730131
GRC,2013,articles_pm,0.5718869239622864,0.7716067868272556
GRC,2014,articles_pm,0.5267772044626042,0.6934658105901632
GRC,2015,articles_pm,0.5351834603421235,0.7077615200290388
GRC,2016,articles_pm,0.5349465461721605,0.7073569750491377
GRC,2017,articles_pm,0.5380351219965007,0.7126384284119329
GRC,2018,articles_pm,0.5447963821524766,0.7242572570786969
GRC,2019,articles_pm,0.5295229783581892,0.6981220744043595
GRC,2020,articles_pm,0.6414451887570367,0.8992236335711028
GRC,2021,articles_pm,0.6734967992047132,0.9610828579038215
GRC,2022,articles_pm,0.6703213743936827,0.9548654633990645
GRC,2023,articles_pm,0.6426642732812047,0.9015403595662068
HUN,2000,articles_pm,0.5781016849833387,0.7826511832252574
HUN,2001,articles_pm,0.4832995555809987,0.6214155363446849
HUN,2002,articles_pm,0.4378483740717929,0.5493699649492023
HUN,2003,articles_pm,0.38202230440633933,0.46524476618314425
HUN,2004,articles_pm,0.3094872116434706,0.3627261448356258
HUN,2005,articles_pm,0.3212301666778066,0.37882290346078573
HUN,2006,articles_pm,0.2606248766867063,0.2977407613006784
HUN,2007,articles_pm,0.3149844848696519,0.3702380513700996
HUN,2008,articles_pm,0.3228439611548213,0.3810498366701227
HUN,2009,articles_pm,0.2372313514822375,0.26773437607809325
HUN,2010,articles_pm,0.17821582730289265,0.19508322499164565
HUN,2011,articles_pm,0.20418493475411026,0.22652495957520635
HUN,2012,articles_pm,0.21136531511353063,0.235363569621315
HUN,2013,articles_pm,0.14235495088576577,0.15298582925454918
HUN,2014,articles_pm,0.12198588126894006,0.1297381511985931
HUN,2015,articles_pm,0.07768102734535187,0.08077786509843077
HUN,2016,articles_pm,0.04254406470548666,0.043462035207916694
HUN,2017,articles_pm,0.05587565612479484,0.05746618611783871
HUN,2018,articles_pm,0.003259200032034393,0.0032645169992429057
HUN,2019,articles_pm,-0.0304865209177132,-0.03002649366819632
HUN,2020,articles_pm,-0.015395630746202649,-0.01527772388218529
HUN,2021,articles_pm,-0.026128736333038916,-0.025790334644335666
HUN,2022,articles_pm,0.028713470110832695,0.02912967581369319
HUN,2023,articles_pm,0.08497645249759955,0.0886914304324935
IRL,2000,articles_pm,-0.3119421067231025,-0.26797609373569997
IRL,2001,articles_pm,-0.3381630184185145,-0.2869209665935737
IRL,2002,articles_pm,-0.3622653601900012,-0.3039023732671021
IRL,2003,articles_pm,-0.3614388765040477,-0.30332682212572404
IRL,2004,articles_pm,-0.2921689181303666,-0.2533575961182576
IRL,2005,articles_pm,-0.21808158006246892,-0.19594015626142647
IRL,2006,articles_pm,-0.25704746162204994,-0.22666849067338513
IRL,2007,articles_pm,-0.19313679409725726,-0.1756308024144898
IRL,2008,articles_pm,-0.14059404030315914,-0.13115804507001905
IRL,2009,articles_pm,-0.07075670618230134,-0.06831146138290445
IRL,2010,articles_pm,-0.014608787157304626,-0.01450259656038666
IRL,2011,articles_pm,-0.030636082850645785,-0.030171553932679562
IRL,2012,articles_pm,-0.06936105717685326,-0.0670102433900106
IRL,2013,articles_pm,-0.09310813459479306,-0.08890502591664995
IRL,2014,articles_pm,-0.22148505398152896,-0.1986721012799908
IRL,2015,articles_pm,-0.5652876918793295,-0.4318033423228482
IRL,2016,articles_pm,-0.526367170179431,-0.40925283988456584
IRL,2017,articles_pm,-0.6194296771006078,-0.46174867286921806
IRL,2018,articles_pm,-0.6687479038077644,-0.48765031256996305
IRL,2019,articles_pm,-0.6986288895082255,-0.5027333558988176
IRL,2020,articles_pm,-0.8142029405511453,-0.557007722137761
IRL,2021,articles_pm,-0.9088061606218503,-0.5969949397335483
IRL,2022,articles_pm,-0.978985607043362,-0.6243079950518091
IRL,2023,articles_pm,-0.9069742702431842,-0.596256002021295
ISL,2000,articles_pm,-0.07163104744171633,-0.06912571909171306
ISL,2001,articles_pm,-0.057677400126517675,-0.05604558210112098
ISL,2002,articles_pm,0.1533170909757846,0.16569455156839275
ISL,2003,articles_pm,-0.03317402100752265,-0.03262979779663888
ISL,2004,articles_pm,-0.02058372604266978,-0.020373327223799365
ISL,2005,articles_pm,-0.011771361220803023,-0.0117023497998473
ISL,2006,articles_pm,-0.038698268784969514,-0.0379590568594802
ISL,2007,articles_pm,-0.13803539833279554,-0.1289321431498347
ISL,2008,articles_pm,-0.1411695530727446,-0.13165793085071031
ISL,2009,articles_pm,0.0215937304571181,0.02182856230717789
ISL,2010,articles_pm,0.20624469957189184,0.22905391616886006
ISL,2011,articles_pm,0.1352897878908319,0.1448685053140688
ISL,2012,articles_pm,0.23716155938401862,0.2676459013234578
ISL,2013,articles_pm,0.1019662587604051,0.1073461078672453
ISL,2014,articles_pm,0.07135620981484792,0.07396371415704506
ISL,2015,articles_pm,0.09320903117622592,0.09769116296340319
ISL,2016,articles_pm,0.09264362105366963,0.09707069269503799
ISL,2017,articles_pm,0.03653371340399936,0.03720927128350837
ISL,2018,articles_pm,0.12745330072416294,0.1359318198091244
ISL,2019,articles_pm,0.05527723149724739,0.05683356161718689
ISL,2020,articles_pm,0.08527247194058951,0.08901375196768502
ISL,2021,articles_pm,0.12646832898957694,0.1348135099164256
ISL,2022,articles_pm,0.11450785956606868,0.12132145412938211
ISL,2023,articles_pm,0.03561146722794195,0.03625314995668272
ISR,2000,articles_pm,1.1896183229503992,2.2858268433223006
ISR,2001,articles_pm,1.1823897081587482,2.262160507266043
ISR,2002,articles_pm,1.1949796871837606,2.3034906666212795
ISR,2003,articles_pm,1.2031058292442918,2.3304446687755522
ISR,2004,articles_pm,1.1540903884518503,2.1711376018575246
ISR,2005,articles_pm,1.0489663695733755,1.8546988889386258
ISR,2006,articles_pm,1.030155481035095,1.8015013811731584
ISR,2007,articles_pm,0.9605823077743327,1.6132177274598298
ISR,2008,articles_pm,0.8669557009457511,1.3796554325094386
ISR,2009,articles_pm,0.7290344934034128,1.073078070545931
ISR,2010,articles_pm,0.6140949873435586,0.8479833941758834
ISR,2011,articles_pm,0.5410919557808942,0.7178816892258979
ISR,2012,articles_pm,0.5204260144759836,0.6827443704825376
ISR,2013,articles_pm,0.4492748965356954,0.5671754090814223
ISR,2014,articles_pm,0.45453833059378734,0.5754458799500377
ISR,2015,articles_pm,0.47311897988770113,0.6049923334239942
ISR,2016,articles_pm,0.4466402263484879,0.5630518532431075
ISR,2017,articles_pm,0.42524080506369,0.5299587971336053
ISR,2018,articles_pm,0.42841755829108674,0.5348268268508258
ISR,2019,articles_pm,0.392913733886604,0.4812905986345861
ISR,2020,articles_pm,0.3666519908017012,0.44289569075763313
ISR,2021,articles_pm,0.3654404111576852,0.4411485663141992
ISR,2022,articles_pm,0.33575382681246957,0.3989945874601166
ISR,2023,articles_pm,0.31895967928767366,0.3756958547509408
ITA,2000,articles_pm,-0.3003907278227391,-0.25947118106635525
ITA,2001,articles_pm,-0.31572173818973237,-0.2707376522019581
ITA,2002,articles_pm,-0.3086798506231716,-0.26558414482855985
ITA,2003,articles_pm,-0.2247029876878699,-0.20124657686765002
ITA,2004,articles_pm,-0.2381796059587682,-0.2119388620939886
ITA,2005,articles_pm,-0.23217513891585195,-0.2071927402571193
ITA,2006,articles_pm,-0.20741893385350174,-0.18732088013259274
ITA,2007,articles_pm,-0.14708101638789106,-0.1367759607103135
ITA,2008,articles_pm,-0.16023695081180822,-0.14805810327615154
ITA,2009,articles_pm,-0.1557116034274708,-0.14419403370792816
ITA,2010,articles_pm,-0.1894586632903028,-0.17259308152984865
ITA,2011,articles_pm,-0.1958972083558299,-0.17790326498979336
ITA,2012,articles_pm,-0.114223740101564,-0.10794165567187464
ITA,2013,articles_pm,-0.03686656100424823,-0.036195264095241986
ITA,2014,articles_pm,-0.025558599389178482,-0.025234743356540856
ITA,2015,articles_pm,0.01732627451010238,0.017477245063005187
ITA,2016,articles_pm,0.006099688068967879,0.006118329048350413
ITA,2017,articles_pm,0.023904979771265822,0.02419299421425758
ITA,2018,articles_pm,0.05347456666292594,0.054930161032020086
ITA,2019,articles_pm,0.0733956252442276,0.07615620726851025
ITA,2020,articles_pm,0.19823798121233338,0.2192525184906542
ITA,2021,articles_pm,0.16757029346631125,0.1824284042548996
ITA,2022,articles_pm,0.14051091755394474,0.15086164409034297
ITA,2023,articles_pm,0.15379161193384938,0.16624782932437743
JPN,2000,articles_pm,0.24011940463310655,0.2714009524225425
JPN,2001,articles_pm,0.21368844628857264,0.23823681741594793
JPN,2002,articles_pm,0.2094925455024006,0.2330521832920236
JPN,2003,articles_pm,0.21457874127967802,0.23933970432679375
JPN,2004,articles_pm,0.16505703481724865,0.17946038710068257
JPN,2005,articles_pm,0.1543172175000489,0.1668609767977851
JPN,2006,articles_pm,0.13225669996194167,0.1414012793291719
JPN,2007,articles_pm,0.08469056610685755,0.08838023285451113
JPN,2008,articles_pm,0.017435038152211924,0.017587915612298666
JPN,2009,articles_pm,0.000901975817674483,0.000902382720191941
JPN,2010,articles_pm,-0.07787660579642441,-0.0749214311656079
JPN,2011,articles_pm,-0.0871610256946056,-0.08347050104915299
JPN,2012,articles_pm,-0.15276136536495688,-0.14166547427994103
JPN,2013,articles_pm,-0.18797832288618732,-0.17136733059732057
JPN,2014,articles_pm,-0.24394557334978995,-0.2164697219692554
JPN,2015,articles_pm,-0.27000756566426,-0.23662628111425632
JPN,2016,articles_pm,-0.2656300551625268,-0.23327727984694002
JPN,2017,articles_pm,-0.25226241998846355,-0.222959199726404
JPN,2018,articles_pm,-0.23423495269761752,-0.2088240948568807
JPN,2019,articles_pm,-0.2606754269256024,-0.22946902736064734
JPN,2020,articles_pm,-0.2880947751786094,-0.2503094631825793
JPN,2021,articles_pm,-0.25101301558617717,-0.2219877547923671
JPN,2022,articles_pm,-0.23560465130875485,-0.20990702558166086
JPN,2023,articles_pm,-0.2750683625177466,-0.24047980126292068
KOR,2000,articles_pm,0.05564214553769453,0.057219285395967656
KOR,2001,articles_pm,0.12042613695332438,0.12797742203973406
KOR,2002,articles_pm,0.06736889699195192,0.06969001082648663
KOR,2003,articles_pm,0.18978072510694233,0.20898446865017473
KOR,2004,articles_pm,0.22277140811896778,0.24953490755181007
KOR,2005,articles_pm,0.24652621667797092,0.27957272892404705
KOR,2006,articles_pm,0.31143294047029624,0.3653802215982038
KOR,2007,articles_pm,0.34617231999008524,0.4136461943285419
KOR,2008,articles_pm,0.29852527682240115,0.34786960662686806
KOR,2009,articles_pm,0.21597066654126618,0.24106597370920202
KOR,2010,articles_pm,0.1913758645807011,0.2109145064297604
KOR,2011,articles_pm,0.17410522977366671,0.19018080168736007
KOR,2012,articles_pm,0.15763243198592658,0.17073579058157162
KOR,2013,articles_pm,0.12945420604448366,0.13820698726916403
KOR,2014,articles_pm,0.1224867888169845,0.1303041873198898
KOR,2015,articles_pm,0.15144604808885553,0.16351552622997323
KOR,2016,articles_pm,0.11592988295709805,0.12291713374399338
KOR,2017,articles_pm,0.11442794066983542,0.12123184293730693
KOR,2018,articles_pm,0.1272739413505688,0.13572809805972663
KOR,2019,articles_pm,0.12559227150604002,0.1338197833929784
KOR,2020,articles_pm,0.06222738264322203,0.06420429880530287
KOR,2021,articles_pm,0.07460808880073166,0.0774617987820514
KOR,2022,articles_pm,0.10276516467707086,0.1082311267009366
KOR,2023,articles_pm,0.10853995776954317,0.11464944655422227
LTU,2000,articles_pm,0.17279688702365803,0.18862465547256124
LTU,2001,articles_pm,0.1182321492417504,0.12550536625846953
LTU,2002,articles_pm,0.4461879442180363,0.5623450726650774
LTU,2003,articles_pm,0.23735181196974153,0.2678870971773055
LTU,2004,articles_pm,0.3896898136620015,0.4765227256658182
LTU,2005,articles_pm,0.40996197404257373,0.5067604880133032
LTU,2006,articles_pm,0.4373952130137573,0.548668009877961
LTU,2007,articles_pm,0.24070739652697704,0.2721487457030751
LTU,2008,articles_pm,0.43368744019910554,0.5429365328056128
LTU,2009,articles_pm,0.47028957474221755,0.6004575782124679
LTU,2010,articles_pm,0.46324910351200543,0.5892291756813486
LTU,2011,articles_pm,0.37019721639374836,0.44802015981930055
LTU,2012,articles_pm,0.18429116849657934,0.20236586319422845
LTU,2013,articles_pm,0.12577030839069536,0.1340216631054585
LTU,2014,articles_pm,0.11641585645650476,0.12346297433431097
LTU,2015,articles_pm,0.11785898472617529,0.1250854459482449
LTU,2016,articles_pm,0.021963169541239225,0.02220613545621042
LTU,2017,articles_pm,0.003943010820048443,0.003950794714509431
LTU,2018,articles_pm,-0.07668158717629403,-0.07381528424932438
LTU,2019,articles_pm,-0.04706818798456336,-0.04597765748835525
LTU,2020,articles_pm,-0.08796598094525176,-0.08420796942736353
LTU,2021,articles_pm,-0.10913174144240756,-0.10338771127901791
LTU,2022,articles_pm,-0.06564713738632477,-0.06353875183823521
LTU,2023,articles_pm,-0.04560867286961745,-0.04458423084319296
LUX,2000,articles_pm,-2.9844696922217064,-0.9494336878512459
LUX,2001,articles_pm,-3.0157599309695815,-0.9509914218040212
LUX,2002,articles_pm,-2.8754852538443423,-0.9436112300036834
LUX,2003,articles_pm,-2.8398815977264285,-0.9415674158942603
LUX,2004,articles_pm,-2.383585430122655,-0.9077806619453216
LUX,2005,articles_pm,-2.4189821579871813,-0.910987828305381
LUX,2006,articles_pm,-2.285491260098082,-0.8982759231505625
LUX,2007,articles_pm,-2.263401320217688,-0.8960038417282422
LUX,2008,articles_pm,-1.9772868101974002,-0.8615556459910979
LUX,2009,articles_pm,-1.8290945380796062,-0.8394411180694032
LUX,2010,articles_pm,-1.7644588566948958,-0.8287205518622751
LUX,2011,articles_pm,-1.5258825364314132,-0.7825709169213029
LUX,2012,articles_pm,-1.5644048332978544,-0.7907875075641769
LUX,2013,articles_pm,-1.3431618092544646,-0.7389809300156596
LUX,2014,articles_pm,-1.2403520112369737,-0.7107176306304945
LUX,2015,articles_pm,-1.310347213936014,-0.7302736126365701
LUX,2016,articles_pm,-1.2806102384981068,-0.7221323168526834
LUX,2017,articles_pm,-1.306073515039464,-0.7291184165506621
LUX,2018,articles_pm,-1.2229897164608658,-0.7056511694363923
LUX,2019,articles_pm,-1.2231704970145074,-0.7057043771713385
LUX,2020,articles_pm,-1.2677582436578012,-0.7185381159691548
LUX,2021,articles_pm,-1.2407399053447934,-0.7108298197969041
LUX,2022,articles_pm,-1.0385073534576383,-0.6460173411889285
LUX,2023,articles_pm,-0.981472409972425,-0.6252411063173478
LVA,2000,articles_pm,-0.027713637663891788,-0.027333137921055406
LVA,2001,articles_pm,0.04516249353219415,0.04619784648093228
LVA,2002,articles_pm,-0.05811242116511206,-0.05645613282680517
LVA,2003,articles_pm,-0.4197454948563655,-0.3427859371084827
LVA,2004,articles_pm,-0.557286470058644,-0.42723883837413534
LVA,2005,articles_pm,-0.38330580681990956,-0.31839557187093803
LVA,2006,articles_pm,-0.7090626299749339,-0.507894733943157
LVA,2007,articles_pm,-0.6756557195314441,-0.49117733376541417
LVA,2008,articles_pm,-0.4060776175731746,-0.333741547946254
LVA,2009,articles_pm,-0.16987739711336403,-0.15623174132072903
LVA,2010,articles_pm,-0.01282436531003217,-0.012742483538233818
LVA,2011,articles_pm,0.35921272138627103,0.4322014290435263
LVA,2012,articles_pm,0.1100470747838882,0.11633062024467256
LVA,2013,articles_pm,0.11200299738515174,0.11851621326391015
LVA,2014,articles_pm,0.041801274886629436,0.04268725001869855
LVA,2015,articles_pm,0.19727142958798183,0.21807461733125355
LVA,2016,articles_pm,0.12231274304699458,0.13010747977583925
LVA,2017,articles_pm,0.24653659201528733,0.27958600499160213
LVA,2018,articles_pm,0.14634089326064004,0.15759073567803372
LVA,2019,articles_pm,0.19516223630948293,0.2155081700537873
LVA,2020,articles_pm,0.113993976337051,0.12074537387143636
LVA,2021,articles_pm,0.213434006378745,0.23792180062989998
LVA,2022,articles_pm,0.1823425591487453,0.20002520309040994
LVA,2023,articles_pm,0.27870872597406837,0.32142239178897714
MEX,2000,articles_pm,-1.4480255231491124,-0.7649661007583334
MEX,2001,articles_pm,-1.3734491615958202,-0.7467679866305176
MEX,2002,articles_pm,-1.3049768184604433,-0.7288211786846899
MEX,2003,articles_pm,-1.1920950220981315,-0.6964154190387764
MEX,2004,articles_pm,-1.1915769688314235,-0.69625810530996
MEX,2005,articles_pm,-1.1591510873472908,-0.6862475837426935
MEX,2006,articles_pm,-1.1090229246221925,-0.6701188776160973
MEX,2007,articles_pm,-1.1052395183495776,-0.668868439342029
MEX,2008,articles_pm,-1.1061244254830687,-0.669161330412368
MEX,2009,articles_pm,-1.0937258012170687,-0.6650338513996599
MEX,2010,articles_pm,-1.1196270342549415,-0.6735984914941178
MEX,2011,articles_pm,-1.1539890632315188,-0.6846237988007566
MEX,2012,articles_pm,-1.1607908103297424,-0.6867616292291554
MEX,2013,articles_pm,-1.1241502259834917,-0.6750715341589328
MEX,2014,articles_pm,-1.09674773963566,-0.6660445705383784
MEX,2015,articles_pm,-1.08844914717357,-0.6632616794599886
MEX,2016,articles_pm,-1.0469212198572366,-0.6489832092820845
MEX,2017,articles_pm,-0.9784787371436892,-0.6241175198139488
MEX,2018,articles_pm,-0.9101190884141186,-0.5975237090836524
MEX,2019,articles_pm,-0.8179947011575317,-0.5586842622777664
MEX,2020,articles_pm,-0.7044017451364342,-0.5055957344456206
MEX,2021,articles_pm,-0.7037323915435802,-0.5052646923944162
MEX,2022,articles_pm,-0.7104759237881382,-0.5085897320371847
MEX,2023,articles_pm,-0.7586884920265708,-0.5317198223607138
NLD,2000,articles_pm,0.16267811756457462,0.17665788322104992
NLD,2001,articles_pm,0.10826425125687944,0.11434217280310377
NLD,2002,articles_pm,0.11296020982574895,0.11958738348519815
NLD,2003,articles_pm,0.14210707203081707,0.15270006386648327
NLD,2004,articles_pm,0.14087571880281313,0.15128155644300034
NLD,2005,articles_pm,0.16776836985491883,0.18266263860038223
NLD,2006,articles_pm,0.13611575252104657,0.1458145168379521
NLD,2007,articles_pm,0.12735251130708836,0.13581733567266108
NLD,2008,articles_pm,0.06405940707709323,0.06615573407609121
NLD,2009,articles_pm,0.07427557116298189,0.07710358328973999
NLD,2010,articles_pm,0.06441041125429603,0.06653002487727533
NLD,2011,articles_pm,0.04105098746402458,0.04190522829651555
NLD,2012,articles_pm,0.06425426255551692,0.06636350060329455
NLD,2013,articles_pm,0.08518123046202497,0.0889143932756642
NLD,2014,articles_pm,0.05909972734781377,0.06088103431671321
NLD,2015,articles_pm,0.05325831581203033,0.05470205615188761
NLD,2016,articles_pm,0.022915620541454018,0.023180200513333915
NLD,2017,articles_pm,0.020135937182915953,0.020340032749461612
NLD,2018,articles_pm,0.027689632997815572,0.02807655386215102
NLD,2019,articles_pm,-0.016988549594057822,-0.016845057906350713
NLD,2020,articles_pm,-0.025001160808169942,-0.024691220118724377
NLD,2021,articles_pm,-0.02198051204123086,-0.021740700857663442
NLD,2022,articles_pm,-0.05429103939328872,-0.052843593441942005
NLD,2023,articles_pm,-0.0272796972399858,-0.026910966858685437
NOR,2000,articles_pm,-0.36527330301083527,-0.3059930492328313
NOR,2001,articles_pm,-0.3947060095796999,-0.326121876157186
NOR,2002,articles_pm,-0.46336345979219473,-0.37083608483995967
NOR,2003,articles_pm,-0.4484941837464973,-0.36141097427546676
NOR,2004,articles_pm,-0.4639856042893076,-0.37122739396952587
NOR,2005,articles_pm,-0.40547546805746837,-0.3333402399304266
NOR,2006,articles_pm,-0.3860157081907678,-0.3202401522009093
NOR,2007,articles_pm,-0.3416614694342268,-0.2894112800025953
NOR,2008,articles_pm,-0.39235068641860327,-0.3245328047506191
NOR,2009,articles_pm,-0.3609358246255159,-0.3029762712096158
NOR,2010,articles_pm,-0.36133829618620616,-0.3032567469920312
NOR,2011,articles_pm,-0.33673273502480594,-0.2859003317691642
NOR,2012,articles_pm,-0.3369228718902333,-0.2860360955344269
NOR,2013,articles_pm,-0.3431770279940798,-0.29048740314991806
NOR,2014,articles_pm,-0.35381376728871583,-0.2979943083942649
NOR,2015,articles_pm,-0.3461844613112923,-0.2926180095384645
NOR,2016,articles_pm,-0.28863871486284776,-0.25071713873094614
NOR,2017,articles_pm,-0.2370761128424803,-0.21106876206669323
NOR,2018,articles_pm,-0.1967933138811615,-0.178639620441024
NOR,2019,articles_pm,-0.20486342310709027,-0.18524141399103777
NOR,2020,articles_pm,-0.21595379476107457,-0.19422746807428148
NOR,2021,articles_pm,-0.20106689339145678,-0.1821422795526758
NOR,2022,articles_pm,-0.20491743678669572,-0.1852854209117597
NOR,2023,articles_pm,-0.15185104519388393,-0.14088375929617358
NZL,2000,articles_pm,0.789676257203153,1.2026832079902054
NZL,2001,articles_pm,0.7434084998159465,1.1030916993087643
NZL,2002,articles_pm,0.6500722928953007,0.9156793140121726
NZL,2003,articles_pm,0.6138624825036478,0.8475537790383976
NZL,2004,articles_pm,0.6007995803013282,0.8235763133116387
NZL,2005,articles_pm,0.5987270991154139,0.8198008992998154
NZL,2006,articles_pm,0.6114518030256821,0.8431052831620134
NZL,2007,articles_pm,0.648468204434983,0.9126088582306222
NZL,2008,articles_pm,0.6465915561006961,0.9090229298183852
NZL,2009,articles_pm,0.5737096761928839,0.7748389318545856
NZL,2010,articles_pm,0.5821451443959544,0.7898738533776632
NZL,2011,articles_pm,0.623092593862987,0.8646858499923207
NZL,2012,articles_pm,0.5768567140274765,0.780433215217063
NZL,2013,articles_pm,0.5491947590198647,0.7318578932895912
NZL,2014,articles_pm,0.5149318034697217,0.6735243693505293
NZL,2015,articles_pm,0.4859963528587006,0.6257940666998436
NZL,2016,articles_pm,0.4886528389545157,0.630118707663766
NZL,2017,articles_pm,0.4897583336832616,0.6319217917686732
NZL,2018,articles_pm,0.4880348001261616,0.6291115422733213
NZL,2019,articles_pm,0.4979959879115743,0.645420521818199
NZL,2020,articles_pm,0.41719101023500027,0.51769238002858
NZL,2021,articles_pm,0.4217410810824296,0.524613722239899
NZL,2022,articles_pm,0.4169428440681555,0.5173157868589533
NZL,2023,articles_pm,0.36278154903374027,0.4373218405987154
POL,2000,articles_pm,0.6003996136395422,0.822847089423435
POL,2001,articles_pm,0.6640389536760631,0.9426226735572549
POL,2002,articles_pm,0.6739489259696025,0.9619697164231749
POL,2003,articles_pm,0.6863688558992571,0.9864891927279178
POL,2004,articles_pm,0.6883666845950485,0.9904618248389068
POL,2005,articles_pm,0.6551148441847774,0.9253636214953691
POL,2006,articles_pm,0.6383467629581432,0.89334813716232
POL,2007,articles_pm,0.5496704318407115,0.7326818869791627
POL,2008,articles_pm,0.4924404221425265,0.6363046253190792
POL,2009,articles_pm,0.3279481756836562,0.3881170322091063
POL,2010,articles_pm,0.3067191691186082,0.35895927674766903
POL,2011,articles_pm,0.23485413798908628,0.26472428005153414
POL,2012,articles_pm,0.27061947658748053,0.31077619444306115
POL,2013,articles_pm,0.32305534442820516,0.38134179836212634
POL,2014,articles_pm,0.2977424783423501,0.34681490920911884
POL,2015,articles_pm,0.3069301861331546,0.3592460705352587
POL,2016,articles_pm,0.3171313056265115,0.37318286672496903
POL,2017,articles_pm,0.2599388571072474,0.296850791032782
POL,2018,articles_pm,0.22938342938480094,0.25782423333216964
POL,2019,articles_pm,0.1588818135025587,0.17219940035229575
POL,2020,articles_pm,0.09036221296142788,0.09457067959836074
POL,2021,articles_pm,0.02964635837545515,0.03009018676607278
POL,2022,articles_pm,-0.07483032359295105,-0.07209908413436239
POL,2023,articles_pm,-0.05311463370078329,-0.05172869759724319
PRT,2000,articles_pm,-0.41698968659743585,-0.34097228327278484
PRT,2001,articles_pm,-0.322543926877092,-0.27569588530971567
PRT,2002,articles_pm,-0.3017584301924483,-0.26048331178228423
PRT,2003,articles_pm,-0.1497566840874649,-0.13908257414807623
PRT,2004,articles_pm,-0.10447633886799945,-0.09920388898958166
PRT,2005,articles_pm,-0.0433223274094896,-0.042397321274114
PRT,2006,articles_pm,0.11832521369759252,0.12561011567707592
PRT,2007,articles_pm,0.15234567857612547,0.1645627312479334
PRT,2008,articles_pm,0.20723081417539113,0.23026650196009824
PRT,2009,articles_pm,0.2225529083929425,0.24926191434240774
PRT,2010,articles_pm,0.28690323201113177,0.3322952837024564
PRT,2011,articles_pm,0.4009466246368687,0.4932375642756235
PRT,2012,articles_pm,0.5207372957977165,0.6832682589084307
PRT,2013,articles_pm,0.598887851780229,0.8200934606581896
PRT,2014,articles_pm,0.6143577386248449,0.8484690179768428
PRT,2015,articles_pm,0.6377992183123498,0.8923117282931508
PRT,2016,articles_pm,0.5899899860776676,0.803970350488427
PRT,2017,articles_pm,0.5755017030180101,0.7780223423573325
PRT,2018,articles_pm,0.5793004233424499,0.7847893969028359
PRT,2019,articles_pm,0.623797201293657,0.8660001844886394
PRT,2020,articles_pm,0.6951249184361954,1.0039593897794883
PRT,2021,articles_pm,0.7642319917381446,1.1473445628364511
PRT,2022,articles_pm,0.7302133367957921,1.0755233459464772
PRT,2023,articles_pm,0.7246200165308618,1.063946685322021
SVK,2000,articles_pm,0.7679920654671042,1.155433935502288
SVK,2001,articles_pm,0.6979096935582074,1.009547743576522
SVK,2002,articles_pm,0.5845319114260645,0.7941509674859926
SVK,2003,articles_pm,0.5349197959525291,0.7073113034859309
SVK,2004,articles_pm,0.4784729291411942,0.6136084254074967
SVK,2005,articles_pm,0.41532537796166924,0.5148635637293959
SVK,2006,articles_pm,0.30963755069978927,0.36293103119908654
SVK,2007,articles_pm,0.25122389695199043,0.28559789356004184
SVK,2008,articles_pm,0.26237904658065503,0.300019216889146
SVK,2009,articles_pm,0.1657778176915814,0.18031082840360302
SVK,2010,articles_pm,0.1857386865257773,0.2041075697305832
SVK,2011,articles_pm,0.1947797725345506,0.2150433711006543
SVK,2012,articles_pm,0.23639221967354818,0.2666710260459708
SVK,2013,articles_pm,0.26275759113560415,0.3005114252405465
SVK,2014,articles_pm,0.3371991340156022,0.4010180263076548
SVK,2015,articles_pm,0.31143614182759194,0.36538459267513423
SVK,2016,articles_pm,0.36806326779936516,0.4449334538418934
SVK,2017,articles_pm,0.3892114454319975,0.47581657301694325
SVK,2018,articles_pm,0.26516477900609825,0.303645771535505
SVK,2019,articles_pm,0.31954149272450216,0.3764964859706401
SVK,2020,articles_pm,0.20125891845769317,0.22294137292875127
SVK,2021,articles_pm,0.14967201631317106,0.16145324253420856
SVK,2022,articles_pm,0.1988608607164828,0.22001220246603181
SVK,2023,articles_pm,0.25059419600208344,0.28478860617652746
SVN,2000,articles_pm,0.8059012003760735,1.2387131190988776
SVN,2001,articles_pm,0.7237688570534475,1.0621906849641194
SVN,2002,articles_pm,0.7258467609716233,1.0664801740981829
SVN,2003,articles_pm,0.8433485633656739,1.3241364794571413
SVN,2004,articles_pm,0.620408169321438,0.8596869541156011
SVN,2005,articles_pm,0.6982764860198944,1.010284965735766
SVN,2006,articles_pm,0.6163132374515614,0.8520872335278535
SVN,2007,articles_pm,0.6644371314083335,0.9433963366655582
SVN,2008,articles_pm,0.6486492279449383,0.9129551167388306
SVN,2009,articles_pm,0.7114440956654215,1.0369306584833273
SVN,2010,articles_pm,0.6791729749868978,0.9722459608239788
SVN,2011,articles_pm,0.7648087373105783,1.1485833915156949
SVN,2012,articles_pm,0.7549734227778924,1.1275549781026943
SVN,2013,articles_pm,0.7767775581592531,1.1744539121864044
SVN,2014,articles_pm,0.7000438317131525,1.013840975635969
SVN,2015,articles_pm,0.7303454323091314,1.0757975313772414
SVN,2016,articles_pm,0.6528892366216041,0.9210832826016448
SVN,2017,articles_pm,0.6117893156206273,0.8437274593991424
SVN,2018,articles_pm,0.5369077086620964,0.7107086650356134
SVN,2019,articles_pm,0.5623657449755681,0.7548190478706549
SVN,2020,articles_pm,0.5791599846819482,0.7845387610705492
SVN,2021,articles_pm,0.5871152807451354,0.7987919141076731
SVN,2022,articles_pm,0.541954938169372,0.7193648307396454
SVN,2023,articles_pm,0.49360296110702784,0.6382079993626844
SWE,2000,articles_pm,0.731869521101455,1.0789636432348795
SWE,2001,articles_pm,0.7062332243810809,1.0263440816064917
SWE,2002,articles_pm,0.6302593849630957,0.8780976663839601
SWE,2003,articles_pm,0.6129386426883299,0.8458477234787476
SWE,2004,articles_pm,0.5417928120723658,0.7190860994257284
SWE,2005,articles_pm,0.5153170981318373,0.6741692935919161
SWE,2006,articles_pm,0.4565304817260438,0.5785875345299385
SWE,2007,articles_pm,0.42116616698790743,0.5237374522364051
SWE,2008,articles_pm,0.3680618717679982,0.44493143667087676
SWE,2009,articles_pm,0.386116164399267,0.4712555684077151
SWE,2010,articles_pm,0.30720942679980023,0.3596256803129074
SWE,2011,articles_pm,0.26330140257942247,0.3012188505719704
SWE,2012,articles_pm,0.29809355451066555,0.34728782683707093
SWE,2013,articles_pm,0.3192787890959252,0.37613492284310435
SWE,2014,articles_pm,0.3270839950610469,0.3869179665472351
SWE,2015,articles_pm,0.3023734082019329,0.35306637847318845
SWE,2016,articles_pm,0.28705552313729754,0.3324981959020685
SWE,2017,articles_pm,0.30404448664671335,0.35532934880647193
SWE,2018,articles_pm,0.3035666497249281,0.3546818771076945
SWE,2019,articles_pm,0.25911239007775944,0.29577942939534574
SWE,2020,articles_pm,0.2101071305297122,0.23381023162048442
SWE,2021,articles_pm,0.21147878546429766,0.23550375471216012
SWE,2022,articles_pm,0.24791316290161802,0.28134865876321746
SWE,2023,articles_pm,0.27408507279903027,0.3153266960027674
TUR,2000,articles_pm,-0.2412326925459647,-0.2143412118270539
TUR,2001,articles_pm,0.06480115809088982,0.06694684954178443
TUR,2002,articles_pm,0.16918287172233892,0.1843367008141501
TUR,2003,articles_pm,0.3044562848964514,0.35588758599278836
TUR,2004,articles_pm,0.2945992380099458,0.34258819253934636
TUR,2005,articles_pm,0.21177743205506605,0.2358727887990295
TUR,2006,articles_pm,0.19716899164607327,0.2179498466650973
TUR,2007,articles_pm,0.2398083927052026,0.27100559304511873
TUR,2008,articles_pm,0.17659480388193316,0.19314753641606686
TUR,2009,articles_pm,0.25980547996723136,0.29667783231787226
TUR,2010,articles_pm,0.1783906185058779,0.1952921332833435
TUR,2011,articles_pm,0.02233388462487973,0.022585152938622066
TUR,2012,articles_pm,-0.031178677343749683,-0.03069763476958176
TUR,2013,articles_pm,-0.07614180008029336,-0.07331520673569702
TUR,2014,articles_pm,-0.1292551180446999,-0.12125024797217576
TUR,2015,articles_pm,-0.11971545181131393,-0.11282715576971869
TUR,2016,articles_pm,-0.08179069973536102,-0.07853519865858738
TUR,2017,articles_pm,-0.20322718399488693,-0.18390718286270358
TUR,2018,articles_pm,-0.217171706778867,-0.1952082307619577
TUR,2019,articles_pm,-0.10019858391574044,-0.09534225028141308
TUR,2020,articles_pm,-0.126557529228152,-0.11887654226703093
TUR,2021,articles_pm,-0.11755538038267854,-0.11090872783188155
TUR,2022,articles_pm,-0.0564749914880629,-0.0549098805028575
TUR,2023,articles_pm,-0.08939751570071941,-0.08551801963298533
USA,2000,articles_pm,0.09337230380548434,0.097870400517589
USA,2001,articles_pm,0.06676996414595227,0.06904953016556359
USA,2002,articles_pm,0.06237600882327321,0.06436247917960958
USA,2003,articles_pm,0.058802444927774644,0.06056569990946814
USA,2004,articles_pm,0.03266235173324539,0.033201621602160225
USA,2005,articles_pm,0.0028616469936917355,0.0028657454139282557
USA,2006,articles_pm,-0.032949191803695044,-0.03241228027304144
USA,2007,articles_pm,-0.036533793477899756,-0.03587448780838631
USA,2008,articles_pm,-0.09457425167393385,-0.09023981909823786
USA,2009,articles_pm,-0.15477856176579596,-0.14339515845307638
USA,2010,articles_pm,-0.1815063123430436,-0.16598701928917337
USA,2011,articles_pm,-0.19800905662138302,-0.17963757660767865
USA,2012,articles_pm,-0.2423277432542923,-0.21520107715555337
USA,2013,articles_pm,-0.26475533310739685,-0.2326063171633057
USA,2014,articles_pm,-0.3043025597689999,-0.2623623467933396
USA,2015,articles_pm,-0.31279454402910645,-0.26859983233549056
USA,2016,articles_pm,-0.3205706882307213,-0.2742652494100626
USA,2017,articles_pm,-0.3141741275725458,-0.26960816427147105
USA,2018,articles_pm,-0.31277643936186816,-0.2685865904589675
USA,2019,articles_pm,-0.35778941794834296,-0.3007796972498652
USA,2020,articles_pm,-0.3937249594931611,-0.3254604435692747
USA,2021,articles_pm,-0.41052409334173046,-0.33669747341325706
USA,2022,articles_pm,-0.4223325423159725,-0.3444839836697239
USA,2023,articles_pm,-0.46706631029737533,-0.37316147681465406
AUS,2000,pat_res_pm,-0.6952085310458873,-0.5010296136810568
AUS,2001,pat_res_pm,-0.5808393618601704,-0.44057139359210484
AUS,2002,pat_res_pm,-0.5621794871599883,-0.4300345232881436
AUS,2003,pat_res_pm,-0.49634613309371733,-0.3912491042288172
AUS,2004,pat_res_pm,-0.49278157242885356,-0.3890753027090652
AUS,2005,pat_res_pm,-0.4603547350717445,-0.36894025322763935
AUS,2006,pat_res_pm,-0.34235863417859846,-0.28990650475924695
AUS,2007,pat_res_pm,-0.3894171872089913,-0.32254841308458737
AUS,2008,pat_res_pm,-0.4648740524267527,-0.371785777735992
AUS,2009,pat_res_pm,-0.7555120828564439,-0.5302300080329581
AUS,2010,pat_res_pm,-0.7738865804315704,-0.5387829767220444
AUS,2011,pat_res_pm,-0.7885330422494947,-0.5454889450097378
AUS,2012,pat_res_pm,-0.6749883956300842,-0.4908376709187191
AUS,2013,pat_res_pm,-0.5747275914795793,-0.43714182471225127
AUS,2014,pat_res_pm,-0.9994982562915808,-0.631935931319521
AUS,2015,pat_res_pm,-0.8601308971648898,-0.5768933047740297
AUS,2016,pat_res_pm,-0.6147370110572368,-0.4592169034153495
AUS,2017,pat_res_pm,-0.6262594625118298,-0.46541228883432606
AUS,2018,pat_res_pm,-0.4930778848905675,-0.3892563004927675
AUS,2019,pat_res_pm,-0.46653300432248557,-0.3728270909278779
AUS,2020,pat_res_pm,-0.6668485442737149,-0.4866762515531685
AUS,2021,pat_res_pm,-0.31752915645252866,-0.27205454384224004
AUT,2000,pat_res_pm,0.08610218768814892,0.08991769878459732
AUT,2001,pat_res_pm,0.00457385005690103,0.0045843260748947845
AUT,2002,pat_res_pm,0.055638259788284294,0.05721517731473447
AUT,2003,pat_res_pm,0.22837925242254897,0.2565617891792469
AUT,2004,pat_res_pm,0.2655479241845109,0.3041453528271969
AUT,2005,pat_res_pm,0.32257106679042735,0.38067300737238274
AUT,2006,pat_res_pm,0.31775071218677997,0.37403368867621345
AUT,2007,pat_res_pm,0.34920949780441823,0.41794621584680725
AUT,2008,pat_res_pm,0.2313423255076632,0.260290595230791
AUT,2009,pat_res_pm,0.15705949096704863,0.17006522014187797
AUT,2010,pat_res_pm,0.23893560949524595,0.2698967646575352
AUT,2011,pat_res_pm,0.09590680887651981,0.10065648779979397
AUT,2012,pat_res_pm,0.22001474425158207,0.24609510319163208
AUT,2013,pat_res_pm,0.1777878378669806,0.19457185143535938
AUT,2014,pat_res_pm,0.18581498497704985,0.20419944477823648
AUT,2015,pat_res_pm,0.25194309830431116,0.28652282987148525
AUT,2016,pat_res_pm,0.31339024398450466,0.3680553022224944
AUT,2017,pat_res_pm,0.3369624690379398,0.4006864936403871
AUT,2018,pat_res_pm,0.3562814844349038,0.42800945413030145
AUT,2019,pat_res_pm,0.44072752348182753,0.5538372604894
AUT,2020,pat_res_pm,0.5110724266621229,0.6670780555907878
AUT,2021,pat_res_pm,0.4486435309525465,0.5661862607553338
BEL,2000,pat_res_pm,-1.3319213131201684,-0.7360303944932645
BEL,2001,pat_res_pm,-1.3420883881099535,-0.7387005961956101
BEL,2002,pat_res_pm,-1.3075776788367692,-0.7295255605394553
BEL,2003,pat_res_pm,-1.3727202077965286,-0.74658332489551
BEL,2004,pat_res_pm,-1.427360840126397,-0.7600586691045652
BEL,2005,pat_res_pm,-1.3754775940074273,-0.7472811300397855
BEL,2006,pat_res_pm,-1.417318144045388,-0.7576368709037803
BEL,2007,pat_res_pm,-1.5053074625560372,-0.7780509576797668
BEL,2008,pat_res_pm,-1.323145369296308,-0.7337036171640332
BEL,2009,pat_res_pm,-1.264325244607555,-0.7175701971069448
BEL,2010,pat_res_pm,-1.340820581437705,-0.7383691089815625
BEL,2011,pat_res_pm,-1.3098039026636261,-0.7301270274327643
BEL,2012,pat_res_pm,-1.0506653823160246,-0.6502950158313867
BEL,2013,pat_res_pm,-1.117373923902992,-0.6728622437641841
BEL,2014,pat_res_pm,-0.8839565489929084,-0.5868549549435004
BEL,2015,pat_res_pm,-0.8137973393969418,-0.5568280075147912
BEL,2016,pat_res_pm,-0.5730108711568827,-0.43617472476138297
BEL,2017,pat_res_pm,-0.5839374902247556,-0.44230189318646984
BEL,2018,pat_res_pm,-0.6504062227020704,-0.4781662470176725
BEL,2019,pat_res_pm,-0.6113960748495941,-0.45740716015243255
BEL,2020,pat_res_pm,-0.6207802390336639,-0.46247512395304613
BEL,2021,pat_res_pm,-0.6611932909407736,-0.4837650516863138
CAN,2000,pat_res_pm,-0.7112197733037169,-0.5089551314090381
CAN,2001,pat_res_pm,-0.7762501808019131,-0.5398718221444382
CAN,2002,pat_res_pm,-0.8163834157568557,-0.5579726034837432
CAN,2003,pat_res_pm,-0.7550043934571669,-0.5299914502364296
CAN,2004,pat_res_pm,-0.4988641442547461,-0.3927800175413705
CAN,2005,pat_res_pm,-0.4777333460331219,-0.379812449594535
CAN,2006,pat_res_pm,-0.4012318198632139,-0.3305051591553593
CAN,2007,pat_res_pm,-0.4751388191626944,-0.378201267105989
CAN,2008,pat_res_pm,-0.5262206921498347,-0.4091663020667726
CAN,2009,pat_res_pm,-0.5914565671274534,-0.4464795424246827
CAN,2010,pat_res_pm,-0.7059745212474011,-0.5063727104987947
CAN,2011,pat_res_pm,-0.6858062130515243,-0.4963160107672667
CAN,2012,pat_res_pm,-0.6375519125472584,-0.47141513663295964
CAN,2013,pat_res_pm,-0.7197062635727445,-0.5131047461705907
CAN,2014,pat_res_pm,-0.8074801789663608,-0.55401955756509
CAN,2015,pat_res_pm,-0.7641311064366239,-0.5342615676593747
CAN,2016,pat_res_pm,-0.6668322122386527,-0.48666786786324945
CAN,2017,pat_res_pm,-0.6590277839556826,-0.4826459300042185
CAN,2018,pat_res_pm,-0.5497296120169377,-0.42289416823175274
CAN,2019,pat_res_pm,-0.4984302275745689,-0.3925164774893676
CAN,2020,pat_res_pm,-0.4307514065146245,-0.3499795184517299
CAN,2021,pat_res_pm,-0.33124596948360985,-0.281971465789705
CHE,2000,pat_res_pm,-0.27051118660811824,-0.2370106353145418
CHE,2001,pat_res_pm,-0.3922318743615154,-0.3244525463359169
CHE,2002,pat_res_pm,-0.3941694634433075,-0.32576021243747944
CHE,2003,pat_res_pm,-0.2780773152745901,-0.2427617268339961
CHE,2004,pat_res_pm,-0.3492257547588169,-0.29476609761213846
CHE,2005,pat_res_pm,-0.37456895176543803,-0.31241440251953567
CHE,2006,pat_res_pm,-0.33989545738098226,-0.2881552630140485
CHE,2007,pat_res_pm,-0.3846931872689492,-0.3193405608473098
CHE,2008,pat_res_pm,-0.5399914481290926,-0.417246764016875
CHE,2009,pat_res_pm,-0.5729746845192487,-0.43615432145129773
CHE,2010,pat_res_pm,-0.6216928564875,-0.4629654547605393
CHE,2011,pat_res_pm,-0.6219031283443988,-0.4630783661401269
CHE,2012,pat_res_pm,-0.6265155235176278,-0.4655491583771102
CHE,2013,pat_res_pm,-0.6365075820664243,-0.47086283100383286
CHE,2014,pat_res_pm,-0.6608233452783807,-0.4835740374761488
CHE,2015,pat_res_pm,-0.6525004733059916,-0.4792579541168678
CHE,2016,pat_res_pm,-0.5373403980529172,-0.41569980638116144
CHE,2017,pat_res_pm,-0.5798874635702482,-0.440038620925866
CHE,2018,pat_res_pm,-0.6012968922746049,-0.4518996521452312
CHE,2019,pat_res_pm,-0.4486026667897036,-0.3614802465988314
CHE,2020,pat_res_pm,-0.4870188155527968,-0.38554452848350185
CHE,2021,pat_res_pm,-0.518568280723704,-0.4046276558801416
CHL,2000,pat_res_pm,-0.3921067852869107,-0.32436803744462717
CHL,2001,pat_res_pm,-0.4088561733444571,-0.3355902147121518
CHL,2002,pat_res_pm,0.011159028869060617,0.011221523073593698
CHL,2003,pat_res_pm,-0.15426718907192605,-0.1429570021066251
CHL,2004,pat_res_pm,-0.11057240820053682,-0.10467850077629315
CHL,2005,pat_res_pm,-0.19248806493062087,-0.17509583656672678
CHL,2006,pat_res_pm,-0.4682829951941043,-0.3739236780051379
CHL,2007,pat_res_pm,-0.18403360719479256,-0.16809215473213535
CHL,2008,pat_res_pm,-0.03354030229563376,-0.0329840625161526
CHL,2009,pat_res_pm,-0.5791933564095975,-0.4396498128013212
CHL,2010,pat_res_pm,-0.6908089012802647,-0.498829492406651
CHL,2011,pat_res_pm,-0.7472815315372747,-0.526347586688692
CHL,2012,pat_res_pm,-0.7940830240285024,-0.548004486022864
CHL,2013,pat_res_pm,-0.8560372712880175,-0.5751577142523578
CHL,2014,pat_res_pm,-0.5512759628312565,-0.42378588667219763
CHL,2015,pat_res_pm,-0.5773988964243406,-0.4386433840846976
CHL,2016,pat_res_pm,-0.5852205418654548,-0.4430169898063855
CHL,2017,pat_res_pm,-0.4348530714100862,-0.35264022425021024
CHL,2018,pat_res_pm,-0.4655328749317915,-0.37219952309626214
CHL,2019,pat_res_pm,-0.28338318710297283,-0.24676889589134798
CHL,2020,pat_res_pm,-0.4039359468099524,-0.3323131126256491
CHL,2021,pat_res_pm,-0.3950030865981242,-0.3263220401274688
CHN,2000,pat_res_pm,1.6919526838176164,4.430073576302197
CHN,2001,pat_res_pm,1.7113784045996052,4.536587878481298
CHN,2002,pat_res_pm,1.818727114261391,5.164007377101322
CHN,2003,pat_res_pm,2.064961697573345,6.884995877394616
CHN,2004,pat_res_pm,2.031514532575622,6.625626877643846
CHN,2005,pat_res_pm,2.238367887479683,8.3780128179744
CHN,2006,pat_res_pm,2.3077956099277745,9.05224115284975
CHN,2007,pat_res_pm,2.303422518809522,9.008377765543734
CHN,2008,pat_res_pm,2.290602271156833,8.880886862644449
CHN,2009,pat_res_pm,2.114725355525132,7.287309389801013
CHN,2010,pat_res_pm,2.1914996191442064,7.948622583378089
CHN,2011,pat_res_pm,2.380847086825736,9.814059432457407
CHN,2012,pat_res_pm,2.5574210382278846,11.902499318582084
CHN,2013,pat_res_pm,2.66166229325611,13.320073486470655
CHN,2014,pat_res_pm,2.685238767607456,13.661701701800943
CHN,2015,pat_res_pm,2.761509647156779,14.823713149502094
CHN,2016,pat_res_pm,2.996790776332559,19.021181263806984
CHN,2017,pat_res_pm,2.956531333929319,18.23114949469436
CHN,2018,pat_res_pm,3.0132955721163706,19.35436880452256
CHN,2019,pat_res_pm,2.876996576335965,16.7608496369123
CHN,2020,pat_res_pm,2.7988776524545855,15.426200515649402
CHN,2021,pat_res_pm,2.8423376979329857,16.15582383071592
COL,2000,pat_res_pm,-1.706883842994295,-0.8185697221205523
COL,2001,pat_res_pm,-1.851296173096216,-0.8429665082438169
COL,2002,pat_res_pm,-2.0609442392939,-0.8726663203513915
COL,2003,pat_res_pm,-1.6145607313538362,-0.8010219439321633
COL,2004,pat_res_pm,-1.7637826941776256,-0.8286046999565215
COL,2005,pat_res_pm,-1.4996868499019287,-0.7767999556784903
COL,2006,pat_res_pm,-1.2100553691981322,-0.7018192310572694
COL,2007,pat_res_pm,-1.385700555592363,-0.749851504533767
COL,2008,pat_res_pm,-1.5140122428957634,-0.7799745907912942
COL,2009,pat_res_pm,-1.6558962263579626,-0.8090791293099361
COL,2010,pat_res_pm,-1.6544628411238345,-0.8088052699268933
COL,2011,pat_res_pm,-1.439188815168639,-0.7628799711411246
COL,2012,pat_res_pm,-1.2772056458829604,-0.7211846783444782
COL,2013,pat_res_pm,-1.2260047726781995,-0.7065373111532076
COL,2014,pat_res_pm,-1.2303083308444789,-0.7077975312440575
COL,2015,pat_res_pm,-1.0444915850099112,-0.6481293297676947
COL,2016,pat_res_pm,-0.39454976829284405,-0.3260165803463705
COL,2017,pat_res_pm,-0.2538972562287283,-0.22422849635808606
COL,2018,pat_res_pm,-0.5678001078843771,-0.43322909690531997
COL,2019,pat_res_pm,-0.4988226001100182,-0.39275479058252505
COL,2020,pat_res_pm,-0.5603225284819318,-0.42897513763670436
COL,2021,pat_res_pm,-0.4545923840350432,-0.3652933682169288
CRI,2000,pat_res_pm,-0.22896422979020814,-0.20464301691758846
CRI,2001,pat_res_pm,-0.5554430664692369,-0.42618203463428117
CRI,2002,pat_res_pm,-0.5074906533508652,-0.3979956774303659
CRI,2003,pat_res_pm,-0.12613553073718942,-0.11850463103004472
CRI,2004,pat_res_pm,-0.4184233787025491,-0.3419164491240184
CRI,2005,pat_res_pm,-0.8249540708201755,-0.5617448792990433
CRI,2006,pat_res_pm,-0.6502472331699765,-0.47808327431773445
CRI,2007,pat_res_pm,-0.8473115221017855,-0.5714344264091119
CRI,2008,pat_res_pm,-0.8074089070843031,-0.5539877705668506
CRI,2009,pat_res_pm,-1.3240416274258033,-0.7339421805388537
CRI,2010,pat_res_pm,-2.0715539702470847,-0.8740101549660281
CRI,2011,pat_res_pm,-1.6351722956168169,-0.80508121524639
CRI,2012,pat_res_pm,-2.0119865508549872,-0.8662772364370007
CRI,2013,pat_res_pm,-1.3735161860978633,-0.7467849588113327
CRI,2014,pat_res_pm,-1.5731670961225883,-0.7926126744356112
CRI,2015,pat_res_pm,-1.4862076714012786,-0.773771034615702
CRI,2016,pat_res_pm,-2.047258969363306,-0.870911746046595
CRI,2017,pat_res_pm,-1.3126020097663114,-0.7308811054266338
CRI,2018,pat_res_pm,-2.1459756187362773,-0.8830461210298002
CRI,2019,pat_res_pm,-1.3987919354645244,-0.7531049509949554
CRI,2020,pat_res_pm,-1.6926005557090043,-0.8159597059064464
CRI,2021,pat_res_pm,-1.4740009458067198,-0.7709925963970732
CZE,2000,pat_res_pm,-0.16693940915300276,-0.15374911515829526
CZE,2001,pat_res_pm,-0.18983250281014818,-0.17290234112463532
CZE,2002,pat_res_pm,-0.28491351890511085,-0.2479207078523008
CZE,2003,pat_res_pm,-0.08444806950220674,-0.08098062072849466
CZE,2004,pat_res_pm,-0.1612522610900795,-0.14892264967469449
CZE,2005,pat_res_pm,-0.26692822863282295,-0.23427197315938875
CZE,2006,pat_res_pm,-0.25590220991670787,-0.22578232409850163
CZE,2007,pat_res_pm,-0.19700096674237955,-0.17881016056674526
CZE,2008,pat_res_pm,-0.3039971749868444,-0.26213704907980984
CZE,2009,pat_res_pm,-0.22919201675195655,-0.20482416823553273
CZE,2010,pat_res_pm,-0.1399387184551415,-0.13058848735305406
CZE,2011,pat_res_pm,-0.24390754119195535,-0.2164399220553792
CZE,2012,pat_res_pm,-0.03664329166442837,-0.03598005202390675
CZE,2013,pat_res_pm,0.08144188035980182,0.08485016465047202
CZE,2014,pat_res_pm,0.005286422001691271,0.005300419785675636
CZE,2015,pat_res_pm,-0.10228009399498816,-0.09722334606662053
CZE,2016,pat_res_pm,-0.10506088058060659,-0.09973028802493589
CZE,2017,pat_res_pm,-0.14293509654774006,-0.13318967394755732
CZE,2018,pat_res_pm,-0.27393047155900785,-0.23961505819744588
CZE,2019,pat_res_pm,-0.12177336983097753,-0.1146510074401359
CZE,2020,pat_res_pm,-0.2328388155615464,-0.20771873335597302
CZE,2021,pat_res_pm,-0.3885791473077096,-0.32198044366628886
DEU,2000,pat_res_pm,0.42519447451369086,0.5298879149430762
DEU,2001,pat_res_pm,0.37771199636216135,0.45894270155774053
DEU,2002,pat_res_pm,0.35237242457128914,0.42243817601257816
DEU,2003,pat_res_pm,0.47016698490466524,0.600261390403507
DEU,2004,pat_res_pm,0.4867427560210462,0.6270080175245589
DEU,2005,pat_res_pm,0.5572024734150283,0.7457817915684064
DEU,2006,pat_res_pm,0.5261781286086205,0.6924515999383805
DEU,2007,pat_res_pm,0.5203410466077099,0.682601397354675
DEU,2008,pat_res_pm,0.4761236939208642,0.6098221288546675
DEU,2009,pat_res_pm,0.42990198172793015,0.5371068516065192
DEU,2010,pat_res_pm,0.37191549225571485,0.45051039675186866
DEU,2011,pat_res_pm,0.3078510561858838,0.36049833603430903
DEU,2012,pat_res_pm,0.3782119769685961,0.4596723269985046
DEU,2013,pat_res_pm,0.3777017895647763,0.4589278105011845
DEU,2014,pat_res_pm,0.4007502278696764,0.4929443260418127
DEU,2015,pat_res_pm,0.3879227950046795,0.4739159862184896
DEU,2016,pat_res_pm,0.5267746975044432,0.6934615651475506
DEU,2017,pat_res_pm,0.5239531757623821,0.6886901609978389
DEU,2018,pat_res_pm,0.562957352570364,0.7558575193003714
DEU,2019,pat_res_pm,0.6497089753476146,0.9149834405208326
DEU,2020,pat_res_pm,0.5393638404803252,0.7149155552431063
DEU,2021,pat_res_pm,0.5619104322634216,0.7540202383185146
DNK,2000,pat_res_pm,0.33592672834697446,0.3992364966836879
DNK,2001,pat_res_pm,0.35513655686874035,0.4263754223440426
DNK,2002,pat_res_pm,0.3973815906434677,0.4879235994594995
DNK,2003,pat_res_pm,0.4668573226662218,0.5949738205697648
DNK,2004,pat_res_pm,0.49508975135904265,0.6406454826110621
DNK,2005,pat_res_pm,0.41377257430514813,0.5125131034224715
DNK,2006,pat_res_pm,0.2970515243848535,0.3458846435399685
DNK,2007,pat_res_pm,0.44080094938064907,0.5539513565756264
DNK,2008,pat_res_pm,0.3883650863712482,0.47456803072043896
DNK,2009,pat_res_pm,0.29066703159462914,0.33731922475914033
DNK,2010,pat_res_pm,0.37936000117041324,0.46134902841937486
DNK,2011,pat_res_pm,0.3579612359736979,0.43041017094769196
DNK,2012,pat_res_pm,0.3354326771828946,0.39854537300296555
DNK,2013,pat_res_pm,0.25125196826829477,0.2856339824916818
DNK,2014,pat_res_pm,0.3046460867393552,0.35614496037967425
DNK,2015,pat_res_pm,0.3567135541114057,0.4286265870257937
DNK,2016,pat_res_pm,0.5136795416270168,0.6714299902691523
DNK,2017,pat_res_pm,0.48136445574481,0.6182809692342062
DNK,2018,pat_res_pm,0.3648687536616073,0.4403249583665614
DNK,2019,pat_res_pm,0.504478666298195,0.6561219032015833
DNK,2020,pat_res_pm,0.37140922637687357,0.4497762386863584
DNK,2021,pat_res_pm,0.2561998130439811,0.29201086277283905
ESP,2000,pat_res_pm,-1.0877467673663173,-0.6630250781810598
ESP,2001,pat_res_pm,-1.2152452362233692,-0.7033627408278358
ESP,2002,pat_res_pm,-1.1572120603469118,-0.685638619127521
ESP,2003,pat_res_pm,-1.0867610332653932,-0.6626927467411599
ESP,2004,pat_res_pm,-1.0897113308715882,-0.6636864369612849
ESP,2005,pat_res_pm,-1.002792482572902,-0.633146422736778
ESP,2006,pat_res_pm,-0.9907991611033289,-0.6287201399926243
ESP,2007,pat_res_pm,-0.9403265659758082,-0.6094997095746593
ESP,2008,pat_res_pm,-0.8883285964535812,-0.5886573018445758
ESP,2009,pat_res_pm,-0.9473471444788943,-0.6122316464094762
ESP,2010,pat_res_pm,-0.9026350196540198,-0.594500249069114
ESP,2011,pat_res_pm,-0.8874977425083008,-0.5883153941229302
ESP,2012,pat_res_pm,-0.7841627300043932,-0.5434982429542666
ESP,2013,pat_res_pm,-0.8413939007618731,-0.5688908189952397
ESP,2014,pat_res_pm,-0.8516518594817919,-0.5732905146495371
ESP,2015,pat_res_pm,-0.9625988941831265,-0.6181009201611479
ESP,2016,pat_res_pm,-0.8878100431422169,-0.5884439434122619
ESP,2017,pat_res_pm,-1.1159457397898644,-0.6723946970259838
ESP,2018,pat_res_pm,-1.4298243038205447,-0.7606490283990501
ESP,2019,pat_res_pm,-1.5294904713355044,-0.7833539734413986
ESP,2020,pat_res_pm,-1.2676769295468735,-0.7185152282157587
ESP,2021,pat_res_pm,-1.3331830783400629,-0.7363632521223518
EST,2000,pat_res_pm,-0.4724686732112158,-0.3765387551496975
EST,2001,pat_res_pm,-0.25887480813387453,-0.22808034494307827
EST,2002,pat_res_pm,-0.34324354045208727,-0.29053459300734774
EST,2003,pat_res_pm,-0.46573433421839905,-0.3723259865934204
EST,2004,pat_res_pm,-0.18316752324664298,-0.16737134060329284
EST,2005,pat_res_pm,-0.45955173766598945,-0.3684333103784483
EST,2006,pat_res_pm,-0.16283795935348877,-0.15027113212543575
EST,2007,pat_res_pm,-0.06700998694574523,-0.06481413836032279
EST,2008,pat_res_pm,0.33970555554766024,0.404533972436494
EST,2009,pat_res_pm,0.7519886685262067,1.1212142168505186
EST,2010,pat_res_pm,0.8469552019732216,1.332533934002317
EST,2011,pat_res_pm,0.4132101783892299,0.5116627113812535
EST,2012,pat_res_pm,-0.7151850888219857,-0.5108984238165422
EST,2013,pat_res_pm,-0.5439022467293619,-0.4195213439454428
EST,2014,pat_res_pm,-0.003315884555324722,-0.003310393081507157
EST,2015,pat_res_pm,-0.3941216482149916,-0.32572797273732934
EST,2016,pat_res_pm,-0.3380463403613274,-0.2868377610632996
EST,2017,pat_res_pm,-0.14590415368982823,-0.13575946651867477
EST,2018,pat_res_pm,-0.5705097149414238,-0.43476274461441344
EST,2019,pat_res_pm,-0.2868165634817039,-0.24935058727671355
EST,2020,pat_res_pm,-0.7160220908648696,-0.511307631557238
EST,2021,pat_res_pm,-0.5506230285189924,-0.4234095338529311
FIN,2000,pat_res_pm,1.2316442673441141,2.426859579672698
FIN,2001,pat_res_pm,1.1209841072385451,2.0678718330916728
FIN,2002,pat_res_pm,1.0025909759652336,1.725333963354149
FIN,2003,pat_res_pm,0.9690927011364217,1.6355521407820701
FIN,2004,pat_res_pm,0.9330798435341121,1.5423271021331222
FIN,2005,pat_res_pm,0.873018492832033,1.3941266117047708
FIN,2006,pat_res_pm,0.8429016700287022,1.3230980703965862
FIN,2007,pat_res_pm,0.7868180027333604,1.1963963678400003
FIN,2008,pat_res_pm,0.71949464339969,1.0533952515528218
FIN,2009,pat_res_pm,0.7729244297022486,1.1660915828494915
FIN,2010,pat_res_pm,0.7160015735409617,1.0462351112071713
FIN,2011,pat_res_pm,0.6559749261632755,0.9270203043876966
FIN,2012,pat_res_pm,0.8100528932293951,1.2480268889338042
FIN,2013,pat_res_pm,0.7645385791174455,1.1480030125094496
FIN,2014,pat_res_pm,0.7121148125046668,1.0382973204467092
FIN,2015,pat_res_pm,0.6408997668517769,0.8981880378423364
FIN,2016,pat_res_pm,0.7217845155731464,1.0581026518159522
FIN,2017,pat_res_pm,0.819376409294029,1.269084416303441
FIN,2018,pat_res_pm,0.8781782787444117,1.4065117172370405
FIN,2019,pat_res_pm,0.9065936511027353,1.4758744607729146
FIN,2020,pat_res_pm,1.0414342895968556,1.8332778423880378
FIN,2021,pat_res_pm,1.1318628076986288,2.1014284872674054
FRA,2000,pat_res_pm,-0.30563212816781515,-0.263342434815409
FRA,2001,pat_res_pm,-0.3465675842152267,-0.2928889718715887
FRA,2002,pat_res_pm,-0.34517123033309094,-0.29190090495736953
FRA,2003,pat_res_pm,-0.2600594740868294,-0.22899427042175569
FRA,2004,pat_res_pm,-0.23523819725259099,-0.2096174397497279
FRA,2005,pat_res_pm,-0.17107333478394882,-0.15724023240009022
FRA,2006,pat_res_pm,-0.14846162148345776,-0.1379669099131341
FRA,2007,pat_res_pm,-0.12316239994721823,-0.11587993015126596
FRA,2008,pat_res_pm,-0.1822501767060194,-0.1666071811370381
FRA,2009,pat_res_pm,-0.2952934304930199,-0.2556868487553783
FRA,2010,pat_res_pm,-0.2391145044123828,-0.2126752749439158
FRA,2011,pat_res_pm,-0.2583987409916606,-0.22771277187108785
FRA,2012,pat_res_pm,-0.17918301264944336,-0.16404710455757177
FRA,2013,pat_res_pm,-0.1913600843168437,-0.17416483568538965
FRA,2014,pat_res_pm,-0.17158045138322908,-0.15766750152065734
FRA,2015,pat_res_pm,-0.1732477306582565,-0.15907073492200863
FRA,2016,pat_res_pm,-0.03924158541769085,-0.0384816077371013
FRA,2017,pat_res_pm,0.0017985961725672794,0.0018002146168270006
FRA,2018,pat_res_pm,0.047034895486831374,0.04815858444557497
FRA,2019,pat_res_pm,0.09725371029409136,0.10213996240622625
FRA,2020,pat_res_pm,0.06680246661556222,0.06908427748011303
FRA,2021,pat_res_pm,0.1356591565063887,0.14529146191751008
GBR,2000,pat_res_pm,0.3075805759731196,0.3601303979171464
GBR,2001,pat_res_pm,0.2510392317250494,0.28536051025216835
GBR,2002,pat_res_pm,0.196061468976219,0.21660168629606114
GBR,2003,pat_res_pm,0.22069541468656695,0.24694357201861794
GBR,2004,pat_res_pm,0.14094367174459332,0.15135979206971828
GBR,2005,pat_res_pm,0.10532013394928974,0.1110662434519929
GBR,2006,pat_res_pm,0.10594767434350416,0.1117637012189796
GBR,2007,pat_res_pm,0.10454596402825622,0.11020642225283539
GBR,2008,pat_res_pm,0.011193767011206113,0.01125665164074996
GBR,2009,pat_res_pm,-0.053041483849599835,-0.05165932915547622
GBR,2010,pat_res_pm,-0.07630288769818439,-0.07346447215885121
GBR,2011,pat_res_pm,-0.061227577259450605,-0.05939084583709342
GBR,2012,pat_res_pm,-7.757272498842838e-05,-7.756971630235032e-05
GBR,2013,pat_res_pm,-0.06804842239376274,-0.0657847644560392
GBR,2014,pat_res_pm,-0.06524757877182985,-0.06316450591777978
GBR,2015,pat_res_pm,-0.09561569390436109,-0.09118678857759632
GBR,2016,pat_res_pm,-0.04838848231902215,-0.04723641663298361
GBR,2017,pat_res_pm,-0.08243559692401004,-0.07912925714449903
GBR,2018,pat_res_pm,-0.059469308971289436,-0.05773554778718748
GBR,2019,pat_res_pm,-0.04111667579927669,-0.04028285235016771
GBR,2020,pat_res_pm,0.0841407393529714,0.08778197676775945
GBR,2021,pat_res_pm,0.03775757581636707,0.038479449827736545
GRC,2000,pat_res_pm,-0.9756794098169785,-0.623063827588894
GRC,2001,pat_res_pm,-0.8212446377101497,-0.5601161823400216
GRC,2002,pat_res_pm,-0.9267620256722973,-0.6041666642642936
GRC,2003,pat_res_pm,-0.9054311948983775,-0.5956325136913803
GRC,2004,pat_res_pm,-1.026974853458266,-0.6419114058335254
GRC,2005,pat_res_pm,-0.7602257134517152,-0.5324391196814804
GRC,2006,pat_res_pm,-0.6937933512992536,-0.5003229810079777
GRC,2007,pat_res_pm,-0.6284328363234555,-0.46657288610309033
GRC,2008,pat_res_pm,-0.5904561516630285,-0.44592551491641264
GRC,2009,pat_res_pm,-0.5313194501682208,-0.4121711531076331
GRC,2010,pat_res_pm,-0.30610874859462367,-0.26369345719967463
GRC,2011,pat_res_pm,-0.04698126871289876,-0.0458947309572878
GRC,2012,pat_res_pm,0.08973855076693749,0.0938882500711653
GRC,2013,pat_res_pm,0.23043867351762692,0.25915224553983207
GRC,2014,pat_res_pm,0.18772584017474347,0.2065026954347604
GRC,2015,pat_res_pm,0.0505391291796391,0.05183802010862304
GRC,2016,pat_res_pm,0.3021919142536964,0.3528208273976243
GRC,2017,pat_res_pm,0.14131754549215625,0.151790335749447
GRC,2018,pat_res_pm,0.03326139418390062,0.033820738653769444
GRC,2019,pat_res_pm,-0.10072688223009996,-0.09582005322330434
GRC,2020,pat_res_pm,0.12244793014423205,0.13026026605273056
GRC,2021,pat_res_pm,0.0782254376663909,0.08136641191388483
HUN,2000,pat_res_pm,0.854651188141859,1.3505543363369203
HUN,2001,pat_res_pm,0.9114749374375233,1.4879894572730858
HUN,2002,pat_res_pm,0.7351943370066882,1.0858873182165705
HUN,2003,pat_res_pm,0.6393792756776087,0.8953040527764271
HUN,2004,pat_res_pm,0.54802483905726,0.7298329429137358
HUN,2005,pat_res_pm,0.48530746364366184,0.6246744603880543
HUN,2006,pat_res_pm,0.4780864504371003,0.6129849206077544
HUN,2007,pat_res_pm,0.49035421449956385,0.6328945124421059
HUN,2008,pat_res_pm,0.40661911391075645,0.5017320078852492
HUN,2009,pat_res_pm,0.5210611281518966,0.6838134439009351
HUN,2010,pat_res_pm,0.39236458199036495,0.48047736840736244
HUN,2011,pat_res_pm,0.40367479866938183,0.4973169383138045
HUN,2012,pat_res_pm,0.5602384320135076,0.751089966432007
HUN,2013,pat_res_pm,0.426199132177004,0.5314257009057146
HUN,2014,pat_res_pm,0.21646385157351133,0.24167819982943417
HUN,2015,pat_res_pm,0.20645203630866327,0.2293087706165864
HUN,2016,pat_res_pm,0.38622859804165266,0.47142099632980905
HUN,2017,pat_res_pm,0.14607651838680358,0.15728473822413602
HUN,2018,pat_res_pm,-0.08912632692653455,-0.08526998875564074
HUN,2019,pat_res_pm,-0.04679835701233248,-0.04572019797843252
HUN,2020,pat_res_pm,-0.05456289925304292,-0.05310105225185047
HUN,2021,pat_res_pm,-0.03518185583415079,-0.03457016875480423
IRL,2016,pat_res_pm,-2.757578019284432,-0.9365547544135209
IRL,2017,pat_res_pm,-3.1328823013121507,-0.9564080291896647
IRL,2018,pat_res_pm,-2.995324193528467,-0.9499795918349248
IRL,2019,pat_res_pm,-3.2534876762815146,-0.961360788504667
IRL,2020,pat_res_pm,-3.246207133951847,-0.9610784475392682
IRL,2021,pat_res_pm,-3.4027769759476256,-0.9667192782461013
ISL,2000,pat_res_pm,1.0216127347506925,1.7776707998897745
ISL,2001,pat_res_pm,0.9310736890816695,1.537231913873783
ISL,2002,pat_res_pm,1.314995104414992,2.724732750460769
ISL,2003,pat_res_pm,1.15207885676329,2.164765169406217
ISL,2004,pat_res_pm,1.1720512084545582,2.2286083999023787
ISL,2005,pat_res_pm,0.787505642129001,1.1979072159107624
ISL,2006,pat_res_pm,0.7042048477983878,1.0222380584113187
ISL,2007,pat_res_pm,0.9064991872123382,1.4756405910855093
ISL,2008,pat_res_pm,0.6355582470157533,0.8880758600281258
ISL,2009,pat_res_pm,0.9366932920457103,1.5515302878212958
ISL,2010,pat_res_pm,0.9207576155508921,1.5111921876822247
ISL,2011,pat_res_pm,0.7983440888318354,1.221858679993383
ISL,2012,pat_res_pm,0.56290695819441,0.7557690361859664
ISL,2013,pat_res_pm,0.3684085166832354,0.4454324016297264
ISL,2014,pat_res_pm,0.8221438260994995,1.2753726156712228
ISL,2015,pat_res_pm,0.5382983099469465,0.7130892335303969
ISL,2016,pat_res_pm,0.4403706323590866,0.5532828087102912
ISL,2017,pat_res_pm,0.4831708308124609,0.6212068334379701
ISL,2018,pat_res_pm,0.933799553916943,1.544157499944225
ISL,2019,pat_res_pm,0.8593853972558971,1.3617087348933272
ISL,2020,pat_res_pm,0.8548717958676049,1.3510729439856255
ISL,2021,pat_res_pm,0.6663548248222018,0.9471267507729684
ISR,2000,pat_res_pm,1.2650264963674465,2.543186616439753
ISR,2001,pat_res_pm,1.0541386576385774,1.8695024651090155
ISR,2002,pat_res_pm,1.0644291109301154,1.8991833994126934
ISR,2003,pat_res_pm,1.2411417589710982,2.4595611956864554
ISR,2004,pat_res_pm,1.335109919434628,2.8004136627824416
ISR,2005,pat_res_pm,1.4261280533288385,3.162550774577399
ISR,2006,pat_res_pm,1.1646924870883657,2.204937172089741
ISR,2007,pat_res_pm,1.2915529952236886,2.6384326389579327
ISR,2008,pat_res_pm,1.1302787788747377,2.096519624065161
ISR,2009,pat_res_pm,0.8851706831373454,1.423397989359315
ISR,2010,pat_res_pm,0.8766398190774396,1.402812242497991
ISR,2011,pat_res_pm,0.7459093302501971,1.1083577570505896
ISR,2012,pat_res_pm,0.765665302003705,1.150424580625324
ISR,2013,pat_res_pm,0.5895991459691139,0.8032654242865045
ISR,2014,pat_res_pm,0.5107674889792948,0.66656977817183
ISR,2015,pat_res_pm,0.6446040768977346,0.9052325543412989
ISR,2016,pat_res_pm,0.7326622759500037,1.080612405188678
ISR,2017,pat_res_pm,0.8246346582912167,1.2810472513792353
ISR,2018,pat_res_pm,0.8872052101110466,1.4283334769255154
ISR,2019,pat_res_pm,0.8359906840123665,1.3070985221251399
ISR,2020,pat_res_pm,0.968283525617359,1.6334203791115307
ISR,2021,pat_res_pm,0.9205217491080138,1.5105999515605917
ITA,2000,pat_res_pm,-0.9876337251828433,-0.6275430153137309
ITA,2007,pat_res_pm,-0.5860504273738618,-0.4434790301881478
ITA,2008,pat_res_pm,-0.682196810047933,-0.4944947273680578
ITA,2009,pat_res_pm,-0.6720901803020087,-0.4893598683915479
ITA,2010,pat_res_pm,-0.6438390003222745,-0.47472797111259035
ITA,2011,pat_res_pm,-0.6291154396983298,-0.466936881005078
ITA,2012,pat_res_pm,-0.5101094052292803,-0.39957011495052974
ITA,2013,pat_res_pm,-0.49281572739183055,-0.3890961684631463
ITA,2014,pat_res_pm,-0.4072006320540158,-0.3344893458633572
ITA,2016,pat_res_pm,-0.2390918593429845,-0.2126574457190067
ITA,2017,pat_res_pm,-0.22991264163410552,-0.20539698530767947
ITA,2018,pat_res_pm,-0.13228732402277643,-0.12391076257091438
ITA,2019,pat_res_pm,-0.004041022324564381,-0.004032868380970944
ITA,2020,pat_res_pm,0.1783888070350761,0.1952899680485054
ITA,2021,pat_res_pm,0.17151615930860054,0.1871033253462735
JPN,2000,pat_res_pm,2.3747360330891976,9.748175648862073
JPN,2001,pat_res_pm,2.3906246076772977,9.920312724454863
JPN,2002,pat_res_pm,2.3620942673611287,9.613154978328396
JPN,2003,pat_res_pm,2.4032439764097173,10.058993368102099
JPN,2004,pat_res_pm,2.4145017551118055,10.184196500360219
JPN,2005,pat_res_pm,2.46478047952663,10.76090011022577
JPN,2006,pat_res_pm,2.4347117156073415,10.412528185329185
JPN,2007,pat_res_pm,2.419929790676129,10.245069778419733
JPN,2008,pat_res_pm,2.3850516071379806,9.859623084526506
JPN,2009,pat_res_pm,2.267354382416787,8.653826665709202
JPN,2010,pat_res_pm,2.2101117195849502,8.116734853982218
JPN,2011,pat_res_pm,2.240708958696252,8.399993132553268
JPN,2012,pat_res_pm,2.28756119106702,8.850883938107664
JPN,2013,pat_res_pm,2.177626551207295,7.825334900877957
JPN,2014,pat_res_pm,2.185474942222851,7.8948721006489695
JPN,2015,pat_res_pm,2.149805173050594,7.583185998324764
JPN,2016,pat_res_pm,2.296817276135494,8.942487850628218
JPN,2017,pat_res_pm,2.330152371885938,9.279507721696929
JPN,2018,pat_res_pm,2.3707672281465886,9.705602773823173
JPN,2019,pat_res_pm,2.449410290691193,10.581514977858104
JPN,2020,pat_res_pm,2.3613362921847294,9.605113518310086
JPN,2021,pat_res_pm,2.424422076206942,10.295699479069233
KOR,2000,pat_res_pm,2.9327911003442733,17.77997420689257
KOR,2001,pat_res_pm,2.8702518812109714,16.641461192869162
KOR,2002,pat_res_pm,2.7639440076421815,14.862280696135063
KOR,2003,pat_res_pm,2.9668927507025398,18.431447342398958
KOR,2004,pat_res_pm,3.0401517748111324,19.908416365230963
KOR,2005,pat_res_pm,3.1883495185289377,23.248372907365688
KOR,2006,pat_res_pm,3.1675882826811357,22.75013661515445
KOR,2007,pat_res_pm,3.133040468711928,21.94363299747326
KOR,2008,pat_res_pm,3.0100829566572296,19.289082969931524
KOR,2009,pat_res_pm,2.8552119769466193,16.378120578185793
KOR,2010,pat_res_pm,2.7946507261689195,15.356914713066477
KOR,2011,pat_res_pm,2.8033650311415528,15.500076729056197
KOR,2012,pat_res_pm,2.909378647395651,17.34539606527473
KOR,2013,pat_res_pm,2.9083417888116916,17.326384341825893
KOR,2014,pat_res_pm,2.919307614947237,17.52845419274457
KOR,2015,pat_res_pm,2.911401342017731,17.382540752751538
KOR,2016,pat_res_pm,2.979723637274037,18.682376417858787
KOR,2017,pat_res_pm,2.949822581610098,18.102564281367638
KOR,2018,pat_res_pm,2.991784329015637,18.921196766983602
KOR,2019,pat_res_pm,3.1040937732898026,21.289010923078106
KOR,2020,pat_res_pm,3.064564491462386,20.425129128404404
KOR,2021,pat_res_pm,3.161379262169037,22.60312839057407
LTU,2000,pat_res_pm,0.5220722202790853,0.6855167953952481
LTU,2001,pat_res_pm,0.4257062905926432,0.5306711365925583
LTU,2002,pat_res_pm,0.5133344844963901,0.6708533509251466
LTU,2003,pat_res_pm,0.09893632409842423,0.1039959993800954
LTU,2004,pat_res_pm,0.06713995967866992,0.06944514689967773
LTU,2005,pat_res_pm,-0.05063101925794644,-0.04937063024191091
LTU,2006,pat_res_pm,-0.20749939465095313,-0.1873862663121021
LTU,2007,pat_res_pm,-0.43789627187135194,-0.35460727523506197
LTU,2008,pat_res_pm,-0.2170965825790283,-0.1951477691532204
LTU,2009,pat_res_pm,0.0336718889547698,0.03424520377539886
LTU,2010,pat_res_pm,0.22740680870086383,0.2553404474957226
LTU,2011,pat_res_pm,-0.04312677483525684,-0.042210041294252654
LTU,2012,pat_res_pm,0.09485652430793046,0.09950109212867164
LTU,2013,pat_res_pm,0.05882454577009799,0.06058913956379253
LTU,2014,pat_res_pm,0.06940188368225764,0.07186688841307065
LTU,2015,pat_res_pm,-0.16589404619193227,-0.15286401328175137
LTU,2016,pat_res_pm,-0.13887476684588762,-0.1296629833166204
LTU,2017,pat_res_pm,-0.3401611598879528,-0.2883443768201206
LTU,2018,pat_res_pm,-0.3686712779610395,-0.3083472654178001
LTU,2019,pat_res_pm,-0.2619167205943915,-0.23042488920323034
LTU,2020,pat_res_pm,-0.31593453424395124,-0.2708928198419436
LTU,2021,pat_res_pm,-0.4472071473689141,-0.3605885578426258
LUX,2000,pat_res_pm,-0.8838484923262344,-0.5868103094550008
LUX,2001,pat_res_pm,-1.4299148757203586,-0.7606707058895698
LUX,2002,pat_res_pm,-1.6925253106476372,-0.8159458572622089
LUX,2003,pat_res_pm,-2.579419956759907,-0.9241820310287934
LUX,2004,pat_res_pm,-2.2666819277194747,-0.896344453293315
LUX,2005,pat_res_pm,-2.172672818207666,-0.8861271516256662
LUX,2006,pat_res_pm,-2.146554062826053,-0.8831137527473975
LUX,2007,pat_res_pm,-2.7942184138225334,-0.9388373404546974
LUX,2008,pat_res_pm,-1.6594042244757752,-0.809747705996461
LUX,2009,pat_res_pm,-1.4888014125725055,-0.7743570536779223
LUX,2010,pat_res_pm,-1.2285764936314374,-0.7072910456862451
LUX,2011,pat_res_pm,-1.1219523982697854,-0.6743566120216749
LUX,2012,pat_res_pm,-0.8012057630000617,-0.5512124936221124
LUX,2013,pat_res_pm,-0.823676633426361,-0.56118467808502
LUX,2014,pat_res_pm,-0.6848160911965948,-0.4958170552689397
LUX,2015,pat_res_pm,-0.6812261925620833,-0.49400383691636296
LUX,2016,pat_res_pm,-0.5016183621643364,-0.3944501327058192
LUX,2017,pat_res_pm,-0.3519108377553932,-0.2966571691938079
LUX,2018,pat_res_pm,-0.3098397251534202,-0.2664354812564217
LUX,2019,pat_res_pm,-0.5082007328002573,-0.39842299659503433
LUX,2020,pat_res_pm,-0.4909156027096184,-0.3879342714894094
LUX,2021,pat_res_pm,-0.6008559468170009,-0.4516579164943316
LVA,2000,pat_res_pm,1.6159263320136148,4.0325475748720585
LVA,2001,pat_res_pm,1.663165939568513,4.275987890082033
LVA,2002,pat_res_pm,1.7531478456840768,4.772745818127188
LVA,2003,pat_res_pm,1.164651269328417,2.2048050744811336
LVA,2004,pat_res_pm,1.16865574916099,2.217664382003873
LVA,2005,pat_res_pm,1.0421002633673755,1.8351653595643658
LVA,2006,pat_res_pm,0.8440476575958775,1.325761837933305
LVA,2007,pat_res_pm,0.875933068648556,1.4011146538714851
LVA,2008,pat_res_pm,1.2854864287497936,2.6164266633407287
LVA,2009,pat_res_pm,1.6708963251749154,4.316931361443521
LVA,2010,pat_res_pm,1.4874847291674467,3.4259490461390962
LVA,2011,pat_res_pm,1.412114182067036,3.104624159969032
LVA,2012,pat_res_pm,1.4395717531964891,3.2188887044770302
LVA,2013,pat_res_pm,1.5271896702836694,3.605216442740745
LVA,2014,pat_res_pm,0.7416281539014444,1.0993507996299128
LVA,2015,pat_res_pm,0.9614535264503443,1.6154954035813978
LVA,2016,pat_res_pm,0.6958553935056813,1.005423766934371
LVA,2017,pat_res_pm,0.6289511884133612,0.8756423518638883
LVA,2018,pat_res_pm,0.5684177779723751,0.7654714725506884
LVA,2019,pat_res_pm,0.605563022863004,0.8322835360504452
LVA,2020,pat_res_pm,0.6970525308149416,1.0078259721444955
LVA,2021,pat_res_pm,0.8185195761025463,1.2671410221624755
MEX,2000,pat_res_pm,-2.611231564125476,-0.9265559629991443
MEX,2001,pat_res_pm,-2.3518003737293447,-0.9048023834492022
MEX,2002,pat_res_pm,-2.3315154071618505,-0.9028515839209951
MEX,2003,pat_res_pm,-2.3611710084443205,-0.9056902789702628
MEX,2004,pat_res_pm,-2.209187378020963,-0.8902101700959196
MEX,2005,pat_res_pm,-2.1182464911300958,-0.8797577103191432
MEX,2006,pat_res_pm,-2.165956645543464,-0.8853597879251176
MEX,2007,pat_res_pm,-2.0453038416792104,-0.8706591151452386
MEX,2008,pat_res_pm,-2.0190578862481683,-0.867219499492421
MEX,2009,pat_res_pm,-1.8211223744230574,-0.8381560006091228
MEX,2010,pat_res_pm,-1.7196440575541563,-0.8208701035011103
MEX,2011,pat_res_pm,-1.6327625580554117,-0.8046109457438685
MEX,2012,pat_res_pm,-1.4168678190280044,-0.7575277041450404
MEX,2013,pat_res_pm,-1.5009033885786245,-0.7770713220677259
MEX,2014,pat_res_pm,-1.465176126028485,-0.768962703787726
MEX,2015,pat_res_pm,-1.3922706002460665,-0.7514896042325097
MEX,2016,pat_res_pm,-1.3053617431063902,-0.7289255420091765
MEX,2017,pat_res_pm,-1.2502773441975763,-0.7135746525648691
MEX,2018,pat_res_pm,-1.0457671395674026,-0.6485778738727017
MEX,2019,pat_res_pm,-1.097511849737658,-0.6662996517881561
MEX,2020,pat_res_pm,-1.1443176909409725,-0.6815588810569426
MEX,2021,pat_res_pm,-1.1155204400784107,-0.6722553369523593
NLD,2000,pat_res_pm,-0.6976255629336165,-0.5022341846861276
NLD,2001,pat_res_pm,-0.8759953899604005,-0.5835527141455663
NLD,2002,pat_res_pm,-0.8529740614505954,-0.5738543379448984
NLD,2003,pat_res_pm,-0.6747433217596628,-0.4907128732443585
NLD,2004,pat_res_pm,-0.7318356539182576,-0.518974816605913
NLD,2005,pat_res_pm,-0.6687289353312638,-0.48764059398478377
NLD,2006,pat_res_pm,-0.7051604664056201,-0.5059707072095793
NLD,2007,pat_res_pm,-0.7679368665667514,-0.5360306878573877
NLD,2008,pat_res_pm,-0.7102179859858166,-0.5084629624039907
NLD,2009,pat_res_pm,-0.7033630428775082,-0.5050819288188295
NLD,2010,pat_res_pm,-0.6957898671331071,-0.5013195988754822
NLD,2011,pat_res_pm,-0.6716708413424355,-0.4891456921869679
NLD,2012,pat_res_pm,-0.6442845869003397,-0.47496197314054245
NLD,2013,pat_res_pm,-0.6762583819077381,-0.4914838896584295
NLD,2014,pat_res_pm,-0.6671711121655761,-0.48684180660973897
NLD,2015,pat_res_pm,-0.7164079697613657,-0.5114961712500149
NLD,2016,pat_res_pm,-0.5704117853757822,-0.4347073884650514
NLD,2017,pat_res_pm,-0.5780935772627602,-0.43903321235050385
NLD,2018,pat_res_pm,-0.5961986013953675,-0.44909814175161444
NLD,2019,pat_res_pm,-0.48099158041435786,-0.3818298775826978
NLD,2020,pat_res_pm,-0.5082881914599708,-0.3984756074127972
NLD,2021,pat_res_pm,-0.5274419932454961,-0.4098874474519507
NOR,2000,pat_res_pm,-0.35428784928362145,-0.29832703777624003
NOR,2001,pat_res_pm,-0.473590217665965,-0.3772376026840675
NOR,2002,pat_res_pm,-0.4932693699752564,-0.38937323760557707
NOR,2003,pat_res_pm,-0.4992715419832354,-0.39302734719872634
NOR,2004,pat_res_pm,-0.5023586194438243,-0.39489822952924647
NOR,2005,pat_res_pm,-0.4683321942659635,-0.3739544796213814
NOR,2006,pat_res_pm,-0.48284743370843053,-0.38297604675080144
NOR,2007,pat_res_pm,-0.395761443811101,-0.3268327349985167
NOR,2008,pat_res_pm,-0.5172536061425657,-0.40384442025584133
NOR,2009,pat_res_pm,-0.5321942783163935,-0.4126851774549356
NOR,2010,pat_res_pm,-0.6015046936279118,-0.4520135363062122
NOR,2011,pat_res_pm,-0.5795359751613507,-0.43984176639767536
NOR,2012,pat_res_pm,-0.6491683092221576,-0.47751986197875074
NOR,2013,pat_res_pm,-0.588927615524848,-0.44507794443668824
NOR,2014,pat_res_pm,-0.5698133905943852,-0.4343690190872086
NOR,2015,pat_res_pm,-0.5320916150810175,-0.4126248787198902
NOR,2016,pat_res_pm,-0.3328033667424828,-0.28308885112839466
NOR,2017,pat_res_pm,-0.3775314410076689,-0.31444835318914166
NOR,2018,pat_res_pm,-0.3726474350869893,-0.31109192515186346
NOR,2019,pat_res_pm,-0.41575779950049974,-0.3401599352742478
NOR,2020,pat_res_pm,-0.5705936639846918,-0.4348101937495399
NOR,2021,pat_res_pm,-0.416842631991047,-0.34087536308519684
NZL,2000,pat_res_pm,1.6497075099719964,4.205457060212315
NZL,2001,pat_res_pm,1.7909874232970813,4.995369512118823
NZL,2002,pat_res_pm,1.760251469072613,4.81389922643885
NZL,2003,pat_res_pm,1.7790884668197968,4.924453620500717
NZL,2004,pat_res_pm,1.6092291916072146,3.9989565047689526
NZL,2005,pat_res_pm,1.7871147279530115,4.972196173126632
NZL,2006,pat_res_pm,1.9278549373789993,5.87474764968769
NZL,2007,pat_res_pm,1.802007068759706,5.061801715975203
NZL,2008,pat_res_pm,1.3717145905705888,2.9421039985853485
NZL,2009,pat_res_pm,1.4523387540636294,3.2730965597886374
NZL,2010,pat_res_pm,1.499912235115545,3.481295752674635
NZL,2011,pat_res_pm,1.4414399703402232,3.226777871726406
NZL,2012,pat_res_pm,1.4304125674043489,3.180423542683412
NZL,2013,pat_res_pm,1.4956229372422456,3.4621153050665656
NZL,2014,pat_res_pm,1.4911772464714774,3.442322149959809
NZL,2015,pat_res_pm,1.13678046036594,2.11671779828869
NZL,2016,pat_res_pm,1.1362460011343485,2.115052484749867
NZL,2017,pat_res_pm,1.0937858274244148,1.9855555022133342
NZL,2018,pat_res_pm,1.1262407045552791,2.0840408597370126
NZL,2019,pat_res_pm,0.0499928454891263,0.051263575072439505
NZL,2020,pat_res_pm,0.03839459087356367,0.03914118761995766
NZL,2021,pat_res_pm,0.060698653948150216,0.06257866205167129
POL,2000,pat_res_pm,0.5815812699039196,0.7888648736634793
POL,2001,pat_res_pm,0.48776609923019176,0.628673857348077
POL,2002,pat_res_pm,0.5114992561809109,0.6677897655936513
POL,2003,pat_res_pm,0.5147077765770245,0.6731494968785361
POL,2004,pat_res_pm,0.4813770621380824,0.6183013700491196
POL,2005,pat_res_pm,0.34117314844319857,0.40659676981913306
POL,2006,pat_res_pm,0.3299641104240756,0.3909182081033409
POL,2007,pat_res_pm,0.3490727679481296,0.41775235351817575
POL,2008,pat_res_pm,0.2413918877834833,0.273019818483325
POL,2009,pat_res_pm,0.1943393157661797,0.2145083148672089
POL,2010,pat_res_pm,0.2727967527641839,0.313633225368243
POL,2011,pat_res_pm,0.38682037333520025,0.4722920046170178
POL,2012,pat_res_pm,0.5684064876345349,0.7654515398938393
POL,2013,pat_res_pm,0.5028707515644175,0.6534611401058452
POL,2014,pat_res_pm,0.39453822197945954,0.4836988931674069
POL,2015,pat_res_pm,0.5003579185370679,0.6493114842232495
POL,2016,pat_res_pm,0.4980817029596558,0.645561565162023
POL,2017,pat_res_pm,0.37344417544233277,0.4527294633001191
POL,2018,pat_res_pm,0.39399869761250894,0.4828986173648857
POL,2019,pat_res_pm,0.320741959284117,0.37814991621676874
POL,2020,pat_res_pm,0.2801238285941299,0.32329366378648783
POL,2021,pat_res_pm,0.11295534948738783,0.11958194192491356
PRT,2000,pat_res_pm,-2.4877815169005664,-0.9169058948866106
PRT,2001,pat_res_pm,-2.2244090982268747,-0.8918687052654907
PRT,2002,pat_res_pm,-2.0248453881232042,-0.8679857474186223
PRT,2003,pat_res_pm,-1.9389619958543958,-0.8561468074827971
PRT,2004,pat_res_pm,-1.9630316683169293,-0.8595679684287137
PRT,2005,pat_res_pm,-1.6359933814115366,-0.8052411946042982
PRT,2006,pat_res_pm,-1.4559146351272316,-0.766813014673736
PRT,2007,pat_res_pm,-1.140594369919155,-0.6803710125088995
PRT,2008,pat_res_pm,-0.776386015537136,-0.5399343192889081
PRT,2009,pat_res_pm,-0.44297161396960005,-0.3578745657788076
PRT,2010,pat_res_pm,-0.5648049410206903,-0.43152897867916473
PRT,2011,pat_res_pm,-0.3562923178257731,-0.29973211047343273
PRT,2012,pat_res_pm,-0.09685302338281776,-0.09231059455199264
PRT,2013,pat_res_pm,-0.0484637973499602,-0.0473081713496033
PRT,2014,pat_res_pm,0.09049023069493245,0.09471081302551387
PRT,2015,pat_res_pm,0.33154653297555114,0.39312097083415765
PRT,2016,pat_res_pm,0.19711247226277528,0.2178810108361735
PRT,2017,pat_res_pm,0.07483172629316837,0.07770278658287677
PRT,2018,pat_res_pm,0.12082229205059924,0.12842436456852147
PRT,2019,pat_res_pm,0.22825412828677294,0.256404572807313
PRT,2020,pat_res_pm,0.3020907038101788,0.35268391473029626
PRT,2021,pat_res_pm,0.3769590485363752,0.4578446072783846
SVK,2000,pat_res_pm,0.8880623937939993,1.4304158971395107
SVK,2001,pat_res_pm,0.8850920389961647,1.4232074107997446
SVK,2002,pat_res_pm,0.8567498042511068,1.3554924272990831
SVK,2003,pat_res_pm,0.641314618954651,0.8989756685053083
SVK,2004,pat_res_pm,0.5768984663769241,0.7805075540387323
SVK,2005,pat_res_pm,0.20176352326592895,0.223558630748256
SVK,2006,pat_res_pm,0.2922061792397117,0.339379141345876
SVK,2007,pat_res_pm,0.33910041455582407,0.40368428847057425
SVK,2008,pat_res_pm,-0.18660999582969762,-0.17023271400962803
SVK,2009,pat_res_pm,-0.14931317649761677,-0.1387006660521689
SVK,2010,pat_res_pm,0.0406291627959523,0.04146581965264495
SVK,2011,pat_res_pm,-0.021934779312893227,-0.02169596136787033
SVK,2012,pat_res_pm,-0.2560440536833055,-0.2258921342616902
SVK,2013,pat_res_pm,-0.18948930273449216,-0.1726184324295783
SVK,2014,pat_res_pm,-0.06070225991867062,-0.058896597730330624
SVK,2015,pat_res_pm,-0.06281729560051508,-0.06088496153501366
SVK,2016,pat_res_pm,0.01729901605704276,0.017449510585282546
SVK,2017,pat_res_pm,-0.15887621406272512,-0.1468980455415979
SVK,2018,pat_res_pm,0.010099155166607865,0.010150323742210476
SVK,2019,pat_res_pm,0.015156021584430857,0.015271456520393523
SVK,2020,pat_res_pm,-0.03244952676215762,-0.03192868970828444
SVK,2021,pat_res_pm,-0.3342802649649639,-0.28414687444114917
SVN,2000,pat_res_pm,1.368695315334553,2.9302196516898444
SVN,2001,pat_res_pm,1.3096723361584193,2.7049595320264253
SVN,2002,pat_res_pm,1.2523659643229506,2.4986107611815895
SVN,2003,pat_res_pm,1.3162666972066788,2.7294721064040344
SVN,2004,pat_res_pm,1.3452738443769885,2.8392377503292883
SVN,2005,pat_res_pm,1.3605443817934786,2.8983148959187974
SVN,2006,pat_res_pm,1.116156310318745,2.0530964658399977
SVN,2007,pat_res_pm,1.172145664813483,2.228913376899509
SVN,2008,pat_res_pm,0.9531699382151704,1.5939192041787695
SVN,2009,pat_res_pm,1.2092815644597898,2.3510762552337874
SVN,2010,pat_res_pm,1.4092786182907524,3.0930017222548933
SVN,2011,pat_res_pm,1.4944508474419314,3.456888369047263
SVN,2018,pat_res_pm,1.0617906430109416,1.8915440795035625
SVN,2020,pat_res_pm,0.9950880756363327,1.704962572087926
SVN,2021,pat_res_pm,0.9402116866340506,1.5605233895409567
SWE,2000,pat_res_pm,0.9679855846452039,1.6326358921548918
SWE,2001,pat_res_pm,0.8886615788083931,1.4318726022981894
SWE,2002,pat_res_pm,0.7020746925299246,1.0179349621158598
SWE,2003,pat_res_pm,0.6602053505855308,0.9351896859375703
SWE,2004,pat_res_pm,0.5130185182248912,0.6703255010174085
SWE,2005,pat_res_pm,0.4543800534932325,0.5751965426767889
SWE,2006,pat_res_pm,0.3889129604637356,0.475376129690112
SWE,2007,pat_res_pm,0.4196369684249941,0.5214091357969852
SWE,2008,pat_res_pm,0.4047709705754725,0.49895915498754895
SWE,2009,pat_res_pm,0.21312307573108225,0.23753695263629293
SWE,2010,pat_res_pm,0.15153890839179152,0.1636235756508828
SWE,2011,pat_res_pm,0.033779091760086644,0.034356083705842755
SWE,2012,pat_res_pm,0.26910749425008795,0.3087958215105122
SWE,2013,pat_res_pm,0.26083907536816753,0.29801876543362393
SWE,2014,pat_res_pm,0.10819763565512464,0.1142679427011708
SWE,2015,pat_res_pm,0.08099402108092768,0.08436441322030719
SWE,2016,pat_res_pm,0.20009755446819355,0.22152191726884962
SWE,2017,pat_res_pm,0.22064297617736717,0.24687818587103605
SWE,2018,pat_res_pm,0.19777520413507954,0.21868840691273395
SWE,2019,pat_res_pm,0.23579674349860724,0.26591697815952964
SWE,2020,pat_res_pm,0.15776361430396957,0.170889380490316
SWE,2021,pat_res_pm,0.2206489081995633,0.2468855824020486
TUR,2000,pat_res_pm,-1.7930503716517963,-0.8335483449279375
TUR,2001,pat_res_pm,-1.4386988389217952,-0.7627637594911838
TUR,2002,pat_res_pm,-1.3442452583946412,-0.7392635777577281
TUR,2003,pat_res_pm,-1.192317188332676,-0.6964828577904101
TUR,2004,pat_res_pm,-1.0314161311871826,-0.6434982503148811
TUR,2005,pat_res_pm,-0.8161579994899504,-0.5578729520870497
TUR,2006,pat_res_pm,-0.7530204436008865,-0.5290580512394321
TUR,2007,pat_res_pm,-0.27673006908596465,-0.24174085292676484
TUR,2008,pat_res_pm,-0.13239266585132636,-0.12400304655239103
TUR,2009,pat_res_pm,-0.010845506428898588,-0.010786905965945226
TUR,2010,pat_res_pm,0.08968977469960704,0.09383489580544402
TUR,2011,pat_res_pm,0.10700089424598724,0.11293524971676172
TUR,2012,pat_res_pm,0.2326672469707205,0.2619614879464862
TUR,2013,pat_res_pm,0.0430836927929672,0.044025268584941823
TUR,2014,pat_res_pm,0.08724116972817253,0.09115980270136359
TUR,2015,pat_res_pm,0.12153298580273564,0.12922661375715472
TUR,2016,pat_res_pm,0.37036851967318984,0.4482682316685289
TUR,2017,pat_res_pm,0.5554014521119308,0.74264043104897
TUR,2018,pat_res_pm,0.4446481792011143,0.5599412794910705
TUR,2019,pat_res_pm,0.6300857369925001,0.8777715668496928
TUR,2020,pat_res_pm,0.49828447267560616,0.6458952690445472
TUR,2021,pat_res_pm,0.46331184074395715,0.5893288826484047
USA,2000,pat_res_pm,-0.26855528023344455,-0.23551683916585886
USA,2001,pat_res_pm,-0.18488244058782222,-0.16879800627356112
USA,2002,pat_res_pm,-0.15986198340241398,-0.14773859293094305
USA,2003,pat_res_pm,-0.08766817802119053,-0.08393520326956327
USA,2004,pat_res_pm,-0.13096989810189008,-0.1227558192914534
USA,2005,pat_res_pm,-0.014434048033798774,-0.014330376561544678
USA,2006,pat_res_pm,0.05988138946249677,0.061710609010740214
USA,2007,pat_res_pm,0.17103873112078816,0.1865367040281649
USA,2008,pat_res_pm,0.08449129553444035,0.08816337231018267
USA,2009,pat_res_pm,-0.0213890889340993,-0.021161964581250192
USA,2010,pat_res_pm,0.05102985362418089,0.05235430940431707
USA,2011,pat_res_pm,0.08358111142824676,0.08717339390341383
USA,2012,pat_res_pm,0.20855764425070156,0.23189993996324443
USA,2013,pat_res_pm,0.2273465556361689,0.25526481166519366
USA,2014,pat_res_pm,0.22001446527479462,0.24609475556007165
USA,2015,pat_res_pm,0.20598502265195506,0.2287348006687313
USA,2016,pat_res_pm,0.3545530139459716,0.42554331387024047
USA,2017,pat_res_pm,0.37164368338580545,0.45011618873718007
USA,2018,pat_res_pm,0.367483902393273,0.4440965518440749
USA,2019,pat_res_pm,0.4213562677843141,0.5240271434739849
USA,2020,pat_res_pm,0.30915146754958656,0.3622686943783575
USA,2021,pat_res_pm,0.31686773523930256,0.3728209840779475
AUS,2000,mva_share,-0.3321950122152062,-0.2826525822957189
AUS,2001,mva_share,-0.3779489679344401,-0.3147345297140177
AUS,2002,mva_share,-0.38719712405371043,-0.32104275706967633
AUS,2003,mva_share,-0.3373852906190362,-0.28636616949346916
AUS,2004,mva_share,-0.32395962283158664,-0.276720554233745
AUS,2005,mva_share,-0.3596967414190968,-0.30211206551198244
AUS,2006,mva_share,-0.4002938219284662,-0.329876879761001
AUS,2007,mva_share,-0.44747014855658973,-0.3607567016993404
AUS,2008,mva_share,-0.425838712550068,-0.3467783099145709
AUS,2009,mva_share,-0.4203034628079938,-0.34315253920731337
AUS,2010,mva_share,-0.5094074438662699,-0.39914848840456874
AUS,2011,mva_share,-0.5982536273246348,-0.4502290968857193
AUS,2012,mva_share,-0.6280497384030395,-0.46636849213611087
AUS,2013,mva_share,-0.6770791657870829,-0.4919011002409023
AUS,2014,mva_share,-0.7249512115579062,-0.5156518010270192
AUS,2015,mva_share,-0.7732080745728063,-0.5384699320802865
AUS,2016,mva_share,-0.7957509389146213,-0.5487577477062706
AUS,2017,mva_share,-0.8373351270010754,-0.567137488584584
AUS,2018,mva_share,-0.8496346739433911,-0.5724288937141083
AUS,2019,mva_share,-0.8597338960705185,-0.5767252976056809
AUS,2020,mva_share,-0.839207797536214,-0.5679473389273687
AUS,2021,mva_share,-0.8681035639778594,-0.5802531820931165
AUS,2022,mva_share,-0.9021692722799355,-0.5943113446374695
AUS,2023,mva_share,-0.8954906416712012,-0.5915928321003565
AUT,2000,mva_share,0.22569916191720818,0.2531985986992473
AUT,2001,mva_share,0.24384972330841315,0.2761525400973168
AUT,2002,mva_share,0.23793391696838384,0.2686253554453544
AUT,2003,mva_share,0.23825154444863728,0.26902836972120614
AUT,2004,mva_share,0.23725715149867854,0.2677670840677704
AUT,2005,mva_share,0.26053315775006425,0.29762173935638137
AUT,2006,mva_share,0.2965443128443104,0.34520216841078755
AUT,2007,mva_share,0.32772249788239183,0.38780380035544715
AUT,2008,mva_share,0.32381560192600745,0.382392373124427
AUT,2009,mva_share,0.3393764183786949,0.4040717641702234
AUT,2010,mva_share,0.3202868164544821,0.3775228038879066
AUT,2011,mva_share,0.3250703461754445,0.38412801066797075
AUT,2012,mva_share,0.34703736106132643,0.41486958541231833
AUT,2013,mva_share,0.35151837106365935,0.42122385631977566
AUT,2014,mva_share,0.3440734423070544,0.41068223546121496
AUT,2015,mva_share,0.3103896114910514,0.36395642371927095
AUT,2016,mva_share,0.3494436501241416,0.41827827011661234
AUT,2017,mva_share,0.3487436796251475,0.4172858645360009
AUT,2018,mva_share,0.3410786309706091,0.4064638281302526
AUT,2019,mva_share,0.3430328099713358,0.40921499747162615
AUT,2020,mva_share,0.3143837766719555,0.3694151853157823
AUT,2021,mva_share,0.3262295350191562,0.38573340671503287
AUT,2022,mva_share,0.30159035992223737,0.35200727689116396
AUT,2023,mva_share,0.26386532046600175,0.30195283809105633
BEL,2000,mva_share,0.1400143327686738,0.15029028558364788
BEL,2001,mva_share,0.1217722718684402,0.12949685428195612
BEL,2002,mva_share,0.13289050257124702,0.14212493174044383
BEL,2003,mva_share,0.11521773581770223,0.12211773619754185
BEL,2004,mva_share,0.11842224877698104,0.12571934464344614
BEL,2005,mva_share,0.12557139634244718,0.1337961149665572
BEL,2006,mva_share,0.08111023432250697,0.08449043804655565
BEL,2007,mva_share,0.09932412619988629,0.10442421437463145
BEL,2008,mva_share,0.05517612804325145,0.05672671749505431
BEL,2009,mva_share,0.04853720609933365,0.04973442761715163
BEL,2010,mva_share,0.04015057792378096,0.04096750911792868
BEL,2011,mva_share,0.019828398794638158,0.020026287267157272
BEL,2012,mva_share,0.008532949503836651,0.008569458887814019
BEL,2013,mva_share,0.02636939956269657,0.02672014840481829
BEL,2014,mva_share,0.01033639625010263,0.010390001329068754
BEL,2015,mva_share,-0.026424812452194413,-0.0260787321653817
BEL,2016,mva_share,-0.03783838846461718,-0.037131461019405676
BEL,2017,mva_share,-0.010417871844600413,-0.01036379377344021
BEL,2018,mva_share,-0.020287077481995652,-0.020082679273305648
BEL,2019,mva_share,0.0009641304626288871,0.0009645953858068435
BEL,2020,mva_share,-0.02775874458315597,-0.02737701093717848
BEL,2021,mva_share,-0.14788458938495097,-0.1374693456086976
BEL,2022,mva_share,-0.001621181582535769,-0.0016198681775259072
BEL,2023,mva_share,-0.03637646763941227,-0.03572279402141032
CAN,2000,mva_share,0.07874316615421373,0.08192641106235499
CAN,2001,mva_share,0.031793653912562725,0.032304471337806895
CAN,2002,mva_share,0.0362800979979534,0.03694625238724902
CAN,2003,mva_share,-0.009860544443519359,-0.00981208867270389
CAN,2004,mva_share,-0.02575899699362072,-0.025430064407276798
CAN,2005,mva_share,-0.06944428044150364,-0.06708788661253495
CAN,2006,mva_share,-0.11932846229732341,-0.11248376274143945
CAN,2007,mva_share,-0.16398809816146498,-0.15124787646917692
CAN,2008,mva_share,-0.24686475646081796,-0.21875365509245925
CAN,2009,mva_share,-0.22185568913520815,-0.19896904653630565
CAN,2010,mva_share,-0.25597514810709976,-0.22583879207539015
CAN,2011,mva_share,-0.26499235149885525,-0.23278818202611695
CAN,2012,mva_share,-0.2410625705370104,-0.21420754260594155
CAN,2013,mva_share,-0.26669391478129034,-0.23409253145417563
CAN,2014,mva_share,-0.29278834616745764,-0.25381994414645404
CAN,2015,mva_share,-0.27460563160340445,-0.24012826646015994
CAN,2016,mva_share,-0.2682837245811771,-0.23530921125248028
CAN,2017,mva_share,-0.28007239802950945,-0.2442709738172283
CAN,2018,mva_share,-0.26425080784017974,-0.23221904997558585
CAN,2019,mva_share,-0.30969937669711767,-0.2663325193835169
CAN,2020,mva_share,-0.3398852629222233,-0.2881480061052444
CAN,2021,mva_share,-0.32521957643154886,-0.2776312789193137
CAN,2022,mva_share,-0.3550359021844418,-0.29885172999782217
CHE,2000,mva_share,0.22020487877209272,0.2463320514118923
CHE,2001,mva_share,0.2708153709584109,0.3110329932730034
CHE,2002,mva_share,0.31473424874485056,0.36989521120735525
CHE,2003,mva_share,0.3215913747199943,0.3793210353414731
CHE,2004,mva_share,0.3275252687049668,0.3875301119440331
CHE,2005,mva_share,0.36477092596460725,0.4401840615848689
CHE,2006,mva_share,0.3955579620524552,0.485212652074162
CHE,2007,mva_share,0.4214519190225876,0.5241729255294265
CHE,2008,mva_share,0.46134632270167275,0.5862080960403289
CHE,2009,mva_share,0.46980143446901046,0.5996765210612178
CHE,2010,mva_share,0.4397847830686814,0.552373085585353
CHE,2011,mva_share,0.4538596221766431,0.5743769743492066
CHE,2012,mva_share,0.44911326077336255,0.5669221179604693
CHE,2013,mva_share,0.4689469109603186,0.5983101437515803
CHE,2014,mva_share,0.4501590639195734,0.568561667214752
CHE,2015,mva_share,0.3912392860912308,0.4788123303019107
CHE,2016,mva_share,0.42704028934150173,0.5327144125344518
CHE,2017,mva_share,0.4474235007475258,0.5642766313501706
CHE,2018,mva_share,0.454134346060048,0.5748095527226278
CHE,2019,mva_share,0.5020798803604549,0.6521539822681439
CHE,2020,mva_share,0.5015559541262653,0.6512886021713757
CHE,2021,mva_share,0.5749171507389996,0.7769832990621259
CHE,2022,mva_share,0.5291479234996759,0.69748530488922
CHE,2023,mva_share,0.5083744842762248,0.6625864368328238
CHL,2000,mva_share,-0.20584748031036204,-0.18604278868258972
CHL,2001,mva_share,-0.1458034638091421,-0.1356724418612968
CHL,2002,mva_share,-0.12863529341437108,-0.12070540839692256
CHL,2003,mva_share,-0.14340291158308727,-0.13359508601455483
CHL,2004,mva_share,-0.19552185067499428,-0.1775946267446732
CHL,2005,mva_share,-0.27348583828370865,-0.23927689057556667
CHL,2006,mva_share,-0.35026186983006946,-0.2954964226714246
CHL,2007,mva_share,-0.4262028856267226,-0.3470161523566513
CHL,2008,mva_share,-0.45634643763138394,-0.36640570183544385
CHL,2009,mva_share,-0.3478185044412698,-0.293772958345181
CHL,2010,mva_share,-0.4102857939153428,-0.3365393899668008
CHL,2011,mva_share,-0.4067434735961646,-0.33418503248461107
CHL,2012,mva_share,-0.39117490731356064,-0.32373813745124946
CHL,2013,mva_share,-0.35668144428521886,-0.3000045502277515
CHL,2014,mva_share,-0.37396004411407624,-0.31199559889483786
CHL,2015,mva_share,-0.3621246311115467,-0.30380440519626106
CHL,2016,mva_share,-0.417301623937989,-0.3411778265661106
CHL,2017,mva_share,-0.46644930212987346,-0.37277459298317583
CHL,2018,mva_share,-0.420075882218931,-0.3430030364639459
CHL,2019,mva_share,-0.4773898961346461,-0.3795994096611346
CHL,2020,mva_share,-0.47214610390889744,-0.3763376132515668
CHL,2021,mva_share,-0.5250237741437993,-0.40845869918830746
CHL,2022,mva_share,-0.43010716774318736,-0.34956061513289716
CHL,2023,mva_share,-0.41244171818363196,-0.33796822001889837
CHN,2004,mva_share,0.20877222036555043,0.2321643046284012
CHN,2005,mva_share,0.24924670264957483,0.2830585279665503
CHN,2006,mva_share,0.287426965883431,0.3329932346247517
CHN,2007,mva_share,0.31734605062323507,0.3734777825398994
CHN,2008,mva_share,0.35387484096312205,0.4245768766517377
CHN,2009,mva_share,0.43521386119493366,0.5452935019304599
CHN,2010,mva_share,0.4191611173012615,0.5206853437723409
CHN,2011,mva_share,0.4422984282206035,0.5562801090440148
CHN,2012,mva_share,0.4520006002008068,0.5714528917646595
CHN,2013,mva_share,0.44969135194556786,0.5678282036792395
CHN,2014,mva_share,0.4393195177831819,0.5516509882749181
CHN,2015,mva_share,0.36363459868586157,0.4385484706085918
CHN,2016,mva_share,0.3563253586802113,0.4280721083418366
CHN,2017,mva_share,0.37921268763467664,0.4611337677828451
CHN,2018,mva_share,0.3764524592640859,0.4571062658733802
CHN,2019,mva_share,0.35818261857125444,0.4307268739218777
CHN,2020,mva_share,0.3492912820240144,0.41806218621370794
CHN,2021,mva_share,0.38503051961032453,0.46965917418200265
CHN,2022,mva_share,0.3538755519242178,0.42457788947083497
CHN,2023,mva_share,0.3348779337304437,0.3977697542689347
COL,2000,mva_share,-0.4134000252432126,-0.338602345855159
COL,2001,mva_share,-0.3900472457102193,-0.3229751127790931
COL,2002,mva_share,-0.3727599422173471,-0.3111694278625594
COL,2003,mva_share,-0.3373194365853509,-0.28631917227969494
COL,2004,mva_share,-0.3142542822181107,-0.2696667062239513
COL,2005,mva_share,-0.1870924226484698,-0.1706329194590469
COL,2006,mva_share,-0.1715405937001222,-0.157633927429774
COL,2007,mva_share,-0.14118621575841273,-0.1316723996411161
COL,2008,mva_share,-0.1573145762019279,-0.1455647684533623
COL,2009,mva_share,-0.11290432939113071,-0.10676388752894495
COL,2010,mva_share,-0.1973820487287523,-0.17912304160149606
COL,2011,mva_share,-0.25018463816914593,-0.22134300000498042
COL,2012,mva_share,-0.2399888382582578,-0.2133633587474132
COL,2013,mva_share,-0.2514358756428945,-0.22231667554587697
COL,2014,mva_share,-0.28890887870336,-0.25091954052432264
COL,2015,mva_share,-0.3117845166068438,-0.2678607249129533
COL,2016,mva_share,-0.30530223530527856,-0.26309937665314886
COL,2017,mva_share,-0.37132824543949905,-0.3101825250477328
COL,2018,mva_share,-0.3976166339564835,-0.3280804305606333
COL,2019,mva_share,-0.403769504576319,-0.3322019720797631
COL,2020,mva_share,-0.42467899889944816,-0.34602032036323693
COL,2021,mva_share,-0.3843779328667316,-0.31912594613536704
COL,2022,mva_share,-0.3910560062115227,-0.32365772439002016
COL,2023,mva_share,-0.4064453070868286,-0.3339864791603785
CRI,2000,mva_share,-0.017633969200634425,-0.017479400651637556
CRI,2001,mva_share,-0.05851694620954451,-0.056837742761005616
CRI,2002,mva_share,-0.03410095796499846,-0.03352607352889758
CRI,2003,mva_share,-0.02895693654990028,-0.02854170208821183
CRI,2004,mva_share,-0.03166065877679847,-0.03116470794329229
CRI,2005,mva_share,-0.010777335194473103,-0.010719467789569226
CRI,2006,mva_share,-0.017003220346875736,-0.01685948142368565
CRI,2007,mva_share,-0.017897870629378865,-0.017738655031271255
CRI,2008,mva_share,-0.04554470588336601,-0.04452311382110785
CRI,2009,mva_share,-0.03486079760619765,-0.03426015980117181
CRI,2010,mva_share,-0.03191179460521543,-0.031407986647684516
CRI,2011,mva_share,-0.05339940463504922,-0.051998699255829006
CRI,2012,mva_share,-0.06139147005333845,-0.059544992267236085
CRI,2013,mva_share,-0.12357769168161603,-0.11624702167817502
CRI,2014,mva_share,-0.17510355195398297,-0.16062990214498152
CRI,2015,mva_share,-0.2635127569784692,-0.23165217941989646
CRI,2016,mva_share,-0.24562581943755735,-0.2177851402308929
CRI,2017,mva_share,-0.20871991713193205,-0.18837747462335852
CRI,2018,mva_share,-0.19308499018857006,-0.17558809576167733
CRI,2019,mva_share,-0.16780906969731202,-0.1544847462424006
CRI,2020,mva_share,-0.10336931819712003,-0.09820613691025215
CRI,2021,mva_share,-0.03818573947959347,-0.037465856304076506
CRI,2022,mva_share,-0.008347535429745978,-0.008312791498482297
CRI,2023,mva_share,-0.01739041947703468,-0.017240078889043664
CZE,2000,mva_share,0.32640743395475624,0.3859799491422804
CZE,2001,mva_share,0.35352281534504426,0.4240754773541118
CZE,2002,mva_share,0.3241061733689894,0.3827941152356187
CZE,2003,mva_share,0.31643466496241723,0.37222658483187177
CZE,2004,mva_share,0.37820502761896035,0.4596621832603969
CZE,2005,mva_share,0.4029199714240246,0.49618714914529605
CZE,2006,mva_share,0.4496667920792081,0.567789698500925
CZE,2007,mva_share,0.4668030755175163,0.5948873001345036
CZE,2008,mva_share,0.44511125490706105,0.560663817682336
CZE,2009,mva_share,0.4446687436045096,0.5599733590826625
CZE,2010,mva_share,0.432830662668203,0.5416151456009621
CZE,2011,mva_share,0.4830988555349549,0.621090150825421
CZE,2012,mva_share,0.4898588518738274,0.6320858378389955
CZE,2013,mva_share,0.5068546726975836,0.6600615378869663
CZE,2014,mva_share,0.5742971483636468,0.7758819066639782
CZE,2015,mva_share,0.5568076672316247,0.7450926821634998
CZE,2016,mva_share,0.5753501323754167,0.7777528667911642
CZE,2017,mva_share,0.5686967669896417,0.7659640884158401
CZE,2018,mva_share,0.5304112252952069,0.699631096228422
CZE,2019,mva_share,0.5402254197182921,0.7163937275702243
CZE,2020,mva_share,0.4818297846473807,0.6190341773728381
CZE,2021,mva_share,0.41705566689511286,0.5174869843727259
CZE,2022,mva_share,0.393786475665042,0.4825839471235591
CZE,2023,mva_share,0.4515537339053286,0.5707508193103394
DEU,2000,mva_share,0.203202479099871,0.2253205449324711
DEU,2001,mva_share,0.20513723917557014,0.22769354105158013
DEU,2002,mva_share,0.19716900186311648,0.2179498591089435
DEU,2003,mva_share,0.21747847565784495,0.24293867578246875
DEU,2004,mva_share,0.2363732762395956,0.26664703117432254
DEU,2005,mva_share,0.25501448453756437,0.29048031274808417
DEU,2006,mva_share,0.2980635107724159,0.3472473498822972
DEU,2007,mva_share,0.3233704461021758,0.381777130058387
DEU,2008,mva_share,0.31732910733094544,0.3734545115015211
DEU,2009,mva_share,0.2614820395991484,0.29885361343087924
DEU,2010,mva_share,0.3494960824219624,0.41835263565482483
DEU,2011,mva_share,0.3879529695402799,0.4739604616198967
DEU,2012,mva_share,0.39994180219002384,0.49173787923734413
DEU,2013,mva_share,0.4005483676401238,0.49264299037231574
DEU,2014,mva_share,0.4092407276537373,0.5056741342639346
DEU,2015,mva_share,0.37484646497650465,0.45476803962555357
DEU,2016,mva_share,0.40387190714541044,0.4976121012622512
DEU,2017,mva_share,0.4017943472732788,0.49450395225743793
DEU,2018,mva_share,0.3847920050524758,0.469308680874424
DEU,2019,mva_share,0.37321842953879836,0.4524015525884779
DEU,2020,mva_share,0.33798450399846747,0.4021187760022753
DEU,2021,mva_share,0.3286359413496607,0.3890720598242119
DEU,2022,mva_share,0.3060053886749219,0.3579896242928087
DEU,2023,mva_share,0.34676233353423624,0.4144805108346492
DNK,2000,mva_share,-0.025434881839441648,-0.025114140327218593
DNK,2001,mva_share,-0.02381894943017082,-0.023537517156071885
DNK,2002,mva_share,-0.00795378276338532,-0.007922235129679267
DNK,2003,mva_share,-0.04105276301109573,-0.040221512191206954
DNK,2004,mva_share,-0.06926178255124338,-0.06691761658355555
DNK,2005,mva_share,-0.10512920748223742,-0.09979179856355114
DNK,2006,mva_share,-0.0881616722275016,-0.08438716441008065
DNK,2007,mva_share,-0.08705453978211342,-0.08337289837256845
DNK,2008,mva_share,-0.07143071880237928,-0.06893921963365712
DNK,2009,mva_share,-0.05371379417263933,-0.052296694100719576
DNK,2010,mva_share,-0.11088683260342513,-0.10495996745176506
DNK,2011,mva_share,-0.1080561867719263,-0.10242283694974286
DNK,2012,mva_share,-0.07209655756097177,-0.0695589496448038
DNK,2013,mva_share,-0.0042188055337133434,-0.004209918875068275
DNK,2014,mva_share,-0.01235044567856658,-0.012274491933425447
DNK,2015,mva_share,0.006887281509841081,0.006911053376314147
DNK,2016,mva_share,0.05971113581183163,0.06152986429026708
DNK,2017,mva_share,0.07904593355859468,0.08225403270763842
DNK,2018,mva_share,0.07649445746451633,0.07949620717455175
DNK,2019,mva_share,0.1214271114211587,0.12910706391650728
DNK,2020,mva_share,0.08825846536963633,0.09227039961971562
DNK,2021,mva_share,0.05770681676779965,0.059404350582830556
DNK,2022,mva_share,0.06581127288696065,0.06802513284440304
DNK,2023,mva_share,0.3178223368930455,0.374132106960112
ESP,2000,mva_share,-0.029549875568410044,-0.02911754688060464
ESP,2001,mva_share,-0.04229181802331228,-0.041409994087866386
ESP,2002,mva_share,-0.05816466180497892,-0.05650542287468563
ESP,2003,mva_share,-0.07899258309919777,-0.07595322201704036
ESP,2004,mva_share,-0.113341572616934,-0.10715436359543729
ESP,2005,mva_share,-0.13030384726806776,-0.12217133544705827
ESP,2006,mva_share,-0.15161589346669357,-0.1406817128734632
ESP,2007,mva_share,-0.17505381355547422,-0.16058815218227862
ESP,2008,mva_share,-0.16377275312447281,-0.1510650822305284
ESP,2009,mva_share,-0.17819429705001077,-0.1632201761583173
ESP,2010,mva_share,-0.231267768904317,-0.20647304425879665
ESP,2011,mva_share,-0.23253325542283543,-0.20747660679200985
ESP,2012,mva_share,-0.2578577032532996,-0.2272948222827611
ESP,2013,mva_share,-0.2396691286944317,-0.21311182328294442
ESP,2014,mva_share,-0.23611525969025893,-0.21031035069721116
ESP,2015,mva_share,-0.264264710247363,-0.2322297239047838
ESP,2016,mva_share,-0.2515984251255685,-0.2224430772944035
ESP,2017,mva_share,-0.22274581665863913,-0.199681748990011
ESP,2018,mva_share,-0.25325499522261374,-0.22373008853481968
ESP,2019,mva_share,-0.2473693726518058,-0.21914778519667033
ESP,2020,mva_share,-0.2406487169035696,-0.21388227223979972
ESP,2021,mva_share,-0.21163054963060768,-0.19073637491111717
ESP,2022,mva_share,-0.23500180349089916,-0.2094305761573112
ESP,2023,mva_share,-0.23087373903791297,-0.20616030932903284
EST,2000,mva_share,-0.066885209086053,-0.06469744058959537
EST,2001,mva_share,-0.008497483380695225,-0.008461481815196903
EST,2002,mva_share,0.0034573494307124086,0.0034633329569819793
EST,2003,mva_share,0.03995909229112771,0.04076819787910213
EST,2004,mva_share,0.00374141894801161,0.0037484267929195347
EST,2005,mva_share,0.021912608572835612,0.022154453030661214
EST,2006,mva_share,0.03370062201785462,0.034274921235019074
EST,2007,mva_share,0.016086313143145237,0.016216394451939564
EST,2008,mva_share,0.028617827118919248,0.02903125147930541
EST,2009,mva_share,-0.026435163687042795,-0.026088813400972244
EST,2010,mva_share,0.05729288777273567,0.058965923149800537
EST,2011,mva_share,0.12052766531833159,0.12809194955695635
EST,2012,mva_share,0.09546719367485901,0.10017272881764283
EST,2013,mva_share,0.09067304163616319,0.09491095643326353
EST,2014,mva_share,0.11481227475522049,0.12166285337286209
EST,2015,mva_share,0.05887689167314747,0.060644658513149485
EST,2016,mva_share,0.07425731630965027,0.07708392110126994
EST,2017,mva_share,0.07333407863495234,0.0760899755410922
EST,2018,mva_share,0.0654729199041717,0.06766382448333919
EST,2019,mva_share,0.058117946568489565,0.059839992828954136
EST,2020,mva_share,0.04359885966581745,0.04456325438206754
EST,2021,mva_share,0.07319132575972587,0.07593637156704669
EST,2022,mva_share,-0.026863211769774242,-0.026505605007358768
EST,2023,mva_share,-0.07567347564371607,-0.0728811159622823
FIN,2000,mva_share,0.47430371749583466,0.6068949550333111
FIN,2001,mva_share,0.4643667090459336,0.5910062998797143
FIN,2002,mva_share,0.45902568553125267,0.5825313504189626
FIN,2003,mva_share,0.4383173250980561,0.550096713975859
FIN,2004,mva_share,0.4306681244379793,0.5382849460520538
FIN,2005,mva_share,0.43745474980454846,0.5487602153460518
FIN,2006,mva_share,0.47904898022244735,0.6145382140628406
FIN,2007,mva_share,0.5123042439468883,0.6691328564645092
FIN,2008,mva_share,0.48045908259334613,0.616816484145913
FIN,2009,mva_share,0.32799200903720127,0.38817787936729875
FIN,2010,mva_share,0.3212229289397004,0.37881292393783017
FIN,2011,mva_share,0.2762246429844506,0.3181439425592676
FIN,2012,mva_share,0.17399497410715714,0.19004958474364186
FIN,2013,mva_share,0.18948160471428954,0.20862289082154795
FIN,2014,mva_share,0.17316703623086482,0.1890647053834893
FIN,2015,mva_share,0.15267406478137513,0.1649452203826638
FIN,2016,mva_share,0.16352423231648094,0.1776538921234816
FIN,2017,mva_share,0.22004840385711955,0.2461370469671691
FIN,2018,mva_share,0.1791658247897927,0.19621909050128794
FIN,2019,mva_share,0.18856145543347358,0.20751128883609504
FIN,2020,mva_share,0.18460463541822092,0.20274282419936718
FIN,2021,mva_share,0.1986744354666241,0.21978478258541911
FIN,2022,mva_share,0.24029723127591351,0.27162706148908566
FIN,2023,mva_share,0.161634436776521,0.17543046862015466
FRA,2000,mva_share,-0.14347947577998665,-0.1336614190715828
FRA,2001,mva_share,-0.16486436357935474,-0.15199128284517005
FRA,2002,mva_share,-0.17523044020747092,-0.16073640159382097
FRA,2003,mva_share,-0.19296559785084666,-0.1754896614211472
FRA,2004,mva_share,-0.21803697683004364,-0.19590429179350266
FRA,2005,mva_share,-0.23251967340554813,-0.20746584265248347
FRA,2006,mva_share,-0.26415090358333604,-0.23214234155867008
FRA,2007,mva_share,-0.25551740868650485,-0.2254843468570421
FRA,2008,mva_share,-0.27097606547692177,-0.23736525051436308
FRA,2009,mva_share,-0.2434539120941439,-0.21608439577170313
FRA,2010,mva_share,-0.29770483913333656,-0.25747952960765563
FRA,2011,mva_share,-0.2982159028589093,-0.25785890793406063
FRA,2012,mva_share,-0.29003087540483063,-0.2517595350053511
FRA,2013,mva_share,-0.27423098595326634,-0.2398435304863098
FRA,2014,mva_share,-0.2923140674563105,-0.25346596289502965
FRA,2015,mva_share,-0.314523210358995,-0.2698630869915315
FRA,2016,mva_share,-0.3153628075453354,-0.2704758506160332
FRA,2017,mva_share,-0.31805582902812635,-0.2724378318080394
FRA,2018,mva_share,-0.33234665092362103,-0.28276135168459104
FRA,2019,mva_share,-0.31446589078429943,-0.2698212346547406
FRA,2020,mva_share,-0.38455974931052106,-0.3192497289812898
FRA,2021,mva_share,-0.40838447808468636,-0.33527674183986445
FRA,2022,mva_share,-0.39463422474681176,-0.32607350019236947
FRA,2023,mva_share,-0.3343031362782076,-0.2841632467549915
GBR,2000,mva_share,-0.2296018384927878,-0.20514998181186972
GBR,2001,mva_share,-0.27826739656675503,-0.24290564998445363
GBR,2002,mva_share,-0.2882254147714596,-0.25040739605197837
GBR,2003,mva_share,-0.3099985102108387,-0.266551951093571
GBR,2004,mva_share,-0.3587955332290722,-0.3014828397005621
GBR,2005,mva_share,-0.3703149662743739,-0.3094831931232258
GBR,2006,mva_share,-0.4000062081691831,-0.32968411541169584
GBR,2007,mva_share,-0.42989694416659097,-0.3494238630653005
GBR,2008,mva_share,-0.41103001002284545,-0.3370329643536957
GBR,2009,mva_share,-0.3714155086826132,-0.3102427181313939
GBR,2010,mva_share,-0.3856309795961139,-0.31997857883581327
GBR,2011,mva_share,-0.40605018294901374,-0.33372326914529304
GBR,2012,mva_share,-0.384441081330841,-0.3191689409285786
GBR,2013,mva_share,-0.3444020803430985,-0.2913560610390171
GBR,2014,mva_share,-0.368824235306493,-0.3084530506935337
GBR,2015,mva_share,-0.4094443527389693,-0.33598089195195613
GBR,2016,mva_share,-0.4212949610832317,-0.3438034795753311
GBR,2017,mva_share,-0.4173677543990575,-0.34122139333964074
GBR,2018,mva_share,-0.4226303779339169,-0.34467919061628627
GBR,2019,mva_share,-0.41274757338470947,-0.33817067491956376
GBR,2020,mva_share,-0.4069520088382661,-0.33432386389393276
GBR,2021,mva_share,-0.4509019745734193,-0.36294671346246743
GBR,2022,mva_share,-0.548883483405104,-0.4224056558324235
GBR,2023,mva_share,-0.5093846621329745,-0.3991347998097571
GRC,2000,mva_share,-0.5153648809711586,-0.40271738220877806
GRC,2001,mva_share,-0.4516487977319801,-0.3634223019977202
GRC,2002,mva_share,-0.4329332904308103,-0.3513962415608889
GRC,2003,mva_share,-0.43390897271596884,-0.35202876413737105
GRC,2004,mva_share,-0.45552278415585556,-0.3658836247138828
GRC,2005,mva_share,-0.4483239001320305,-0.36130222376905574
GRC,2006,mva_share,-0.47359240500853117,-0.3772389648772779
GRC,2007,mva_share,-0.4691156553356155,-0.3744447698277046
GRC,2008,mva_share,-0.45440238955875545,-0.36517276600631277
GRC,2009,mva_share,-0.46207927637880575,-0.3700276039680527
GRC,2010,mva_share,-0.5241289447433899,-0.4079291337407549
GRC,2011,mva_share,-0.5339257787346869,-0.4137012334113329
GRC,2012,mva_share,-0.5342684026079265,-0.41390207895641307
GRC,2013,mva_share,-0.5665661229697552,-0.43252927846695877
GRC,2014,mva_share,-0.57388612956913,-0.4366680016726995
GRC,2015,mva_share,-0.5474163224275337,-0.42155760999203606
GRC,2016,mva_share,-0.5559678842217126,-0.4264831054786222
GRC,2017,mva_share,-0.5544524326775111,-0.4256133095148399
GRC,2018,mva_share,-0.5341003802535198,-0.41380359313012793
GRC,2019,mva_share,-0.5600749786947521,-0.42883376305565035
GRC,2020,mva_share,-0.49061277537650483,-0.3877488931897629
GRC,2021,mva_share,-0.4639477651389883,-0.37120360129822516
GRC,2022,mva_share,-0.3490719418970496,-0.29465761522461753
GRC,2023,mva_share,-0.41820957571879,-0.34177573385514226
HUN,2000,mva_share,0.07929421785854496,0.08252277275310416
HUN,2001,mva_share,0.09986314107940197,0.10501967592637818
HUN,2002,mva_share,0.10009884313290884,0.10528016203050838
HUN,2003,mva_share,0.1276323412412128,0.13613521583699817
HUN,2004,mva_share,0.16139143551863677,0.17514487223926967
HUN,2005,mva_share,0.19040415870782423,0.20973842518737507
HUN,2006,mva_share,0.24004792649833284,0.27131007830170883
HUN,2007,mva_share,0.21829846438226674,0.2439582894604868
HUN,2008,mva_share,0.20844692126533237,0.23176354787522446
HUN,2009,mva_share,0.21803046634705536,0.2436249557514112
HUN,2010,mva_share,0.24233058466354995,0.27421535925260554
HUN,2011,mva_share,0.2568081987210764,0.2927971428329126
HUN,2012,mva_share,0.2727371122199478,0.31355488190400194
HUN,2013,mva_share,0.3037294987232877,0.35490250365839615
HUN,2014,mva_share,0.33786291220179354,0.40194830022558903
HUN,2015,mva_share,0.3477354742899479,0.4158576694438061
HUN,2016,mva_share,0.3334381898808836,0.395758771859277
HUN,2017,mva_share,0.3274744296666592,0.3874595730405992
HUN,2018,mva_share,0.29621949095769917,0.34476528826252917
HUN,2019,mva_share,0.2574897785802688,0.2936785876808936
HUN,2020,mva_share,0.26091684430532025,0.29811971489873135
HUN,2021,mva_share,0.21143583533280674,0.23545069080299674
HUN,2022,mva_share,0.2219633689213354,0.24852564218560125
HUN,2023,mva_share,0.25344483998515965,0.28845630625613516
IRL,2000,mva_share,0.4654068202550188,0.5926619842646237
IRL,2001,mva_share,0.5684864407389592,0.7655926988681383
IRL,2002,mva_share,0.6561358750534101,0.9273304811275862
IRL,2003,mva_share,0.539918632783837,0.7158672411639297
IRL,2004,mva_share,0.45195124902783457,0.5713753406348157
IRL,2005,mva_share,0.39965160117789456,0.49130503820344873
IRL,2006,mva_share,0.3567409827298391,0.4286657728167367
IRL,2007,mva_share,0.3374389715493944,0.40135408331381384
IRL,2008,mva_share,0.331970541395898,0.3937117911038861
IRL,2009,mva_share,0.5542713264780743,0.7406721408443435
IRL,2010,mva_share,0.4787201868094093,0.614007451793309
IRL,2011,mva_share,0.5277127191353648,0.695050813985157
IRL,2012,mva_share,0.492063891645234,0.6356886227039493
IRL,2013,mva_share,0.482312157173272,0.6198153433698423
IRL,2014,mva_share,0.5111711091817672,0.6672425751712272
IRL,2015,mva_share,1.0885359791356626,1.9699228591753513
IRL,2016,mva_share,1.0341324982412359,1.8126651849745041
IRL,2017,mva_share,1.0434567383359634,1.8390137999728617
IRL,2018,mva_share,1.0685601193311158,1.9111847221070386
IRL,2019,mva_share,1.0599960540423816,1.886359599792835
IRL,2020,mva_share,1.1346034285233402,2.109939984832212
IRL,2021,mva_share,1.1602923175906978,2.1908658860284462
IRL,2022,mva_share,1.234562190877563,2.436873496703027
IRL,2023,mva_share,1.0164768006512621,1.7634414375236047
ISL,2000,mva_share,-0.15293972055805716,-0.14181854904877467
ISL,2001,mva_share,0.006963321293649294,0.00698762158620525
ISL,2002,mva_share,-0.11295265589955417,-0.10680705346842045
ISL,2003,mva_share,-0.14811133796468967,-0.13766490103776619
ISL,2004,mva_share,-0.1811505605725916,-0.16569026491238792
ISL,2005,mva_share,-0.3456318660747999,-0.29222700559664694
ISL,2006,mva_share,-0.2836198333036819,-0.24694712408104746
ISL,2007,mva_share,-0.41289377210857925,-0.3382674264496627
ISL,2008,mva_share,-0.04941677356890839,-0.04821563154362429
ISL,2009,mva_share,0.0206272113277417,0.02084142257632693
ISL,2010,mva_share,0.16209237697121193,0.17596886874592044
ISL,2011,mva_share,0.16699631358526057,0.18174990888004938
ISL,2012,mva_share,0.06809146882467676,0.07046321801328248
ISL,2013,mva_share,0.04446530549442018,0.04546870406144188
ISL,2014,mva_share,0.061162019736787254,0.063071138741015
ISL,2015,mva_share,-0.03771913183823328,-0.03701662571849651
ISL,2016,mva_share,-0.13930192785143625,-0.13003467795945256
ISL,2017,mva_share,-0.2067458004647973,-0.18677365452545613
ISL,2018,mva_share,-0.17976570905587685,-0.1645340694155788
ISL,2019,mva_share,-0.24269749575265376,-0.21549120487695617
ISL,2020,mva_share,-0.19079156295487154,-0.17369519726592164
ISL,2021,mva_share,-0.09064091307338673,-0.08665437750612404
ISL,2022,mva_share,-0.09783607319933818,-0.09320246000956467
ISL,2023,mva_share,-0.2343241822376494,-0.20889468796943855
ISR,2000,mva_share,0.028268272768857905,0.028671611989437684
ISR,2001,mva_share,-0.04842146382247048,-0.04726783969020121
ISR,2002,mva_share,-0.072657290451001,-0.07008053229603117
ISR,2003,mva_share,-0.08468493507314312,-0.08119827899957432
ISR,2004,mva_share,-0.08924105830395668,-0.08537493096960269
ISR,2005,mva_share,-0.01583110161709289,-0.015706448394057992
ISR,2006,mva_share,0.015197467976727275,0.015313536731498267
ISR,2007,mva_share,0.055178116278457257,0.05672881851840561
ISR,2008,mva_share,0.05174200545947061,0.05310401237662332
ISR,2009,mva_share,0.07527332926588182,0.07817880843573
ISR,2010,mva_share,0.05078654392135862,0.05209829253698928
ISR,2011,mva_share,0.016301515152370882,0.016435109794980196
ISR,2012,mva_share,0.04489207087268143,0.04591496912685744
ISR,2013,mva_share,0.004081711583419523,0.004090053113523284
ISR,2014,mva_share,-0.0425481497283795,-0.041655679608702756
ISR,2015,mva_share,-0.047133304469995974,-0.0460397780477656
ISR,2016,mva_share,-0.09638551945484197,-0.09188614698184105
ISR,2017,mva_share,-0.1337110001841224,-0.12515714250223675
ISR,2018,mva_share,-0.11963940525383032,-0.11275968676366177
ISR,2019,mva_share,-0.10864185748413346,-0.10294836769708193
ISR,2020,mva_share,-0.044828732574220265,-0.04383877291742122
ISR,2021,mva_share,-0.08570435886205674,-0.08213445007265141
ISR,2022,mva_share,-0.0768844489709517,-0.0740031526866376
ISR,2023,mva_share,-0.12048627418105262,-0.1135107449471141
ITA,2000,mva_share,0.08102586219189023,0.08439894113761293
ITA,2001,mva_share,0.06632806689925408,0.06857722448457526
ITA,2002,mva_share,0.06841134831405338,0.0708056920131408
ITA,2003,mva_share,0.04261171521199447,0.04353262833092364
ITA,2004,mva_share,0.032099487715313124,0.0326202332227401
ITA,2005,mva_share,0.027823473505397267,0.028214161358475875
ITA,2006,mva_share,0.04103366912662132,0.04188718438647543
ITA,2007,mva_share,0.07737607790148004,0.0804483327374288
ITA,2008,mva_share,0.07380616802047468,0.07659810612850348
ITA,2009,mva_share,0.021958351708780466,0.022201210650174774
ITA,2010,mva_share,0.026819464337716425,0.02718234297836486
ITA,2011,mva_share,0.01790207670103605,0.018063279393671694
ITA,2012,mva_share,0.00025983825925290915,0.0002598720201374416
ITA,2013,mva_share,0.011603316159303212,0.01167089576181013
ITA,2014,mva_share,0.0053597497483806045,0.005374138902999537
ITA,2015,mva_share,0.0007539249995907049,0.000754209272478823
ITA,2016,mva_share,0.04441190020392938,0.045412871992479564
ITA,2017,mva_share,0.06767414384196124,0.07001658017237422
ITA,2018,mva_share,0.0744476898084585,0.0772889888549535
ITA,2019,mva_share,0.0785593769816888,0.08172758297431759
ITA,2020,mva_share,0.054685627692750316,0.05620851976821184
ITA,2021,mva_share,0.1119568106393114,0.1184645538328497
ITA,2022,mva_share,0.10955509942428554,0.1157815481623845
ITA,2023,mva_share,0.12619001510105887,0.13449771950220524
JPN,2000,mva_share,0.2352263965568806,0.26519517214205046
JPN,2001,mva_share,0.19630459993977212,0.21689751579750904
JPN,2002,mva_share,0.1931894486100254,0.21311259424550233
JPN,2003,mva_share,0.2196270315560538,0.24561206994540075
JPN,2004,mva_share,0.239500084787315,0.270613792357834
JPN,2005,mva_share,0.26576273269300943,0.30442552443584825
JPN,2006,mva_share,0.27959959280713464,0.32260012769532964
JPN,2007,mva_share,0.32085482637379714,0.3783054727653974
JPN,2008,mva_share,0.3278148445154394,0.38793196528144924
JPN,2009,mva_share,0.2904450159030918,0.33702235186308926
JPN,2010,mva_share,0.3554938401681249,0.4268851335113204
JPN,2011,mva_share,0.28948315603839214,0.33573694201579896
JPN,2012,mva_share,0.3106244981371393,0.36427683649791676
JPN,2013,mva_share,0.30099977093985997,0.35120903202985
JPN,2014,mva_share,0.302863350696156,0.35372946561352636
JPN,2015,mva_share,0.30317094672511713,0.354145931469775
JPN,2016,mva_share,0.31553277241551436,0.3709895418261355
JPN,2017,mva_share,0.3340103731599777,0.3965576302150855
JPN,2018,mva_share,0.34101497069560116,0.40637429510604384
JPN,2019,mva_share,0.3396243636709251,0.4044199403166371
JPN,2020,mva_share,0.332700562922319,0.39472960217981434
JPN,2021,mva_share,0.3159755150831369,0.37159667178441724
JPN,2022,mva_share,0.26272230555341736,0.3004655367473723
JPN,2023,mva_share,0.309111523428347,0.36221428083922635
KOR,2000,mva_share,0.38318082962204025,0.46694327288338666
KOR,2001,mva_share,0.3426917192873722,0.408734409331015
KOR,2002,mva_share,0.363776616856315,0.4387527851383408
KOR,2003,mva_share,0.3714063120324722,0.44977201354525076
KOR,2004,mva_share,0.4622812105827796,0.58769171616741
KOR,2005,mva_share,0.47504651792460395,0.6080890007088153
KOR,2006,mva_share,0.47638448193161365,0.6102420059123836
KOR,2007,mva_share,0.5037741587925604,0.6549555637862088
KOR,2008,mva_share,0.5436185099273034,0.722227497979635
KOR,2009,mva_share,0.6368331750573559,0.8904845560175128
KOR,2010,mva_share,0.680458515434017,0.9747829931577314
KOR,2011,mva_share,0.70957933340416,1.0331358064107126
KOR,2012,mva_share,0.7192306195155918,1.052853177726285
KOR,2013,mva_share,0.7432141018198437,1.1026829022327518
KOR,2014,mva_share,0.7150312794132785,1.044250624218638
KOR,2015,mva_share,0.6659502592852187,0.9463391697182861
KOR,2016,mva_share,0.6727674672799764,0.9596530990162759
KOR,2017,mva_share,0.7064902080717257,1.026864885903338
KOR,2018,mva_share,0.6976227721740895,1.008971244065458
KOR,2019,mva_share,0.6618422237310568,0.9383599399099238
KOR,2020,mva_share,0.6482945606367561,0.9122767743969402
KOR,2021,mva_share,0.6591626263587673,0.9331728684436276
KOR,2022,mva_share,0.6615357970075335,0.937766065618652
KOR,2023,mva_share,0.633376850656179,0.8839617071509445
LTU,2000,mva_share,-0.056195409681227826,-0.05464561355923314
LTU,2001,mva_share,-0.008765063647738991,-0.008726762463160842
LTU,2002,mva_share,-0.028957886623997453,-0.028542625045138714
LTU,2003,mva_share,0.030210403682808806,0.0306713681929891
LTU,2004,mva_share,0.1301941398524602,0.1390494967617084
LTU,2005,mva_share,0.1708714922372918,0.18633828554666088
LTU,2006,mva_share,0.1585255885173873,0.17178190800330517
LTU,2007,mva_share,0.0858499418319032,0.08964280623314091
LTU,2008,mva_share,0.1076258783141344,0.11363103392108731
LTU,2009,mva_share,0.1247950018270112,0.13291618351245305
LTU,2010,mva_share,0.21180970184942893,0.23591267080327127
LTU,2011,mva_share,0.2991818518384539,0.34875487472613176
LTU,2012,mva_share,0.34508741886581973,0.41211335962039697
LTU,2013,mva_share,0.3136541393410752,0.36841637330467814
LTU,2014,mva_share,0.29523988017650726,0.3434485867207837
LTU,2015,mva_share,0.25589750961750557,0.2916203424927626
LTU,2016,mva_share,0.25094702396941404,0.2852419955084091
LTU,2017,mva_share,0.2654962282453619,0.30407793555101037
LTU,2018,mva_share,0.25996937344248616,0.29689036677012615
LTU,2019,mva_share,0.24966327062418525,0.28359312039816453
LTU,2020,mva_share,0.2290536910081502,0.25740954878382083
LTU,2021,mva_share,0.25031378629545875,0.2844283894868833
LTU,2022,mva_share,0.256678928432323,0.2926300333743357
LTU,2023,mva_share,0.18412398899547533,0.20216486907059195
LUX,2000,mva_share,-0.19185670688295753,-0.1745748622412313
LUX,2001,mva_share,-0.2343290654966097,-0.20889855113210964
LUX,2002,mva_share,-0.2536272540857958,-0.22401900810981146
LUX,2003,mva_share,-0.2203708533346309,-0.197778763630585
LUX,2004,mva_share,-0.27498775962701805,-0.24041857927203425
LUX,2005,mva_share,-0.3133982206107011,-0.2690412282448925
LUX,2006,mva_share,-0.39947473347734497,-0.3293277647962213
LUX,2007,mva_share,-0.260781966708155,-0.22955111519003502
LUX,2008,mva_share,-0.4103044327972345,-0.3365517560155059
LUX,2009,mva_share,-0.6981539124151916,-0.502497109532375
LUX,2010,mva_share,-0.6634992984004493,-0.4849541217988721
LUX,2011,mva_share,-0.6932794562237479,-0.5000661334578813
LUX,2012,mva_share,-0.7466668119084929,-0.5260563337427298
LUX,2013,mva_share,-0.7316938231570416,-0.5189065875996166
LUX,2014,mva_share,-0.7065399186101413,-0.5066517271813742
LUX,2015,mva_share,-0.5969850401850365,-0.4495312220243577
LUX,2016,mva_share,-0.5237700264265004,-0.4077165905214123
LUX,2017,mva_share,-0.7104161143825498,-0.5085603402022125
LUX,2018,mva_share,-0.6780231354699351,-0.4923805038913107
LUX,2019,mva_share,-0.6481930664362039,-0.4770100684475149
LUX,2020,mva_share,-0.6623850250307286,-0.4843799000320096
LUX,2021,mva_share,-0.7309917687893637,-0.5185687152796885
LUX,2022,mva_share,-0.9212041748998772,-0.6019605567241084
LUX,2023,mva_share,-0.8810905483566343,-0.5856691825809792
LVA,2000,mva_share,-0.2509124744170155,-0.22190952859920132
LVA,2001,mva_share,-0.23256478349927745,-0.20750159313624528
LVA,2002,mva_share,-0.18578938839705872,-0.16955152134972995
LVA,2003,mva_share,-0.2304644204608759,-0.205835309486753
LVA,2004,mva_share,-0.2198217900960837,-0.19733817249538366
LVA,2005,mva_share,-0.2535222561954247,-0.22393752746512186
LVA,2006,mva_share,-0.28719445465191784,-0.24963419747143867
LVA,2007,mva_share,-0.30960170708769486,-0.2662608588677685
LVA,2008,mva_share,-0.33011041255198226,-0.28115564039014884
LVA,2009,mva_share,-0.28177138468091867,-0.2455538572353012
LVA,2010,mva_share,-0.12340631411207204,-0.11609555326189913
LVA,2011,mva_share,-0.11923038640480188,-0.11239671452574695
LVA,2012,mva_share,-0.11845494583574867,-0.11170816399846162
LVA,2013,mva_share,-0.1237657886610748,-0.11641323731116571
LVA,2014,mva_share,-0.1841425323527699,-0.1681827654906186
LVA,2015,mva_share,-0.21757257217857884,-0.19553077928262796
LVA,2016,mva_share,-0.2265410320172272,-0.20271337263681743
LVA,2017,mva_share,-0.1777435671412082,-0.1628429294528294
LVA,2018,mva_share,-0.16646560865984705,-0.1533480660705986
LVA,2019,mva_share,-0.14382556530526935,-0.13396119790164163
LVA,2020,mva_share,-0.09393281429604716,-0.0896560777165385
LVA,2021,mva_share,0.013628454769637255,0.013721745480333558
LVA,2022,mva_share,-0.06421550595919401,-0.06219712435618985
LVA,2023,mva_share,-0.15358746536766743,-0.14237425163316997
MEX,2000,mva_share,0.07567315141685071,0.07860997439515494
MEX,2001,mva_share,0.03130755920362427,0.0318027955371305
MEX,2002,mva_share,0.010936384555938261,0.010996405413687738
MEX,2003,mva_share,0.006258440253338549,0.006278065209718964
MEX,2004,mva_share,0.01521428521738466,0.015330611647164094
MEX,2005,mva_share,-0.007647672237406589,-0.007618503197864057
MEX,2006,mva_share,0.05517713397477264,0.05672778049030347
MEX,2007,mva_share,0.02687924706751854,0.027243752578431257
MEX,2008,mva_share,0.05088329113741663,0.05220008504180296
MEX,2009,mva_share,0.07890644537906777,0.08210308159102331
MEX,2010,mva_share,0.07412512643417646,0.07694155092202015
MEX,2011,mva_share,0.06323253784546168,0.06527452707514181
MEX,2012,mva_share,0.14095424989249494,0.15137197138830416
MEX,2013,mva_share,0.11679571989837934,0.12388981791256315
MEX,2014,mva_share,0.11371567439560026,0.12043351165595872
MEX,2015,mva_share,0.16315314817932247,0.17721696451851732
MEX,2016,mva_share,0.17977204509779376,0.19694448265828157
MEX,2017,mva_share,0.20535058443397647,0.22795549158929873
MEX,2018,mva_share,0.20417451811097642,0.22651218336895051
MEX,2019,mva_share,0.19894324665374263,0.22011271845529556
MEX,2020,mva_share,0.2103194099780561,0.2340721719771075
MEX,2021,mva_share,0.2325562709905471,0.2618214483040824
MEX,2022,mva_share,0.2558671068215195,0.29158107421993407
MEX,2023,mva_share,0.2200649174425111,0.24615762532761454
NLD,2000,mva_share,-0.1803837961388992,-0.16505030056124215
NLD,2001,mva_share,-0.1842539500322231,-0.1682754394737609
NLD,2002,mva_share,-0.21124686449952845,-0.19042581291584737
NLD,2003,mva_share,-0.23356096920033798,-0.2082906756156785
NLD,2004,mva_share,-0.21870403619694656,-0.19644049250881068
NLD,2005,mva_share,-0.19302999414625877,-0.17554275512294348
NLD,2006,mva_share,-0.20992206295327032,-0.18935257702567376
NLD,2007,mva_share,-0.18460141985575396,-0.16856438845659993
NLD,2008,mva_share,-0.20015569271864475,-0.18139670741621006
NLD,2009,mva_share,-0.2169950212102938,-0.19506602310797672
NLD,2010,mva_share,-0.2556386497392613,-0.22557824425798056
NLD,2011,mva_share,-0.22760298340833884,-0.20355960287264507
NLD,2012,mva_share,-0.21881568789691608,-0.19653020628540774
NLD,2013,mva_share,-0.24644902531591617,-0.21842879913334945
NLD,2014,mva_share,-0.2547183102761754,-0.22486518527727073
NLD,2015,mva_share,-0.23966486037558754,-0.21310846458614352
NLD,2016,mva_share,-0.21169356328404199,-0.1907873679620795
NLD,2017,mva_share,-0.17125109388999293,-0.15739002730888974
NLD,2018,mva_share,-0.16219835950927441,-0.1497274718299323
NLD,2019,mva_share,-0.1696878325411415,-0.15607177759046853
NLD,2020,mva_share,-0.15806541720277556,-0.14620607266889818
NLD,2021,mva_share,-0.1413923471717884,-0.13185137079022957
NLD,2022,mva_share,-0.18568810518650647,-0.16946740660198
NLD,2023,mva_share,-0.16758379495439568,-0.15429425155496324
NOR,2000,mva_share,-0.4189612212669638,-0.34227029930224706
NOR,2001,mva_share,-0.4011483084287977,-0.3304492463462191
NOR,2002,mva_share,-0.37913155002975474,-0.3155444334065248
NOR,2003,mva_share,-0.3635129387110725,-0.30477026821866293
NOR,2004,mva_share,-0.39155016600129056,-0.32399186298101923
NOR,2005,mva_share,-0.41818796188323937,-0.3417615069503499
NOR,2006,mva_share,-0.39725634187811165,-0.3278382996461553
NOR,2007,mva_share,-0.3829043914790713,-0.31812191047483707
NOR,2008,mva_share,-0.42248584726711735,-0.34458446981787316
NOR,2009,mva_share,-0.38915742795541686,-0.32237241590857946
NOR,2010,mva_share,-0.4511370211295005,-0.3630964330472827
NOR,2011,mva_share,-0.5256159315407491,-0.40880888105356095
NOR,2012,mva_share,-0.5282683716112619,-0.4103749022599492
NOR,2013,mva_share,-0.5170970277298363,-0.40375106785313053
NOR,2014,mva_share,-0.5050212767642666,-0.3965072650822187
NOR,2015,mva_share,-0.5260222951654845,-0.40904907081407127
NOR,2016,mva_share,-0.5617158213615512,-0.429770188513541
NOR,2017,mva_share,-0.5753095462201199,-0.43746928740213786
NOR,2018,mva_share,-0.6365986617564445,-0.4709110224584985
NOR,2019,mva_share,-0.6009905554257811,-0.45173172309171483
NOR,2020,mva_share,-0.5443950862319442,-0.41980735627267673
NOR,2021,mva_share,-0.711745181950842,-0.5092130628634803
NOR,2022,mva_share,-0.8617445071454111,-0.5775754834271123
NOR,2023,mva_share,-0.6885158991148945,-0.49767898879798556
NZL,2000,mva_share,-0.004870434272672419,-0.004858592939614992
NZL,2001,mva_share,-0.011475283944359482,-0.011409694001032422
NZL,2002,mva_share,0.040102395904969335,0.04091735441010935
NZL,2003,mva_share,0.006344975582996515,0.006365147581615993
NZL,2004,mva_share,0.0039382454950858126,0.003946010574125136
NZL,2005,mva_share,0.02318224273096403,0.023453039429496503
NZL,2006,mva_share,-0.05425650799631976,-0.05281088624336605
NZL,2007,mva_share,-0.11708015140739292,-0.11048610548443494
NZL,2008,mva_share,-0.08584996745389928,-0.08226808945312003
NZL,2009,mva_share,-0.14576068840657186,-0.13563546911128832
NZL,2010,mva_share,-0.17200481083016284,-0.15802487744055949
NZL,2011,mva_share,-0.1663464875584224,-0.1532472059525406
NZL,2012,mva_share,-0.18014405428802727,-0.16485010417814683
NZL,2013,mva_share,-0.19656339801845846,-0.1784507549500134
NZL,2014,mva_share,-0.12716521642579925,-0.11941182705251363
NZL,2015,mva_share,-0.14273933089841195,-0.13301996565024776
NZL,2016,mva_share,-0.23922113152856417,-0.21275922063332398
NZL,2017,mva_share,-0.21748739386746552,-0.19546225303463105
NZL,2018,mva_share,-0.24341414363665592,-0.2160532200374209
NZL,2019,mva_share,-0.25920635809290493,-0.22833623245099666
NZL,2020,mva_share,-0.28049285646367705,-0.24458865966870413
NZL,2021,mva_share,-0.3684495173617903,-0.3081938670846823
NZL,2022,mva_share,-0.3497592975740256,-0.29514226973290925
NZL,2023,mva_share,-0.41742134080315063,-0.3412566939704398
POL,2000,mva_share,-0.1836090847600378,-0.167738916214638
POL,2001,mva_share,-0.272658562637357,-0.2386473024879836
POL,2002,mva_share,-0.26416504649696604,-0.2321532012264197
POL,2003,mva_share,-0.1554718107344364,-0.14398879308393853
POL,2004,mva_share,-0.06673130627223012,-0.06455348381653425
POL,2005,mva_share,-0.056791294166469,-0.055208767767076505
POL,2006,mva_share,-0.028121445629538222,-0.027729718345507304
POL,2007,mva_share,0.0002272098984277271,0.00022723571255167663
POL,2008,mva_share,0.03050642065813669,0.030976509575245004
POL,2009,mva_share,0.12938241499300185,0.1381252771258077
POL,2010,mva_share,0.07143727791701293,0.07405078188630587
POL,2011,mva_share,0.07124327382973039,0.07384243185570316
POL,2012,mva_share,0.11477457955107528,0.12162057285951344
POL,2013,mva_share,0.0688434418650532,0.07126848022373378
POL,2014,mva_share,0.14721062223155634,0.15859796382157443
POL,2015,mva_share,0.16221806614480228,0.17611668459043206
POL,2016,mva_share,0.21460937952393166,0.23937767610105953
POL,2017,mva_share,0.15405057103846387,0.16654987892557704
POL,2018,mva_share,0.1367641693602364,0.146557723192976
POL,2019,mva_share,0.1679126151872561,0.18283324446998428
POL,2020,mva_share,0.15299789703074973,0.16532252830271732
POL,2021,mva_share,0.2146523482670215,0.23943093174617092
POL,2022,mva_share,0.2324416048961231,0.2616767684618395
POL,2023,mva_share,0.23202750031022967,0.2611544104889849
PRT,2000,mva_share,-0.07718249757220752,-0.07427910362630807
PRT,2001,mva_share,-0.09106991041173096,-0.0870461163137014
PRT,2002,mva_share,-0.10073103040249842,-0.09582380390982359
PRT,2003,mva_share,-0.1376796442233994,-0.12862220205205654
PRT,2004,mva_share,-0.16222676531109537,-0.14975162415982646
PRT,2005,mva_share,-0.1812027385113022,-0.16573379633891094
PRT,2006,mva_share,-0.18898135438119246,-0.17219805856971382
PRT,2007,mva_share,-0.1824891702231617,-0.16680633281905088
PRT,2008,mva_share,-0.1802768294080841,-0.16496098394463
PRT,2009,mva_share,-0.16852656505879704,-0.1550911819316234
PRT,2010,mva_share,-0.15899667222956593,-0.14700080245008162
PRT,2011,mva_share,-0.19129752059185812,-0.1741131667450022
PRT,2012,mva_share,-0.17827594395327395,-0.16328849385064503
PRT,2013,mva_share,-0.14735814442428374,-0.13701515114856977
PRT,2014,mva_share,-0.13306790286831038,-0.12459435246383732
PRT,2015,mva_share,-0.13218766710529772,-0.12382344986749072
PRT,2016,mva_share,-0.11533089250186279,-0.10892875367421184
PRT,2017,mva_share,-0.08418733064020723,-0.08074096541901932
PRT,2018,mva_share,-0.09146306331293097,-0.0874049762337028
PRT,2019,mva_share,-0.10587190900027688,-0.10046013634284634
PRT,2020,mva_share,-0.09479393731746422,-0.09043965839732138
PRT,2021,mva_share,-0.07628642850351142,-0.07344922200472481
PRT,2022,mva_share,-0.076568929096545,-0.07371093618003877
PRT,2023,mva_share,-0.09582317110604155,-0.09137532704015983
SVK,2000,mva_share,0.09938179356579058,0.1044879054463459
SVK,2001,mva_share,0.18016875218353912,0.19741941321372547
SVK,2002,mva_share,0.11462878593007231,0.12145705965468556
SVK,2003,mva_share,0.1603716510155313,0.17394708855408036
SVK,2004,mva_share,0.20627888942593442,0.22909593806122142
SVK,2005,mva_share,0.2459526836964181,0.27883906217286425
SVK,2006,mva_share,0.26711695976791106,0.30619320945153516
SVK,2007,mva_share,0.2788230359874819,0.3215734522340037
SVK,2008,mva_share,0.24727706571239816,0.28053385565742395
SVK,2009,mva_share,0.08895780437346179,0.09303453407626527
SVK,2010,mva_share,0.22150759589172697,0.24795672752894515
SVK,2011,mva_share,0.23428050161911385,0.263998996250981
SVK,2012,mva_share,0.2442596054789985,0.27667571948407654
SVK,2013,mva_share,0.22444252173586499,0.25162476806143674
SVK,2014,mva_share,0.32329223375766114,0.3816690622556216
SVK,2015,mva_share,0.3109374327062988,0.36470383268941053
SVK,2016,mva_share,0.26936376021291464,0.30913126431130555
SVK,2017,mva_share,0.24657688014461376,0.2796375581565389
SVK,2018,mva_share,0.3054119832123887,0.357184024878876
SVK,2019,mva_share,0.3539762391662076,0.4247213335108966
SVK,2020,mva_share,0.2987830926157211,0.34821715349840354
SVK,2021,mva_share,0.23701588967727139,0.2674612571656094
SVK,2022,mva_share,0.26892579099472735,0.3085580306534821
SVK,2023,mva_share,0.25273029001445035,0.2875359686929879
SVN,2000,mva_share,0.32342451120841975,0.38185183800525735
SVN,2001,mva_share,0.3518153245693698,0.4216459563952559
SVN,2002,mva_share,0.36396342666460635,0.4390215833766029
SVN,2003,mva_share,0.39310239302785455,0.4815700840097734
SVN,2004,mva_share,0.3930303951045975,0.48146341788048086
SVN,2005,mva_share,0.3781607375642455,0.4595975361740572
SVN,2006,mva_share,0.3867236192362289,0.47214956122179075
SVN,2007,mva_share,0.4023420121244565,0.4953226637113155
SVN,2008,mva_share,0.37958525255514397,0.4616782363874845
SVN,2009,mva_share,0.33589306183196666,0.3991893900601353
SVN,2010,mva_share,0.3232413768835056,0.381598796672757
SVN,2011,mva_share,0.356020221997734,0.42763641763234816
SVN,2012,mva_share,0.3938727325892435,0.48271183577027
SVN,2013,mva_share,0.4309299370685884,0.5386877412065347
SVN,2014,mva_share,0.4481324640980944,0.5653860393702941
SVN,2015,mva_share,0.43254615694658627,0.5411766096574582
SVN,2016,mva_share,0.463270917849238,0.589263844040659
SVN,2017,mva_share,0.5017612084420597,0.6516275710698183
SVN,2018,mva_share,0.49315681428811153,0.6374772810909823
SVN,2019,mva_share,0.5185002900533799,0.6795069867062655
SVN,2020,mva_share,0.5206720873434327,0.6831584991657926
SVN,2021,mva_share,0.48646675581501375,0.6265590249403787
SVN,2022,mva_share,0.47905279486602304,0.6145443729624136
SVN,2023,mva_share,0.47069131922153673,0.6011006823820246
SWE,2000,mva_share,0.2606900434373478,0.2978253336048886
SWE,2001,mva_share,0.22591730253816644,0.25347200203885456
SWE,2002,mva_share,0.2338392503146678,0.26344137807898704
SWE,2003,mva_share,0.21278881883020517,0.23712336649564536
SWE,2004,mva_share,0.18363431455432178,0.20157634376481526
SWE,2005,mva_share,0.1922880715884303,0.2120196150955891
SWE,2006,mva_share,0.20138544964770366,0.22309612294612657
SWE,2007,mva_share,0.21748100326818642,0.24294181745108978
SWE,2008,mva_share,0.16376465670284368,0.17793706287705646
SWE,2009,mva_share,0.11718712386185137,0.1243297989413421
SWE,2010,mva_share,0.17160067478794572,0.18720365819262708
SWE,2011,mva_share,0.1578823502692872,0.17102841542524883
SWE,2012,mva_share,0.123043089632211,0.13093315139114203
SWE,2013,mva_share,0.08610510140754624,0.08992087450356423
SWE,2014,mva_share,0.052097272138786455,0.05347821160839805
SWE,2015,mva_share,0.07383754135880727,0.07663188313498126
SWE,2016,mva_share,0.07017727626478898,0.07269832835233059
SWE,2017,mva_share,0.0681746172049511,0.0705522289965117
SWE,2018,mva_share,0.07064238177531657,0.0731973622987041
SWE,2019,mva_share,0.06727721457488389,0.06959194355637144
SWE,2020,mva_share,0.03501126037935931,0.03563137033607289
SWE,2021,mva_share,0.043351685924357675,0.0443050976803836
SWE,2022,mva_share,0.09106893327966503,0.09534450834542119
SWE,2023,mva_share,0.07750082104918476,0.08058311967008502
TUR,2000,mva_share,-0.08224621098633067,-0.07895484065988845
TUR,2001,mva_share,-0.13947722647457805,-0.1301871683165221
TUR,2002,mva_share,-0.15151549933463748,-0.1405954380291956
TUR,2003,mva_share,-0.11537964083605567,-0.10897219085436372
TUR,2004,mva_share,-0.10543768024299327,-0.10006944544725127
TUR,2005,mva_share,-0.07669984355890946,-0.07383219287752196
TUR,2006,mva_share,-0.049611055926730874,-0.04840052849317733
TUR,2007,mva_share,-0.045562411749203946,-0.04454003121689687
TUR,2008,mva_share,-0.048670678946586055,-0.047505245370009996
TUR,2009,mva_share,-0.04740189240621984,-0.046295965849002974
TUR,2010,mva_share,-0.07583426201157417,-0.07303017205680429
TUR,2011,mva_share,0.021637689248737324,0.02187348164331171
TUR,2012,mva_share,0.006166993335351645,0.006186048389409171
TUR,2013,mva_share,0.06118460289626437,0.06309514651716142
TUR,2014,mva_share,0.08475851811920698,0.08845419299437651
TUR,2015,mva_share,0.04689075500830642,0.0480075132536415
TUR,2016,mva_share,0.067190694701313,0.0694994065998431
TUR,2017,mva_share,0.13015657121981006,0.13900670503341273
TUR,2018,mva_share,0.2025418421187295,0.22451132019806064
TUR,2019,mva_share,0.17934529485901285,0.19643379529022797
TUR,2020,mva_share,0.23569242644845945,0.2657849283222806
TUR,2021,mva_share,0.38535679295446945,0.4701387630297904
TUR,2022,mva_share,0.36568019977357924,0.44149417876952346
TUR,2023,mva_share,0.26967030628445476,0.309532634873652
USA,2000,mva_share,-0.12159686380068413,-0.11449472421197449
USA,2001,mva_share,-0.19523496057681733,-0.17735865293874298
USA,2002,mva_share,-0.20470397796420414,-0.18511149433462004
USA,2003,mva_share,-0.19444283100678073,-0.1767067562429635
USA,2004,mva_share,-0.19574107000467578,-0.17777489413955394
USA,2005,mva_share,-0.18828984467125176,-0.17162542752216092
USA,2006,mva_share,-0.17723244576932595,-0.16241493121224415
USA,2007,mva_share,-0.1822871163929385,-0.1666379658382554
USA,2008,mva_share,-0.19810511985985357,-0.17971637949369845
USA,2009,mva_share,-0.16361695196202675,-0.15093280687943966
USA,2010,mva_share,-0.1763893826626992,-0.1617084963993657
USA,2011,mva_share,-0.17909667222196868,-0.16397492491126464
USA,2012,mva_share,-0.1690166017874155,-0.15550511685486934
USA,2013,mva_share,-0.15927127140195463,-0.14723500316664395
USA,2014,mva_share,-0.18157769815243485,-0.16604655385585732
USA,2015,mva_share,-0.21601524083720314,-0.19427697811350608
USA,2016,mva_share,-0.24052586602241854,-0.2137856910518353
USA,2017,mva_share,-0.22596272336150092,-0.20225216153078518
USA,2018,mva_share,-0.21722497819394837,-0.19525110201643447
USA,2019,mva_share,-0.22858295286951114,-0.2043397078375223
USA,2020,mva_share,-0.26644196023462907,-0.23389953327279012
USA,2021,mva_share,-0.2697055022706851,-0.23639565902867243
AUS,2007,hitech_share,0.030251580727555183,0.03071380906782495
AUS,2008,hitech_share,0.05749275578064372,0.05917759771208497
AUS,2009,hitech_share,0.05226271641324498,0.05365251796537218
AUS,2010,hitech_share,0.08839326329203345,0.09241764532426466
AUS,2011,hitech_share,0.19484439316619406,0.21512189050772856
AUS,2012,hitech_share,0.13201645663523864,0.1411270982251318
AUS,2013,hitech_share,0.14329889634859816,0.15407469883268132
AUS,2014,hitech_share,0.18223664148874041,0.19989810595998603
AUS,2015,hitech_share,0.20097963683363318,0.22259987556517835
AUS,2016,hitech_share,0.23155901606885054,0.2605637178976141
AUS,2017,hitech_share,0.18279330582536968,0.200566232386987
AUS,2018,hitech_share,0.21348373590871583,0.237983363429918
AUS,2019,hitech_share,0.3303085144724718,0.3913973284659602
AUS,2020,hitech_share,0.2870570108523909,0.3325001782812209
AUS,2021,hitech_share,0.3619630214287768,0.4361458343574136
AUS,2022,hitech_share,0.40421923467372345,0.4981323535154887
AUS,2023,hitech_share,0.3455378689840467,0.41274958953435004
AUT,2007,hitech_share,-0.12802097811191349,-0.12016507832440926
AUT,2008,hitech_share,-0.17856737457320504,-0.16353230167532729
AUT,2009,hitech_share,-0.18997999324602644,-0.173024321123194
AUT,2010,hitech_share,-0.12820008677079553,-0.12032265026559741
AUT,2011,hitech_share,-0.14501890442398002,-0.13499405948287113
AUT,2012,hitech_share,-0.06867091262425706,-0.06636612334945569
AUT,2013,hitech_share,-0.03559344981788781,-0.03496745209973906
AUT,2014,hitech_share,-0.03742009665854429,-0.036728616751870446
AUT,2015,hitech_share,-0.08235976532678446,-0.07905942339746119
AUT,2016,hitech_share,-0.13678492523003305,-0.12784221490320957
AUT,2017,hitech_share,-0.17320475345499986,-0.15903459335743275
AUT,2018,hitech_share,-0.24792362273287427,-0.21958045268595605
AUT,2019,hitech_share,-0.3048647796419961,-0.26277694478250735
AUT,2020,hitech_share,-0.2699580134689601,-0.23658845333343426
AUT,2021,hitech_share,-0.3554771840137052,-0.2991610657318545
AUT,2022,hitech_share,-0.15882897964002218,-0.14685774881158353
AUT,2023,hitech_share,-0.1171902485256644,-0.11058403301001551
BEL,2007,hitech_share,-0.536365321078125,-0.41512979085665347
BEL,2008,hitech_share,-0.5003581622476987,-0.39368653777345564
BEL,2009,hitech_share,-0.33785767013841284,-0.2867031958908838
BEL,2010,hitech_share,-0.5004298254013504,-0.39372998655140345
BEL,2011,hitech_share,-0.5417766864174602,-0.4182861893194376
BEL,2012,hitech_share,-0.525531390571655,-0.4087588990707125
BEL,2013,hitech_share,-0.37647798162135837,-0.3137257718337779
BEL,2014,hitech_share,-0.27655219026365874,-0.2416059626859779
BEL,2015,hitech_share,-0.26174770203784936,-0.23029480573590244
BEL,2016,hitech_share,-0.19767089545883687,-0.1793601149861469
BEL,2017,hitech_share,-0.2656623750412952,-0.23330205983185903
BEL,2018,hitech_share,-0.21878652045938551,-0.1965067707886169
BEL,2019,hitech_share,-0.07449600885719754,-0.0717888213250445
BEL,2020,hitech_share,-0.036745024153798767,-0.036078119184624224
BEL,2021,hitech_share,0.31728953313802366,0.37340015922319436
BEL,2022,hitech_share,0.28083296184970274,0.32423238813135513
BEL,2023,hitech_share,0.0458037052631135,0.04686889593235666
CAN,2007,hitech_share,0.018785858469297256,0.01896342286554109
CAN,2008,hitech_share,0.025998545158351316,0.026339455310970594
CAN,2009,hitech_share,0.11873023268659999,0.12606610148336572
CAN,2010,hitech_share,0.016602364655053936,0.01674094979587082
CAN,2011,hitech_share,-0.01731880185430157,-0.017169693439387124
CAN,2012,hitech_share,0.023780616908613883,0.024065630561407314
CAN,2013,hitech_share,-0.01517034052365851,-0.015055850589451247
CAN,2014,hitech_share,-0.08764454659967091,-0.08391355510042497
CAN,2015,hitech_share,-0.09030114001144751,-0.08634399454046127
CAN,2016,hitech_share,-0.1511615266913906,-0.14029117847817452
CAN,2017,hitech_share,-0.056351128111248094,-0.05479281119911228
CAN,2018,hitech_share,0.04454856823469244,0.04555575627466335
CAN,2019,hitech_share,0.11057900821671307,0.11692459178632175
CAN,2020,hitech_share,0.05398456874677571,0.055468314830577015
CAN,2021,hitech_share,0.04724736682933095,0.04838131176791327
CAN,2022,hitech_share,-0.12843588981249265,-0.12053005640591641
CAN,2023,hitech_share,-0.07896915930572002,-0.07593157708264675
CHE,2007,hitech_share,0.37611378717968247,0.4566128682118429
CHE,2008,hitech_share,0.39427441966017307,0.4833075415802641
CHE,2009,hitech_share,0.3858035990879345,0.47079577681412066
CHE,2010,hitech_share,0.4031317244147741,0.49650400479523027
CHE,2011,hitech_share,0.4080760507824599,0.5039215312302987
CHE,2012,hitech_share,0.42254438073768297,0.5258389359583628
CHE,2013,hitech_share,0.42022442391282055,0.5223031585166038
CHE,2014,hitech_share,0.4014146145474933,0.49393654793576314
CHE,2015,hitech_share,0.4005368736005144,0.4926258339732599
CHE,2016,hitech_share,0.3967545584082983,0.4869909158410748
CHE,2017,hitech_share,-0.1877780089504153,-0.17120132730017135
CHE,2018,hitech_share,-0.2158137664481421,-0.19411462920589484
CHE,2019,hitech_share,-0.28571469062672783,-0.24852301120715836
CHE,2020,hitech_share,-0.33891320744546505,-0.2874557100553664
CHE,2021,hitech_share,-0.21751006493581926,-0.19548049255813016
CHE,2022,hitech_share,0.4281112502396467,0.534356769031118
CHE,2023,hitech_share,0.37653841652602926,0.45723152012153423
CHL,2007,hitech_share,-0.24169422577808408,-0.21470373580203628
CHL,2008,hitech_share,-0.449988263297632,-0.3623643646824728
CHL,2009,hitech_share,-0.521591967135564,-0.4064251562388518
CHL,2010,hitech_share,-0.5498279754165252,-0.42295093153152585
CHL,2011,hitech_share,-0.7415475204587012,-0.5236238570180805
CHL,2012,hitech_share,-0.718748668718644,-0.5126382744712339
CHL,2013,hitech_share,-0.545903661712897,-0.4206819607998915
CHL,2014,hitech_share,-0.5014169965808437,-0.39432818352568566
CHL,2015,hitech_share,-0.573743875496741,-0.43658785970170466
CHL,2016,hitech_share,-0.361179982527581,-0.3031464342867516
CHL,2017,hitech_share,-0.4456135398715393,-0.35956877462322323
CHL,2018,hitech_share,-0.4483174495441413,-0.36129810377962734
CHL,2019,hitech_share,-0.38226422464840315,-0.3176852549880965
CHL,2020,hitech_share,0.3258355820170511,0.38518760039741795
CHL,2021,hitech_share,0.07324908989391643,0.0759985238950649
CHL,2022,hitech_share,-0.6057611112793626,-0.45434103863806674
CHL,2023,hitech_share,-0.20230683705453645,-0.1831557485983374
CHN,2007,hitech_share,1.452106114163954,3.272102582657518
CHN,2008,hitech_share,1.3677510970640943,2.926510417926528
CHN,2009,hitech_share,1.327460630705248,2.7714541026091144
CHN,2010,hitech_share,1.341041030742487,2.823021317215284
CHN,2011,hitech_share,1.279847617432596,2.5960917021295415
CHN,2012,hitech_share,1.2468284903044142,2.479290836150234
CHN,2013,hitech_share,1.215666062112561,2.3725396372685528
CHN,2014,hitech_share,1.1168162307326956,2.05511193147388
CHN,2015,hitech_share,1.1009592851469048,2.0070492584929758
CHN,2016,hitech_share,1.0592217842940355,1.8841256438257323
CHN,2017,hitech_share,1.1401828609961848,2.127340181444105
CHN,2018,hitech_share,1.1693276181724768,2.2198269573938507
CHN,2019,hitech_share,1.0856429754021395,1.961343277620096
CHN,2020,hitech_share,1.030895696825338,1.8035758644197974
CHN,2021,hitech_share,1.0030741689263847,1.7266511437425462
CHN,2022,hitech_share,0.817182238759993,1.264111116267427
CHN,2023,hitech_share,0.719405742242774,1.0532127104535305
COL,2007,hitech_share,-0.9724023784964513,-0.6218265697870146
COL,2008,hitech_share,-0.7317580298191058,-0.5189374760101364
COL,2009,hitech_share,-0.494843797189467,-0.3903338685778075
COL,2010,hitech_share,-0.49529115680060376,-0.3906065475839491
COL,2011,hitech_share,-0.6281558217287597,-0.46642509853862335
COL,2012,hitech_share,-0.462691624106613,-0.37041324804715603
COL,2013,hitech_share,-0.19188055707560991,-0.17459454855502488
COL,2014,hitech_share,-0.17224889402810595,-0.15823036434209203
COL,2015,hitech_share,-0.00193108946776821,-0.0019292261141291567
COL,2016,hitech_share,0.0163042884316833,0.016437928657351275
COL,2017,hitech_share,-0.026447099687379794,-0.026100437935848264
COL,2018,hitech_share,-0.2113316230241007,-0.19049442832156505
COL,2019,hitech_share,-0.028783616289533853,-0.02837331409097832
COL,2020,hitech_share,0.038930022247196217,0.039697725394039596
COL,2021,hitech_share,-0.14770095594841193,-0.1373109415968201
COL,2022,hitech_share,-0.23817711292232513,-0.21193689742640343
COL,2023,hitech_share,-0.24503711458661614,-0.21732451097443306
CRI,2007,hitech_share,1.6554162813507722,4.235258809240332
CRI,2008,hitech_share,1.482448432177153,3.403714688689119
CRI,2009,hitech_share,1.516015758932654,3.554044589757992
CRI,2010,hitech_share,1.4501048258000853,3.2635614229820504
CRI,2011,hitech_share,1.484958070719535,3.4147803003363846
CRI,2012,hitech_share,1.423992758134753,3.153671982707671
CRI,2013,hitech_share,1.4803977524960237,3.3946933335717997
CRI,2014,hitech_share,1.2864526939772412,2.619922779488844
CRI,2015,hitech_share,0.4964189655190756,0.6428277018151789
CRI,2016,hitech_share,0.5548853245347298,0.7417412383344002
CRI,2017,hitech_share,0.6294651148927333,0.8766065418745097
CRI,2018,hitech_share,0.6541298240372502,0.9234680332864373
CRI,2019,hitech_share,0.5592411935070243,0.7493445825158358
CRI,2020,hitech_share,0.405705407934033,0.5003604930502767
CRI,2021,hitech_share,0.49407791575845206,0.6389862586762924
CRI,2022,hitech_share,0.6438777227915531,0.9038491833216538
CRI,2023,hitech_share,0.6904682535195321,0.9946493161649772
CZE,2007,hitech_share,0.2081766744025222,0.23143071261655512
CZE,2008,hitech_share,0.21251197207552686,0.23678092031123898
CZE,2009,hitech_share,0.247703432996063,0.2810799498091687
CZE,2010,hitech_share,0.31074522925677917,0.3644415571111379
CZE,2011,hitech_share,0.37741947365257333,0.4585159900999858
CZE,2012,hitech_share,0.3588220330723617,0.43164199397152325
CZE,2013,hitech_share,0.2637827930043506,0.3018453956616758
CZE,2014,hitech_share,0.24734302947823839,0.2806183272788316
CZE,2015,hitech_share,0.2344841944792333,0.264256490045649
CZE,2016,hitech_share,0.1641174736414852,0.17835273234879656
CZE,2017,hitech_share,0.2841905415389796,0.3286860765244781
CZE,2018,hitech_share,0.4006013662894423,0.49272210053106735
CZE,2019,hitech_share,0.40792230074864255,0.503690321018758
CZE,2020,hitech_share,0.4576693642176015,0.5803863843792711
CZE,2021,hitech_share,0.37087083542630683,0.4489959023609602
CZE,2022,hitech_share,0.3473027029656759,0.41524505941480827
CZE,2023,hitech_share,0.2503290458128009,0.2844479893937095
DEU,2007,hitech_share,0.0346321962045022,0.03523887398057357
DEU,2008,hitech_share,-0.01567132020324946,-0.01554916401351969
DEU,2009,hitech_share,0.02787861313890616,0.028270858273611088
DEU,2010,hitech_share,0.06453844582462676,0.06666658633286238
DEU,2011,hitech_share,0.03601355735122658,0.03666990089360578
DEU,2012,hitech_share,0.07193848271209724,0.07458923621502533
DEU,2013,hitech_share,0.04999518173001283,0.05126603108025507
DEU,2014,hitech_share,0.027823147913975443,0.028213826580819612
DEU,2015,hitech_share,0.04546229259482226,0.04651154263518764
DEU,2016,hitech_share,0.04321175419205403,0.04415897648274636
DEU,2017,hitech_share,-0.013553194322951878,-0.013461763311630959
DEU,2018,hitech_share,0.010800102878138595,0.0108586345153463
DEU,2019,hitech_share,0.010507603756558126,0.010563002490870055
DEU,2020,hitech_share,-0.08754936710674155,-0.0838263583075125
DEU,2021,hitech_share,-0.07033472941817731,-0.06791822750626308
DEU,2022,hitech_share,-0.03742922885261102,-0.03673741349291426
DEU,2023,hitech_share,-0.048239425480149034,-0.04709439012030492
DNK,2007,hitech_share,0.203478622501593,0.2256589558387676
DNK,2008,hitech_share,0.1072434007681018,0.11320517650168926
DNK,2009,hitech_share,0.15951544244788218,0.1729423751823711
DNK,2010,hitech_share,0.0013591795532716944,0.0013601036564272473
DNK,2011,hitech_share,0.012245531645777685,0.0123208151500942
DNK,2012,hitech_share,0.0336039709307121,0.03417496227012662
DNK,2013,hitech_share,0.0037466271937076634,0.0037536545749570216
DNK,2014,hitech_share,-0.015850896625808186,-0.01572593230064767
DNK,2015,hitech_share,0.052334703469496535,0.053728370038603535
DNK,2016,hitech_share,-0.11056145104808524,-0.10466869054838701
DNK,2017,hitech_share,-0.21585660127941964,-0.19414914843046394
DNK,2018,hitech_share,-0.1931084205966367,-0.1756074118427159
DNK,2019,hitech_share,-0.2615330815298478,-0.23012959348776385
DNK,2020,hitech_share,-0.21893479854302456,-0.19662590239234
DNK,2021,hitech_share,-0.15203108641657126,-0.1410384217113575
DNK,2022,hitech_share,-0.10072830503704466,-0.09582133969589668
DNK,2023,hitech_share,-0.06230823800370233,-0.06040677618878676
ESP,2007,hitech_share,-0.8839190032410389,-0.586839442810947
ESP,2008,hitech_share,-0.9063365404683519,-0.5959984403337248
ESP,2009,hitech_share,-0.8264015056439467,-0.5623787661568161
ESP,2010,hitech_share,-0.763262263372432,-0.5338567382115458
ESP,2011,hitech_share,-0.7275055219309283,-0.5168873979350066
ESP,2012,hitech_share,-0.6345302167511617,-0.46981549838049563
ESP,2013,hitech_share,-0.6948646689210964,-0.5008580071610091
ESP,2014,hitech_share,-0.7204219713943019,-0.5134530962387315
ESP,2015,hitech_share,-0.7549186426867613,-0.5299511449131087
ESP,2016,hitech_share,-0.6526964388219354,-0.4793599916023221
ESP,2017,hitech_share,-0.6872377858222543,-0.49703655517237266
ESP,2018,hitech_share,-0.6947553139029756,-0.5008034204947288
ESP,2019,hitech_share,-0.7253055349701123,-0.515823386533399
ESP,2020,hitech_share,-0.6088605583954214,-0.45602966148178714
ESP,2021,hitech_share,-0.4046287939907658,-0.33277555738296016
ESP,2022,hitech_share,-0.22350373556695713,-0.20028809551534932
ESP,2023,hitech_share,-0.5346924508494966,-0.4141505600615082
EST,2007,hitech_share,0.06387026797702733,0.06595410140892977
EST,2008,hitech_share,0.006033118489424449,0.006051354403476372
EST,2009,hitech_share,-0.020076372318877933,-0.01987618388034129
EST,2010,hitech_share,0.34097556081859626,0.4063188711601833
EST,2011,hitech_share,0.6817027773128772,0.9772416696566513
EST,2012,hitech_share,0.5718635246085544,0.7715653328583765
EST,2013,hitech_share,0.542919715283364,0.7210244350243324
EST,2014,hitech_share,0.6529654326084633,0.921229667015083
EST,2015,hitech_share,0.5911373107031195,0.8060412778809523
EST,2016,hitech_share,0.531644744846306,0.7017289180013628
EST,2017,hitech_share,0.39575302402813683,0.4855023888457777
EST,2018,hitech_share,0.42954507409649745,0.5365583443298922
EST,2019,hitech_share,0.3081665282126238,0.36092760290903936
EST,2020,hitech_share,0.45578522812064026,0.5774115247455807
EST,2021,hitech_share,0.4640646348816193,0.5905257705626592
EST,2022,hitech_share,0.2510820126430402,0.2854155003310008
EST,2023,hitech_share,0.15484399641144542,0.16747581648096532
FIN,2007,hitech_share,0.42158262016247283,0.5243721496873042
FIN,2008,hitech_share,0.3866719444296738,0.4720734901434904
FIN,2009,hitech_share,0.16042310671674986,0.1740074963788656
FIN,2010,hitech_share,-0.11730053100549931,-0.11068211460001998
FIN,2011,hitech_share,-0.2694832861267411,-0.2362259549617296
FIN,2012,hitech_share,-0.33262104009812843,-0.28295812720745595
FIN,2013,hitech_share,-0.5008294687559491,-0.3939722299246694
FIN,2014,hitech_share,-0.3991340643488974,-0.329099248548375
FIN,2015,hitech_share,-0.4007161419492409,-0.3301598264198371
FIN,2016,hitech_share,-0.4338542791959368,-0.35199332334042
FIN,2017,hitech_share,-0.40162675173066287,-0.3307695117990239
FIN,2018,hitech_share,-0.4401830805417246,-0.3560814786608171
FIN,2019,hitech_share,-0.46067423963827636,-0.3691418474916286
FIN,2020,hitech_share,-0.4301780099800738,-0.34960669208176376
FIN,2021,hitech_share,-0.3689080474334605,-0.30851100828544453
FIN,2022,hitech_share,-0.5264636489379728,-0.40930983168789237
FIN,2023,hitech_share,-0.5407865209915204,-0.4177099111580376
FRA,2007,hitech_share,0.34301109363455007,0.40918439481642754
FRA,2008,hitech_share,0.38652688513714706,0.47185996769154515
FRA,2009,hitech_share,0.4301718435120101,0.5375217139790476
FRA,2010,hitech_share,0.5597276419117567,0.7501957554063907
FRA,2011,hitech_share,0.5320595725877957,0.7024349888037982
FRA,2012,hitech_share,0.5782371400261388,0.7828926686724205
FRA,2013,hitech_share,0.5697909897576237,0.7678975041296601
FRA,2014,hitech_share,0.5684261132888055,0.7654861883753914
FRA,2015,hitech_share,0.5780500639732629,0.7825591633456666
FRA,2016,hitech_share,0.5549745454440562,0.7418966450041546
FRA,2017,hitech_share,0.5615367577011838,0.7533649280178247
FRA,2018,hitech_share,0.5873264418758701,0.7991717891482226
FRA,2019,hitech_share,0.5808280321903632,0.7875179405202841
FRA,2020,hitech_share,0.31447530196662843,0.36954052718003605
FRA,2021,hitech_share,0.37989960980520365,0.46213779776778874
FRA,2022,hitech_share,0.26534381585288314,0.3038791930586684
FRA,2023,hitech_share,0.24996101507332336,0.28397536002675494
GBR,2007,hitech_share,0.3809189116382612,0.46362891732658285
GBR,2008,hitech_share,0.35100080664095,0.4204884717359034
GBR,2009,hitech_share,0.27918984326674057,0.32205830391448464
GBR,2010,hitech_share,0.4512842476365799,0.5703275805639862
GBR,2011,hitech_share,0.47828329757442845,0.6133024633245916
GBR,2012,hitech_share,0.4656908846049679,0.5931144670199398
GBR,2013,hitech_share,0.4411367436951825,0.5544732522261182
GBR,2014,hitech_share,0.360948011964084,0.43468887228309483
GBR,2015,hitech_share,0.34674627386081314,0.4144577949219874
GBR,2016,hitech_share,0.38354070531044737,0.46747128510725244
GBR,2017,hitech_share,0.41758049179501766,0.5182836083531712
GBR,2018,hitech_share,0.4347434713214122,0.5445667824496754
GBR,2019,hitech_share,0.42813982134997364,0.5344006079339068
GBR,2020,hitech_share,0.408915115388111,0.5051839481074254
GBR,2021,hitech_share,0.4532743929020988,0.5734558724088485
GBR,2022,hitech_share,0.47717841791503224,0.6115209426126431
GBR,2023,hitech_share,0.5119651146668192,0.6685669006120809
GRC,2007,hitech_share,-0.3329360301216324,-0.2831839526755682
GRC,2008,hitech_share,-0.17829161500706903,-0.16330160589892884
GRC,2009,hitech_share,-0.12747568087712358,-0.11968517594171835
GRC,2010,hitech_share,-0.10664824870660405,-0.10115821384872337
GRC,2011,hitech_share,-0.06629513613682203,-0.06414538098824052
GRC,2012,hitech_share,-0.15105136285077325,-0.14019646443564748
GRC,2013,hitech_share,-0.34897600464431955,-0.294589943367914
GRC,2014,hitech_share,-0.059298193995213744,-0.05757429843229378
GRC,2015,hitech_share,0.041131440824182075,0.041989056445180584
GRC,2016,hitech_share,0.08945773778312027,0.09358111517345202
GRC,2017,hitech_share,0.04269838197794584,0.04362307184815273
GRC,2018,hitech_share,0.13478765874585408,0.1442937777761828
GRC,2019,hitech_share,0.053998287483159935,0.05548279462147221
GRC,2020,hitech_share,0.08968134522640137,0.09382567539236009
GRC,2021,hitech_share,0.014996196006292983,0.015109203139353822
GRC,2022,hitech_share,0.06296699021295415,0.06499168350238915
GRC,2023,hitech_share,0.06777649866703639,0.07012610713747636
HUN,2007,hitech_share,0.8742244097520251,1.3970154710064944
HUN,2008,hitech_share,0.8048159847492302,1.2362849504196132
HUN,2009,hitech_share,0.8143105815511835,1.2576186917293173
HUN,2010,hitech_share,0.8270118603619361,1.2864762119401378
HUN,2011,hitech_share,0.8161648516927809,1.2618088102657694
HUN,2012,hitech_share,0.6330400610081464,0.8833273151850061
HUN,2013,hitech_share,0.5059512883606172,0.6585625414821203
HUN,2014,hitech_share,0.3279879777366599,0.3881722832163421
HUN,2015,hitech_share,0.32074465213602243,0.3781536273753934
HUN,2016,hitech_share,0.32691530542257885,0.38668402758896736
HUN,2017,hitech_share,0.3756762600743335,0.4559756999993465
HUN,2018,hitech_share,0.3603975388406555,0.4338993319487252
HUN,2019,hitech_share,0.33476838412585375,0.39761663753213883
HUN,2020,hitech_share,0.29667376917211197,0.3453763246162289
HUN,2021,hitech_share,0.2434610747535868,0.27565666162433766
HUN,2022,hitech_share,0.2525950788624036,0.28736189124023115
HUN,2023,hitech_share,0.2489783683412763,0.28271428553203504
IRL,2007,hitech_share,0.7487226671316094,1.114297629200634
IRL,2008,hitech_share,0.6973443655585925,1.0084120110314667
IRL,2009,hitech_share,0.5304346618592879,0.6996709302083068
IRL,2010,hitech_share,0.4040978846702985,0.49795056617942857
IRL,2011,hitech_share,0.5098491106701859,0.6650399392299156
IRL,2012,hitech_share,0.5245157315425102,0.6896404106679155
IRL,2013,hitech_share,0.46819511110200684,0.5971089859836642
IRL,2014,hitech_share,0.42109435094353564,0.523628027369202
IRL,2015,hitech_share,0.4468284614341882,0.5633461021357706
IRL,2016,hitech_share,0.5836898456143995,0.7926408102104474
IRL,2017,hitech_share,0.5206795998437483,0.6831711439420458
IRL,2018,hitech_share,0.370449394188999,0.4483853643969895
IRL,2019,hitech_share,0.3571636795691706,0.42926979297307954
IRL,2020,hitech_share,0.26939435061751826,0.309171311778891
IRL,2021,hitech_share,0.3472940087715344,0.4152327550529922
IRL,2022,hitech_share,0.7329986820236205,1.08131245358229
IRL,2023,hitech_share,0.7410653446111621,1.098169597923146
ISL,2007,hitech_share,1.465224739436362,3.3285159192249933
ISL,2008,hitech_share,1.0496732061098952,1.856717407711458
ISL,2009,hitech_share,0.7406156957828416,1.0972263704982672
ISL,2010,hitech_share,0.398922344817183,0.4902178909712749
ISL,2011,hitech_share,0.4168197398311779,0.5171290103534834
ISL,2012,hitech_share,0.08532868152696649,0.08907496670065318
ISL,2013,hitech_share,0.07071177213476387,0.07327183443322616
ISL,2014,hitech_share,0.14204715037771276,0.15263099424252657
ISL,2015,hitech_share,0.27890936383409315,0.32168754574892655
ISL,2016,hitech_share,0.3980314703441765,0.48889088507859424
ISL,2017,hitech_share,0.5982310544064906,0.8188984205458345
ISL,2018,hitech_share,0.5075945438142049,0.6612902239492779
ISL,2019,hitech_share,0.95845607183491,1.6076673128467451
ISL,2020,hitech_share,0.6242306721767474,0.8668092165697139
ISL,2021,hitech_share,0.8307653943425306,1.2950747053707552
ISL,2022,hitech_share,0.7116252641091516,1.0372997194708038
ISL,2023,hitech_share,0.9287747550042251,1.5314056845891377
ISR,2007,hitech_share,-0.4417086363365641,-0.3570630633709574
ISR,2008,hitech_share,0.3362924913550063,0.39974837924180817
ISR,2009,hitech_share,0.5694074724360343,0.767219614813488
ISR,2010,hitech_share,0.4140380002065833,0.5129146168600558
ISR,2011,hitech_share,0.3744394762668226,0.45417608592562697
ISR,2012,hitech_share,0.4342574785606428,0.5438163165501482
ISR,2013,hitech_share,0.3552806529991024,0.4265809723319691
ISR,2014,hitech_share,0.3575175597950273,0.42977567279538054
ISR,2015,hitech_share,0.5397244151890668,0.715534021914974
ISR,2016,hitech_share,0.4375302725441843,0.5488771863774846
ISR,2017,hitech_share,0.477405464479427,0.6118868744463244
ISR,2018,hitech_share,0.5701585394084376,0.7685474136696735
ISR,2019,hitech_share,0.5503973507391802,0.7339418640829443
ISR,2020,hitech_share,0.7041320356398524,1.0220908202536423
ISR,2021,hitech_share,0.7624822905868824,1.1435906366648778
ISR,2022,hitech_share,0.63960218747768,0.8957265855065304
ISR,2023,hitech_share,0.7943924335216277,1.213095985319403
ITA,2007,hitech_share,-0.7720505052962814,-0.5379353697166773
ITA,2008,hitech_share,-0.793402228127996,-0.5476966645599952
ITA,2009,hitech_share,-0.7001567014146919,-0.5034925057316194
ITA,2010,hitech_share,-0.6288179252514223,-0.4667782634317237
ITA,2011,hitech_share,-0.6085773814017195,-0.4558755997843279
ITA,2012,hitech_share,-0.6581536946576789,-0.48219351865320115
ITA,2013,hitech_share,-0.6520458887479261,-0.47902117901099783
ITA,2014,hitech_share,-0.6661487099060861,-0.4863168842181468
ITA,2015,hitech_share,-0.6321528582575793,-0.46855356030716155
ITA,2016,hitech_share,-0.6318108918035534,-0.4683717923751789
ITA,2017,hitech_share,-0.6144840809052474,-0.45908010576514113
ITA,2018,hitech_share,-0.6273668414081817,-0.4660039523256255
ITA,2019,hitech_share,-0.6301020399493478,-0.46746254186088165
ITA,2020,hitech_share,-0.5521029344474142,-0.42426220241180534
ITA,2021,hitech_share,-0.6493073526103452,-0.477592504337065
ITA,2022,hitech_share,-0.5936371989276044,-0.44768525165478334
ITA,2023,hitech_share,-0.5425982064832304,-0.4187638826432558
JPN,2007,hitech_share,0.38769786779865356,0.4735844996953589
JPN,2008,hitech_share,0.3084831079460817,0.36135851321195944
JPN,2009,hitech_share,0.3294292589274339,0.39017447232985636
JPN,2010,hitech_share,0.29418853938349754,0.34203690662671726
JPN,2011,hitech_share,0.2827185234107561,0.3267316653503627
JPN,2012,hitech_share,0.2511394813415042,0.2854893736094706
JPN,2013,hitech_share,0.19013943334171568,0.2094182191250753
JPN,2014,hitech_share,0.17740479575288237,0.19411436773129953
JPN,2015,hitech_share,0.1703066582104107,0.1856683905231542
JPN,2016,hitech_share,0.13270893954023988,0.14191758290005985
JPN,2017,hitech_share,0.20923284659233188,0.23273200256105775
JPN,2018,hitech_share,0.22263285445098058,0.24936179190027175
JPN,2019,hitech_share,0.1709363505714654,0.186415231966909
JPN,2020,hitech_share,0.21744056925325594,0.24289156133912027
JPN,2021,hitech_share,0.20734597775014807,0.23040819200697737
JPN,2022,hitech_share,0.12593522746602037,0.13420870033211574
JPN,2023,hitech_share,0.024447640184372066,0.02474893403722267
KOR,2007,hitech_share,0.9621033205082892,1.617195489246189
KOR,2008,hitech_share,0.86918952081247,1.384977095696096
KOR,2009,hitech_share,0.8346976058782292,1.3041171914350538
KOR,2010,hitech_share,0.8564936802143532,1.3548892063230542
KOR,2011,hitech_share,0.7415429898616286,1.0991720180478146
KOR,2012,hitech_share,0.7177054681199162,1.049724652181145
KOR,2013,hitech_share,0.7354402871415608,1.0864004055781815
KOR,2014,hitech_share,0.72308984414496,1.0607909061569871
KOR,2015,hitech_share,0.7366898911607644,1.089009209557156
KOR,2016,hitech_share,0.6922714828751322,0.998249371253016
KOR,2017,hitech_share,0.8284103885432232,1.289676150438905
KOR,2018,hitech_share,0.9630754935671999,1.6197410933741208
KOR,2019,hitech_share,0.8019156152249738,1.2298082945896693
KOR,2020,hitech_share,0.8388068169786069,1.3136047752667643
KOR,2021,hitech_share,0.8716615528064242,1.3908801286185368
KOR,2022,hitech_share,0.7743094434690816,1.1690937280382587
KOR,2023,hitech_share,0.5604770625632054,0.7515078798547388
LTU,2007,hitech_share,0.08487471199278795,0.08858067205117948
LTU,2008,hitech_share,0.06634176071727094,0.06859185748681496
LTU,2009,hitech_share,-0.0703981261674893,-0.06797731658768447
LTU,2010,hitech_share,0.03276990519967393,0.03331275199420558
LTU,2011,hitech_share,-0.03325319233076618,-0.032706382743907914
LTU,2012,hitech_share,-0.03190984314299605,-0.03140609647512016
LTU,2013,hitech_share,-0.07942522915358463,-0.0763529207393312
LTU,2014,hitech_share,-0.09752549892180795,-0.09292078828098316
LTU,2015,hitech_share,0.010629496553326678,0.010686190349258329
LTU,2016,hitech_share,-0.026752028304657394,-0.026397362509975153
LTU,2017,hitech_share,0.024959900835696658,0.025274007069261417
LTU,2018,hitech_share,0.002042508941072718,0.0020445962833564035
LTU,2019,hitech_share,-0.06124401601629259,-0.059406308155171006
LTU,2020,hitech_share,-0.12396960679122282,-0.11659330996130168
LTU,2021,hitech_share,-0.15208647100095307,-0.14108599362398355
LTU,2022,hitech_share,-0.12566339542344052,-0.11808834767414433
LTU,2023,hitech_share,-0.05152489675720151,-0.05021999677429789
LUX,2007,hitech_share,-0.6047295200063552,-0.4537778511757963
LUX,2008,hitech_share,-0.9071991857897665,-0.5963468001119459
LUX,2009,hitech_share,-0.7200638184346295,-0.5132788068158567
LUX,2010,hitech_share,-0.8414804251268726,-0.5689281188296761
LUX,2011,hitech_share,-0.7791298158756241,-0.541194917453673
LUX,2012,hitech_share,-0.8333554362900926,-0.5654113972921734
LUX,2013,hitech_share,-1.1009895753061796,-0.6674581543766875
LUX,2014,hitech_share,-1.2483247973617804,-0.7130148473139091
LUX,2015,hitech_share,-1.0885081072930076,-0.6632815330062973
LUX,2016,hitech_share,-0.9966522361674071,-0.6308869215296515
LUX,2017,hitech_share,-1.041238252681994,-0.6469827133902496
LUX,2018,hitech_share,-1.0052179051189816,-0.6340351195059324
LUX,2019,hitech_share,-1.1047468712726674,-0.6687052681569947
LUX,2020,hitech_share,-1.3135306053178002,-0.7311308920416373
LUX,2021,hitech_share,-1.216835339859401,-0.7038340499977095
LUX,2022,hitech_share,-1.3063608497618888,-0.7291962390541633
LUX,2023,hitech_share,-1.3317040095497792,-0.7359730267226287
LVA,2007,hitech_share,-0.352809517740599,-0.29728896538477434
LVA,2008,hitech_share,-0.36754598863344246,-0.30756851790121253
LVA,2009,hitech_share,-0.22969455375893455,-0.20522367312664502
LVA,2010,hitech_share,-0.1975343635925304,-0.17924806384197856
LVA,2011,hitech_share,-0.07675980434719065,-0.07388772496442719
LVA,2012,hitech_share,0.05892653136210457,0.06069730989088029
LVA,2013,hitech_share,0.3218188727209448,0.37963486381600386
LVA,2014,hitech_share,0.43932073141459593,0.5516528714084439
LVA,2015,hitech_share,0.4717920348311475,0.6028640091783122
LVA,2016,hitech_share,0.3537491382433604,0.4243978147183547
LVA,2017,hitech_share,0.35168713600175083,0.4214637293164081
LVA,2018,hitech_share,0.39649794093400326,0.48660937694481965
LVA,2019,hitech_share,0.38704025858035385,0.4726157755003062
LVA,2020,hitech_share,0.4938461536826515,0.6386064478333477
LVA,2021,hitech_share,0.33771707704444687,0.40174386178215227
LVA,2022,hitech_share,0.2735533910425447,0.3146275466736259
LVA,2023,hitech_share,0.3029773825199711,0.3538838426552231
MEX,2008,hitech_share,0.6999771977483396,1.0137067898979728
MEX,2009,hitech_share,0.7414277246862659,1.0989300705613658
MEX,2010,hitech_share,0.7508466348035756,1.1187931014428152
MEX,2011,hitech_share,0.7239490666093444,1.0625623449189634
MEX,2012,hitech_share,0.7086594265471553,1.0312663708263106
MEX,2013,hitech_share,0.6445456143982677,0.9051211729399558
MEX,2014,hitech_share,0.615133753751274,0.8499040146130636
MEX,2015,hitech_share,0.5615690431048641,0.7534215370261421
MEX,2016,hitech_share,0.6012091994971147,0.8243234381824507
MEX,2017,hitech_share,0.7068207422943673,1.0275349448454048
MEX,2018,hitech_share,0.7236661703229976,1.0619789362171956
MEX,2019,hitech_share,0.6687212127428084,0.9517398640509502
MEX,2020,hitech_share,0.7005341741438316,1.0148286894541703
MEX,2021,hitech_share,0.6371631702118514,0.8911085097058318
MEX,2022,hitech_share,0.5725175042353379,0.7727242794159945
MEX,2023,hitech_share,0.3999463771973679,0.4917447039647087
NLD,2007,hitech_share,0.6475778057543806,0.9109066317693049
NLD,2008,hitech_share,0.510090702501246,0.6654422478729065
NLD,2009,hitech_share,0.5144488299602177,0.6727162965672056
NLD,2010,hitech_share,0.5532344398229023,0.7388681965349864
NLD,2011,hitech_share,0.4760819195486179,0.6097548809504356
NLD,2012,hitech_share,0.4756730572994763,0.6090968474809326
NLD,2013,hitech_share,0.4189155245206764,0.5203119202873017
NLD,2014,hitech_share,0.3995110803492574,0.49109549350677173
NLD,2015,hitech_share,0.35866241145243327,0.4314134911947649
NLD,2016,hitech_share,0.3373816532984111,0.40127376245069746
NLD,2017,hitech_share,0.36697437022024104,0.44336092561847606
NLD,2018,hitech_share,0.37634431923622236,0.4569487028807755
NLD,2019,hitech_share,0.3559636486151767,0.4275556536957068
NLD,2020,hitech_share,0.3190833158293245,0.37586595154365865
NLD,2021,hitech_share,0.28492708190626237,0.3296650679443771
NLD,2022,hitech_share,0.17797434543905766,0.19479466890896946
NLD,2023,hitech_share,0.2633315901919264,0.30125813185531536
NOR,2007,hitech_share,0.051531538372432184,0.05288239196550926
NOR,2008,hitech_share,0.0715853440548,0.07420982421146793
NOR,2009,hitech_share,0.06203522182304111,0.06399982008143335
NOR,2010,hitech_share,0.13372295838147608,0.14307609612210825
NOR,2011,hitech_share,0.21657786671231083,0.2418197780126068
NOR,2012,hitech_share,0.17474370631007385,0.19094094684492058
NOR,2013,hitech_share,0.14386040449525295,0.15472290314689463
NOR,2014,hitech_share,0.18976608796847794,0.20896677270661512
NOR,2015,hitech_share,0.16893186313374642,0.1840394594370902
NOR,2016,hitech_share,0.09591810927014732,0.10066892572163133
NOR,2017,hitech_share,0.20327392667962396,0.22540809424738417
NOR,2018,hitech_share,0.21325092642024757,0.23769518270325096
NOR,2019,hitech_share,0.23593760194089297,0.266095305812319
NOR,2020,hitech_share,0.16434770485180783,0.1786240571570732
NOR,2021,hitech_share,0.120686204589731,0.12827081061058654
NOR,2022,hitech_share,0.1678905228604597,0.18280711322005283
NOR,2023,hitech_share,0.21210070318589747,0.2362723753769509
NZL,2007,hitech_share,-0.21468226086390452,-0.19320224932446417
NZL,2008,hitech_share,-0.3068848401070028,-0.2642646767700497
NZL,2009,hitech_share,-0.3297930104968194,-0.28092744149958393
NZL,2010,hitech_share,-0.3029276739400273,-0.26134748173510325
NZL,2011,hitech_share,-0.2552031301904787,-0.2252408949885839
NZL,2012,hitech_share,-0.26734143903783725,-0.2345883145852049
NZL,2013,hitech_share,-0.23856280290344234,-0.2122407868622317
NZL,2014,hitech_share,-0.3361002795445063,-0.2854485526704873
NZL,2015,hitech_share,-0.3375684382175752,-0.2864968578477681
NZL,2016,hitech_share,-0.28176114797586393,-0.24554613415312865
NZL,2017,hitech_share,-0.3639078653456691,-0.3050447787475793
NZL,2018,hitech_share,-0.27738672250006324,-0.24223860294195299
NZL,2019,hitech_share,-0.31282904591800564,-0.2686250665874991
NZL,2020,hitech_share,-0.3908430286214424,-0.32351366330174414
NZL,2021,hitech_share,-0.3510362319458662,-0.29604175238356634
NZL,2022,hitech_share,-0.24225127661881363,-0.21514106392792065
NZL,2023,hitech_share,-0.22356007303352055,-0.20033314798894553
POL,2007,hitech_share,-0.9894209006948471,-0.6282080668571064
POL,2008,hitech_share,-0.7184933767050279,-0.5125138390319532
POL,2009,hitech_share,-0.5267975494620543,-0.4095070305204327
POL,2010,hitech_share,-0.40445035172008126,-0.33265648571496986
POL,2011,hitech_share,-0.5521966669248621,-0.42431616521286075
POL,2012,hitech_share,-0.4084972044350361,-0.33535166944351247
POL,2013,hitech_share,-0.3241805944743419,-0.27688036082403433
POL,2014,hitech_share,-0.2093641523776033,-0.18890018206902837
POL,2015,hitech_share,-0.1739902446236794,-0.1596949048891263
POL,2016,hitech_share,-0.20292608927567723,-0.18366142462868207
POL,2017,hitech_share,-0.14341349727391517,-0.13360425746056293
POL,2018,hitech_share,-0.1603389789684777,-0.1481450209033658
POL,2019,hitech_share,-0.2697524275005305,-0.23643149049717693
POL,2020,hitech_share,-0.32520564642535543,-0.2776212162484688
POL,2021,hitech_share,-0.3618396099387575,-0.3036059464302079
POL,2022,hitech_share,-0.2650167443248872,-0.23280689626227502
POL,2023,hitech_share,-0.2573778518860905,-0.22692394967203566
PRT,2007,hitech_share,-0.34086009047792265,-0.2888416009218764
PRT,2008,hitech_share,-0.40571471487246624,-0.3334997170767502
PRT,2009,hitech_share,-1.0204396802134477,-0.6395635714374222
PRT,2010,hitech_share,-1.1419223892770216,-0.68079520426185
PRT,2011,hitech_share,-1.0954469730483118,-0.6656098898262877
PRT,2012,hitech_share,-1.0096000179612756,-0.635635310239699
PRT,2013,hitech_share,-0.9879771442808207,-0.6276709021947917
PRT,2014,hitech_share,-0.9651995227288501,-0.6190928074854842
PRT,2015,hitech_share,-0.9474338473770305,-0.6122652655920766
PRT,2016,hitech_share,-0.8341570158246525,-0.5657596150413013
PRT,2017,hitech_share,-0.7327524399487171,-0.5194156116860882
PRT,2018,hitech_share,-0.8363586984656386,-0.5667146228610347
PRT,2019,hitech_share,-0.6116012384110534,-0.45751846901322646
PRT,2020,hitech_share,-0.6112476663950617,-0.45732662881201236
PRT,2021,hitech_share,-0.7202178562155428,-0.5133537744943026
PRT,2022,hitech_share,-0.722109076609635,-0.5142732600117441
PRT,2023,hitech_share,-0.8014320664806183,-0.551314044305766
SVK,2007,hitech_share,-0.6730726713469413,-0.4898613213711681
SVK,2008,hitech_share,-0.7744538599201023,-0.5390445414819356
SVK,2009,hitech_share,-0.6168106598313174,-0.46033713573501933
SVK,2010,hitech_share,-0.44576592474027366,-0.3596663592160392
SVK,2011,hitech_share,-0.4069928290133933,-0.33435103635579055
SVK,2012,hitech_share,-0.18821600413408923,-0.17156425764037675
SVK,2013,hitech_share,-0.0754302549012631,-0.07265559399426602
SVK,2014,hitech_share,-0.0839474723270266,-0.08052044705208405
SVK,2015,hitech_share,-0.11779282047640338,-0.1111198086863544
SVK,2016,hitech_share,-0.17450706695222795,-0.16012908111942337
SVK,2017,hitech_share,-0.00925536424368012,-0.009212665193332525
SVK,2018,hitech_share,-0.09190302794330973,-0.087806397453975
SVK,2019,hitech_share,-0.2082446598633445,-0.1879916534439261
SVK,2020,hitech_share,-0.2490429437657915,-0.22045350399626484
SVK,2021,hitech_share,-0.33715860860046076,-0.28620438319991715
SVK,2022,hitech_share,-0.48717336064926364,-0.3856394822261152
SVK,2023,hitech_share,-0.39234758078989707,-0.32453070699705
SVN,2007,hitech_share,-0.7472797495254122,-0.5263467426337207
SVN,2008,hitech_share,-0.6497316486926961,-0.4778141127737452
SVN,2009,hitech_share,-0.6458388935834907,-0.4757774093714412
SVN,2010,hitech_share,-0.7192115747351617,-0.5128638249378401
SVN,2011,hitech_share,-0.6717060367448064,-0.4891636715934863
SVN,2012,hitech_share,-0.6045673735385624,-0.4536892760028526
SVN,2013,hitech_share,-0.6145969804257183,-0.45914117191457904
SVN,2014,hitech_share,-0.6841246911021592,-0.49546834259724415
SVN,2015,hitech_share,-0.6197107840103797,-0.46189995777185644
SVN,2016,hitech_share,-0.6233141584657886,-0.463835444482544
SVN,2017,hitech_share,-0.6523782765212685,-0.47919431722515815
SVN,2018,hitech_share,-0.586236869037496,-0.44358277921173606
SVN,2019,hitech_share,-0.5610407790613439,-0.42938512931894823
SVN,2020,hitech_share,-0.5426533245957983,-0.4187959183981175
SVN,2021,hitech_share,-0.7628223887737158,-0.533651648527758
SVN,2022,hitech_share,-0.5391155140792137,-0.4167360869877529
SVN,2023,hitech_share,-0.6222049500396012,-0.46324039628451286
SWE,2007,hitech_share,0.15456823638785044,0.16715391770771237
SWE,2008,hitech_share,0.1670509861019287,0.18181451988784714
SWE,2009,hitech_share,0.1860811711290351,0.20452002866026686
SWE,2010,hitech_share,0.24802609946942722,0.28149337805480146
SWE,2011,hitech_share,0.22784724321300143,0.2558934645282358
SWE,2012,hitech_share,0.1779398619739272,0.19475346895902867
SWE,2013,hitech_share,0.1534008369056079,0.16579217783034772
SWE,2014,hitech_share,0.1299197728914434,0.1387370220811588
SWE,2015,hitech_share,0.11606877713452501,0.12307311122753473
SWE,2016,hitech_share,0.08538356352027021,0.08913473894587787
SWE,2017,hitech_share,0.002080294670961269,0.0020824599851572145
SWE,2018,hitech_share,-0.03089671602032329,-0.030424290457430003
SWE,2019,hitech_share,-0.05078091004896779,-0.04951311015163218
SWE,2020,hitech_share,-0.05786662795650166,-0.05622418764812087
SWE,2021,hitech_share,-0.11876247086569336,-0.11198129397262335
SWE,2022,hitech_share,0.004347342045892155,0.004356805445900225
SWE,2023,hitech_share,-0.0029488801952588517,-0.0029445365187653616
TUR,2007,hitech_share,-1.4987557166664927,-0.7765920299107981
TUR,2008,hitech_share,-1.6565859839744521,-0.8092107730282934
TUR,2009,hitech_share,-1.645385810484128,-0.8070618891134458
TUR,2010,hitech_share,-1.54676206563901,-0.7870636673367968
TUR,2011,hitech_share,-1.5965203364323028,-0.7973997263408533
TUR,2012,hitech_share,-1.606135667601039,-0.7993384593499561
TUR,2013,hitech_share,-1.2872942683382576,-0.7239833995010098
TUR,2014,hitech_share,-1.2339096064156434,-0.708847940315113
TUR,2015,hitech_share,-1.2497721534186692,-0.7134299165639313
TUR,2016,hitech_share,-1.3918720906891895,-0.7513905507292401
TUR,2017,hitech_share,-1.2711815751679614,-0.7195000059321753
TUR,2018,hitech_share,-1.4356903390971456,-0.7620489596046879
TUR,2019,hitech_share,-1.3477839527606466,-0.7401846136726993
TUR,2020,hitech_share,-1.3718334749520271,-0.7463585123467458
TUR,2021,hitech_share,-1.3337043525419763,-0.7365006433453356
TUR,2022,hitech_share,-1.330628732781745,-0.7356889719607551
TUR,2023,hitech_share,-1.1712586437743722,-0.690023454416824
USA,2007,hitech_share,0.6179443144000532,0.8551105953186364
USA,2008,hitech_share,0.5499361844672821,0.7331424129319191
USA,2009,hitech_share,0.3230229771641433,0.3812970888309455
USA,2010,hitech_share,0.2896179510018331,0.3359170047635678
USA,2011,hitech_share,0.22129433277773414,0.24769061276834403
USA,2012,hitech_share,0.17720216255637844,0.1938724250336139
USA,2013,hitech_share,0.1466459500621653,0.15794392047330819
USA,2014,hitech_share,0.14422979078770393,0.1551495207473923
USA,2015,hitech_share,0.1645087866182311,0.178813927294047
USA,2016,hitech_share,0.1964230956018258,0.2170417214179965
USA,2017,hitech_share,0.12249298795913566,0.13031119425793936
USA,2018,hitech_share,0.10553942229675206,0.11130991404852542
USA,2019,hitech_share,0.0707706531220551,0.0733350315990069
USA,2020,hitech_share,0.06290632929938456,0.06492708209333387
USA,2021,hitech_share,0.09992511567627371,0.10508816119748077
USA,2022,hitech_share,0.037020063049888474,0.03771384033385372
USA,2023,hitech_share,0.05677158154183326,0.05841402148313679
