country_iso3,year,var,value
AUS,2000,rtfpna,0.905627310276032
AUS,2001,rtfpna,0.92472505569458
AUS,2002,rtfpna,0.937351763248444
AUS,2003,rtfpna,0.948414981365204
AUS,2004,rtfpna,0.953947186470032
AUS,2005,rtfpna,0.947016716003418
AUS,2006,rtfpna,0.954572319984436
AUS,2007,rtfpna,0.955101728439331
AUS,2008,rtfpna,0.941637814044952
AUS,2009,rtfpna,0.944998383522034
AUS,2010,rtfpna,0.955094218254089
AUS,2011,rtfpna,0.958053410053253
AUS,2012,rtfpna,0.959026873111725
AUS,2013,rtfpna,0.965567171573639
AUS,2014,rtfpna,0.970684289932251
AUS,2015,rtfpna,0.981469571590424
AUS,2016,rtfpna,0.983357310295105
AUS,2017,rtfpna,0.991528213024139
AUS,2018,rtfpna,0.986533045768738
AUS,2019,rtfpna,0.96304589509964
AUS,2020,rtfpna,0.981769025325775
AUS,2021,rtfpna,1.0
AUS,2022,rtfpna,1.00551331043243
AUS,2023,rtfpna,1.00107288360596
AUT,2000,rtfpna,1.0033118724823
AUT,2001,rtfpna,0.99993622303009
AUT,2002,rtfpna,1.00216901302338
AUT,2003,rtfpna,0.997881770133972
AUT,2004,rtfpna,1.00533711910248
AUT,2005,rtfpna,1.01685702800751
AUT,2006,rtfpna,1.03241097927094
AUT,2007,rtfpna,1.04898631572723
AUT,2008,rtfpna,1.04021906852722
AUT,2009,rtfpna,1.01182222366333
AUT,2010,rtfpna,1.01781260967255
AUT,2011,rtfpna,1.02433180809021
AUT,2012,rtfpna,1.02321875095367
AUT,2013,rtfpna,1.01338672637939
AUT,2014,rtfpna,1.00937795639038
AUT,2015,rtfpna,1.01672267913818
AUT,2016,rtfpna,1.01506304740906
AUT,2017,rtfpna,1.01973009109497
AUT,2018,rtfpna,1.02002668380737
AUT,2019,rtfpna,1.01509654521942
AUT,2020,rtfpna,0.996166050434113
AUT,2021,rtfpna,1.0
AUT,2022,rtfpna,1.02490365505219
AUT,2023,rtfpna,1.00125813484192
BEL,2000,rtfpna,1.03988838195801
BEL,2001,rtfpna,1.02578663825989
BEL,2002,rtfpna,1.02155303955078
BEL,2003,rtfpna,1.01768970489502
BEL,2004,rtfpna,1.03683698177338
BEL,2005,rtfpna,1.03865361213684
BEL,2006,rtfpna,1.03899335861206
BEL,2007,rtfpna,1.05039525032043
BEL,2008,rtfpna,1.03414726257324
BEL,2009,rtfpna,1.0133513212204
BEL,2010,rtfpna,1.02062141895294
BEL,2011,rtfpna,1.01785659790039
BEL,2012,rtfpna,1.010373711586
BEL,2013,rtfpna,1.00736439228058
BEL,2014,rtfpna,1.01438879966736
BEL,2015,rtfpna,1.0154812335968
BEL,2016,rtfpna,1.00793397426605
BEL,2017,rtfpna,1.0015641450882
BEL,2018,rtfpna,0.998752653598785
BEL,2019,rtfpna,1.00136947631836
BEL,2020,rtfpna,0.993591070175171
BEL,2021,rtfpna,1.0
BEL,2022,rtfpna,1.00572609901428
BEL,2023,rtfpna,1.00189697742462
CAN,2000,rtfpna,1.00530660152435
CAN,2001,rtfpna,1.00717604160309
CAN,2002,rtfpna,1.01476728916168
CAN,2003,rtfpna,1.00789761543274
CAN,2004,rtfpna,1.00824904441834
CAN,2005,rtfpna,1.01540660858154
CAN,2006,rtfpna,1.01398301124573
CAN,2007,rtfpna,1.0032993555069
CAN,2008,rtfpna,0.988963186740875
CAN,2009,rtfpna,0.971051096916199
CAN,2010,rtfpna,0.973248600959778
CAN,2011,rtfpna,0.982724726200104
CAN,2012,rtfpna,0.976195514202118
CAN,2013,rtfpna,0.981455147266388
CAN,2014,rtfpna,0.997773766517639
CAN,2015,rtfpna,0.987293541431427
CAN,2016,rtfpna,0.986912786960602
CAN,2017,rtfpna,0.997301816940308
CAN,2018,rtfpna,0.999647378921509
CAN,2019,rtfpna,1.00013959407806
CAN,2020,rtfpna,1.02430558204651
CAN,2021,rtfpna,1.0
CAN,2022,rtfpna,1.00102639198303
CAN,2023,rtfpna,0.982741117477417
CHE,2000,rtfpna,0.947008073329926
CHE,2001,rtfpna,0.951619505882263
CHE,2002,rtfpna,0.942570447921753
CHE,2003,rtfpna,0.929595649242401
CHE,2004,rtfpna,0.930697023868561
CHE,2005,rtfpna,0.940775811672211
CHE,2006,rtfpna,0.95516437292099
CHE,2007,rtfpna,0.964894652366638
CHE,2008,rtfpna,0.965215086936951
CHE,2009,rtfpna,0.933072566986084
CHE,2010,rtfpna,0.96581095457077
CHE,2011,rtfpna,0.957312941551209
CHE,2012,rtfpna,0.954273760318756
CHE,2013,rtfpna,0.964377164840698
CHE,2014,rtfpna,0.969626247882843
CHE,2015,rtfpna,0.961967527866364
CHE,2016,rtfpna,0.962637484073639
CHE,2017,rtfpna,0.966078341007233
CHE,2018,rtfpna,0.979909002780914
CHE,2019,rtfpna,0.977952718734741
CHE,2020,rtfpna,0.974069237709045
CHE,2021,rtfpna,1.0
CHE,2022,rtfpna,1.00999534130096
CHE,2023,rtfpna,1.00189411640167
CHL,2000,rtfpna,1.07545137405396
CHL,2001,rtfpna,1.07395660877228
CHL,2002,rtfpna,1.0639420747757
CHL,2003,rtfpna,1.06942570209503
CHL,2004,rtfpna,1.09067583084106
CHL,2005,rtfpna,1.10056138038635
CHL,2006,rtfpna,1.09664452075958
CHL,2007,rtfpna,1.09316873550415
CHL,2008,rtfpna,1.07661354541779
CHL,2009,rtfpna,1.02858829498291
CHL,2010,rtfpna,1.03552210330963
CHL,2011,rtfpna,1.03923416137695
CHL,2012,rtfpna,1.04053974151611
CHL,2013,rtfpna,1.02323889732361
CHL,2014,rtfpna,1.0088175535202
CHL,2015,rtfpna,0.992441356182098
CHL,2016,rtfpna,0.982088506221771
CHL,2017,rtfpna,0.971944212913513
CHL,2018,rtfpna,0.984026730060577
CHL,2019,rtfpna,0.962496101856232
CHL,2020,rtfpna,0.963732302188873
CHL,2021,rtfpna,1.0
CHL,2022,rtfpna,0.955251455307007
CHL,2023,rtfpna,0.928955614566803
CHN,2000,rtfpna,0.512455761432648
CHN,2001,rtfpna,0.524456977844238
CHN,2002,rtfpna,0.540571391582489
CHN,2003,rtfpna,0.559177219867706
CHN,2004,rtfpna,0.580050408840179
CHN,2005,rtfpna,0.592121064662933
CHN,2006,rtfpna,0.633922159671783
CHN,2007,rtfpna,0.700974345207214
CHN,2008,rtfpna,0.73548686504364
CHN,2009,rtfpna,0.753161013126373
CHN,2010,rtfpna,0.75952422618866
CHN,2011,rtfpna,0.788435995578766
CHN,2012,rtfpna,0.800227165222168
CHN,2013,rtfpna,0.811296701431274
CHN,2014,rtfpna,0.82921838760376
CHN,2015,rtfpna,0.851113080978394
CHN,2016,rtfpna,0.872795343399048
CHN,2017,rtfpna,0.898876547813416
CHN,2018,rtfpna,0.924569427967072
CHN,2019,rtfpna,0.9467533826828
CHN,2020,rtfpna,0.959374368190765
CHN,2021,rtfpna,1.0
CHN,2022,rtfpna,0.995394468307495
CHN,2023,rtfpna,1.01372635364532
COL,2000,rtfpna,0.979115307331085
COL,2001,rtfpna,0.982415735721588
COL,2002,rtfpna,0.9640012383461
COL,2003,rtfpna,0.969526171684265
COL,2004,rtfpna,0.986296474933624
COL,2005,rtfpna,0.986049354076386
COL,2006,rtfpna,0.995081961154938
COL,2007,rtfpna,0.991531789302826
COL,2008,rtfpna,0.978699862957001
COL,2009,rtfpna,0.965880930423737
COL,2010,rtfpna,0.970189154148102
COL,2011,rtfpna,0.990511417388916
COL,2012,rtfpna,0.990017950534821
COL,2013,rtfpna,1.00279486179352
COL,2014,rtfpna,1.01468193531036
COL,2015,rtfpna,0.99882847070694
COL,2016,rtfpna,0.993033587932587
COL,2017,rtfpna,0.983790576457977
COL,2018,rtfpna,0.982084095478058
COL,2019,rtfpna,0.990295648574829
COL,2020,rtfpna,1.0182021856308
COL,2021,rtfpna,1.0
COL,2022,rtfpna,1.00089430809021
COL,2023,rtfpna,0.983163952827454
CRI,2000,rtfpna,0.875980973243713
CRI,2001,rtfpna,0.876690983772278
CRI,2002,rtfpna,0.860611438751221
CRI,2003,rtfpna,0.860459566116333
CRI,2004,rtfpna,0.8544682264328
CRI,2005,rtfpna,0.851402759552002
CRI,2006,rtfpna,0.871935606002808
CRI,2007,rtfpna,0.888255536556244
CRI,2008,rtfpna,0.888636887073517
CRI,2009,rtfpna,0.875519692897797
CRI,2010,rtfpna,0.911869406700134
CRI,2011,rtfpna,0.907329916954041
CRI,2012,rtfpna,0.940264642238617
CRI,2013,rtfpna,0.943430006504059
CRI,2014,rtfpna,0.947829246520996
CRI,2015,rtfpna,0.942841529846191
CRI,2016,rtfpna,0.932762801647186
CRI,2017,rtfpna,0.943022668361664
CRI,2018,rtfpna,0.958362221717835
CRI,2019,rtfpna,0.964836001396179
CRI,2020,rtfpna,1.00614309310913
CRI,2021,rtfpna,1.0
CRI,2022,rtfpna,0.983364820480347
CRI,2023,rtfpna,1.03082025051117
CZE,2000,rtfpna,0.763404130935669
CZE,2001,rtfpna,0.786402881145477
CZE,2002,rtfpna,0.784886479377747
CZE,2003,rtfpna,0.806116282939911
CZE,2004,rtfpna,0.82997739315033
CZE,2005,rtfpna,0.864531517028809
CZE,2006,rtfpna,0.905470669269562
CZE,2007,rtfpna,0.931848287582398
CZE,2008,rtfpna,0.928857684135437
CZE,2009,rtfpna,0.888323247432709
CZE,2010,rtfpna,0.904031693935394
CZE,2011,rtfpna,0.90850841999054
CZE,2012,rtfpna,0.900524437427521
CZE,2013,rtfpna,0.895004570484161
CZE,2014,rtfpna,0.903590977191925
CZE,2015,rtfpna,0.937667191028595
CZE,2016,rtfpna,0.941122233867645
CZE,2017,rtfpna,0.973580956459045
CZE,2018,rtfpna,0.982224941253662
CZE,2019,rtfpna,1.00642061233521
CZE,2020,rtfpna,0.99091100692749
CZE,2021,rtfpna,1.0
CZE,2022,rtfpna,0.997733592987061
CZE,2023,rtfpna,0.98177295923233
DEU,2000,rtfpna,0.929557919502258
DEU,2001,rtfpna,0.938741385936737
DEU,2002,rtfpna,0.935485482215881
DEU,2003,rtfpna,0.932899415493012
DEU,2004,rtfpna,0.935700237751007
DEU,2005,rtfpna,0.941683232784271
DEU,2006,rtfpna,0.957486212253571
DEU,2007,rtfpna,0.966721653938294
DEU,2008,rtfpna,0.960982143878937
DEU,2009,rtfpna,0.918505787849426
DEU,2010,rtfpna,0.939475774765015
DEU,2011,rtfpna,0.960520267486572
DEU,2012,rtfpna,0.962337851524353
DEU,2013,rtfpna,0.962228775024414
DEU,2014,rtfpna,0.970327973365784
DEU,2015,rtfpna,0.974166393280029
DEU,2016,rtfpna,0.984555721282959
DEU,2017,rtfpna,0.998752593994141
DEU,2018,rtfpna,0.997346341609955
DEU,2019,rtfpna,0.998371243476868
DEU,2020,rtfpna,0.985335111618042
DEU,2021,rtfpna,1.0
DEU,2022,rtfpna,1.00167214870453
DEU,2023,rtfpna,0.994192361831665
DNK,2000,rtfpna,0.970922112464905
DNK,2001,rtfpna,0.958499670028687
DNK,2002,rtfpna,0.952655255794525
DNK,2003,rtfpna,0.953496694564819
DNK,2004,rtfpna,0.971464991569519
DNK,2005,rtfpna,0.976230800151825
DNK,2006,rtfpna,0.981014788150787
DNK,2007,rtfpna,0.97138375043869
DNK,2008,rtfpna,0.948509871959686
DNK,2009,rtfpna,0.918812811374664
DNK,2010,rtfpna,0.939837872982025
DNK,2011,rtfpna,0.941031396389008
DNK,2012,rtfpna,0.94389021396637
DNK,2013,rtfpna,0.94816380739212
DNK,2014,rtfpna,0.952769219875336
DNK,2015,rtfpna,0.957802176475525
DNK,2016,rtfpna,0.964322865009308
DNK,2017,rtfpna,0.976810395717621
DNK,2018,rtfpna,0.983878970146179
DNK,2019,rtfpna,0.985956192016602
DNK,2020,rtfpna,0.9782674908638
DNK,2021,rtfpna,1.0
DNK,2022,rtfpna,0.980614542961121
DNK,2023,rtfpna,0.988400816917419
ESP,2000,rtfpna,1.11253976821899
ESP,2001,rtfpna,1.10549128055573
ESP,2002,rtfpna,1.09970963001251
ESP,2003,rtfpna,1.09232866764069
ESP,2004,rtfpna,1.08446276187897
ESP,2005,rtfpna,1.07943665981293
ESP,2006,rtfpna,1.07525444030762
ESP,2007,rtfpna,1.07328593730927
ESP,2008,rtfpna,1.05714750289917
ESP,2009,rtfpna,1.04372465610504
ESP,2010,rtfpna,1.04752993583679
ESP,2011,rtfpna,1.04426693916321
ESP,2012,rtfpna,1.03552436828613
ESP,2013,rtfpna,1.02987170219421
ESP,2014,rtfpna,1.03008198738098
ESP,2015,rtfpna,1.04295206069946
ESP,2016,rtfpna,1.04708468914032
ESP,2017,rtfpna,1.05155527591705
ESP,2018,rtfpna,1.04833316802979
ESP,2019,rtfpna,1.04497504234314
ESP,2020,rtfpna,0.989767551422119
ESP,2021,rtfpna,1.0
ESP,2022,rtfpna,1.02528059482574
ESP,2023,rtfpna,1.03595876693726
EST,2000,rtfpna,0.729637026786804
EST,2001,rtfpna,0.754500150680542
EST,2002,rtfpna,0.784059047698975
EST,2003,rtfpna,0.804568469524384
EST,2004,rtfpna,0.833917915821075
EST,2005,rtfpna,0.869872570037842
EST,2006,rtfpna,0.893967211246491
EST,2007,rtfpna,0.92288613319397
EST,2008,rtfpna,0.863482773303986
EST,2009,rtfpna,0.821800351142883
EST,2010,rtfpna,0.852147996425629
EST,2011,rtfpna,0.858697056770325
EST,2012,rtfpna,0.873059868812561
EST,2013,rtfpna,0.870336592197418
EST,2014,rtfpna,0.888650715351105
EST,2015,rtfpna,0.880739271640778
EST,2016,rtfpna,0.895982027053833
EST,2017,rtfpna,0.914975583553314
EST,2018,rtfpna,0.941704571247101
EST,2019,rtfpna,0.958396136760712
EST,2020,rtfpna,0.947531223297119
EST,2021,rtfpna,1.0
EST,2022,rtfpna,0.963193237781525
EST,2023,rtfpna,0.905719637870789
FIN,2000,rtfpna,1.02981948852539
FIN,2001,rtfpna,1.03627169132233
FIN,2002,rtfpna,1.03514409065247
FIN,2003,rtfpna,1.04162585735321
FIN,2004,rtfpna,1.06363213062286
FIN,2005,rtfpna,1.07121968269348
FIN,2006,rtfpna,1.08863544464111
FIN,2007,rtfpna,1.11417925357819
FIN,2008,rtfpna,1.09254133701324
FIN,2009,rtfpna,1.01624178886414
FIN,2010,rtfpna,1.03979074954987
FIN,2011,rtfpna,1.04751896858215
FIN,2012,rtfpna,1.02239453792572
FIN,2013,rtfpna,1.01222968101501
FIN,2014,rtfpna,1.0047926902771
FIN,2015,rtfpna,1.00066900253296
FIN,2016,rtfpna,1.01293385028839
FIN,2017,rtfpna,1.03362023830414
FIN,2018,rtfpna,1.0184942483902
FIN,2019,rtfpna,1.01562285423279
FIN,2020,rtfpna,0.997035562992096
FIN,2021,rtfpna,1.0
FIN,2022,rtfpna,0.98576158285141
FIN,2023,rtfpna,0.965718746185303
FRA,2000,rtfpna,1.04800641536713
FRA,2001,rtfpna,1.05128812789917
FRA,2002,rtfpna,1.06136894226074
FRA,2003,rtfpna,1.05718302726746
FRA,2004,rtfpna,1.06264066696167
FRA,2005,rtfpna,1.06424987316132
FRA,2006,rtfpna,1.07854270935059
FRA,2007,rtfpna,1.07080280780792
FRA,2008,rtfpna,1.05397248268127
FRA,2009,rtfpna,1.02737295627594
FRA,2010,rtfpna,1.03350806236267
FRA,2011,rtfpna,1.03996396064758
FRA,2012,rtfpna,1.03119504451752
FRA,2013,rtfpna,1.0345253944397
FRA,2014,rtfpna,1.0354038476944
FRA,2015,rtfpna,1.0352885723114
FRA,2016,rtfpna,1.0282586812973
FRA,2017,rtfpna,1.03806221485138
FRA,2018,rtfpna,1.03377199172974
FRA,2019,rtfpna,1.03290498256683
FRA,2020,rtfpna,0.996694266796112
FRA,2021,rtfpna,1.0
FRA,2022,rtfpna,0.987862050533295
FRA,2023,rtfpna,0.981999218463898
GBR,2000,rtfpna,1.0126223564148
GBR,2001,rtfpna,1.016117811203
GBR,2002,rtfpna,1.02082276344299
GBR,2003,rtfpna,1.03604209423065
GBR,2004,rtfpna,1.04172587394714
GBR,2005,rtfpna,1.04797208309174
GBR,2006,rtfpna,1.05330979824066
GBR,2007,rtfpna,1.05969798564911
GBR,2008,rtfpna,1.04089832305908
GBR,2009,rtfpna,1.00172996520996
GBR,2010,rtfpna,1.01071655750275
GBR,2011,rtfpna,1.01364231109619
GBR,2012,rtfpna,1.00909698009491
GBR,2013,rtfpna,1.0080748796463
GBR,2014,rtfpna,1.01404857635498
GBR,2015,rtfpna,1.01628375053406
GBR,2016,rtfpna,1.01578724384308
GBR,2017,rtfpna,1.02354860305786
GBR,2018,rtfpna,1.02196455001831
GBR,2019,rtfpna,1.01816308498383
GBR,2020,rtfpna,0.972712874412537
GBR,2021,rtfpna,1.0
GBR,2022,rtfpna,1.01048302650452
GBR,2023,rtfpna,0.998529374599457
GRC,2000,rtfpna,1.15457022190094
GRC,2001,rtfpna,1.18233180046082
GRC,2002,rtfpna,1.20086586475372
GRC,2003,rtfpna,1.23685276508331
GRC,2004,rtfpna,1.26600933074951
GRC,2005,rtfpna,1.23967754840851
GRC,2006,rtfpna,1.28466212749481
GRC,2007,rtfpna,1.29264092445374
GRC,2008,rtfpna,1.26510882377625
GRC,2009,rtfpna,1.21101295948029
GRC,2010,rtfpna,1.17185258865356
GRC,2011,rtfpna,1.07777988910675
GRC,2012,rtfpna,1.00428438186646
GRC,2013,rtfpna,0.987707793712616
GRC,2014,rtfpna,0.991755306720734
GRC,2015,rtfpna,1.01057291030884
GRC,2016,rtfpna,0.990099906921387
GRC,2017,rtfpna,1.00458669662476
GRC,2018,rtfpna,0.993777930736542
GRC,2019,rtfpna,1.0148458480835
GRC,2020,rtfpna,0.988930940628052
GRC,2021,rtfpna,1.0
GRC,2022,rtfpna,1.02865409851074
GRC,2023,rtfpna,1.03926718235016
HUN,2000,rtfpna,0.838518142700195
HUN,2001,rtfpna,0.862752914428711
HUN,2002,rtfpna,0.889927506446838
HUN,2003,rtfpna,0.904477596282959
HUN,2004,rtfpna,0.934987783432007
HUN,2005,rtfpna,0.968019306659699
HUN,2006,rtfpna,0.987797617912293
HUN,2007,rtfpna,0.982585310935974
HUN,2008,rtfpna,0.9845290184021
HUN,2009,rtfpna,0.92667943239212
HUN,2010,rtfpna,0.929237186908722
HUN,2011,rtfpna,0.945149183273315
HUN,2012,rtfpna,0.924788415431976
HUN,2013,rtfpna,0.92772114276886
HUN,2014,rtfpna,0.927027463912964
HUN,2015,rtfpna,0.935641944408417
HUN,2016,rtfpna,0.927076280117035
HUN,2017,rtfpna,0.946100890636444
HUN,2018,rtfpna,0.976000189781189
HUN,2019,rtfpna,1.00137805938721
HUN,2020,rtfpna,0.969266831874847
HUN,2021,rtfpna,1.0
HUN,2022,rtfpna,1.01150727272034
HUN,2023,rtfpna,0.997124016284943
IRL,2000,rtfpna,0.825466632843018
IRL,2001,rtfpna,0.829687893390656
IRL,2002,rtfpna,0.843507289886475
IRL,2003,rtfpna,0.835699439048767
IRL,2004,rtfpna,0.848207950592041
IRL,2005,rtfpna,0.839392304420471
IRL,2006,rtfpna,0.830212831497192
IRL,2007,rtfpna,0.831080734729767
IRL,2008,rtfpna,0.786068141460419
IRL,2009,rtfpna,0.779570937156677
IRL,2010,rtfpna,0.800679862499237
IRL,2011,rtfpna,0.811387538909912
IRL,2012,rtfpna,0.796826899051666
IRL,2013,rtfpna,0.788282692432404
IRL,2014,rtfpna,0.830963253974915
IRL,2015,rtfpna,0.970462739467621
IRL,2016,rtfpna,0.891323149204254
IRL,2017,rtfpna,0.906294584274292
IRL,2018,rtfpna,0.925478756427765
IRL,2019,rtfpna,0.851172506809235
IRL,2020,rtfpna,0.884511053562164
IRL,2021,rtfpna,1.0
IRL,2022,rtfpna,1.05003201961517
IRL,2023,rtfpna,0.975201785564423
ISL,2000,rtfpna,0.817254304885864
ISL,2001,rtfpna,0.821136474609375
ISL,2002,rtfpna,0.834058463573456
ISL,2003,rtfpna,0.850550353527069
ISL,2004,rtfpna,0.899105191230774
ISL,2005,rtfpna,0.905975878238678
ISL,2006,rtfpna,0.905000925064087
ISL,2007,rtfpna,0.941770970821381
ISL,2008,rtfpna,0.943650484085083
ISL,2009,rtfpna,0.945330202579498
ISL,2010,rtfpna,0.923299729824066
ISL,2011,rtfpna,0.92284482717514
ISL,2012,rtfpna,0.925500273704529
ISL,2013,rtfpna,0.951778054237366
ISL,2014,rtfpna,0.952089786529541
ISL,2015,rtfpna,0.964867651462555
ISL,2016,rtfpna,0.978552341461182
ISL,2017,rtfpna,0.983256995677948
ISL,2018,rtfpna,1.00094592571259
ISL,2019,rtfpna,1.01408731937408
ISL,2020,rtfpna,0.970970869064331
ISL,2021,rtfpna,1.0
ISL,2022,rtfpna,1.02724623680115
ISL,2023,rtfpna,1.04041087627411
ISR,2000,rtfpna,0.946884751319885
ISR,2001,rtfpna,0.940189599990845
ISR,2002,rtfpna,0.912199437618256
ISR,2003,rtfpna,0.913921892642975
ISR,2004,rtfpna,0.935255765914917
ISR,2005,rtfpna,0.94141560792923
ISR,2006,rtfpna,0.956758618354797
ISR,2007,rtfpna,0.962541401386261
ISR,2008,rtfpna,0.950025796890259
ISR,2009,rtfpna,0.934434115886688
ISR,2010,rtfpna,0.951324641704559
ISR,2011,rtfpna,0.965375661849976
ISR,2012,rtfpna,0.951151013374329
ISR,2013,rtfpna,0.956913530826569
ISR,2014,rtfpna,0.961008787155151
ISR,2015,rtfpna,0.955808699131012
ISR,2016,rtfpna,0.951289236545563
ISR,2017,rtfpna,0.955510199069977
ISR,2018,rtfpna,0.957756161689758
ISR,2019,rtfpna,0.965644598007202
ISR,2020,rtfpna,0.970708549022675
ISR,2021,rtfpna,1.0
ISR,2022,rtfpna,0.997690141201019
ISR,2023,rtfpna,0.979121923446655
ITA,2000,rtfpna,1.20727837085724
ITA,2001,rtfpna,1.20026051998138
ITA,2002,rtfpna,1.17622745037079
ITA,2003,rtfpna,1.15397679805756
ITA,2004,rtfpna,1.14937150478363
ITA,2005,rtfpna,1.13820970058441
ITA,2006,rtfpna,1.12840557098389
ITA,2007,rtfpna,1.11813652515411
ITA,2008,rtfpna,1.09447944164276
ITA,2009,rtfpna,1.04746532440186
ITA,2010,rtfpna,1.05659663677216
ITA,2011,rtfpna,1.05570876598358
ITA,2012,rtfpna,1.03151965141296
ITA,2013,rtfpna,1.02386212348938
ITA,2014,rtfpna,1.02057027816772
ITA,2015,rtfpna,1.02009105682373
ITA,2016,rtfpna,1.017045378685
ITA,2017,rtfpna,1.01994824409485
ITA,2018,rtfpna,1.01500141620636
ITA,2019,rtfpna,1.01144313812256
ITA,2020,rtfpna,0.980948805809021
ITA,2021,rtfpna,1.0
ITA,2022,rtfpna,1.00825369358063
ITA,2023,rtfpna,0.986916899681091
JPN,2000,rtfpna,0.989585041999817
JPN,2001,rtfpna,0.98855996131897
JPN,2002,rtfpna,0.990958333015442
JPN,2003,rtfpna,0.996456146240234
JPN,2004,rtfpna,1.00392937660217
JPN,2005,rtfpna,1.01189315319061
JPN,2006,rtfpna,1.00951302051544
JPN,2007,rtfpna,1.01439166069031
JPN,2008,rtfpna,1.00160491466522
JPN,2009,rtfpna,0.962928235530853
JPN,2010,rtfpna,0.995153784751892
JPN,2011,rtfpna,0.994750142097473
JPN,2012,rtfpna,1.00146508216858
JPN,2013,rtfpna,1.01748061180115
JPN,2014,rtfpna,1.01058149337769
JPN,2015,rtfpna,1.01847016811371
JPN,2016,rtfpna,1.01634430885315
JPN,2017,rtfpna,1.02103507518768
JPN,2018,rtfpna,1.01808106899261
JPN,2019,rtfpna,1.01419842243195
JPN,2020,rtfpna,0.985454976558685
JPN,2021,rtfpna,1.0
JPN,2022,rtfpna,0.997666299343109
JPN,2023,rtfpna,1.00498747825623
KOR,2000,rtfpna,0.818933725357056
KOR,2001,rtfpna,0.820868313312531
KOR,2002,rtfpna,0.847418367862701
KOR,2003,rtfpna,0.851898908615112
KOR,2004,rtfpna,0.8644739985466
KOR,2005,rtfpna,0.879054725170136
KOR,2006,rtfpna,0.890057265758514
KOR,2007,rtfpna,0.913276493549347
KOR,2008,rtfpna,0.928429543972015
KOR,2009,rtfpna,0.924860417842865
KOR,2010,rtfpna,0.956678032875061
KOR,2011,rtfpna,0.961033284664154
KOR,2012,rtfpna,0.956438481807709
KOR,2013,rtfpna,0.961220502853394
KOR,2014,rtfpna,0.965267717838287
KOR,2015,rtfpna,0.962718307971954
KOR,2016,rtfpna,0.968788385391235
KOR,2017,rtfpna,0.980870187282562
KOR,2018,rtfpna,0.993110656738281
KOR,2019,rtfpna,0.99475109577179
KOR,2020,rtfpna,0.987356901168823
KOR,2021,rtfpna,1.0
KOR,2022,rtfpna,0.99735951423645
KOR,2023,rtfpna,0.976855278015137
LTU,2000,rtfpna,0.640872299671173
LTU,2001,rtfpna,0.682885944843292
LTU,2002,rtfpna,0.705352187156677
LTU,2003,rtfpna,0.756204664707184
LTU,2004,rtfpna,0.766773641109467
LTU,2005,rtfpna,0.797830164432526
LTU,2006,rtfpna,0.834390938282013
LTU,2007,rtfpna,0.876691222190857
LTU,2008,rtfpna,0.874716341495514
LTU,2009,rtfpna,0.789380729198456
LTU,2010,rtfpna,0.803232669830322
LTU,2011,rtfpna,0.845076203346252
LTU,2012,rtfpna,0.866788983345032
LTU,2013,rtfpna,0.88911908864975
LTU,2014,rtfpna,0.89932918548584
LTU,2015,rtfpna,0.895632982254028
LTU,2016,rtfpna,0.886399984359741
LTU,2017,rtfpna,0.925027072429657
LTU,2018,rtfpna,0.941887974739075
LTU,2019,rtfpna,0.96184378862381
LTU,2020,rtfpna,0.976898074150085
LTU,2021,rtfpna,1.0
LTU,2022,rtfpna,0.972163021564484
LTU,2023,rtfpna,0.939469873905182
LUX,2000,rtfpna,1.16447746753693
LUX,2001,rtfpna,1.13796997070313
LUX,2002,rtfpna,1.13393926620483
LUX,2003,rtfpna,1.12648594379425
LUX,2004,rtfpna,1.13014793395996
LUX,2005,rtfpna,1.12398719787598
LUX,2006,rtfpna,1.14325523376465
LUX,2007,rtfpna,1.17131912708282
LUX,2008,rtfpna,1.10638189315796
LUX,2009,rtfpna,1.06268858909607
LUX,2010,rtfpna,1.06876134872437
LUX,2011,rtfpna,1.04205584526062
LUX,2012,rtfpna,1.0211569070816
LUX,2013,rtfpna,1.02207851409912
LUX,2014,rtfpna,1.00685453414917
LUX,2015,rtfpna,1.02462160587311
LUX,2016,rtfpna,1.0420298576355
LUX,2017,rtfpna,1.02022051811218
LUX,2018,rtfpna,1.00282633304596
LUX,2019,rtfpna,0.9958216547966
LUX,2020,rtfpna,0.988051235675812
LUX,2021,rtfpna,1.0
LUX,2022,rtfpna,0.982728779315949
LUX,2023,rtfpna,0.946880161762238
LVA,2000,rtfpna,0.632714152336121
LVA,2001,rtfpna,0.6506108045578
LVA,2002,rtfpna,0.687496900558472
LVA,2003,rtfpna,0.723389029502869
LVA,2004,rtfpna,0.763210594654083
LVA,2005,rtfpna,0.801720201969147
LVA,2006,rtfpna,0.845177590847015
LVA,2007,rtfpna,0.881231009960175
LVA,2008,rtfpna,0.845571935176849
LVA,2009,rtfpna,0.79176652431488
LVA,2010,rtfpna,0.799887657165527
LVA,2011,rtfpna,0.810924053192139
LVA,2012,rtfpna,0.859819889068604
LVA,2013,rtfpna,0.860553622245789
LVA,2014,rtfpna,0.877110302448273
LVA,2015,rtfpna,0.909331262111664
LVA,2016,rtfpna,0.929201602935791
LVA,2017,rtfpna,0.956206321716309
LVA,2018,rtfpna,0.96942412853241
LVA,2019,rtfpna,0.954732358455658
LVA,2020,rtfpna,0.950158536434174
LVA,2021,rtfpna,1.0
LVA,2022,rtfpna,0.996461510658264
LVA,2023,rtfpna,1.00154221057892
MEX,2000,rtfpna,1.26312029361725
MEX,2001,rtfpna,1.22626578807831
MEX,2002,rtfpna,1.20410788059235
MEX,2003,rtfpna,1.18599653244019
MEX,2004,rtfpna,1.18501901626587
MEX,2005,rtfpna,1.17951595783234
MEX,2006,rtfpna,1.19623112678528
MEX,2007,rtfpna,1.18715393543243
MEX,2008,rtfpna,1.15977847576141
MEX,2009,rtfpna,1.0677661895752
MEX,2010,rtfpna,1.09385406970978
MEX,2011,rtfpna,1.09738671779633
MEX,2012,rtfpna,1.09892416000366
MEX,2013,rtfpna,1.08203828334808
MEX,2014,rtfpna,1.08731949329376
MEX,2015,rtfpna,1.08345293998718
MEX,2016,rtfpna,1.07127821445465
MEX,2017,rtfpna,1.06555926799774
MEX,2018,rtfpna,1.05838358402252
MEX,2019,rtfpna,1.0322597026825
MEX,2020,rtfpna,0.977147042751312
MEX,2021,rtfpna,1.0
MEX,2022,rtfpna,0.994988083839417
MEX,2023,rtfpna,1.0007426738739
NLD,2000,rtfpna,1.01082313060761
NLD,2001,rtfpna,1.01059412956238
NLD,2002,rtfpna,1.00476539134979
NLD,2003,rtfpna,1.0023717880249
NLD,2004,rtfpna,1.01009976863861
NLD,2005,rtfpna,1.02138364315033
NLD,2006,rtfpna,1.0325448513031
NLD,2007,rtfpna,1.03603947162628
NLD,2008,rtfpna,1.03426218032837
NLD,2009,rtfpna,0.995788812637329
NLD,2010,rtfpna,1.00543034076691
NLD,2011,rtfpna,1.00864255428314
NLD,2012,rtfpna,0.996613681316376
NLD,2013,rtfpna,0.994007349014282
NLD,2014,rtfpna,1.00032937526703
NLD,2015,rtfpna,1.00062739849091
NLD,2016,rtfpna,1.00203740596771
NLD,2017,rtfpna,1.00662899017334
NLD,2018,rtfpna,1.00393080711365
NLD,2019,rtfpna,0.999673545360565
NLD,2020,rtfpna,0.976858854293823
NLD,2021,rtfpna,1.0
NLD,2022,rtfpna,1.01506805419922
NLD,2023,rtfpna,0.996724307537079
NOR,2000,rtfpna,1.12490797042847
NOR,2001,rtfpna,1.13673949241638
NOR,2002,rtfpna,1.13937556743622
NOR,2003,rtfpna,1.14832055568695
NOR,2004,rtfpna,1.163898229599
NOR,2005,rtfpna,1.16281950473785
NOR,2006,rtfpna,1.14748454093933
NOR,2007,rtfpna,1.12511253356934
NOR,2008,rtfpna,1.08414089679718
NOR,2009,rtfpna,1.05264973640442
NOR,2010,rtfpna,1.04419207572937
NOR,2011,rtfpna,1.03209042549133
NOR,2012,rtfpna,1.03517317771912
NOR,2013,rtfpna,1.02669537067413
NOR,2014,rtfpna,1.02618193626404
NOR,2015,rtfpna,1.02973687648773
NOR,2016,rtfpna,1.02429831027985
NOR,2017,rtfpna,1.03251612186432
NOR,2018,rtfpna,1.01751840114594
NOR,2019,rtfpna,1.00314593315125
NOR,2020,rtfpna,0.987697005271912
NOR,2021,rtfpna,1.0
NOR,2022,rtfpna,0.998436391353607
NOR,2023,rtfpna,0.980952680110931
NZL,2000,rtfpna,0.976820290088654
NZL,2001,rtfpna,0.985389590263367
NZL,2002,rtfpna,0.998131930828095
NZL,2003,rtfpna,1.00820207595825
NZL,2004,rtfpna,0.99058872461319
NZL,2005,rtfpna,0.985882937908173
NZL,2006,rtfpna,0.983065843582153
NZL,2007,rtfpna,0.998040020465851
NZL,2008,rtfpna,0.969582676887512
NZL,2009,rtfpna,0.998831212520599
NZL,2010,rtfpna,0.990898430347443
NZL,2011,rtfpna,0.995582640171051
NZL,2012,rtfpna,1.01177513599396
NZL,2013,rtfpna,0.990889966487885
NZL,2014,rtfpna,0.98473048210144
NZL,2015,rtfpna,0.993432343006134
NZL,2016,rtfpna,0.995882749557495
NZL,2017,rtfpna,0.992282271385193
NZL,2018,rtfpna,0.995964467525482
NZL,2019,rtfpna,0.984908521175385
NZL,2020,rtfpna,0.975765228271484
NZL,2021,rtfpna,1.0
NZL,2022,rtfpna,0.99078357219696
NZL,2023,rtfpna,0.967833995819092
POL,2000,rtfpna,0.830339431762695
POL,2001,rtfpna,0.834072768688202
POL,2002,rtfpna,0.854105532169342
POL,2003,rtfpna,0.874338507652283
POL,2004,rtfpna,0.895606637001038
POL,2005,rtfpna,0.895684123039246
POL,2006,rtfpna,0.908764183521271
POL,2007,rtfpna,0.915701687335968
POL,2008,rtfpna,0.907574355602264
POL,2009,rtfpna,0.914896786212921
POL,2010,rtfpna,0.93221777677536
POL,2011,rtfpna,0.949664831161499
POL,2012,rtfpna,0.939667046070099
POL,2013,rtfpna,0.931506931781769
POL,2014,rtfpna,0.935447514057159
POL,2015,rtfpna,0.942964136600494
POL,2016,rtfpna,0.948253870010376
POL,2017,rtfpna,0.979740023612976
POL,2018,rtfpna,1.02473855018616
POL,2019,rtfpna,1.03156626224518
POL,2020,rtfpna,0.98677521944046
POL,2021,rtfpna,1.0
POL,2022,rtfpna,1.03677296638489
POL,2023,rtfpna,1.01266515254974
PRT,2000,rtfpna,1.07244884967804
PRT,2001,rtfpna,1.06887924671173
PRT,2002,rtfpna,1.06271433830261
PRT,2003,rtfpna,1.05151319503784
PRT,2004,rtfpna,1.06249141693115
PRT,2005,rtfpna,1.06319749355316
PRT,2006,rtfpna,1.06351256370544
PRT,2007,rtfpna,1.06416463851929
PRT,2008,rtfpna,1.0502507686615
PRT,2009,rtfpna,1.02061522006989
PRT,2010,rtfpna,1.0325939655304
PRT,2011,rtfpna,1.03093028068542
PRT,2012,rtfpna,1.01859593391418
PRT,2013,rtfpna,1.01946425437927
PRT,2014,rtfpna,1.01067495346069
PRT,2015,rtfpna,1.00976061820984
PRT,2016,rtfpna,1.0108437538147
PRT,2017,rtfpna,1.01820242404938
PRT,2018,rtfpna,1.01892864704132
PRT,2019,rtfpna,1.0285906791687
PRT,2020,rtfpna,0.987152874469757
PRT,2021,rtfpna,1.0
PRT,2022,rtfpna,1.02108681201935
PRT,2023,rtfpna,1.02879595756531
SVK,2000,rtfpna,0.678016602993012
SVK,2001,rtfpna,0.683473169803619
SVK,2002,rtfpna,0.708880364894867
SVK,2003,rtfpna,0.739092767238617
SVK,2004,rtfpna,0.755794584751129
SVK,2005,rtfpna,0.772972047328949
SVK,2006,rtfpna,0.815564036369324
SVK,2007,rtfpna,0.868517458438873
SVK,2008,rtfpna,0.878756165504456
SVK,2009,rtfpna,0.833388566970825
SVK,2010,rtfpna,0.875120103359222
SVK,2011,rtfpna,0.868736565113068
SVK,2012,rtfpna,0.878893494606018
SVK,2013,rtfpna,0.882112920284271
SVK,2014,rtfpna,0.892937481403351
SVK,2015,rtfpna,0.907572150230408
SVK,2016,rtfpna,0.905021131038666
SVK,2017,rtfpna,0.916928231716156
SVK,2018,rtfpna,0.934177398681641
SVK,2019,rtfpna,0.941270709037781
SVK,2020,rtfpna,0.957293748855591
SVK,2021,rtfpna,1.0
SVK,2022,rtfpna,0.974882125854492
SVK,2023,rtfpna,0.964181065559387
SVN,2000,rtfpna,0.82544356584549
SVN,2001,rtfpna,0.833746731281281
SVN,2002,rtfpna,0.832443654537201
SVN,2003,rtfpna,0.847212910652161
SVN,2004,rtfpna,0.863581538200378
SVN,2005,rtfpna,0.899119555950165
SVN,2006,rtfpna,0.93250036239624
SVN,2007,rtfpna,0.96098256111145
SVN,2008,rtfpna,0.948714017868042
SVN,2009,rtfpna,0.87955504655838
SVN,2010,rtfpna,0.895888328552246
SVN,2011,rtfpna,0.909242987632752
SVN,2012,rtfpna,0.891952753067017
SVN,2013,rtfpna,0.879253566265106
SVN,2014,rtfpna,0.891449153423309
SVN,2015,rtfpna,0.895748555660248
SVN,2016,rtfpna,0.91829240322113
SVN,2017,rtfpna,0.954258441925049
SVN,2018,rtfpna,0.974443793296814
SVN,2019,rtfpna,0.985247015953064
SVN,2020,rtfpna,0.967166125774384
SVN,2021,rtfpna,1.0
SVN,2022,rtfpna,0.989465951919556
SVN,2023,rtfpna,1.0012069940567
SWE,2000,rtfpna,0.905714631080627
SWE,2001,rtfpna,0.900787055492401
SWE,2002,rtfpna,0.918620765209198
SWE,2003,rtfpna,0.932791829109192
SWE,2004,rtfpna,0.955006241798401
SWE,2005,rtfpna,0.969826817512512
SWE,2006,rtfpna,0.990380346775055
SWE,2007,rtfpna,0.987991094589233
SWE,2008,rtfpna,0.957204818725586
SWE,2009,rtfpna,0.927059650421143
SWE,2010,rtfpna,0.957240760326386
SWE,2011,rtfpna,0.964203953742981
SWE,2012,rtfpna,0.9529909491539
SWE,2013,rtfpna,0.954110205173492
SWE,2014,rtfpna,0.958519577980042
SWE,2015,rtfpna,0.979555487632752
SWE,2016,rtfpna,0.974296569824219
SWE,2017,rtfpna,0.970472931861877
SWE,2018,rtfpna,0.967173635959625
SWE,2019,rtfpna,0.983202815055847
SWE,2020,rtfpna,0.9732905626297
SWE,2021,rtfpna,1.0
SWE,2022,rtfpna,0.983941912651062
SWE,2023,rtfpna,0.966022253036499
TUR,2000,rtfpna,1.0177309513092
TUR,2001,rtfpna,0.948145031929016
TUR,2002,rtfpna,0.986356317996979
TUR,2003,rtfpna,1.01079487800598
TUR,2004,rtfpna,1.04439854621887
TUR,2005,rtfpna,1.05564272403717
TUR,2006,rtfpna,1.04974389076233
TUR,2007,rtfpna,1.04232728481293
TUR,2008,rtfpna,0.997232019901276
TUR,2009,rtfpna,0.928386390209198
TUR,2010,rtfpna,0.946067273616791
TUR,2011,rtfpna,0.975809693336487
TUR,2012,rtfpna,0.965871214866638
TUR,2013,rtfpna,0.989881992340088
TUR,2014,rtfpna,0.983691155910492
TUR,2015,rtfpna,0.984923899173737
TUR,2016,rtfpna,0.967962980270386
TUR,2017,rtfpna,0.981149435043335
TUR,2018,rtfpna,0.967422425746918
TUR,2019,rtfpna,0.957107365131378
TUR,2020,rtfpna,0.99845027923584
TUR,2021,rtfpna,1.0
TUR,2022,rtfpna,0.985584616661072
TUR,2023,rtfpna,0.990219354629517
USA,2000,rtfpna,0.879349946975708
USA,2001,rtfpna,0.880455791950226
USA,2002,rtfpna,0.891868591308594
USA,2003,rtfpna,0.907184302806854
USA,2004,rtfpna,0.921984732151032
USA,2005,rtfpna,0.93043327331543
USA,2006,rtfpna,0.928767085075378
USA,2007,rtfpna,0.927742302417755
USA,2008,rtfpna,0.923284351825714
USA,2009,rtfpna,0.925018608570099
USA,2010,rtfpna,0.940475642681122
USA,2011,rtfpna,0.938276469707489
USA,2012,rtfpna,0.939691066741943
USA,2013,rtfpna,0.941933810710907
USA,2014,rtfpna,0.943991184234619
USA,2015,rtfpna,0.948801636695862
USA,2016,rtfpna,0.948409736156464
USA,2017,rtfpna,0.953378140926361
USA,2018,rtfpna,0.958201229572296
USA,2019,rtfpna,0.96426647901535
USA,2020,rtfpna,0.973077535629273
USA,2021,rtfpna,1.0
USA,2022,rtfpna,0.984038174152374
USA,2023,rtfpna,0.992998480796814
AUS,2000,ctfp,0.864831745624542
AUS,2001,ctfp,0.887340366840363
AUS,2002,ctfp,0.900502145290375
AUS,2003,ctfp,0.89734011888504
AUS,2004,ctfp,0.888430297374725
AUS,2005,ctfp,0.895052254199982
AUS,2006,ctfp,0.879733085632324
AUS,2007,ctfp,0.867502868175507
AUS,2008,ctfp,0.874323546886444
AUS,2009,ctfp,0.876460731029511
AUS,2010,ctfp,0.922896981239319
AUS,2011,ctfp,0.948427200317383
AUS,2012,ctfp,0.908781349658966
AUS,2013,ctfp,0.842362225055695
AUS,2014,ctfp,0.837970674037933
AUS,2015,ctfp,0.816249191761017
AUS,2016,ctfp,0.846972525119782
AUS,2017,ctfp,0.866683840751648
AUS,2018,ctfp,0.874863684177399
AUS,2019,ctfp,0.848566651344299
AUS,2020,ctfp,0.856350362300873
AUS,2021,ctfp,0.858133256435394
AUS,2022,ctfp,0.877721846103668
AUS,2023,ctfp,0.846968114376068
AUT,2000,ctfp,1.00545835494995
AUT,2001,ctfp,1.00837230682373
AUT,2002,ctfp,1.03446102142334
AUT,2003,ctfp,1.00063538551331
AUT,2004,ctfp,0.991814136505127
AUT,2005,ctfp,0.993765890598297
AUT,2006,ctfp,0.989729821681976
AUT,2007,ctfp,0.983575105667114
AUT,2008,ctfp,0.9538853764534
AUT,2009,ctfp,0.919621765613556
AUT,2010,ctfp,0.881296217441559
AUT,2011,ctfp,0.868710219860077
AUT,2012,ctfp,0.86839497089386
AUT,2013,ctfp,0.837715744972229
AUT,2014,ctfp,0.859169781208038
AUT,2015,ctfp,0.867447853088379
AUT,2016,ctfp,0.867824137210846
AUT,2017,ctfp,0.867948532104492
AUT,2018,ctfp,0.870059967041016
AUT,2019,ctfp,0.899388074874878
AUT,2020,ctfp,0.888662934303284
AUT,2021,ctfp,0.880548596382141
AUT,2022,ctfp,0.917000830173492
AUT,2023,ctfp,0.892035782337189
BEL,2000,ctfp,1.20071315765381
BEL,2001,ctfp,1.21113502979279
BEL,2002,ctfp,1.24791812896729
BEL,2003,ctfp,1.17406392097473
BEL,2004,ctfp,1.13118517398834
BEL,2005,ctfp,1.10927700996399
BEL,2006,ctfp,1.0412802696228
BEL,2007,ctfp,1.02146351337433
BEL,2008,ctfp,1.00614964962006
BEL,2009,ctfp,1.00940072536469
BEL,2010,ctfp,0.954986453056335
BEL,2011,ctfp,0.932741522789002
BEL,2012,ctfp,0.925726234912872
BEL,2013,ctfp,0.906607449054718
BEL,2014,ctfp,0.91189169883728
BEL,2015,ctfp,0.915801405906677
BEL,2016,ctfp,0.926135778427124
BEL,2017,ctfp,0.899227261543274
BEL,2018,ctfp,0.869722306728363
BEL,2019,ctfp,0.900100409984589
BEL,2020,ctfp,0.908985912799835
BEL,2021,ctfp,0.911163151264191
BEL,2022,ctfp,0.914893209934235
BEL,2023,ctfp,0.916127026081085
CAN,2000,ctfp,0.95366895198822
CAN,2001,ctfp,0.952276349067688
CAN,2002,ctfp,0.955807089805603
CAN,2003,ctfp,0.948994040489197
CAN,2004,ctfp,0.944937348365784
CAN,2005,ctfp,0.967140316963196
CAN,2006,ctfp,0.946260929107666
CAN,2007,ctfp,0.930817544460297
CAN,2008,ctfp,0.938175618648529
CAN,2009,ctfp,0.862010359764099
CAN,2010,ctfp,0.858002424240112
CAN,2011,ctfp,0.879574477672577
CAN,2012,ctfp,0.856394410133362
CAN,2013,ctfp,0.824137032032013
CAN,2014,ctfp,0.856982469558716
CAN,2015,ctfp,0.832989811897278
CAN,2016,ctfp,0.837567687034607
CAN,2017,ctfp,0.857621848583221
CAN,2018,ctfp,0.851869881153107
CAN,2019,ctfp,0.823982775211334
CAN,2020,ctfp,0.844265520572662
CAN,2021,ctfp,0.814531981945038
CAN,2022,ctfp,0.830101490020752
CAN,2023,ctfp,0.809336662292481
CHE,2000,ctfp,0.914893984794617
CHE,2001,ctfp,0.933409869670868
CHE,2002,ctfp,0.960230767726898
CHE,2003,ctfp,0.929820954799652
CHE,2004,ctfp,0.933693110942841
CHE,2005,ctfp,0.910152435302734
CHE,2006,ctfp,0.895134449005127
CHE,2007,ctfp,0.925918757915497
CHE,2008,ctfp,0.927132725715637
CHE,2009,ctfp,0.88079446554184
CHE,2010,ctfp,0.904603838920593
CHE,2011,ctfp,0.940546870231628
CHE,2012,ctfp,0.980982720851898
CHE,2013,ctfp,0.991228342056274
CHE,2014,ctfp,0.962835192680359
CHE,2015,ctfp,0.955652713775635
CHE,2016,ctfp,0.96303778886795
CHE,2017,ctfp,0.932458817958832
CHE,2018,ctfp,0.940102458000183
CHE,2019,ctfp,0.970151364803314
CHE,2020,ctfp,0.919532001018524
CHE,2021,ctfp,0.968987941741943
CHE,2022,ctfp,1.01560342311859
CHE,2023,ctfp,0.985187411308289
CHL,2000,ctfp,0.650134265422821
CHL,2001,ctfp,0.652697145938873
CHL,2002,ctfp,0.648774147033691
CHL,2003,ctfp,0.656895816326141
CHL,2004,ctfp,0.69810825586319
CHL,2005,ctfp,0.745528936386108
CHL,2006,ctfp,0.844380021095276
CHL,2007,ctfp,0.863990902900696
CHL,2008,ctfp,0.792180061340332
CHL,2009,ctfp,0.778646647930145
CHL,2010,ctfp,0.824370443820953
CHL,2011,ctfp,0.86536306142807
CHL,2012,ctfp,0.88348001241684
CHL,2013,ctfp,0.856800973415375
CHL,2014,ctfp,0.870841562747955
CHL,2015,ctfp,0.838957250118256
CHL,2016,ctfp,0.829077661037445
CHL,2017,ctfp,0.826909303665161
CHL,2018,ctfp,0.857908129692078
CHL,2019,ctfp,0.871779382228851
CHL,2020,ctfp,0.949677646160126
CHL,2021,ctfp,0.927749991416931
CHL,2022,ctfp,0.891753673553467
CHL,2023,ctfp,0.867329478263855
CHN,2000,ctfp,0.326036542654038
CHN,2001,ctfp,0.338364511728287
CHN,2002,ctfp,0.34209132194519
CHN,2003,ctfp,0.350558489561081
CHN,2004,ctfp,0.368637204170227
CHN,2005,ctfp,0.387925118207932
CHN,2006,ctfp,0.394405245780945
CHN,2007,ctfp,0.41160449385643
CHN,2008,ctfp,0.413073837757111
CHN,2009,ctfp,0.403140187263489
CHN,2010,ctfp,0.395049452781677
CHN,2011,ctfp,0.404167711734772
CHN,2012,ctfp,0.414909303188324
CHN,2013,ctfp,0.401730418205261
CHN,2014,ctfp,0.408635199069977
CHN,2015,ctfp,0.414834350347519
CHN,2016,ctfp,0.420263558626175
CHN,2017,ctfp,0.432371765375137
CHN,2018,ctfp,0.439275443553925
CHN,2019,ctfp,0.448498338460922
CHN,2020,ctfp,0.45294800400734
CHN,2021,ctfp,0.466502696275711
CHN,2022,ctfp,0.474106669425964
CHN,2023,ctfp,0.470938354730606
COL,2000,ctfp,0.503958761692047
COL,2001,ctfp,0.498717546463013
COL,2002,ctfp,0.480880856513977
COL,2003,ctfp,0.477440595626831
COL,2004,ctfp,0.478063493967056
COL,2005,ctfp,0.484558194875717
COL,2006,ctfp,0.499276548624039
COL,2007,ctfp,0.510812699794769
COL,2008,ctfp,0.534460961818695
COL,2009,ctfp,0.526802182197571
COL,2010,ctfp,0.545758366584778
COL,2011,ctfp,0.590604722499847
COL,2012,ctfp,0.601872444152832
COL,2013,ctfp,0.602393925189972
COL,2014,ctfp,0.606947779655457
COL,2015,ctfp,0.591379940509796
COL,2016,ctfp,0.596156001091003
COL,2017,ctfp,0.586375296115875
COL,2018,ctfp,0.584969580173492
COL,2019,ctfp,0.588321685791016
COL,2020,ctfp,0.601228296756744
COL,2021,ctfp,0.587187111377716
COL,2022,ctfp,0.606426417827606
COL,2023,ctfp,0.589360773563385
CRI,2000,ctfp,0.664872705936432
CRI,2001,ctfp,0.669792413711548
CRI,2002,ctfp,0.647791922092438
CRI,2003,ctfp,0.642691195011139
CRI,2004,ctfp,0.637202262878418
CRI,2005,ctfp,0.642628729343414
CRI,2006,ctfp,0.636960387229919
CRI,2007,ctfp,0.63926762342453
CRI,2008,ctfp,0.638737738132477
CRI,2009,ctfp,0.668192684650421
CRI,2010,ctfp,0.656307518482208
CRI,2011,ctfp,0.652741432189941
CRI,2012,ctfp,0.686037063598633
CRI,2013,ctfp,0.672533750534058
CRI,2014,ctfp,0.703993856906891
CRI,2015,ctfp,0.746133267879486
CRI,2016,ctfp,0.79375946521759
CRI,2017,ctfp,0.833687543869019
CRI,2018,ctfp,0.798825085163117
CRI,2019,ctfp,0.794795453548431
CRI,2020,ctfp,0.7715864777565
CRI,2021,ctfp,0.760303497314453
CRI,2022,ctfp,0.749391436576843
CRI,2023,ctfp,0.763381540775299
CZE,2000,ctfp,0.531890630722046
CZE,2001,ctfp,0.580572664737701
CZE,2002,ctfp,0.581778049468994
CZE,2003,ctfp,0.578673660755158
CZE,2004,ctfp,0.578008770942688
CZE,2005,ctfp,0.585444211959839
CZE,2006,ctfp,0.586567938327789
CZE,2007,ctfp,0.614847421646118
CZE,2008,ctfp,0.57761412858963
CZE,2009,ctfp,0.576258897781372
CZE,2010,ctfp,0.572996079921722
CZE,2011,ctfp,0.573340237140656
CZE,2012,ctfp,0.573081433773041
CZE,2013,ctfp,0.558613836765289
CZE,2014,ctfp,0.57846200466156
CZE,2015,ctfp,0.598225057125092
CZE,2016,ctfp,0.602091610431671
CZE,2017,ctfp,0.610992014408112
CZE,2018,ctfp,0.608225405216217
CZE,2019,ctfp,0.635433554649353
CZE,2020,ctfp,0.62599128484726
CZE,2021,ctfp,0.630007386207581
CZE,2022,ctfp,0.634611427783966
CZE,2023,ctfp,0.61664479970932
DEU,2000,ctfp,1.01170945167542
DEU,2001,ctfp,1.03671181201935
DEU,2002,ctfp,1.04553866386414
DEU,2003,ctfp,1.03488528728485
DEU,2004,ctfp,1.02324402332306
DEU,2005,ctfp,1.03932976722717
DEU,2006,ctfp,1.02288782596588
DEU,2007,ctfp,1.02870333194733
DEU,2008,ctfp,1.00912058353424
DEU,2009,ctfp,0.967760741710663
DEU,2010,ctfp,0.951706349849701
DEU,2011,ctfp,0.971384942531586
DEU,2012,ctfp,0.967489242553711
DEU,2013,ctfp,0.970366656780243
DEU,2014,ctfp,0.98620879650116
DEU,2015,ctfp,0.981896460056305
DEU,2016,ctfp,1.01068162918091
DEU,2017,ctfp,1.01617646217346
DEU,2018,ctfp,1.01597249507904
DEU,2019,ctfp,1.0399796962738
DEU,2020,ctfp,1.02575957775116
DEU,2021,ctfp,1.02246522903442
DEU,2022,ctfp,1.04185116291046
DEU,2023,ctfp,1.02178359031677
DNK,2000,ctfp,1.07775032520294
DNK,2001,ctfp,1.06566059589386
DNK,2002,ctfp,1.07996201515198
DNK,2003,ctfp,1.03149509429932
DNK,2004,ctfp,1.0257134437561
DNK,2005,ctfp,1.0221381187439
DNK,2006,ctfp,1.01168894767761
DNK,2007,ctfp,1.0112144947052
DNK,2008,ctfp,0.988136529922485
DNK,2009,ctfp,0.969261586666107
DNK,2010,ctfp,0.948888242244721
DNK,2011,ctfp,0.95829838514328
DNK,2012,ctfp,0.94480162858963
DNK,2013,ctfp,0.921462416648865
DNK,2014,ctfp,0.921800971031189
DNK,2015,ctfp,0.921317040920258
DNK,2016,ctfp,0.923668563365936
DNK,2017,ctfp,0.924466073513031
DNK,2018,ctfp,0.915700674057007
DNK,2019,ctfp,0.944548487663269
DNK,2020,ctfp,0.945582687854767
DNK,2021,ctfp,0.949037492275238
DNK,2022,ctfp,0.950241327285767
DNK,2023,ctfp,0.928692936897278
ESP,2000,ctfp,1.06332516670227
ESP,2001,ctfp,1.09690928459167
ESP,2002,ctfp,1.11654365062714
ESP,2003,ctfp,1.046271443367
ESP,2004,ctfp,0.998103976249695
ESP,2005,ctfp,0.986084997653961
ESP,2006,ctfp,0.954038143157959
ESP,2007,ctfp,0.927228093147278
ESP,2008,ctfp,0.89807540178299
ESP,2009,ctfp,0.894534766674042
ESP,2010,ctfp,0.845328330993652
ESP,2011,ctfp,0.814967513084412
ESP,2012,ctfp,0.813597798347473
ESP,2013,ctfp,0.796993553638458
ESP,2014,ctfp,0.796990096569061
ESP,2015,ctfp,0.838108003139496
ESP,2016,ctfp,0.846243798732758
ESP,2017,ctfp,0.852135539054871
ESP,2018,ctfp,0.838613986968994
ESP,2019,ctfp,0.872556090354919
ESP,2020,ctfp,0.821491599082947
ESP,2021,ctfp,0.823224008083344
ESP,2022,ctfp,0.850021779537201
ESP,2023,ctfp,0.845480561256409
EST,2000,ctfp,0.578176856040955
EST,2001,ctfp,0.600397825241089
EST,2002,ctfp,0.651285648345947
EST,2003,ctfp,0.621520221233368
EST,2004,ctfp,0.614297986030579
EST,2005,ctfp,0.626871645450592
EST,2006,ctfp,0.624322891235352
EST,2007,ctfp,0.653597295284271
EST,2008,ctfp,0.61397647857666
EST,2009,ctfp,0.595651030540466
EST,2010,ctfp,0.590946793556213
EST,2011,ctfp,0.604716658592224
EST,2012,ctfp,0.635786294937134
EST,2013,ctfp,0.632705807685852
EST,2014,ctfp,0.650402426719666
EST,2015,ctfp,0.649325549602509
EST,2016,ctfp,0.67749959230423
EST,2017,ctfp,0.669826507568359
EST,2018,ctfp,0.68435126543045
EST,2019,ctfp,0.710589528083801
EST,2020,ctfp,0.719577550888062
EST,2021,ctfp,0.732365131378174
EST,2022,ctfp,0.708570957183838
EST,2023,ctfp,0.643145322799683
FIN,2000,ctfp,0.96294116973877
FIN,2001,ctfp,0.987094104290009
FIN,2002,ctfp,0.997511386871338
FIN,2003,ctfp,0.963657796382904
FIN,2004,ctfp,0.961499214172363
FIN,2005,ctfp,0.948042273521423
FIN,2006,ctfp,0.934389352798462
FIN,2007,ctfp,0.966182887554169
FIN,2008,ctfp,0.928461670875549
FIN,2009,ctfp,0.867407500743866
FIN,2010,ctfp,0.848714709281921
FIN,2011,ctfp,0.850684940814972
FIN,2012,ctfp,0.838043987751007
FIN,2013,ctfp,0.79562771320343
FIN,2014,ctfp,0.805471122264862
FIN,2015,ctfp,0.828745007514954
FIN,2016,ctfp,0.843522310256958
FIN,2017,ctfp,0.842765867710114
FIN,2018,ctfp,0.817999362945557
FIN,2019,ctfp,0.833235502243042
FIN,2020,ctfp,0.818583607673645
FIN,2021,ctfp,0.800927639007568
FIN,2022,ctfp,0.791334867477417
FIN,2023,ctfp,0.77158921957016
FRA,2000,ctfp,1.20046472549438
FRA,2001,ctfp,1.24751222133636
FRA,2002,ctfp,1.27746319770813
FRA,2003,ctfp,1.19321596622467
FRA,2004,ctfp,1.12042999267578
FRA,2005,ctfp,1.10371625423431
FRA,2006,ctfp,1.07495737075806
FRA,2007,ctfp,1.05900323390961
FRA,2008,ctfp,1.02486419677734
FRA,2009,ctfp,1.01192510128021
FRA,2010,ctfp,0.968885242938995
FRA,2011,ctfp,0.969671726226807
FRA,2012,ctfp,0.968189775943756
FRA,2013,ctfp,0.946403086185455
FRA,2014,ctfp,0.951782524585724
FRA,2015,ctfp,0.962124168872833
FRA,2016,ctfp,0.969068825244904
FRA,2017,ctfp,0.952686965465546
FRA,2018,ctfp,0.926388502120972
FRA,2019,ctfp,0.942259669303894
FRA,2020,ctfp,0.918414056301117
FRA,2021,ctfp,0.902548909187317
FRA,2022,ctfp,0.910163402557373
FRA,2023,ctfp,0.887171685695648
GBR,2000,ctfp,1.14494931697845
GBR,2001,ctfp,1.20699012279511
GBR,2002,ctfp,1.19737839698792
GBR,2003,ctfp,1.15878915786743
GBR,2004,ctfp,1.14730954170227
GBR,2005,ctfp,1.1347599029541
GBR,2006,ctfp,1.11381804943085
GBR,2007,ctfp,1.08752453327179
GBR,2008,ctfp,1.03300476074219
GBR,2009,ctfp,0.964356064796448
GBR,2010,ctfp,0.883833110332489
GBR,2011,ctfp,0.89582496881485
GBR,2012,ctfp,0.867291450500488
GBR,2013,ctfp,0.840107262134552
GBR,2014,ctfp,0.829143106937408
GBR,2015,ctfp,0.830129086971283
GBR,2016,ctfp,0.847811579704285
GBR,2017,ctfp,0.857352077960968
GBR,2018,ctfp,0.832993447780609
GBR,2019,ctfp,0.842049896717072
GBR,2020,ctfp,0.84792160987854
GBR,2021,ctfp,0.833309829235077
GBR,2022,ctfp,0.851331949234009
GBR,2023,ctfp,0.834241688251495
GRC,2000,ctfp,0.724346101284027
GRC,2001,ctfp,0.788140296936035
GRC,2002,ctfp,0.832308530807495
GRC,2003,ctfp,0.7842777967453
GRC,2004,ctfp,0.766840159893036
GRC,2005,ctfp,0.730978786945343
GRC,2006,ctfp,0.727040946483612
GRC,2007,ctfp,0.70700216293335
GRC,2008,ctfp,0.708741784095764
GRC,2009,ctfp,0.70488452911377
GRC,2010,ctfp,0.672491431236267
GRC,2011,ctfp,0.610486090183258
GRC,2012,ctfp,0.558152496814728
GRC,2013,ctfp,0.510920941829681
GRC,2014,ctfp,0.514782428741455
GRC,2015,ctfp,0.543733417987824
GRC,2016,ctfp,0.549231290817261
GRC,2017,ctfp,0.555604696273804
GRC,2018,ctfp,0.533345818519592
GRC,2019,ctfp,0.567913830280304
GRC,2020,ctfp,0.547064423561096
GRC,2021,ctfp,0.555572807788849
GRC,2022,ctfp,0.570555806159973
GRC,2023,ctfp,0.576190233230591
HUN,2000,ctfp,0.728635489940643
HUN,2001,ctfp,0.74873286485672
HUN,2002,ctfp,0.792221486568451
HUN,2003,ctfp,0.755161941051483
HUN,2004,ctfp,0.729567050933838
HUN,2005,ctfp,0.748511552810669
HUN,2006,ctfp,0.729805886745453
HUN,2007,ctfp,0.717253804206848
HUN,2008,ctfp,0.704306185245514
HUN,2009,ctfp,0.69087541103363
HUN,2010,ctfp,0.678663730621338
HUN,2011,ctfp,0.671498537063599
HUN,2012,ctfp,0.642587661743164
HUN,2013,ctfp,0.62186461687088
HUN,2014,ctfp,0.619990587234497
HUN,2015,ctfp,0.618526518344879
HUN,2016,ctfp,0.603542387485504
HUN,2017,ctfp,0.616821885108948
HUN,2018,ctfp,0.617260873317719
HUN,2019,ctfp,0.640685498714447
HUN,2020,ctfp,0.619671404361725
HUN,2021,ctfp,0.618837237358093
HUN,2022,ctfp,0.626893699169159
HUN,2023,ctfp,0.614613234996796
IRL,2000,ctfp,1.25492084026337
IRL,2001,ctfp,1.30703806877136
IRL,2002,ctfp,1.39480984210968
IRL,2003,ctfp,1.42826640605927
IRL,2004,ctfp,1.39596903324127
IRL,2005,ctfp,1.41949760913849
IRL,2006,ctfp,1.27755963802338
IRL,2007,ctfp,1.23842620849609
IRL,2008,ctfp,1.1625725030899
IRL,2009,ctfp,1.20418763160706
IRL,2010,ctfp,1.10308253765106
IRL,2011,ctfp,1.1135618686676
IRL,2012,ctfp,1.09047949314117
IRL,2013,ctfp,1.00985264778137
IRL,2014,ctfp,1.03127610683441
IRL,2015,ctfp,1.19811725616455
IRL,2016,ctfp,1.08625996112823
IRL,2017,ctfp,1.03248953819275
IRL,2018,ctfp,1.02046024799347
IRL,2019,ctfp,0.94402551651001
IRL,2020,ctfp,0.97000253200531
IRL,2021,ctfp,1.07393205165863
IRL,2022,ctfp,1.16590857505798
IRL,2023,ctfp,1.04202938079834
ISL,2000,ctfp,0.924416780471802
ISL,2001,ctfp,0.92838728427887
ISL,2002,ctfp,0.947263479232788
ISL,2003,ctfp,0.903597176074982
ISL,2004,ctfp,0.910504996776581
ISL,2005,ctfp,0.863004148006439
ISL,2006,ctfp,0.828464388847351
ISL,2007,ctfp,0.870930075645447
ISL,2008,ctfp,0.895046889781952
ISL,2009,ctfp,0.850931406021118
ISL,2010,ctfp,0.891110956668854
ISL,2011,ctfp,0.920654237270355
ISL,2012,ctfp,0.91019481420517
ISL,2013,ctfp,0.861064732074738
ISL,2014,ctfp,0.869399309158325
ISL,2015,ctfp,0.896621823310852
ISL,2016,ctfp,0.860910177230835
ISL,2017,ctfp,0.8402059674263
ISL,2018,ctfp,0.823070704936981
ISL,2019,ctfp,0.897191882133484
ISL,2020,ctfp,0.869810044765472
ISL,2021,ctfp,0.855087757110596
ISL,2022,ctfp,0.892677307128906
ISL,2023,ctfp,0.908158481121063
ISR,2000,ctfp,0.827740490436554
ISR,2001,ctfp,0.850016593933106
ISR,2002,ctfp,0.828745126724243
ISR,2003,ctfp,0.795268177986145
ISR,2004,ctfp,0.777739107608795
ISR,2005,ctfp,0.768133521080017
ISR,2006,ctfp,0.764988780021668
ISR,2007,ctfp,0.746957778930664
ISR,2008,ctfp,0.716218292713165
ISR,2009,ctfp,0.744183301925659
ISR,2010,ctfp,0.740368068218231
ISR,2011,ctfp,0.746298372745514
ISR,2012,ctfp,0.7531578540802
ISR,2013,ctfp,0.695297539234161
ISR,2014,ctfp,0.696329474449158
ISR,2015,ctfp,0.729307532310486
ISR,2016,ctfp,0.74736487865448
ISR,2017,ctfp,0.74693375825882
ISR,2018,ctfp,0.710604250431061
ISR,2019,ctfp,0.709877490997315
ISR,2020,ctfp,0.738076031208038
ISR,2021,ctfp,0.732106268405914
ISR,2022,ctfp,0.727882444858551
ISR,2023,ctfp,0.7236447930336
ITA,2000,ctfp,1.00791323184967
ITA,2001,ctfp,1.04067158699036
ITA,2002,ctfp,1.00667643547058
ITA,2003,ctfp,0.97003835439682
ITA,2004,ctfp,0.933435559272766
ITA,2005,ctfp,0.913413465023041
ITA,2006,ctfp,0.893255650997162
ITA,2007,ctfp,0.897695302963257
ITA,2008,ctfp,0.87980329990387
ITA,2009,ctfp,0.844441473484039
ITA,2010,ctfp,0.83526211977005
ITA,2011,ctfp,0.816105008125305
ITA,2012,ctfp,0.795877695083618
ITA,2013,ctfp,0.759085476398468
ITA,2014,ctfp,0.760480761528015
ITA,2015,ctfp,0.753653764724731
ITA,2016,ctfp,0.760622560977936
ITA,2017,ctfp,0.76662665605545
ITA,2018,ctfp,0.760494709014893
ITA,2019,ctfp,0.79116553068161
ITA,2020,ctfp,0.774290323257446
ITA,2021,ctfp,0.775391042232513
ITA,2022,ctfp,0.787011504173279
ITA,2023,ctfp,0.756977319717407
JPN,2000,ctfp,0.746676862239838
JPN,2001,ctfp,0.749795019626617
JPN,2002,ctfp,0.749776601791382
JPN,2003,ctfp,0.741451859474182
JPN,2004,ctfp,0.73605740070343
JPN,2005,ctfp,0.74609237909317
JPN,2006,ctfp,0.731837093830109
JPN,2007,ctfp,0.724536001682282
JPN,2008,ctfp,0.707285165786743
JPN,2009,ctfp,0.688595294952393
JPN,2010,ctfp,0.69497412443161
JPN,2011,ctfp,0.689626693725586
JPN,2012,ctfp,0.68524569272995
JPN,2013,ctfp,0.694311916828156
JPN,2014,ctfp,0.67695963382721
JPN,2015,ctfp,0.701235353946686
JPN,2016,ctfp,0.686388552188873
JPN,2017,ctfp,0.680302202701569
JPN,2018,ctfp,0.668954372406006
JPN,2019,ctfp,0.657060921192169
JPN,2020,ctfp,0.64131236076355
JPN,2021,ctfp,0.633846640586853
JPN,2022,ctfp,0.640356779098511
JPN,2023,ctfp,0.639849066734314
KOR,2000,ctfp,0.6907919049263
KOR,2001,ctfp,0.686028361320496
KOR,2002,ctfp,0.710735261440277
KOR,2003,ctfp,0.700656652450562
KOR,2004,ctfp,0.695138275623322
KOR,2005,ctfp,0.705442726612091
KOR,2006,ctfp,0.699661910533905
KOR,2007,ctfp,0.707510352134705
KOR,2008,ctfp,0.69260036945343
KOR,2009,ctfp,0.684100806713104
KOR,2010,ctfp,0.699791848659515
KOR,2011,ctfp,0.685391902923584
KOR,2012,ctfp,0.667213797569275
KOR,2013,ctfp,0.620577394962311
KOR,2014,ctfp,0.622738361358643
KOR,2015,ctfp,0.659733355045319
KOR,2016,ctfp,0.668592691421509
KOR,2017,ctfp,0.663235127925873
KOR,2018,ctfp,0.66531902551651
KOR,2019,ctfp,0.666869461536408
KOR,2020,ctfp,0.672617256641388
KOR,2021,ctfp,0.674871742725372
KOR,2022,ctfp,0.686116337776184
KOR,2023,ctfp,0.660838425159454
LTU,2000,ctfp,0.7126225233078
LTU,2001,ctfp,0.743004441261292
LTU,2002,ctfp,0.768033385276794
LTU,2003,ctfp,0.787704169750214
LTU,2004,ctfp,0.757447004318237
LTU,2005,ctfp,0.769691467285156
LTU,2006,ctfp,0.770930171012878
LTU,2007,ctfp,0.767309129238129
LTU,2008,ctfp,0.753641128540039
LTU,2009,ctfp,0.71883362531662
LTU,2010,ctfp,0.679784774780273
LTU,2011,ctfp,0.748445153236389
LTU,2012,ctfp,0.775237143039703
LTU,2013,ctfp,0.746126055717468
LTU,2014,ctfp,0.756359398365021
LTU,2015,ctfp,0.752126097679138
LTU,2016,ctfp,0.747375667095184
LTU,2017,ctfp,0.761875689029694
LTU,2018,ctfp,0.760398387908936
LTU,2019,ctfp,0.789149880409241
LTU,2020,ctfp,0.793417870998383
LTU,2021,ctfp,0.818820059299469
LTU,2022,ctfp,0.789972722530365
LTU,2023,ctfp,0.762114226818085
LUX,2000,ctfp,1.26798939704895
LUX,2001,ctfp,1.24398410320282
LUX,2002,ctfp,1.25252366065979
LUX,2003,ctfp,1.12031197547913
LUX,2004,ctfp,1.04467833042145
LUX,2005,ctfp,0.95033872127533
LUX,2006,ctfp,0.978981733322144
LUX,2007,ctfp,1.00678622722626
LUX,2008,ctfp,0.915201008319855
LUX,2009,ctfp,0.939378201961517
LUX,2010,ctfp,0.940670430660248
LUX,2011,ctfp,0.769410669803619
LUX,2012,ctfp,0.819947421550751
LUX,2013,ctfp,0.799787998199463
LUX,2014,ctfp,0.866558730602264
LUX,2015,ctfp,0.953681409358978
LUX,2016,ctfp,0.979903221130371
LUX,2017,ctfp,1.02851486206055
LUX,2018,ctfp,0.964015781879425
LUX,2019,ctfp,1.00860631465912
LUX,2020,ctfp,0.990028738975525
LUX,2021,ctfp,0.984745919704437
LUX,2022,ctfp,0.936615467071533
LUX,2023,ctfp,0.925260543823242
LVA,2000,ctfp,0.561133325099945
LVA,2001,ctfp,0.633184134960175
LVA,2002,ctfp,0.637887954711914
LVA,2003,ctfp,0.598752617835999
LVA,2004,ctfp,0.614945948123932
LVA,2005,ctfp,0.65093070268631
LVA,2006,ctfp,0.587104797363281
LVA,2007,ctfp,0.600548386573792
LVA,2008,ctfp,0.556331932544708
LVA,2009,ctfp,0.51925927400589
LVA,2010,ctfp,0.514868795871735
LVA,2011,ctfp,0.502570509910584
LVA,2012,ctfp,0.52964174747467
LVA,2013,ctfp,0.538461804389954
LVA,2014,ctfp,0.552632093429565
LVA,2015,ctfp,0.570120573043823
LVA,2016,ctfp,0.583220422267914
LVA,2017,ctfp,0.601383686065674
LVA,2018,ctfp,0.597360670566559
LVA,2019,ctfp,0.61558610200882
LVA,2020,ctfp,0.618404924869537
LVA,2021,ctfp,0.619988143444061
LVA,2022,ctfp,0.617434084415436
LVA,2023,ctfp,0.626957178115845
MEX,2000,ctfp,0.847648322582245
MEX,2001,ctfp,0.853321194648743
MEX,2002,ctfp,0.840437889099121
MEX,2003,ctfp,0.814957737922669
MEX,2004,ctfp,0.795977234840393
MEX,2005,ctfp,0.79637086391449
MEX,2006,ctfp,0.81551593542099
MEX,2007,ctfp,0.81684821844101
MEX,2008,ctfp,0.80907154083252
MEX,2009,ctfp,0.740341663360596
MEX,2010,ctfp,0.719415664672852
MEX,2011,ctfp,0.723633646965027
MEX,2012,ctfp,0.73526930809021
MEX,2013,ctfp,0.691956460475922
MEX,2014,ctfp,0.697380423545837
MEX,2015,ctfp,0.696178138256073
MEX,2016,ctfp,0.704319059848785
MEX,2017,ctfp,0.688627481460571
MEX,2018,ctfp,0.68953138589859
MEX,2019,ctfp,0.678450226783752
MEX,2020,ctfp,0.676690697669983
MEX,2021,ctfp,0.68701308965683
MEX,2022,ctfp,0.685170233249664
MEX,2023,ctfp,0.663546800613403
NLD,2000,ctfp,1.22734069824219
NLD,2001,ctfp,1.25030410289764
NLD,2002,ctfp,1.26363253593445
NLD,2003,ctfp,1.19813525676727
NLD,2004,ctfp,1.16017305850983
NLD,2005,ctfp,1.19173014163971
NLD,2006,ctfp,1.1649295091629
NLD,2007,ctfp,1.15797793865204
NLD,2008,ctfp,1.12712407112122
NLD,2009,ctfp,1.07738590240479
NLD,2010,ctfp,0.96771764755249
NLD,2011,ctfp,0.952150523662567
NLD,2012,ctfp,0.954221665859222
NLD,2013,ctfp,0.968288242816925
NLD,2014,ctfp,0.937275111675263
NLD,2015,ctfp,0.946681141853333
NLD,2016,ctfp,0.951147556304932
NLD,2017,ctfp,0.958522796630859
NLD,2018,ctfp,0.958754658699036
NLD,2019,ctfp,0.979265511035919
NLD,2020,ctfp,0.968112528324127
NLD,2021,ctfp,0.987884402275085
NLD,2022,ctfp,1.01960813999176
NLD,2023,ctfp,0.986704468727112
NOR,2000,ctfp,1.28240537643433
NOR,2001,ctfp,1.26695072650909
NOR,2002,ctfp,1.28828465938568
NOR,2003,ctfp,1.33232319355011
NOR,2004,ctfp,1.32183933258057
NOR,2005,ctfp,1.45883977413178
NOR,2006,ctfp,1.46087002754211
NOR,2007,ctfp,1.4067291021347
NOR,2008,ctfp,1.47553420066834
NOR,2009,ctfp,1.26938724517822
NOR,2010,ctfp,1.25432002544403
NOR,2011,ctfp,1.36224663257599
NOR,2012,ctfp,1.35577142238617
NOR,2013,ctfp,1.25380313396454
NOR,2014,ctfp,1.19825983047485
NOR,2015,ctfp,1.05882596969605
NOR,2016,ctfp,1.00762760639191
NOR,2017,ctfp,1.04057419300079
NOR,2018,ctfp,1.09137499332428
NOR,2019,ctfp,1.09686577320099
NOR,2020,ctfp,1.07818686962128
NOR,2021,ctfp,1.16277384757996
NOR,2022,ctfp,1.18848633766174
NOR,2023,ctfp,1.07658386230469
NZL,2000,ctfp,0.888034999370575
NZL,2001,ctfp,0.896288394927979
NZL,2002,ctfp,0.884870409965515
NZL,2003,ctfp,0.876842319965363
NZL,2004,ctfp,0.840389549732208
NZL,2005,ctfp,0.834811925888062
NZL,2006,ctfp,0.834976196289063
NZL,2007,ctfp,0.876548945903778
NZL,2008,ctfp,0.874757468700409
NZL,2009,ctfp,0.900281488895416
NZL,2010,ctfp,0.894581139087677
NZL,2011,ctfp,0.909525990486145
NZL,2012,ctfp,0.898932099342346
NZL,2013,ctfp,0.834184288978577
NZL,2014,ctfp,0.826346337795258
NZL,2015,ctfp,0.850055575370789
NZL,2016,ctfp,0.878154993057251
NZL,2017,ctfp,0.891391456127167
NZL,2018,ctfp,0.872705638408661
NZL,2019,ctfp,0.887366354465485
NZL,2020,ctfp,0.905764997005463
NZL,2021,ctfp,0.898066580295563
NZL,2022,ctfp,0.899524629116058
NZL,2023,ctfp,0.879313111305237
POL,2000,ctfp,0.815411984920502
POL,2001,ctfp,0.821889281272888
POL,2002,ctfp,0.859933376312256
POL,2003,ctfp,0.839790284633637
POL,2004,ctfp,0.832389652729034
POL,2005,ctfp,0.820978701114655
POL,2006,ctfp,0.839933753013611
POL,2007,ctfp,0.893776655197144
POL,2008,ctfp,0.869003772735596
POL,2009,ctfp,0.903124690055847
POL,2010,ctfp,0.888048231601715
POL,2011,ctfp,0.943652868270874
POL,2012,ctfp,0.929445266723633
POL,2013,ctfp,0.897220611572266
POL,2014,ctfp,0.890875935554504
POL,2015,ctfp,0.902128159999847
POL,2016,ctfp,0.903346717357636
POL,2017,ctfp,0.912999272346497
POL,2018,ctfp,0.938317537307739
POL,2019,ctfp,0.970129013061523
POL,2020,ctfp,0.942002832889557
POL,2021,ctfp,0.956001460552216
POL,2022,ctfp,1.00562870502472
POL,2023,ctfp,0.965797245502472
PRT,2000,ctfp,0.863511621952057
PRT,2001,ctfp,0.892496466636658
PRT,2002,ctfp,0.882618248462677
PRT,2003,ctfp,0.838607907295227
PRT,2004,ctfp,0.804102182388306
PRT,2005,ctfp,0.845166504383087
PRT,2006,ctfp,0.832382619380951
PRT,2007,ctfp,0.818822503089905
PRT,2008,ctfp,0.776921927928925
PRT,2009,ctfp,0.777002155780792
PRT,2010,ctfp,0.738620102405548
PRT,2011,ctfp,0.734908521175385
PRT,2012,ctfp,0.722943544387817
PRT,2013,ctfp,0.686546146869659
PRT,2014,ctfp,0.670670509338379
PRT,2015,ctfp,0.691330075263977
PRT,2016,ctfp,0.687259018421173
PRT,2017,ctfp,0.686787843704224
PRT,2018,ctfp,0.686461865901947
PRT,2019,ctfp,0.721282958984375
PRT,2020,ctfp,0.697086870670319
PRT,2021,ctfp,0.691764056682587
PRT,2022,ctfp,0.707265019416809
PRT,2023,ctfp,0.712884366512299
SVK,2000,ctfp,0.653596639633179
SVK,2001,ctfp,0.696056187152863
SVK,2002,ctfp,0.722501933574677
SVK,2003,ctfp,0.693464517593384
SVK,2004,ctfp,0.659667551517487
SVK,2005,ctfp,0.67998069524765
SVK,2006,ctfp,0.701435923576355
SVK,2007,ctfp,0.731066346168518
SVK,2008,ctfp,0.728902101516724
SVK,2009,ctfp,0.712712705135346
SVK,2010,ctfp,0.728349566459656
SVK,2011,ctfp,0.723349630832672
SVK,2012,ctfp,0.710465252399445
SVK,2013,ctfp,0.673788607120514
SVK,2014,ctfp,0.674319863319397
SVK,2015,ctfp,0.6792351603508
SVK,2016,ctfp,0.641463041305542
SVK,2017,ctfp,0.610222458839417
SVK,2018,ctfp,0.588746607303619
SVK,2019,ctfp,0.575226426124573
SVK,2020,ctfp,0.668186545372009
SVK,2021,ctfp,0.675051987171173
SVK,2022,ctfp,0.655240833759308
SVK,2023,ctfp,0.648106038570404
SVN,2000,ctfp,0.731401920318604
SVN,2001,ctfp,0.749733328819275
SVN,2002,ctfp,0.766539633274078
SVN,2003,ctfp,0.74632465839386
SVN,2004,ctfp,0.720123827457428
SVN,2005,ctfp,0.715383887290955
SVN,2006,ctfp,0.712044477462769
SVN,2007,ctfp,0.7226522564888
SVN,2008,ctfp,0.728359699249268
SVN,2009,ctfp,0.691383063793182
SVN,2010,ctfp,0.655501663684845
SVN,2011,ctfp,0.668169617652893
SVN,2012,ctfp,0.644616425037384
SVN,2013,ctfp,0.604209065437317
SVN,2014,ctfp,0.613590896129608
SVN,2015,ctfp,0.612139403820038
SVN,2016,ctfp,0.628061950206757
SVN,2017,ctfp,0.624081432819367
SVN,2018,ctfp,0.645146250724793
SVN,2019,ctfp,0.672536253929138
SVN,2020,ctfp,0.669036984443665
SVN,2021,ctfp,0.667319893836975
SVN,2022,ctfp,0.661682546138763
SVN,2023,ctfp,0.664669573307037
SWE,2000,ctfp,1.00376188755035
SWE,2001,ctfp,1.01817679405212
SWE,2002,ctfp,1.04130029678345
SWE,2003,ctfp,1.01683878898621
SWE,2004,ctfp,1.0427770614624
SWE,2005,ctfp,1.03871643543243
SWE,2006,ctfp,1.01747369766235
SWE,2007,ctfp,1.01490879058838
SWE,2008,ctfp,0.982469081878662
SWE,2009,ctfp,0.942094922065735
SWE,2010,ctfp,0.907614648342133
SWE,2011,ctfp,0.941523551940918
SWE,2012,ctfp,0.927443861961365
SWE,2013,ctfp,0.891635119915009
SWE,2014,ctfp,0.895229518413544
SWE,2015,ctfp,0.917837500572205
SWE,2016,ctfp,0.921299993991852
SWE,2017,ctfp,0.910719335079193
SWE,2018,ctfp,0.878116309642792
SWE,2019,ctfp,0.914546012878418
SWE,2020,ctfp,0.898388922214508
SWE,2021,ctfp,0.906465291976929
SWE,2022,ctfp,0.893977463245392
SWE,2023,ctfp,0.875620484352112
TUR,2000,ctfp,0.98952454328537
TUR,2001,ctfp,1.0215163230896
TUR,2002,ctfp,1.10586047172546
TUR,2003,ctfp,1.01533591747284
TUR,2004,ctfp,1.04006099700928
TUR,2005,ctfp,1.06312823295593
TUR,2006,ctfp,1.00003898143768
TUR,2007,ctfp,0.941763520240784
TUR,2008,ctfp,0.964239120483398
TUR,2009,ctfp,0.965764224529266
TUR,2010,ctfp,0.935847222805023
TUR,2011,ctfp,1.01802337169647
TUR,2012,ctfp,0.981511056423187
TUR,2013,ctfp,0.945083796977997
TUR,2014,ctfp,0.931332767009735
TUR,2015,ctfp,0.928683698177338
TUR,2016,ctfp,0.929467499256134
TUR,2017,ctfp,0.940499842166901
TUR,2018,ctfp,0.946618616580963
TUR,2019,ctfp,0.978684425354004
TUR,2020,ctfp,1.0272923707962
TUR,2021,ctfp,1.01638174057007
TUR,2022,ctfp,1.06359887123108
TUR,2023,ctfp,1.09245085716248
USA,2000,ctfp,1.0
USA,2001,ctfp,1.0
USA,2002,ctfp,1.0
USA,2003,ctfp,1.0
USA,2004,ctfp,1.0
USA,2005,ctfp,1.0
USA,2006,ctfp,1.0
USA,2007,ctfp,1.0
USA,2008,ctfp,1.0
USA,2009,ctfp,1.0
USA,2010,ctfp,1.0
USA,2011,ctfp,1.0
USA,2012,ctfp,1.0
USA,2013,ctfp,1.0
USA,2014,ctfp,1.0
USA,2015,ctfp,1.0
USA,2016,ctfp,1.0
USA,2017,ctfp,1.0
USA,2018,ctfp,1.0
USA,2019,ctfp,1.0
USA,2020,ctfp,1.0
USA,2021,ctfp,1.0
USA,2022,ctfp,1.0
USA,2023,ctfp,1.0
AUS,2000,rgdpna,919862.0
AUS,2001,rgdpna,956468.75
AUS,2002,rgdpna,986030.875
AUS,2003,rgdpna,1027683.6875
AUS,2004,rgdpna,1060098.5
AUS,2005,rgdpna,1089307.875
AUS,2006,rgdpna,1130410.875
AUS,2007,rgdpna,1170950.625
AUS,2008,rgdpna,1193111.375
AUS,2009,rgdpna,1219598.25
AUS,2010,rgdpna,1248954.875
AUS,2011,rgdpna,1297872.875
AUS,2012,rgdpna,1331646.0
AUS,2013,rgdpna,1366206.125
AUS,2014,rgdpna,1396128.25
AUS,2015,rgdpna,1434652.875
AUS,2016,rgdpna,1467357.125
AUS,2017,rgdpna,1509594.5
AUS,2018,rgdpna,1542376.0
AUS,2019,rgdpna,1540531.375
AUS,2020,rgdpna,1573054.625
AUS,2021,rgdpna,1639789.75
AUS,2022,rgdpna,1696231.25
AUS,2023,rgdpna,1720506.25
AUT,2000,rgdpna,420448.625
AUT,2001,rgdpna,425985.875
AUT,2002,rgdpna,432309.0625
AUT,2003,rgdpna,437244.15625
AUT,2004,rgdpna,448460.59375
AUT,2005,rgdpna,458866.5
AUT,2006,rgdpna,473868.40625
AUT,2007,rgdpna,491758.03125
AUT,2008,rgdpna,498904.78125
AUT,2009,rgdpna,481012.6875
AUT,2010,rgdpna,489714.15625
AUT,2011,rgdpna,504050.375
AUT,2012,rgdpna,507217.0625
AUT,2013,rgdpna,505945.3125
AUT,2014,rgdpna,509769.25
AUT,2015,rgdpna,516414.1875
AUT,2016,rgdpna,527347.8125
AUT,2017,rgdpna,539330.4375
AUT,2018,rgdpna,552728.625
AUT,2019,rgdpna,562428.875
AUT,2020,rgdpna,526893.1875
AUT,2021,rgdpna,552159.5
AUT,2022,rgdpna,581301.875
AUT,2023,rgdpna,575750.625
BEL,2000,rgdpna,473120.625
BEL,2001,rgdpna,478323.03125
BEL,2002,rgdpna,486487.5
BEL,2003,rgdpna,491537.0625
BEL,2004,rgdpna,509090.875
BEL,2005,rgdpna,520910.625
BEL,2006,rgdpna,534206.0
BEL,2007,rgdpna,553848.375
BEL,2008,rgdpna,556323.5625
BEL,2009,rgdpna,545717.5625
BEL,2010,rgdpna,560508.25
BEL,2011,rgdpna,571332.5
BEL,2012,rgdpna,572565.5
BEL,2013,rgdpna,574314.625
BEL,2014,rgdpna,584454.375
BEL,2015,rgdpna,593070.1875
BEL,2016,rgdpna,600148.5
BEL,2017,rgdpna,608997.5
BEL,2018,rgdpna,620434.25
BEL,2019,rgdpna,635590.75
BEL,2020,rgdpna,605127.0625
BEL,2021,rgdpna,642660.375
BEL,2022,rgdpna,669866.9375
BEL,2023,rgdpna,678251.6875
CAN,2000,rgdpna,1415440.5
CAN,2001,rgdpna,1441981.375
CAN,2002,rgdpna,1485230.125
CAN,2003,rgdpna,1512059.125
CAN,2004,rgdpna,1558817.375
CAN,2005,rgdpna,1608862.5
CAN,2006,rgdpna,1651303.5
CAN,2007,rgdpna,1685153.5
CAN,2008,rgdpna,1701927.625
CAN,2009,rgdpna,1652315.0
CAN,2010,rgdpna,1703384.875
CAN,2011,rgdpna,1756823.375
CAN,2012,rgdpna,1787667.25
CAN,2013,rgdpna,1829245.125
CAN,2014,rgdpna,1881807.875
CAN,2015,rgdpna,1894039.125
CAN,2016,rgdpna,1913709.625
CAN,2017,rgdpna,1971768.25
CAN,2018,rgdpna,2025853.25
CAN,2019,rgdpna,2064515.375
CAN,2020,rgdpna,1960500.25
CAN,2021,rgdpna,2064151.0
CAN,2022,rgdpna,2142998.75
CAN,2023,rgdpna,2169763.25
CHE,2000,rgdpna,529301.6875
CHE,2001,rgdpna,537641.6875
CHE,2002,rgdpna,537248.0625
CHE,2003,rgdpna,537074.0
CHE,2004,rgdpna,551584.125
CHE,2005,rgdpna,566751.0625
CHE,2006,rgdpna,589838.375
CHE,2007,rgdpna,612938.6875
CHE,2008,rgdpna,630149.875
CHE,2009,rgdpna,615673.0
CHE,2010,rgdpna,635641.6875
CHE,2011,rgdpna,647166.5625
CHE,2012,rgdpna,654798.375
CHE,2013,rgdpna,666533.3125
CHE,2014,rgdpna,682196.0625
CHE,2015,rgdpna,693415.5625
CHE,2016,rgdpna,707760.1875
CHE,2017,rgdpna,717405.5625
CHE,2018,rgdpna,737926.5625
CHE,2019,rgdpna,746353.5
CHE,2020,rgdpna,730368.5625
CHE,2021,rgdpna,770974.375
CHE,2022,rgdpna,794443.3125
CHE,2023,rgdpna,799871.8125
CHL,2000,rgdpna,242132.4375
CHL,2001,rgdpna,249769.375
CHL,2002,rgdpna,257768.96875
CHL,2003,rgdpna,269944.03125
CHL,2004,rgdpna,287960.8125
CHL,2005,rgdpna,304769.1875
CHL,2006,rgdpna,323207.71875
CHL,2007,rgdpna,339911.84375
CHL,2008,rgdpna,352792.40625
CHL,2009,rgdpna,348848.09375
CHL,2010,rgdpna,369261.40625
CHL,2011,rgdpna,392243.90625
CHL,2012,rgdpna,416387.84375
CHL,2013,rgdpna,430164.0625
CHL,2014,rgdpna,437875.40625
CHL,2015,rgdpna,447298.21875
CHL,2016,rgdpna,455139.5
CHL,2017,rgdpna,461318.9375
CHL,2018,rgdpna,479725.6875
CHL,2019,rgdpna,482768.9375
CHL,2020,rgdpna,453110.15625
CHL,2021,rgdpna,504465.4375
CHL,2022,rgdpna,514851.0625
CHL,2023,rgdpna,515977.5
CHN,2000,rgdpna,5007389.5
CHN,2001,rgdpna,5424793.0
CHN,2002,rgdpna,5920274.0
CHN,2003,rgdpna,6514553.5
CHN,2004,rgdpna,7173414.0
CHN,2005,rgdpna,7990793.5
CHN,2006,rgdpna,9007300.0
CHN,2007,rgdpna,10289115.0
CHN,2008,rgdpna,11282083.0
CHN,2009,rgdpna,12342457.0
CHN,2010,rgdpna,13655183.0
CHN,2011,rgdpna,14959365.0
CHN,2012,rgdpna,16135730.0
CHN,2013,rgdpna,17388854.0
CHN,2014,rgdpna,18680110.0
CHN,2015,rgdpna,19995438.0
CHN,2016,rgdpna,21364878.0
CHN,2017,rgdpna,22849138.0
CHN,2018,rgdpna,24391402.0
CHN,2019,rgdpna,25842820.0
CHN,2020,rgdpna,26421342.0
CHN,2021,rgdpna,28653542.0
CHN,2022,rgdpna,29499014.0
CHN,2023,rgdpna,31047584.0
COL,2000,rgdpna,398536.0
COL,2001,rgdpna,405223.03125
COL,2002,rgdpna,415369.71875
COL,2003,rgdpna,431645.03125
COL,2004,rgdpna,454664.78125
COL,2005,rgdpna,476063.84375
COL,2006,rgdpna,508040.375
COL,2007,rgdpna,542273.125
COL,2008,rgdpna,560078.4375
COL,2009,rgdpna,566461.3125
COL,2010,rgdpna,591921.8125
COL,2011,rgdpna,633047.9375
COL,2012,rgdpna,657816.75
COL,2013,rgdpna,691589.0625
COL,2014,rgdpna,722703.875
COL,2015,rgdpna,744066.3125
COL,2016,rgdpna,759597.75
COL,2017,rgdpna,769923.4375
COL,2018,rgdpna,789666.8125
COL,2019,rgdpna,814832.3125
COL,2020,rgdpna,756279.1875
COL,2021,rgdpna,837966.375
COL,2022,rgdpna,899044.75
COL,2023,rgdpna,906207.25
CRI,2000,rgdpna,55060.23046875
CRI,2001,rgdpna,56982.4765625
CRI,2002,rgdpna,58929.49609375
CRI,2003,rgdpna,61473.58984375
CRI,2004,rgdpna,64193.55078125
CRI,2005,rgdpna,66746.3125
CRI,2006,rgdpna,71636.609375
CRI,2007,rgdpna,77521.65625
CRI,2008,rgdpna,81194.7734375
CRI,2009,rgdpna,80485.5703125
CRI,2010,rgdpna,84799.875
CRI,2011,rgdpna,88533.7421875
CRI,2012,rgdpna,92856.484375
CRI,2013,rgdpna,95173.0390625
CRI,2014,rgdpna,98544.171875
CRI,2015,rgdpna,102143.078125
CRI,2016,rgdpna,106437.5078125
CRI,2017,rgdpna,110862.859375
CRI,2018,rgdpna,113762.9296875
CRI,2019,rgdpna,116513.15625
CRI,2020,rgdpna,111534.140625
CRI,2021,rgdpna,120385.2265625
CRI,2022,rgdpna,125864.5390625
CRI,2023,rgdpna,132298.65625
CZE,2000,rgdpna,282969.84375
CZE,2001,rgdpna,291224.6875
CZE,2002,rgdpna,295632.25
CZE,2003,rgdpna,305390.59375
CZE,2004,rgdpna,319854.9375
CZE,2005,rgdpna,340245.8125
CZE,2006,rgdpna,362780.84375
CZE,2007,rgdpna,382693.25
CZE,2008,rgdpna,392690.25
CZE,2009,rgdpna,373847.65625
CZE,2010,rgdpna,383996.40625
CZE,2011,rgdpna,390802.28125
CZE,2012,rgdpna,387790.5
CZE,2013,rgdpna,387628.34375
CZE,2014,rgdpna,396331.4375
CZE,2015,rgdpna,415984.53125
CZE,2016,rgdpna,426720.5625
CZE,2017,rgdpna,448797.21875
CZE,2018,rgdpna,461499.53125
CZE,2019,rgdpna,477955.59375
CZE,2020,rgdpna,452600.65625
CZE,2021,rgdpna,470836.0
CZE,2022,rgdpna,484241.5
CZE,2023,rgdpna,483828.3125
DEU,2000,rgdpna,3983258.25
DEU,2001,rgdpna,4048445.5
DEU,2002,rgdpna,4039202.5
DEU,2003,rgdpna,4017798.0
DEU,2004,rgdpna,4064499.25
DEU,2005,rgdpna,4100498.5
DEU,2006,rgdpna,4258603.0
DEU,2007,rgdpna,4381681.0
DEU,2008,rgdpna,4421572.0
DEU,2009,rgdpna,4176388.75
DEU,2010,rgdpna,4349573.5
DEU,2011,rgdpna,4513029.5
DEU,2012,rgdpna,4534434.5
DEU,2013,rgdpna,4551947.5
DEU,2014,rgdpna,4650702.0
DEU,2015,rgdpna,4727565.0
DEU,2016,rgdpna,4836048.5
DEU,2017,rgdpna,4967397.5
DEU,2018,rgdpna,5022855.0
DEU,2019,rgdpna,5072476.0
DEU,2020,rgdpna,4864751.0
DEU,2021,rgdpna,5043287.0
DEU,2022,rgdpna,5112367.0
DEU,2023,rgdpna,5098745.0
DNK,2000,rgdpna,286155.46875
DNK,2001,rgdpna,288874.0625
DNK,2002,rgdpna,290192.84375
DNK,2003,rgdpna,291472.875
DNK,2004,rgdpna,299565.1875
DNK,2005,rgdpna,306633.75
DNK,2006,rgdpna,318336.375
DNK,2007,rgdpna,321478.90625
DNK,2008,rgdpna,320137.78125
DNK,2009,rgdpna,304212.59375
DNK,2010,rgdpna,309027.96875
DNK,2011,rgdpna,313078.71875
DNK,2012,rgdpna,313061.6875
DNK,2013,rgdpna,317421.625
DNK,2014,rgdpna,321478.28125
DNK,2015,rgdpna,328243.5
DNK,2016,rgdpna,338330.625
DNK,2017,rgdpna,348671.59375
DNK,2018,rgdpna,355156.9375
DNK,2019,rgdpna,361235.0625
DNK,2020,rgdpna,354804.6875
DNK,2021,rgdpna,380996.59375
DNK,2022,rgdpna,386864.59375
DNK,2023,rgdpna,396517.625
ESP,2000,rgdpna,1547623.25
ESP,2001,rgdpna,1608276.0
ESP,2002,rgdpna,1652591.375
ESP,2003,rgdpna,1701165.75
ESP,2004,rgdpna,1754149.0
ESP,2005,rgdpna,1816442.875
ESP,2006,rgdpna,1889889.5
ESP,2007,rgdpna,1956668.75
ESP,2008,rgdpna,1971679.625
ESP,2009,rgdpna,1897384.25
ESP,2010,rgdpna,1899170.0
ESP,2011,rgdpna,1887016.875
ESP,2012,rgdpna,1832951.75
ESP,2013,rgdpna,1806789.5
ESP,2014,rgdpna,1834261.5
ESP,2015,rgdpna,1908748.5
ESP,2016,rgdpna,1964391.375
ESP,2017,rgdpna,2021281.0
ESP,2018,rgdpna,2069698.875
ESP,2019,rgdpna,2110289.5
ESP,2020,rgdpna,1879422.25
ESP,2021,rgdpna,2005026.75
ESP,2022,rgdpna,2128923.75
ESP,2023,rgdpna,2185886.5
EST,2000,rgdpna,27127.27734375
EST,2001,rgdpna,28722.5625
EST,2002,rgdpna,30713.89453125
EST,2003,rgdpna,33047.01953125
EST,2004,rgdpna,35294.4453125
EST,2005,rgdpna,38655.5546875
EST,2006,rgdpna,42429.33203125
EST,2007,rgdpna,45641.625
EST,2008,rgdpna,43302.34375
EST,2009,rgdpna,36967.1171875
EST,2010,rgdpna,37872.71875
EST,2011,rgdpna,40753.6875
EST,2012,rgdpna,42250.16796875
EST,2013,rgdpna,42992.2890625
EST,2014,rgdpna,44420.8359375
EST,2015,rgdpna,45237.35546875
EST,2016,rgdpna,46636.5625
EST,2017,rgdpna,49264.375
EST,2018,rgdpna,51087.0078125
EST,2019,rgdpna,52990.83984375
EST,2020,rgdpna,51462.6875
EST,2021,rgdpna,55144.55859375
EST,2022,rgdpna,55177.88671875
EST,2023,rgdpna,53509.8359375
FIN,2000,rgdpna,225555.09375
FIN,2001,rgdpna,231510.328125
FIN,2002,rgdpna,235416.671875
FIN,2003,rgdpna,240152.78125
FIN,2004,rgdpna,249771.828125
FIN,2005,rgdpna,256708.765625
FIN,2006,rgdpna,267027.34375
FIN,2007,rgdpna,281213.96875
FIN,2008,rgdpna,283419.90625
FIN,2009,rgdpna,260530.828125
FIN,2010,rgdpna,268785.1875
FIN,2011,rgdpna,275210.21875
FIN,2012,rgdpna,271019.21875
FIN,2013,rgdpna,268363.9375
FIN,2014,rgdpna,267080.96875
FIN,2015,rgdpna,268326.90625
FIN,2016,rgdpna,275228.09375
FIN,2017,rgdpna,284319.90625
FIN,2018,rgdpna,287711.78125
FIN,2019,rgdpna,291595.125
FIN,2020,rgdpna,284331.40625
FIN,2021,rgdpna,292107.03125
FIN,2022,rgdpna,296342.75
FIN,2023,rgdpna,292893.40625
FRA,2000,rgdpna,2691867.0
FRA,2001,rgdpna,2742998.0
FRA,2002,rgdpna,2772286.25
FRA,2003,rgdpna,2799117.5
FRA,2004,rgdpna,2879403.0
FRA,2005,rgdpna,2933782.5
FRA,2006,rgdpna,3013407.25
FRA,2007,rgdpna,3089661.0
FRA,2008,rgdpna,3101406.75
FRA,2009,rgdpna,3013806.25
FRA,2010,rgdpna,3074092.0
FRA,2011,rgdpna,3149025.5
FRA,2012,rgdpna,3154814.25
FRA,2013,rgdpna,3179477.25
FRA,2014,rgdpna,3211203.5
FRA,2015,rgdpna,3245458.75
FRA,2016,rgdpna,3273370.75
FRA,2017,rgdpna,3341575.25
FRA,2018,rgdpna,3396574.5
FRA,2019,rgdpna,3465438.25
FRA,2020,rgdpna,3207587.25
FRA,2021,rgdpna,3428344.5
FRA,2022,rgdpna,3516481.75
FRA,2023,rgdpna,3549412.75
GBR,2000,rgdpna,2481478.25
GBR,2001,rgdpna,2545321.5
GBR,2002,rgdpna,2591026.75
GBR,2003,rgdpna,2672705.0
GBR,2004,rgdpna,2738397.5
GBR,2005,rgdpna,2813228.5
GBR,2006,rgdpna,2880202.75
GBR,2007,rgdpna,2955804.5
GBR,2008,rgdpna,2948451.0
GBR,2009,rgdpna,2812216.25
GBR,2010,rgdpna,2875021.75
GBR,2011,rgdpna,2907749.75
GBR,2012,rgdpna,2951627.75
GBR,2013,rgdpna,3004754.75
GBR,2014,rgdpna,3100745.75
GBR,2015,rgdpna,3169671.75
GBR,2016,rgdpna,3230583.5
GBR,2017,rgdpna,3316404.25
GBR,2018,rgdpna,3363006.0
GBR,2019,rgdpna,3417637.5
GBR,2020,rgdpna,3065726.0
GBR,2021,rgdpna,3328641.0
GBR,2022,rgdpna,3489716.75
GBR,2023,rgdpna,3501581.0
GRC,2000,rgdpna,305328.375
GRC,2001,rgdpna,319527.375
GRC,2002,rgdpna,334491.3125
GRC,2003,rgdpna,353881.1875
GRC,2004,rgdpna,372912.4375
GRC,2005,rgdpna,377325.84375
GRC,2006,rgdpna,401638.46875
GRC,2007,rgdpna,415723.40625
GRC,2008,rgdpna,415962.34375
GRC,2009,rgdpna,398827.6875
GRC,2010,rgdpna,376119.5
GRC,2011,rgdpna,338970.96875
GRC,2012,rgdpna,310730.875
GRC,2013,rgdpna,303670.6875
GRC,2014,rgdpna,306076.46875
GRC,2015,rgdpna,305377.65625
GRC,2016,rgdpna,305280.59375
GRC,2017,rgdpna,309777.75
GRC,2018,rgdpna,316173.625
GRC,2019,rgdpna,323373.5
GRC,2020,rgdpna,293635.3125
GRC,2021,rgdpna,319047.96875
GRC,2022,rgdpna,337372.9375
GRC,2023,rgdpna,345240.9375
HUN,2000,rgdpna,200141.21875
HUN,2001,rgdpna,208271.0
HUN,2002,rgdpna,218122.34375
HUN,2003,rgdpna,226713.71875
HUN,2004,rgdpna,237965.796875
HUN,2005,rgdpna,248199.0
HUN,2006,rgdpna,257963.0
HUN,2007,rgdpna,258820.359375
HUN,2008,rgdpna,261391.5625
HUN,2009,rgdpna,243773.34375
HUN,2010,rgdpna,246376.71875
HUN,2011,rgdpna,251099.046875
HUN,2012,rgdpna,247735.59375
HUN,2013,rgdpna,252770.015625
HUN,2014,rgdpna,263725.96875
HUN,2015,rgdpna,273377.84375
HUN,2016,rgdpna,280044.5625
HUN,2017,rgdpna,291594.09375
HUN,2018,rgdpna,307941.28125
HUN,2019,rgdpna,323576.0
HUN,2020,rgdpna,309536.9375
HUN,2021,rgdpna,331579.5
HUN,2022,rgdpna,345707.8125
HUN,2023,rgdpna,342436.625
IRL,2000,rgdpna,234944.0
IRL,2001,rgdpna,247409.734375
IRL,2002,rgdpna,262005.328125
IRL,2003,rgdpna,269901.75
IRL,2004,rgdpna,288223.0625
IRL,2005,rgdpna,304766.4375
IRL,2006,rgdpna,319967.71875
IRL,2007,rgdpna,336958.40625
IRL,2008,rgdpna,321848.9375
IRL,2009,rgdpna,305448.21875
IRL,2010,rgdpna,310588.84375
IRL,2011,rgdpna,315709.75
IRL,2012,rgdpna,314450.1875
IRL,2013,rgdpna,321343.46875
IRL,2014,rgdpna,351344.21875
IRL,2015,rgdpna,437829.59375
IRL,2016,rgdpna,443182.6875
IRL,2017,rgdpna,487720.90625
IRL,2018,rgdpna,524516.1875
IRL,2019,rgdpna,550954.6875
IRL,2020,rgdpna,590391.5
IRL,2021,rgdpna,686363.25
IRL,2022,rgdpna,745524.375
IRL,2023,rgdpna,704296.8125
ISL,2000,rgdpna,12274.609375
ISL,2001,rgdpna,12767.2509765625
ISL,2002,rgdpna,12838.685546875
ISL,2003,rgdpna,13113.7783203125
ISL,2004,rgdpna,14136.9677734375
ISL,2005,rgdpna,15002.779296875
ISL,2006,rgdpna,15950.5029296875
ISL,2007,rgdpna,17299.095703125
ISL,2008,rgdpna,17681.318359375
ISL,2009,rgdpna,16326.255859375
ISL,2010,rgdpna,15863.76953125
ISL,2011,rgdpna,16156.580078125
ISL,2012,rgdpna,16328.4267578125
ISL,2013,rgdpna,17071.7734375
ISL,2014,rgdpna,17359.80859375
ISL,2015,rgdpna,18130.005859375
ISL,2016,rgdpna,19272.86328125
ISL,2017,rgdpna,20081.353515625
ISL,2018,rgdpna,21063.166015625
ISL,2019,rgdpna,21455.1875
ISL,2020,rgdpna,19966.099609375
ISL,2021,rgdpna,21015.16015625
ISL,2022,rgdpna,22904.951171875
ISL,2023,rgdpna,24058.71484375
ISR,2000,rgdpna,179280.5625
ISR,2001,rgdpna,179775.859375
ISR,2002,rgdpna,179614.578125
ISR,2003,rgdpna,182238.1875
ISR,2004,rgdpna,190763.171875
ISR,2005,rgdpna,198829.9375
ISR,2006,rgdpna,209979.625
ISR,2007,rgdpna,222715.59375
ISR,2008,rgdpna,229862.046875
ISR,2009,rgdpna,232707.65625
ISR,2010,rgdpna,245586.359375
ISR,2011,rgdpna,259139.390625
ISR,2012,rgdpna,265482.1875
ISR,2013,rgdpna,276426.40625
ISR,2014,rgdpna,286885.625
ISR,2015,rgdpna,293437.09375
ISR,2016,rgdpna,306486.875
ISR,2017,rgdpna,319777.3125
ISR,2018,rgdpna,332777.1875
ISR,2019,rgdpna,345390.15625
ISR,2020,rgdpna,340299.0625
ISR,2021,rgdpna,372511.9375
ISR,2022,rgdpna,396212.5
ISR,2023,rgdpna,404273.03125
ITA,2000,rgdpna,2773192.0
ITA,2001,rgdpna,2828834.0
ITA,2002,rgdpna,2836470.25
ITA,2003,rgdpna,2838358.0
ITA,2004,rgdpna,2880195.75
ITA,2005,rgdpna,2902154.75
ITA,2006,rgdpna,2954378.5
ITA,2007,rgdpna,2997580.0
ITA,2008,rgdpna,2966910.75
ITA,2009,rgdpna,2809511.5
ITA,2010,rgdpna,2852472.0
ITA,2011,rgdpna,2872309.75
ITA,2012,rgdpna,2782543.25
ITA,2013,rgdpna,2731956.0
ITA,2014,rgdpna,2731918.0
ITA,2015,rgdpna,2756113.75
ITA,2016,rgdpna,2790185.5
ITA,2017,rgdpna,2834931.5
ITA,2018,rgdpna,2858366.5
ITA,2019,rgdpna,2870633.5
ITA,2020,rgdpna,2616059.5
ITA,2021,rgdpna,2849701.25
ITA,2022,rgdpna,2982547.75
ITA,2023,rgdpna,3003354.75
JPN,2000,rgdpna,4780288.5
JPN,2001,rgdpna,4798745.5
JPN,2002,rgdpna,4800759.0
JPN,2003,rgdpna,4874457.0
JPN,2004,rgdpna,4981018.0
JPN,2005,rgdpna,5070871.0
JPN,2006,rgdpna,5140460.5
JPN,2007,rgdpna,5216743.5
JPN,2008,rgdpna,5152876.0
JPN,2009,rgdpna,4859510.5
JPN,2010,rgdpna,5058649.0
JPN,2011,rgdpna,5059853.5
JPN,2012,rgdpna,5129414.0
JPN,2013,rgdpna,5232263.5
JPN,2014,rgdpna,5247762.0
JPN,2015,rgdpna,5329660.0
JPN,2016,rgdpna,5369836.5
JPN,2017,rgdpna,5459799.0
JPN,2018,rgdpna,5494927.5
JPN,2019,rgdpna,5472828.0
JPN,2020,rgdpna,5245863.5
JPN,2021,rgdpna,5380121.5
JPN,2022,rgdpna,5431488.0
JPN,2023,rgdpna,5522683.5
KOR,2000,rgdpna,1296173.625
KOR,2001,rgdpna,1357429.75
KOR,2002,rgdpna,1462549.125
KOR,2003,rgdpna,1507518.625
KOR,2004,rgdpna,1585662.875
KOR,2005,rgdpna,1654769.875
KOR,2006,rgdpna,1741562.625
KOR,2007,rgdpna,1843304.0
KOR,2008,rgdpna,1898684.25
KOR,2009,rgdpna,1914250.875
KOR,2010,rgdpna,2047897.5
KOR,2011,rgdpna,2123424.5
KOR,2012,rgdpna,2177522.25
KOR,2013,rgdpna,2249193.25
KOR,2014,rgdpna,2321497.5
KOR,2015,rgdpna,2389292.25
KOR,2016,rgdpna,2465069.25
KOR,2017,rgdpna,2549699.75
KOR,2018,rgdpna,2630681.25
KOR,2019,rgdpna,2691549.75
KOR,2020,rgdpna,2672702.75
KOR,2021,rgdpna,2795993.5
KOR,2022,rgdpna,2872256.25
KOR,2023,rgdpna,2912586.0
LTU,2000,rgdpna,49887.59375
LTU,2001,rgdpna,53122.3671875
LTU,2002,rgdpna,56692.109375
LTU,2003,rgdpna,62674.1953125
LTU,2004,rgdpna,66749.296875
LTU,2005,rgdpna,71909.984375
LTU,2006,rgdpna,77228.0703125
LTU,2007,rgdpna,85783.34375
LTU,2008,rgdpna,88013.25
LTU,2009,rgdpna,74953.3046875
LTU,2010,rgdpna,75273.5078125
LTU,2011,rgdpna,80033.53125
LTU,2012,rgdpna,83541.3203125
LTU,2013,rgdpna,86922.171875
LTU,2014,rgdpna,90201.34375
LTU,2015,rgdpna,92756.578125
LTU,2016,rgdpna,95234.9609375
LTU,2017,rgdpna,99627.421875
LTU,2018,rgdpna,104527.4765625
LTU,2019,rgdpna,109416.5859375
LTU,2020,rgdpna,109463.4375
LTU,2021,rgdpna,116447.2265625
LTU,2022,rgdpna,119402.1015625
LTU,2023,rgdpna,119810.765625
LUX,2000,rgdpna,37112.82421875
LUX,2001,rgdpna,38253.80078125
LUX,2002,rgdpna,39487.64453125
LUX,2003,rgdpna,40521.98046875
LUX,2004,rgdpna,42236.82421875
LUX,2005,rgdpna,43285.51171875
LUX,2006,rgdpna,45889.87890625
LUX,2007,rgdpna,49606.34765625
LUX,2008,rgdpna,49457.44140625
LUX,2009,rgdpna,47855.53515625
LUX,2010,rgdpna,49655.1015625
LUX,2011,rgdpna,50173.6484375
LUX,2012,rgdpna,51001.46484375
LUX,2013,rgdpna,52619.125
LUX,2014,rgdpna,53999.3671875
LUX,2015,rgdpna,55225.0390625
LUX,2016,rgdpna,57974.24609375
LUX,2017,rgdpna,58737.87890625
LUX,2018,rgdpna,59454.07421875
LUX,2019,rgdpna,61187.66796875
LUX,2020,rgdpna,60630.96875
LUX,2021,rgdpna,64977.2421875
LUX,2022,rgdpna,65874.0390625
LUX,2023,rgdpna,65152.25
LVA,2000,rgdpna,31158.7734375
LVA,2001,rgdpna,33171.80859375
LVA,2002,rgdpna,35714.59375
LVA,2003,rgdpna,38725.0234375
LVA,2004,rgdpna,42103.8359375
LVA,2005,rgdpna,46994.328125
LVA,2006,rgdpna,53021.36328125
LVA,2007,rgdpna,58543.2890625
LVA,2008,rgdpna,56559.42578125
LVA,2009,rgdpna,47487.28125
LVA,2010,rgdpna,45748.6484375
LVA,2011,rgdpna,47137.73828125
LVA,2012,rgdpna,50581.2578125
LVA,2013,rgdpna,51641.4921875
LVA,2014,rgdpna,52723.359375
LVA,2015,rgdpna,54718.078125
LVA,2016,rgdpna,56114.30859375
LVA,2017,rgdpna,58021.60546875
LVA,2018,rgdpna,60522.171875
LVA,2019,rgdpna,60930.92578125
LVA,2020,rgdpna,58817.09375
LVA,2021,rgdpna,62903.24609375
LVA,2022,rgdpna,64043.48828125
LVA,2023,rgdpna,65136.58203125
MEX,2000,rgdpna,1910395.875
MEX,2001,rgdpna,1901783.0
MEX,2002,rgdpna,1897283.75
MEX,2003,rgdpna,1919776.875
MEX,2004,rgdpna,1988225.25
MEX,2005,rgdpna,2030241.5
MEX,2006,rgdpna,2127794.75
MEX,2007,rgdpna,2172007.5
MEX,2008,rgdpna,2192496.75
MEX,2009,rgdpna,2054473.375
MEX,2010,rgdpna,2156608.25
MEX,2011,rgdpna,2230883.0
MEX,2012,rgdpna,2310150.75
MEX,2013,rgdpna,2329835.75
MEX,2014,rgdpna,2388169.25
MEX,2015,rgdpna,2452705.25
MEX,2016,rgdpna,2496179.25
MEX,2017,rgdpna,2542901.0
MEX,2018,rgdpna,2593049.0
MEX,2019,rgdpna,2582866.5
MEX,2020,rgdpna,2367093.0
MEX,2021,rgdpna,2510266.25
MEX,2022,rgdpna,2603422.0
MEX,2023,rgdpna,2689214.75
NLD,2000,rgdpna,891609.1875
NLD,2001,rgdpna,912326.4375
NLD,2002,rgdpna,914568.8125
NLD,2003,rgdpna,915463.5625
NLD,2004,rgdpna,933922.125
NLD,2005,rgdpna,952917.75
NLD,2006,rgdpna,986626.0625
NLD,2007,rgdpna,1024959.5
NLD,2008,rgdpna,1046656.0
NLD,2009,rgdpna,1008293.0
NLD,2010,rgdpna,1021595.625
NLD,2011,rgdpna,1039712.0625
NLD,2012,rgdpna,1029545.0
NLD,2013,rgdpna,1029233.6875
NLD,2014,rgdpna,1045831.1875
NLD,2015,rgdpna,1068009.125
NLD,2016,rgdpna,1093900.75
NLD,2017,rgdpna,1124328.0
NLD,2018,rgdpna,1149723.75
NLD,2019,rgdpna,1176168.5
NLD,2020,rgdpna,1130674.75
NLD,2021,rgdpna,1201645.375
NLD,2022,rgdpna,1261814.5
NLD,2023,rgdpna,1262755.375
NOR,2000,rgdpna,382502.25
NOR,2001,rgdpna,390409.0625
NOR,2002,rgdpna,395787.1875
NOR,2003,rgdpna,399527.03125
NOR,2004,rgdpna,415566.40625
NOR,2005,rgdpna,426724.84375
NOR,2006,rgdpna,437228.5625
NOR,2007,rgdpna,449969.59375
NOR,2008,rgdpna,452138.0625
NOR,2009,rgdpna,443365.0
NOR,2010,rgdpna,446854.46875
NOR,2011,rgdpna,451795.125
NOR,2012,rgdpna,464074.78125
NOR,2013,rgdpna,468790.625
NOR,2014,rgdpna,478392.0625
NOR,2015,rgdpna,487277.46875
NOR,2016,rgdpna,492952.875
NOR,2017,rgdpna,505098.0
NOR,2018,rgdpna,509284.78125
NOR,2019,rgdpna,515008.0
NOR,2020,rgdpna,508425.28125
NOR,2021,rgdpna,528298.0625
NOR,2022,rgdpna,544176.75
NOR,2023,rgdpna,546786.875
NZL,2000,rgdpna,127648.5390625
NZL,2001,rgdpna,132600.875
NZL,2002,rgdpna,139297.671875
NZL,2003,rgdpna,145805.46875
NZL,2004,rgdpna,150531.359375
NZL,2005,rgdpna,155325.375
NZL,2006,rgdpna,158875.53125
NZL,2007,rgdpna,164930.390625
NZL,2008,rgdpna,162118.359375
NZL,2009,rgdpna,165424.1875
NZL,2010,rgdpna,166943.015625
NZL,2011,rgdpna,171298.5625
NZL,2012,rgdpna,175731.578125
NZL,2013,rgdpna,179275.796875
NZL,2014,rgdpna,185796.359375
NZL,2015,rgdpna,193688.453125
NZL,2016,rgdpna,201116.546875
NZL,2017,rgdpna,209798.71875
NZL,2018,rgdpna,217913.03125
NZL,2019,rgdpna,223309.78125
NZL,2020,rgdpna,223460.484375
NZL,2021,rgdpna,233868.359375
NZL,2022,rgdpna,240093.46875
NZL,2023,rgdpna,241854.109375
POL,2000,rgdpna,682025.3125
POL,2001,rgdpna,690439.75
POL,2002,rgdpna,703566.375
POL,2003,rgdpna,728355.625
POL,2004,rgdpna,765434.75
POL,2005,rgdpna,790394.25
POL,2006,rgdpna,839415.25
POL,2007,rgdpna,896163.5625
POL,2008,rgdpna,935449.3125
POL,2009,rgdpna,959912.5
POL,2010,rgdpna,990331.4375
POL,2011,rgdpna,1042377.875
POL,2012,rgdpna,1058136.375
POL,2013,rgdpna,1065376.5
POL,2014,rgdpna,1107144.75
POL,2015,rgdpna,1156210.875
POL,2016,rgdpna,1191257.75
POL,2017,rgdpna,1252636.625
POL,2018,rgdpna,1330874.75
POL,2019,rgdpna,1391834.75
POL,2020,rgdpna,1363503.0
POL,2021,rgdpna,1457955.25
POL,2022,rgdpna,1534577.625
POL,2023,rgdpna,1536708.0
PRT,2000,rgdpna,313022.875
PRT,2001,rgdpna,319107.0
PRT,2002,rgdpna,321567.09375
PRT,2003,rgdpna,318574.84375
PRT,2004,rgdpna,324273.3125
PRT,2005,rgdpna,326808.65625
PRT,2006,rgdpna,332119.375
PRT,2007,rgdpna,340444.25
PRT,2008,rgdpna,341531.09375
PRT,2009,rgdpna,330868.21875
PRT,2010,rgdpna,336617.46875
PRT,2011,rgdpna,330849.4375
PRT,2012,rgdpna,317447.03125
PRT,2013,rgdpna,314323.03125
PRT,2014,rgdpna,316653.40625
PRT,2015,rgdpna,321687.53125
PRT,2016,rgdpna,328134.625
PRT,2017,rgdpna,339011.375
PRT,2018,rgdpna,348999.59375
PRT,2019,rgdpna,358582.03125
PRT,2020,rgdpna,329161.6875
PRT,2021,rgdpna,347459.0
PRT,2022,rgdpna,371731.875
PRT,2023,rgdpna,381122.90625
SVK,2000,rgdpna,82659.5078125
SVK,2001,rgdpna,85077.4375
SVK,2002,rgdpna,88835.5234375
SVK,2003,rgdpna,93149.9921875
SVK,2004,rgdpna,98170.3046875
SVK,2005,rgdpna,104536.5859375
SVK,2006,rgdpna,113867.1953125
SVK,2007,rgdpna,126186.0625
SVK,2008,rgdpna,132953.890625
SVK,2009,rgdpna,125634.34375
SVK,2010,rgdpna,134165.640625
SVK,2011,rgdpna,137603.53125
SVK,2012,rgdpna,139762.765625
SVK,2013,rgdpna,140745.75
SVK,2014,rgdpna,144557.078125
SVK,2015,rgdpna,152040.625
SVK,2016,rgdpna,155002.109375
SVK,2017,rgdpna,159458.0
SVK,2018,rgdpna,165935.375
SVK,2019,rgdpna,169711.890625
SVK,2020,rgdpna,165323.96875
SVK,2021,rgdpna,174792.0625
SVK,2022,rgdpna,175578.0625
SVK,2023,rgdpna,177998.109375
SVN,2000,rgdpna,52686.77734375
SVN,2001,rgdpna,54177.125
SVN,2002,rgdpna,55955.53515625
SVN,2003,rgdpna,57743.328125
SVN,2004,rgdpna,60368.3515625
SVN,2005,rgdpna,62695.02734375
SVN,2006,rgdpna,66399.5390625
SVN,2007,rgdpna,71139.953125
SVN,2008,rgdpna,73538.9609375
SVN,2009,rgdpna,67956.921875
SVN,2010,rgdpna,68712.6953125
SVN,2011,rgdpna,69163.0625
SVN,2012,rgdpna,67146.59375
SVN,2013,rgdpna,66593.453125
SVN,2014,rgdpna,68433.3203125
SVN,2015,rgdpna,70071.140625
SVN,2016,rgdpna,72197.390625
SVN,2017,rgdpna,75933.171875
SVN,2018,rgdpna,79258.3515625
SVN,2019,rgdpna,82036.5546875
SVN,2020,rgdpna,78685.3671875
SVN,2021,rgdpna,85286.7890625
SVN,2022,rgdpna,87588.8828125
SVN,2023,rgdpna,89439.265625
SWE,2000,rgdpna,406705.09375
SWE,2001,rgdpna,412239.40625
SWE,2002,rgdpna,421628.875
SWE,2003,rgdpna,429559.46875
SWE,2004,rgdpna,447513.0625
SWE,2005,rgdpna,460012.90625
SWE,2006,rgdpna,481523.03125
SWE,2007,rgdpna,497051.75
SWE,2008,rgdpna,492463.34375
SWE,2009,rgdpna,471506.21875
SWE,2010,rgdpna,498621.28125
SWE,2011,rgdpna,514397.1875
SWE,2012,rgdpna,512265.21875
SWE,2013,rgdpna,518093.34375
SWE,2014,rgdpna,529987.5625
SWE,2015,rgdpna,553360.75
SWE,2016,rgdpna,566363.3125
SWE,2017,rgdpna,576700.25
SWE,2018,rgdpna,587674.6875
SWE,2019,rgdpna,602658.3125
SWE,2020,rgdpna,590573.0
SWE,2021,rgdpna,625638.3125
SWE,2022,rgdpna,634768.1875
SWE,2023,rgdpna,632796.125
TUR,2000,rgdpna,957261.625
TUR,2001,rgdpna,902219.125
TUR,2002,rgdpna,960391.625
TUR,2003,rgdpna,1015740.9375
TUR,2004,rgdpna,1115242.375
TUR,2005,rgdpna,1215528.25
TUR,2006,rgdpna,1299983.25
TUR,2007,rgdpna,1365547.875
TUR,2008,rgdpna,1376677.25
TUR,2009,rgdpna,1310277.5
TUR,2010,rgdpna,1420697.25
TUR,2011,rgdpna,1579816.25
TUR,2012,rgdpna,1655465.25
TUR,2013,rgdpna,1795945.25
TUR,2014,rgdpna,1884659.5
TUR,2015,rgdpna,1999331.625
TUR,2016,rgdpna,2065771.75
TUR,2017,rgdpna,2220745.25
TUR,2018,rgdpna,2287660.5
TUR,2019,rgdpna,2306385.5
TUR,2020,rgdpna,2349280.75
TUR,2021,rgdpna,2618024.0
TUR,2022,rgdpna,2762891.75
TUR,2023,rgdpna,2904107.0
USA,2000,rgdpna,15529851.0
USA,2001,rgdpna,15678245.0
USA,2002,rgdpna,15944844.0
USA,2003,rgdpna,16390599.0
USA,2004,rgdpna,17021272.0
USA,2005,rgdpna,17614216.0
USA,2006,rgdpna,18104692.0
USA,2007,rgdpna,18467484.0
USA,2008,rgdpna,18488460.0
USA,2009,rgdpna,18012106.0
USA,2010,rgdpna,18497566.0
USA,2011,rgdpna,18786944.0
USA,2012,rgdpna,19216998.0
USA,2013,rgdpna,19623982.0
USA,2014,rgdpna,20119256.0
USA,2015,rgdpna,20711878.0
USA,2016,rgdpna,21088720.0
USA,2017,rgdpna,21607002.0
USA,2018,rgdpna,22247976.0
USA,2019,rgdpna,22822856.0
USA,2020,rgdpna,22329176.0
USA,2021,rgdpna,23681202.0
USA,2022,rgdpna,24276130.0
USA,2023,rgdpna,24977152.0
AUS,2000,rnna,4319261.0
AUS,2001,rnna,4429619.0
AUS,2002,rnna,4563002.0
AUS,2003,rnna,4708955.5
AUS,2004,rnna,4858963.0
AUS,2005,rnna,5022133.5
AUS,2006,rnna,5187847.0
AUS,2007,rnna,5369089.5
AUS,2008,rnna,5542700.0
AUS,2009,rnna,5712208.5
AUS,2010,rnna,5883105.0
AUS,2011,rnna,6086152.0
AUS,2012,rnna,6291468.5
AUS,2013,rnna,6480480.5
AUS,2014,rnna,6648222.5
AUS,2015,rnna,6797224.0
AUS,2016,rnna,6940895.0
AUS,2017,rnna,7098245.0
AUS,2018,rnna,7245557.0
AUS,2019,rnna,7380284.0
AUS,2020,rnna,7524767.5
AUS,2021,rnna,7691365.5
AUS,2022,rnna,7862773.5
AUS,2023,rnna,8045612.5
AUT,2000,rnna,2171859.5
AUT,2001,rnna,2227135.25
AUT,2002,rnna,2274174.0
AUT,2003,rnna,2324961.5
AUT,2004,rnna,2374753.75
AUT,2005,rnna,2423009.75
AUT,2006,rnna,2471192.0
AUT,2007,rnna,2524512.5
AUT,2008,rnna,2578275.5
AUT,2009,rnna,2617957.5
AUT,2010,rnna,2652521.25
AUT,2011,rnna,2694111.25
AUT,2012,rnna,2735107.75
AUT,2013,rnna,2775554.75
AUT,2014,rnna,2813119.25
AUT,2015,rnna,2852331.75
AUT,2016,rnna,2896182.75
AUT,2017,rnna,2943963.0
AUT,2018,rnna,2995897.5
AUT,2019,rnna,3051706.75
AUT,2020,rnna,3094446.0
AUT,2021,rnna,3146882.0
AUT,2022,rnna,3198415.5
AUT,2023,rnna,3241278.0
BEL,2000,rnna,2397628.0
BEL,2001,rnna,2463592.0
BEL,2002,rnna,2516897.25
BEL,2003,rnna,2566361.25
BEL,2004,rnna,2626834.25
BEL,2005,rnna,2694271.75
BEL,2006,rnna,2761498.0
BEL,2007,rnna,2838901.5
BEL,2008,rnna,2915968.25
BEL,2009,rnna,2975180.25
BEL,2010,rnna,3032534.75
BEL,2011,rnna,3097750.75
BEL,2012,rnna,3162041.0
BEL,2013,rnna,3219927.0
BEL,2014,rnna,3287282.0
BEL,2015,rnna,3358413.0
BEL,2016,rnna,3434728.5
BEL,2017,rnna,3509448.25
BEL,2018,rnna,3586937.5
BEL,2019,rnna,3670727.75
BEL,2020,rnna,3737975.75
BEL,2021,rnna,3814143.5
BEL,2022,rnna,3893210.75
BEL,2023,rnna,3976496.0
CAN,2000,rnna,5549067.5
CAN,2001,rnna,5715992.0
CAN,2002,rnna,5878819.5
CAN,2003,rnna,6055079.0
CAN,2004,rnna,6256085.0
CAN,2005,rnna,6484737.5
CAN,2006,rnna,6729171.0
CAN,2007,rnna,6974573.5
CAN,2008,rnna,7216122.5
CAN,2009,rnna,7393991.0
CAN,2010,rnna,7616430.5
CAN,2011,rnna,7854439.0
CAN,2012,rnna,8110618.5
CAN,2013,rnna,8366380.0
CAN,2014,rnna,8628899.0
CAN,2015,rnna,8857728.0
CAN,2016,rnna,9056973.0
CAN,2017,rnna,9269414.0
CAN,2018,rnna,9490253.0
CAN,2019,rnna,9710064.0
CAN,2020,rnna,9905462.0
CAN,2021,rnna,10147049.0
CAN,2022,rnna,10370393.0
CAN,2023,rnna,10570840.0
CHE,2000,rnna,2352489.0
CHE,2001,rnna,2405543.0
CHE,2002,rnna,2456137.25
CHE,2003,rnna,2503626.5
CHE,2004,rnna,2557653.75
CHE,2005,rnna,2617286.75
CHE,2006,rnna,2681803.25
CHE,2007,rnna,2749927.0
CHE,2008,rnna,2815004.75
CHE,2009,rnna,2862852.75
CHE,2010,rnna,2912344.5
CHE,2011,rnna,2967042.0
CHE,2012,rnna,3025920.0
CHE,2013,rnna,3081607.0
CHE,2014,rnna,3142782.75
CHE,2015,rnna,3206557.5
CHE,2016,rnna,3273300.25
CHE,2017,rnna,3344311.25
CHE,2018,rnna,3412129.5
CHE,2019,rnna,3478718.5
CHE,2020,rnna,3542198.5
CHE,2021,rnna,3608992.0
CHE,2022,rnna,3673966.0
CHE,2023,rnna,3737912.5
CHL,2000,rnna,624921.125
CHL,2001,rnna,655362.125
CHL,2002,rnna,686735.375
CHL,2003,rnna,721246.0625
CHL,2004,rnna,761100.5625
CHL,2005,rnna,813611.25
CHL,2006,rnna,867475.6875
CHL,2007,rnna,925700.5
CHL,2008,rnna,998714.5
CHL,2009,rnna,1055187.5
CHL,2010,rnna,1117952.375
CHL,2011,rnna,1191439.875
CHL,2012,rnna,1275040.375
CHL,2013,rnna,1356135.5
CHL,2014,rnna,1428125.5
CHL,2015,rnna,1498107.875
CHL,2016,rnna,1562235.75
CHL,2017,rnna,1619323.75
CHL,2018,rnna,1682605.375
CHL,2019,rnna,1750039.125
CHL,2020,rnna,1800015.25
CHL,2021,rnna,1868156.5
CHL,2022,rnna,1939398.0
CHL,2023,rnna,2005060.0
CHN,2000,rnna,15487957.0
CHN,2001,rnna,17124416.0
CHN,2002,rnna,19022494.0
CHN,2003,rnna,21374392.0
CHN,2004,rnna,24049898.0
CHN,2005,rnna,27050484.0
CHN,2006,rnna,30437274.0
CHN,2007,rnna,34227428.0
CHN,2008,rnna,38462012.0
CHN,2009,rnna,43962712.0
CHN,2010,rnna,50110612.0
CHN,2011,rnna,56670656.0
CHN,2012,rnna,63722176.0
CHN,2013,rnna,71349296.0
CHN,2014,rnna,79360160.0
CHN,2015,rnna,87775192.0
CHN,2016,rnna,96755824.0
CHN,2017,rnna,106217664.0
CHN,2018,rnna,116379784.0
CHN,2019,rnna,126968344.0
CHN,2020,rnna,137695824.0
CHN,2021,rnna,148589856.0
CHN,2022,rnna,159623808.0
CHN,2023,rnna,171095104.0
COL,2000,rnna,1412782.5
COL,2001,rnna,1423465.625
COL,2002,rnna,1442765.875
COL,2003,rnna,1471821.375
COL,2004,rnna,1508649.5
COL,2005,rnna,1556119.125
COL,2006,rnna,1620708.875
COL,2007,rnna,1702756.625
COL,2008,rnna,1771569.0
COL,2009,rnna,1841114.875
COL,2010,rnna,1916421.25
COL,2011,rnna,2002981.125
COL,2012,rnna,2086343.625
COL,2013,rnna,2175999.5
COL,2014,rnna,2276362.5
COL,2015,rnna,2382179.25
COL,2016,rnna,2478521.5
COL,2017,rnna,2574892.75
COL,2018,rnna,2669737.0
COL,2019,rnna,2765520.0
COL,2020,rnna,2811806.5
COL,2021,rnna,2882305.0
COL,2022,rnna,2970245.75
COL,2023,rnna,3038053.0
CRI,2000,rnna,139432.9375
CRI,2001,rnna,147196.046875
CRI,2002,rnna,155432.171875
CRI,2003,rnna,164266.359375
CRI,2004,rnna,172944.09375
CRI,2005,rnna,182123.1875
CRI,2006,rnna,192401.9375
CRI,2007,rnna,206142.234375
CRI,2008,rnna,221646.71875
CRI,2009,rnna,233213.875
CRI,2010,rnna,245274.8125
CRI,2011,rnna,257818.4375
CRI,2012,rnna,272038.0625
CRI,2013,rnna,286845.5
CRI,2014,rnna,302080.9375
CRI,2015,rnna,317543.59375
CRI,2016,rnna,334284.59375
CRI,2017,rnna,350167.40625
CRI,2018,rnna,365779.0625
CRI,2019,rnna,377905.40625
CRI,2020,rnna,388582.1875
CRI,2021,rnna,401313.125
CRI,2022,rnna,413985.25
CRI,2023,rnna,428689.46875
CZE,2000,rnna,2235036.0
CZE,2001,rnna,2262703.0
CZE,2002,rnna,2287399.0
CZE,2003,rnna,2311265.0
CZE,2004,rnna,2336807.5
CZE,2005,rnna,2365882.75
CZE,2006,rnna,2397803.25
CZE,2007,rnna,2442907.0
CZE,2008,rnna,2483556.0
CZE,2009,rnna,2505638.5
CZE,2010,rnna,2527355.5
CZE,2011,rnna,2548247.75
CZE,2012,rnna,2562194.5
CZE,2013,rnna,2572485.25
CZE,2014,rnna,2585116.0
CZE,2015,rnna,2608011.0
CZE,2016,rnna,2623678.75
CZE,2017,rnna,2641434.75
CZE,2018,rnna,2669390.75
CZE,2019,rnna,2705569.0
CZE,2020,rnna,2730506.25
CZE,2021,rnna,2765371.0
CZE,2022,rnna,2808995.5
CZE,2023,rnna,2851751.5
DEU,2000,rnna,15566046.0
DEU,2001,rnna,15866557.0
DEU,2002,rnna,16093383.0
DEU,2003,rnna,16296018.0
DEU,2004,rnna,16489087.0
DEU,2005,rnna,16680977.0
DEU,2006,rnna,16922098.0
DEU,2007,rnna,17172432.0
DEU,2008,rnna,17415402.0
DEU,2009,rnna,17556428.0
DEU,2010,rnna,17741678.0
DEU,2011,rnna,17981700.0
DEU,2012,rnna,18208556.0
DEU,2013,rnna,18415930.0
DEU,2014,rnna,18647862.0
DEU,2015,rnna,18885398.0
DEU,2016,rnna,19145834.0
DEU,2017,rnna,19417412.0
DEU,2018,rnna,19707832.0
DEU,2019,rnna,20002264.0
DEU,2020,rnna,20254192.0
DEU,2021,rnna,20509570.0
DEU,2022,rnna,20761662.0
DEU,2023,rnna,20997920.0
DNK,2000,rnna,1326453.125
DNK,2001,rnna,1356950.375
DNK,2002,rnna,1383305.0
DNK,2003,rnna,1409557.5
DNK,2004,rnna,1437368.0
DNK,2005,rnna,1468936.625
DNK,2006,rnna,1511146.875
DNK,2007,rnna,1551624.625
DNK,2008,rnna,1586665.75
DNK,2009,rnna,1606213.875
DNK,2010,rnna,1618737.5
DNK,2011,rnna,1631969.625
DNK,2012,rnna,1648097.125
DNK,2013,rnna,1665221.125
DNK,2014,rnna,1685668.875
DNK,2015,rnna,1708011.25
DNK,2016,rnna,1736334.75
DNK,2017,rnna,1767293.5
DNK,2018,rnna,1800689.875
DNK,2019,rnna,1831540.5
DNK,2020,rnna,1865610.875
DNK,2021,rnna,1909466.125
DNK,2022,rnna,1954784.75
DNK,2023,rnna,1990346.5
ESP,2000,rnna,8241214.0
ESP,2001,rnna,8547612.0
ESP,2002,rnna,8863274.0
ESP,2003,rnna,9206040.0
ESP,2004,rnna,9563767.0
ESP,2005,rnna,9952367.0
ESP,2006,rnna,10374336.0
ESP,2007,rnna,10807365.0
ESP,2008,rnna,11188165.0
ESP,2009,rnna,11427511.0
ESP,2010,rnna,11629040.0
ESP,2011,rnna,11779121.0
ESP,2012,rnna,11883093.0
ESP,2013,rnna,11963375.0
ESP,2014,rnna,12061736.0
ESP,2015,rnna,12182141.0
ESP,2016,rnna,12303894.0
ESP,2017,rnna,12455941.0
ESP,2018,rnna,12638864.0
ESP,2019,rnna,12842038.0
ESP,2020,rnna,12976737.0
ESP,2021,rnna,13126397.0
ESP,2022,rnna,13295520.0
ESP,2023,rnna,13468885.0
EST,2000,rnna,130038.2421875
EST,2001,rnna,133764.609375
EST,2002,rnna,139214.234375
EST,2003,rnna,146072.703125
EST,2004,rnna,152942.0625
EST,2005,rnna,161353.1875
EST,2006,rnna,172559.828125
EST,2007,rnna,184605.890625
EST,2008,rnna,193252.609375
EST,2009,rnna,195213.296875
EST,2010,rnna,197032.078125
EST,2011,rnna,202566.046875
EST,2012,rnna,209426.734375
EST,2013,rnna,215988.34375
EST,2014,rnna,221729.5
EST,2015,rnna,226817.125
EST,2016,rnna,232457.125
EST,2017,rnna,239993.203125
EST,2018,rnna,248853.703125
EST,2019,rnna,258293.90625
EST,2020,rnna,270750.5
EST,2021,rnna,282763.1875
EST,2022,rnna,292573.03125
EST,2023,rnna,303823.28125
FIN,2000,rnna,1169114.75
FIN,2001,rnna,1199071.0
FIN,2002,rnna,1225289.0
FIN,2003,rnna,1252669.0
FIN,2004,rnna,1282682.5
FIN,2005,rnna,1313992.625
FIN,2006,rnna,1345148.875
FIN,2007,rnna,1383453.5
FIN,2008,rnna,1420303.5
FIN,2009,rnna,1444192.875
FIN,2010,rnna,1471264.125
FIN,2011,rnna,1499840.625
FIN,2012,rnna,1527182.375
FIN,2013,rnna,1550288.875
FIN,2014,rnna,1571285.25
FIN,2015,rnna,1592210.125
FIN,2016,rnna,1620614.5
FIN,2017,rnna,1652962.5
FIN,2018,rnna,1688566.375
FIN,2019,rnna,1722112.5
FIN,2020,rnna,1753664.25
FIN,2021,rnna,1786506.25
FIN,2022,rnna,1821321.375
FIN,2023,rnna,1846420.75
FRA,2000,rnna,14634065.0
FRA,2001,rnna,14944624.0
FRA,2002,rnna,15226758.0
FRA,2003,rnna,15512218.0
FRA,2004,rnna,15814386.0
FRA,2005,rnna,16130136.0
FRA,2006,rnna,16471458.0
FRA,2007,rnna,16846336.0
FRA,2008,rnna,17210226.0
FRA,2009,rnna,17468370.0
FRA,2010,rnna,17735858.0
FRA,2011,rnna,18011934.0
FRA,2012,rnna,18274706.0
FRA,2013,rnna,18522780.0
FRA,2014,rnna,18757598.0
FRA,2015,rnna,18986968.0
FRA,2016,rnna,19230126.0
FRA,2017,rnna,19494636.0
FRA,2018,rnna,19778842.0
FRA,2019,rnna,20087500.0
FRA,2020,rnna,20318816.0
FRA,2021,rnna,20642360.0
FRA,2022,rnna,20959584.0
FRA,2023,rnna,21260192.0
GBR,2000,rnna,11021753.0
GBR,2001,rnna,11300335.0
GBR,2002,rnna,11571851.0
GBR,2003,rnna,11844275.0
GBR,2004,rnna,12123316.0
GBR,2005,rnna,12419481.0
GBR,2006,rnna,12722053.0
GBR,2007,rnna,13040559.0
GBR,2008,rnna,13313922.0
GBR,2009,rnna,13481118.0
GBR,2010,rnna,13673292.0
GBR,2011,rnna,13855407.0
GBR,2012,rnna,14043483.0
GBR,2013,rnna,14248650.0
GBR,2014,rnna,14497129.0
GBR,2015,rnna,14790073.0
GBR,2016,rnna,15111976.0
GBR,2017,rnna,15446485.0
GBR,2018,rnna,15760226.0
GBR,2019,rnna,16078276.0
GBR,2020,rnna,16290162.0
GBR,2021,rnna,16572071.0
GBR,2022,rnna,16889570.0
GBR,2023,rnna,17199100.0
GRC,2000,rnna,2246170.0
GRC,2001,rnna,2302393.25
GRC,2002,rnna,2351553.25
GRC,2003,rnna,2410655.0
GRC,2004,rnna,2475508.0
GRC,2005,rnna,2521244.5
GRC,2006,rnna,2586612.75
GRC,2007,rnna,2663892.75
GRC,2008,rnna,2724519.5
GRC,2009,rnna,2762789.75
GRC,2010,rnna,2772012.75
GRC,2011,rnna,2756941.0
GRC,2012,rnna,2731229.0
GRC,2013,rnna,2703674.0
GRC,2014,rnna,2677781.25
GRC,2015,rnna,2653729.75
GRC,2016,rnna,2632788.75
GRC,2017,rnna,2617706.25
GRC,2018,rnna,2600724.0
GRC,2019,rnna,2583970.0
GRC,2020,rnna,2568725.75
GRC,2021,rnna,2566738.25
GRC,2022,rnna,2575210.25
GRC,2023,rnna,2586717.5
HUN,2000,rnna,1286887.25
HUN,2001,rnna,1319655.875
HUN,2002,rnna,1355739.125
HUN,2003,rnna,1389814.375
HUN,2004,rnna,1428379.375
HUN,2005,rnna,1467699.375
HUN,2006,rnna,1505122.375
HUN,2007,rnna,1543456.5
HUN,2008,rnna,1579301.75
HUN,2009,rnna,1604015.375
HUN,2010,rnna,1618891.25
HUN,2011,rnna,1631858.5
HUN,2012,rnna,1641791.5
HUN,2013,rnna,1658912.25
HUN,2014,rnna,1685353.625
HUN,2015,rnna,1714534.375
HUN,2016,rnna,1730363.875
HUN,2017,rnna,1761735.875
HUN,2018,rnna,1807027.625
HUN,2019,rnna,1863526.625
HUN,2020,rnna,1906472.125
HUN,2021,rnna,1954814.875
HUN,2022,rnna,2002590.5
HUN,2023,rnna,2038164.125
IRL,2000,rnna,751377.1875
IRL,2001,rnna,800726.1875
IRL,2002,rnna,851690.1875
IRL,2003,rnna,906755.125
IRL,2004,rnna,968077.3125
IRL,2005,rnna,1042503.625
IRL,2006,rnna,1120839.375
IRL,2007,rnna,1195122.0
IRL,2008,rnna,1252539.625
IRL,2009,rnna,1288869.125
IRL,2010,rnna,1308897.0
IRL,2011,rnna,1326852.25
IRL,2012,rnna,1355768.875
IRL,2013,rnna,1377326.375
IRL,2014,rnna,1413394.875
IRL,2015,rnna,1501347.75
IRL,2016,rnna,1638648.5
IRL,2017,rnna,1763300.875
IRL,2018,rnna,1852224.875
IRL,2019,rnna,2129149.75
IRL,2020,rnna,2303409.5
IRL,2021,rnna,2331310.0
IRL,2022,rnna,2367368.75
IRL,2023,rnna,2408566.75
ISL,2000,rnna,97722.6171875
ISL,2001,rnna,100124.9921875
ISL,2002,rnna,101646.3984375
ISL,2003,rnna,103575.140625
ISL,2004,rnna,106776.8203125
ISL,2005,rnna,111662.1328125
ISL,2006,rnna,118151.2734375
ISL,2007,rnna,123216.7578125
ISL,2008,rnna,126389.0078125
ISL,2009,rnna,125445.578125
ISL,2010,rnna,123987.390625
ISL,2011,rnna,123207.1875
ISL,2012,rnna,122789.5546875
ISL,2013,rnna,122540.078125
ISL,2014,rnna,123015.53125
ISL,2015,rnna,124478.453125
ISL,2016,rnna,126805.2734375
ISL,2017,rnna,129586.03125
ISL,2018,rnna,132386.0
ISL,2019,rnna,134809.859375
ISL,2020,rnna,136679.515625
ISL,2021,rnna,139516.640625
ISL,2022,rnna,143494.546875
ISL,2023,rnna,147463.96875
ISR,2000,rnna,625103.25
ISR,2001,rnna,653957.1875
ISR,2002,rnna,679026.6875
ISR,2003,rnna,700239.125
ISR,2004,rnna,720573.8125
ISR,2005,rnna,742672.375
ISR,2006,rnna,766933.5
ISR,2007,rnna,795071.6875
ISR,2008,rnna,823306.8125
ISR,2009,rnna,848101.25
ISR,2010,rnna,876265.9375
ISR,2011,rnna,910169.3125
ISR,2012,rnna,946639.5625
ISR,2013,rnna,982233.6875
ISR,2014,rnna,1017091.75
ISR,2015,rnna,1050911.375
ISR,2016,rnna,1092544.625
ISR,2017,rnna,1134966.125
ISR,2018,rnna,1182616.5
ISR,2019,rnna,1231660.125
ISR,2020,rnna,1275232.375
ISR,2021,rnna,1331354.625
ISR,2022,rnna,1397313.625
ISR,2023,rnna,1457966.0
ITA,2000,rnna,14986403.0
ITA,2001,rnna,15359993.0
ITA,2002,rnna,15749380.0
ITA,2003,rnna,16112080.0
ITA,2004,rnna,16478216.0
ITA,2005,rnna,16845774.0
ITA,2006,rnna,17223592.0
ITA,2007,rnna,17600664.0
ITA,2008,rnna,17925170.0
ITA,2009,rnna,18134734.0
ITA,2010,rnna,18345828.0
ITA,2011,rnna,18537780.0
ITA,2012,rnna,18640962.0
ITA,2013,rnna,18689928.0
ITA,2014,rnna,18728318.0
ITA,2015,rnna,18784350.0
ITA,2016,rnna,18867664.0
ITA,2017,rnna,18969476.0
ITA,2018,rnna,19090278.0
ITA,2019,rnna,19215658.0
ITA,2020,rnna,19275626.0
ITA,2021,rnna,19507172.0
ITA,2022,rnna,19798390.0
ITA,2023,rnna,20148316.0
JPN,2000,rnna,25005568.0
JPN,2001,rnna,25493442.0
JPN,2002,rnna,25875438.0
JPN,2003,rnna,26226804.0
JPN,2004,rnna,26562598.0
JPN,2005,rnna,26921680.0
JPN,2006,rnna,27265270.0
JPN,2007,rnna,27554710.0
JPN,2008,rnna,27765272.0
JPN,2009,rnna,27817134.0
JPN,2010,rnna,27857126.0
JPN,2011,rnna,27924010.0
JPN,2012,rnna,28024686.0
JPN,2013,rnna,28176042.0
JPN,2014,rnna,28352516.0
JPN,2015,rnna,28550418.0
JPN,2016,rnna,28752612.0
JPN,2017,rnna,28970244.0
JPN,2018,rnna,29188046.0
JPN,2019,rnna,29401234.0
JPN,2020,rnna,29553106.0
JPN,2021,rnna,29706136.0
JPN,2022,rnna,29845872.0
JPN,2023,rnna,29998940.0
KOR,2000,rnna,5406002.5
KOR,2001,rnna,5745667.0
KOR,2002,rnna,6112896.5
KOR,2003,rnna,6500600.0
KOR,2004,rnna,6895688.0
KOR,2005,rnna,7286868.5
KOR,2006,rnna,7688607.0
KOR,2007,rnna,8105177.0
KOR,2008,rnna,8495607.0
KOR,2009,rnna,8872521.0
KOR,2010,rnna,9281741.0
KOR,2011,rnna,9679358.0
KOR,2012,rnna,10048379.0
KOR,2013,rnna,10414791.0
KOR,2014,rnna,10792130.0
KOR,2015,rnna,11195962.0
KOR,2016,rnna,11645592.0
KOR,2017,rnna,12173519.0
KOR,2018,rnna,12649840.0
KOR,2019,rnna,13079924.0
KOR,2020,rnna,13517808.0
KOR,2021,rnna,13986308.0
KOR,2022,rnna,14436004.0
KOR,2023,rnna,14877307.0
LTU,2000,rnna,288621.90625
LTU,2001,rnna,293308.84375
LTU,2002,rnna,298974.875
LTU,2003,rnna,306435.53125
LTU,2004,rnna,315780.0625
LTU,2005,rnna,326369.90625
LTU,2006,rnna,339997.65625
LTU,2007,rnna,357757.59375
LTU,2008,rnna,372635.8125
LTU,2009,rnna,375656.34375
LTU,2010,rnna,378847.3125
LTU,2011,rnna,385664.6875
LTU,2012,rnna,391641.84375
LTU,2013,rnna,399015.125
LTU,2014,rnna,407256.8125
LTU,2015,rnna,416204.0
LTU,2016,rnna,425373.71875
LTU,2017,rnna,436061.78125
LTU,2018,rnna,448538.875
LTU,2019,rnna,462020.40625
LTU,2020,rnna,475017.03125
LTU,2021,rnna,491462.84375
LTU,2022,rnna,508500.75
LTU,2023,rnna,527351.6875
LUX,2000,rnna,152194.171875
LUX,2001,rnna,158697.296875
LUX,2002,rnna,164945.984375
LUX,2003,rnna,171452.78125
LUX,2004,rnna,178629.671875
LUX,2005,rnna,184884.21875
LUX,2006,rnna,191423.125
LUX,2007,rnna,199517.21875
LUX,2008,rnna,208875.84375
LUX,2009,rnna,215241.203125
LUX,2010,rnna,221497.03125
LUX,2011,rnna,230164.25
LUX,2012,rnna,238476.3125
LUX,2013,rnna,246225.625
LUX,2014,rnna,254938.28125
LUX,2015,rnna,261521.796875
LUX,2016,rnna,268377.375
LUX,2017,rnna,275953.09375
LUX,2018,rnna,281823.3125
LUX,2019,rnna,290155.59375
LUX,2020,rnna,296799.59375
LUX,2021,rnna,306598.4375
LUX,2022,rnna,314336.03125
LUX,2023,rnna,321708.0
LVA,2000,rnna,398585.5
LVA,2001,rnna,405209.46875
LVA,2002,rnna,409872.28125
LVA,2003,rnna,415331.5625
LVA,2004,rnna,424445.84375
LVA,2005,rnna,436542.0625
LVA,2006,rnna,449464.3125
LVA,2007,rnna,464910.28125
LVA,2008,rnna,475534.84375
LVA,2009,rnna,476367.53125
LVA,2010,rnna,474289.625
LVA,2011,rnna,476033.4375
LVA,2012,rnna,480636.46875
LVA,2013,rnna,483739.40625
LVA,2014,rnna,485909.4375
LVA,2015,rnna,487592.8125
LVA,2016,rnna,488150.46875
LVA,2017,rnna,490180.84375
LVA,2018,rnna,494157.59375
LVA,2019,rnna,497877.46875
LVA,2020,rnna,500833.5
LVA,2021,rnna,504702.3125
LVA,2022,rnna,508123.28125
LVA,2023,rnna,513090.71875
MEX,2000,rnna,6454623.5
MEX,2001,rnna,6614301.0
MEX,2002,rnna,6760300.0
MEX,2003,rnna,6905019.5
MEX,2004,rnna,7068316.5
MEX,2005,rnna,7243768.0
MEX,2006,rnna,7449402.5
MEX,2007,rnna,7676115.0
MEX,2008,rnna,7925027.0
MEX,2009,rnna,8104519.0
MEX,2010,rnna,8304676.5
MEX,2011,rnna,8536764.0
MEX,2012,rnna,8777368.0
MEX,2013,rnna,8984429.0
MEX,2014,rnna,9194518.0
MEX,2015,rnna,9423436.0
MEX,2016,rnna,9648700.0
MEX,2017,rnna,9855634.0
MEX,2018,rnna,10053732.0
MEX,2019,rnna,10215500.0
MEX,2020,rnna,10279037.0
MEX,2021,rnna,10393107.0
MEX,2022,rnna,10544608.0
MEX,2023,rnna,10777758.0
NLD,2000,rnna,3892580.25
NLD,2001,rnna,3991816.5
NLD,2002,rnna,4074330.0
NLD,2003,rnna,4149163.75
NLD,2004,rnna,4221381.5
NLD,2005,rnna,4298177.5
NLD,2006,rnna,4387673.5
NLD,2007,rnna,4509187.0
NLD,2008,rnna,4613203.5
NLD,2009,rnna,4688251.0
NLD,2010,rnna,4743043.5
NLD,2011,rnna,4807642.0
NLD,2012,rnna,4852734.5
NLD,2013,rnna,4891601.5
NLD,2014,rnna,4922743.0
NLD,2015,rnna,5018370.5
NLD,2016,rnna,5076939.0
NLD,2017,rnna,5149610.0
NLD,2018,rnna,5229255.0
NLD,2019,rnna,5327220.5
NLD,2020,rnna,5413105.5
NLD,2021,rnna,5506097.5
NLD,2022,rnna,5608713.0
NLD,2023,rnna,5709448.5
NOR,2000,rnna,1233877.125
NOR,2001,rnna,1261777.625
NOR,2002,rnna,1287942.625
NOR,2003,rnna,1312979.375
NOR,2004,rnna,1344928.625
NOR,2005,rnna,1385369.125
NOR,2006,rnna,1432068.0
NOR,2007,rnna,1489138.25
NOR,2008,rnna,1543627.5
NOR,2009,rnna,1587447.25
NOR,2010,rnna,1622022.5
NOR,2011,rnna,1662513.125
NOR,2012,rnna,1709731.875
NOR,2013,rnna,1762512.25
NOR,2014,rnna,1813442.25
NOR,2015,rnna,1858623.75
NOR,2016,rnna,1907371.25
NOR,2017,rnna,1957219.5
NOR,2018,rnna,2007468.75
NOR,2019,rnna,2067917.5
NOR,2020,rnna,2123379.0
NOR,2021,rnna,2174866.0
NOR,2022,rnna,2232055.25
NOR,2023,rnna,2290751.75
NZL,2000,rnna,363208.125
NZL,2001,rnna,374910.53125
NZL,2002,rnna,387885.53125
NZL,2003,rnna,403946.3125
NZL,2004,rnna,421278.96875
NZL,2005,rnna,439062.96875
NZL,2006,rnna,455095.0
NZL,2007,rnna,472601.375
NZL,2008,rnna,486612.09375
NZL,2009,rnna,496847.5
NZL,2010,rnna,507669.9375
NZL,2011,rnna,519665.3125
NZL,2012,rnna,532750.0625
NZL,2013,rnna,547969.875
NZL,2014,rnna,565233.1875
NZL,2015,rnna,582916.6875
NZL,2016,rnna,600555.375
NZL,2017,rnna,619907.75
NZL,2018,rnna,640527.8125
NZL,2019,rnna,661301.5625
NZL,2020,rnna,680507.25
NZL,2021,rnna,703719.4375
NZL,2022,rnna,727229.3125
NZL,2023,rnna,748664.75
POL,2000,rnna,1508784.125
POL,2001,rnna,1573777.875
POL,2002,rnna,1626506.375
POL,2003,rnna,1678723.125
POL,2004,rnna,1739104.125
POL,2005,rnna,1807825.625
POL,2006,rnna,1896526.875
POL,2007,rnna,2010788.125
POL,2008,rnna,2133195.25
POL,2009,rnna,2243498.5
POL,2010,rnna,2338872.75
POL,2011,rnna,2452926.75
POL,2012,rnna,2556356.5
POL,2013,rnna,2655219.5
POL,2014,rnna,2776308.25
POL,2015,rnna,2907773.5
POL,2016,rnna,3011843.75
POL,2017,rnna,3114414.0
POL,2018,rnna,3245288.5
POL,2019,rnna,3387183.25
POL,2020,rnna,3510477.25
POL,2021,rnna,3630236.0
POL,2022,rnna,3749911.5
POL,2023,rnna,3905615.5
PRT,2000,rnna,2031080.375
PRT,2001,rnna,2115784.0
PRT,2002,rnna,2190800.25
PRT,2003,rnna,2251682.0
PRT,2004,rnna,2310761.25
PRT,2005,rnna,2367710.0
PRT,2006,rnna,2421008.75
PRT,2007,rnna,2475889.75
PRT,2008,rnna,2527901.5
PRT,2009,rnna,2566296.25
PRT,2010,rnna,2601381.25
PRT,2011,rnna,2619705.25
PRT,2012,rnna,2620083.0
PRT,2013,rnna,2616442.0
PRT,2014,rnna,2615452.25
PRT,2015,rnna,2620029.75
PRT,2016,rnna,2626618.5
PRT,2017,rnna,2643834.0
PRT,2018,rnna,2665070.75
PRT,2019,rnna,2689925.0
PRT,2020,rnna,2710022.5
PRT,2021,rnna,2738337.75
PRT,2022,rnna,2769931.25
PRT,2023,rnna,2804013.0
SVK,2000,rnna,537356.3125
SVK,2001,rnna,549154.5
SVK,2002,rnna,560221.5625
SVK,2003,rnna,569038.0625
SVK,2004,rnna,579586.3125
SVK,2005,rnna,596002.9375
SVK,2006,rnna,614551.6875
SVK,2007,rnna,636975.9375
SVK,2008,rnna,659601.375
SVK,2009,rnna,670628.9375
SVK,2010,rnna,684703.0625
SVK,2011,rnna,703732.5
SVK,2012,rnna,716385.0
SVK,2013,rnna,729137.25
SVK,2014,rnna,742469.5625
SVK,2015,rnna,764748.625
SVK,2016,rnna,779870.4375
SVK,2017,rnna,793949.3125
SVK,2018,rnna,808975.875
SVK,2019,rnna,825639.5
SVK,2020,rnna,835838.75
SVK,2021,rnna,848270.75
SVK,2022,rnna,859444.5
SVK,2023,rnna,878879.125
SVN,2000,rnna,397689.09375
SVN,2001,rnna,410828.0625
SVN,2002,rnna,422620.65625
SVN,2003,rnna,435205.375
SVN,2004,rnna,448566.875
SVN,2005,rnna,462033.34375
SVN,2006,rnna,477740.375
SVN,2007,rnna,496078.96875
SVN,2008,rnna,515649.96875
SVN,2009,rnna,525001.625
SVN,2010,rnna,529697.0
SVN,2011,rnna,532820.9375
SVN,2012,rnna,533795.125
SVN,2013,rnna,535610.4375
SVN,2014,rnna,537585.9375
SVN,2015,rnna,539521.6875
SVN,2016,rnna,540476.625
SVN,2017,rnna,543443.5
SVN,2018,rnna,548618.625
SVN,2019,rnna,554750.875
SVN,2020,rnna,558192.875
SVN,2021,rnna,564807.5
SVN,2022,rnna,572421.9375
SVN,2023,rnna,580556.0
SWE,2000,rnna,2162552.5
SWE,2001,rnna,2193544.0
SWE,2002,rnna,2220544.5
SWE,2003,rnna,2245608.0
SWE,2004,rnna,2274282.5
SWE,2005,rnna,2304675.75
SWE,2006,rnna,2345192.5
SWE,2007,rnna,2393282.5
SWE,2008,rnna,2437540.0
SWE,2009,rnna,2460205.25
SWE,2010,rnna,2490140.25
SWE,2011,rnna,2524929.25
SWE,2012,rnna,2555987.5
SWE,2013,rnna,2585211.25
SWE,2014,rnna,2621339.25
SWE,2015,rnna,2666097.75
SWE,2016,rnna,2715474.75
SWE,2017,rnna,2769029.0
SWE,2018,rnna,2821568.0
SWE,2019,rnna,2870844.75
SWE,2020,rnna,2920411.5
SWE,2021,rnna,2981869.75
SWE,2022,rnna,3042710.5
SWE,2023,rnna,3097544.0
TUR,2000,rnna,2384086.25
TUR,2001,rnna,2438819.0
TUR,2002,rnna,2528489.25
TUR,2003,rnna,2658071.25
TUR,2004,rnna,2863557.5
TUR,2005,rnna,3113557.0
TUR,2006,rnna,3403840.25
TUR,2007,rnna,3695331.0
TUR,2008,rnna,3953534.0
TUR,2009,rnna,4110565.75
TUR,2010,rnna,4345502.0
TUR,2011,rnna,4674676.5
TUR,2012,rnna,5001464.5
TUR,2013,rnna,5395631.0
TUR,2014,rnna,5806579.5
TUR,2015,rnna,6265647.0
TUR,2016,rnna,6718667.5
TUR,2017,rnna,7218943.0
TUR,2018,rnna,7702868.5
TUR,2019,rnna,8060471.5
TUR,2020,rnna,8455769.0
TUR,2021,rnna,8893598.0
TUR,2022,rnna,9321762.0
TUR,2023,rnna,9800645.0
USA,2000,rnna,51804608.0
USA,2001,rnna,53377052.0
USA,2002,rnna,54757692.0
USA,2003,rnna,56217084.0
USA,2004,rnna,57823104.0
USA,2005,rnna,59564856.0
USA,2006,rnna,61276848.0
USA,2007,rnna,62818256.0
USA,2008,rnna,64052376.0
USA,2009,rnna,64686820.0
USA,2010,rnna,65349080.0
USA,2011,rnna,66106652.0
USA,2012,rnna,67036032.0
USA,2013,rnna,68023432.0
USA,2014,rnna,69139896.0
USA,2015,rnna,70325160.0
USA,2016,rnna,71524240.0
USA,2017,rnna,72799488.0
USA,2018,rnna,74181696.0
USA,2019,rnna,75565584.0
USA,2020,rnna,76785096.0
USA,2021,rnna,78158760.0
USA,2022,rnna,79490152.0
USA,2023,rnna,80822920.0
AUS,2000,emp,9.15580081939697
AUS,2001,emp,9.33692646026611
AUS,2002,emp,9.45518779754639
AUS,2003,emp,9.67939853668213
AUS,2004,emp,9.86977863311768
AUS,2005,emp,10.1498174667358
AUS,2006,emp,10.4159488677979
AUS,2007,emp,10.7361841201782
AUS,2008,emp,11.0429754257202
AUS,2009,emp,11.1730194091797
AUS,2010,emp,11.3007745742798
AUS,2011,emp,11.5834360122681
AUS,2012,emp,11.7063789367676
AUS,2013,emp,11.8428659439087
AUS,2014,emp,11.8968238830566
AUS,2015,emp,12.0478782653809
AUS,2016,emp,12.3064651489258
AUS,2017,emp,12.4996700286865
AUS,2018,emp,12.8947973251343
AUS,2019,emp,13.1821699142456
AUS,2020,emp,13.200291633606
AUS,2021,emp,13.3665046691895
AUS,2022,emp,13.7700872421265
AUS,2023,emp,13.7563667297363
AUT,2000,emp,3.7340624332428
AUT,2001,emp,3.76019597053528
AUT,2002,emp,3.7565450668335
AUT,2003,emp,3.78339385986328
AUT,2004,emp,3.80705428123474
AUT,2005,emp,3.85279417037964
AUT,2006,emp,3.91921520233154
AUT,2007,emp,3.99066925048828
AUT,2008,emp,4.06640625
AUT,2009,emp,4.04547452926636
AUT,2010,emp,4.07625865936279
AUT,2011,emp,4.13998031616211
AUT,2012,emp,4.18322658538818
AUT,2013,emp,4.20145893096924
AUT,2014,emp,4.24325466156006
AUT,2015,emp,4.27408504486084
AUT,2016,emp,4.32182931900024
AUT,2017,emp,4.3961615562439
AUT,2018,emp,4.47437429428101
AUT,2019,emp,4.52494764328003
AUT,2020,emp,4.45141696929932
AUT,2021,emp,4.54677677154541
AUT,2022,emp,4.66247940063477
AUT,2023,emp,4.69524145126343
BEL,2000,emp,4.10910558700562
BEL,2001,emp,4.16534996032715
BEL,2002,emp,4.17475366592407
BEL,2003,emp,4.17084836959839
BEL,2004,emp,4.21205711364746
BEL,2005,emp,4.27248096466064
BEL,2006,emp,4.32073736190796
BEL,2007,emp,4.39245843887329
BEL,2008,emp,4.47060537338257
BEL,2009,emp,4.47162389755249
BEL,2010,emp,4.51284980773926
BEL,2011,emp,4.5514497756958
BEL,2012,emp,4.56256246566773
BEL,2013,emp,4.55216789245606
BEL,2014,emp,4.56872320175171
BEL,2015,emp,4.60706520080566
BEL,2016,emp,4.66482543945313
BEL,2017,emp,4.734450340271
BEL,2018,emp,4.80409526824951
BEL,2019,emp,4.88003587722778
BEL,2020,emp,4.87474346160889
BEL,2021,emp,4.94972133636475
BEL,2022,emp,5.03521394729614
BEL,2023,emp,5.06240177154541
CAN,2000,emp,14.806040763855
CAN,2001,emp,14.9712743759155
CAN,2002,emp,15.3218393325806
CAN,2003,emp,15.6996545791626
CAN,2004,emp,15.9533767700195
CAN,2005,emp,16.1636619567871
CAN,2006,emp,16.4316177368164
CAN,2007,emp,16.8124904632568
CAN,2008,emp,17.0522804260254
CAN,2009,emp,16.7656116485596
CAN,2010,emp,16.9990310668945
CAN,2011,emp,17.2673625946045
CAN,2012,emp,17.4798488616943
CAN,2013,emp,17.7335376739502
CAN,2014,emp,17.8370094299316
CAN,2015,emp,18.0122566223145
CAN,2016,emp,18.1368522644043
CAN,2017,emp,18.4826793670654
CAN,2018,emp,18.7060432434082
CAN,2019,emp,19.0792541503906
CAN,2020,emp,18.0728626251221
CAN,2021,emp,19.0036144256592
CAN,2022,emp,19.6082496643066
CAN,2023,emp,20.1884651184082
CHE,2000,emp,3.94416260719299
CHE,2001,emp,4.01356649398804
CHE,2002,emp,4.04264831542969
CHE,2003,emp,4.02914571762085
CHE,2004,emp,4.04122114181519
CHE,2005,emp,4.07288026809692
CHE,2006,emp,4.16175031661987
CHE,2007,emp,4.26915550231934
CHE,2008,emp,4.37521409988403
CHE,2009,emp,4.40106916427612
CHE,2010,emp,4.42961978912354
CHE,2011,emp,4.55474042892456
CHE,2012,emp,4.63472509384155
CHE,2013,emp,4.69017028808594
CHE,2014,emp,4.77828788757324
CHE,2015,emp,4.84704780578613
CHE,2016,emp,4.91531085968018
CHE,2017,emp,4.96051788330078
CHE,2018,emp,5.01305246353149
CHE,2019,emp,5.04982423782349
CHE,2020,emp,5.02357196807861
CHE,2021,emp,5.05702686309814
CHE,2022,emp,5.13960933685303
CHE,2023,emp,5.22269582748413
CHL,2000,emp,5.53660535812378
CHL,2001,emp,5.61942672729492
CHL,2002,emp,5.73602437973023
CHL,2003,emp,5.89563751220703
CHL,2004,emp,6.01209306716919
CHL,2005,emp,6.23042726516724
CHL,2006,emp,6.45059299468994
CHL,2007,emp,6.63119840621948
CHL,2008,emp,6.72141313552856
CHL,2009,emp,6.74742460250855
CHL,2010,emp,6.8891978263855
CHL,2011,emp,7.12135457992554
CHL,2012,emp,7.37893438339233
CHL,2013,emp,7.54585838317871
CHL,2014,emp,7.62983417510986
CHL,2015,emp,7.76043510437012
CHL,2016,emp,7.84431457519531
CHL,2017,emp,7.92806816101074
CHL,2018,emp,7.99383497238159
CHL,2019,emp,8.16564559936523
CHL,2020,emp,7.16843414306641
CHL,2021,emp,7.56047296524048
CHL,2022,emp,8.07152366638184
CHL,2023,emp,8.2648344039917
CHN,2000,emp,723.768676757813
CHN,2001,emp,731.01123046875
CHN,2002,emp,736.9638671875
CHN,2003,emp,741.641784667969
CHN,2004,emp,746.582580566406
CHN,2005,emp,751.312194824219
CHN,2006,emp,755.541564941406
CHN,2007,emp,759.478332519531
CHN,2008,emp,763.157104492188
CHN,2009,emp,766.974548339844
CHN,2010,emp,771.193298339844
CHN,2011,emp,772.32763671875
CHN,2012,emp,772.423400878906
CHN,2013,emp,773.677185058594
CHN,2014,emp,773.977111816406
CHN,2015,emp,774.418212890625
CHN,2016,emp,772.982360839844
CHN,2017,emp,771.330383300781
CHN,2018,emp,769.240295410156
CHN,2019,emp,765.730224609375
CHN,2020,emp,762.124328613281
CHN,2021,emp,757.859619140625
CHN,2022,emp,744.443420410156
CHN,2023,emp,751.184936523438
COL,2000,emp,14.2371225357056
COL,2001,emp,14.3336715698242
COL,2002,emp,14.6815271377563
COL,2003,emp,15.246301651001
COL,2004,emp,15.8290681838989
COL,2005,emp,16.4764575958252
COL,2006,emp,17.0571823120117
COL,2007,emp,17.972843170166
COL,2008,emp,18.2545528411865
COL,2009,emp,18.4297657012939
COL,2010,emp,18.8913440704346
COL,2011,emp,19.4976921081543
COL,2012,emp,19.9761848449707
COL,2013,emp,20.3189544677734
COL,2014,emp,20.3993816375732
COL,2015,emp,21.1043548583984
COL,2016,emp,21.1867866516113
COL,2017,emp,21.2779293060303
COL,2018,emp,21.398229598999
COL,2019,emp,21.4365634918213
COL,2020,emp,19.8541221618652
COL,2021,emp,20.8645763397217
COL,2022,emp,22.1632251739502
COL,2023,emp,22.9331722259522
CRI,2000,emp,1.49447667598724
CRI,2001,emp,1.52548813819885
CRI,2002,emp,1.56531858444214
CRI,2003,emp,1.60537767410278
CRI,2004,emp,1.65547633171082
CRI,2005,emp,1.70238769054413
CRI,2006,emp,1.76370000839233
CRI,2007,emp,1.84317672252655
CRI,2008,emp,1.8894704580307
CRI,2009,emp,1.88155674934387
CRI,2010,emp,1.94077551364899
CRI,2011,emp,1.98042011260986
CRI,2012,emp,1.97120630741119
CRI,2013,emp,2.03173851966858
CRI,2014,emp,2.0684666633606
CRI,2015,emp,2.10685110092163
CRI,2016,emp,2.14619565010071
CRI,2017,emp,2.1925356388092
CRI,2018,emp,2.1961886882782
CRI,2019,emp,2.25467610359192
CRI,2020,emp,2.01944756507874
CRI,2021,emp,2.1168475151062
CRI,2022,emp,2.23018026351929
CRI,2023,emp,2.15846085548401
CZE,2000,emp,4.86745357513428
CZE,2001,emp,4.87510442733765
CZE,2002,emp,4.9205470085144
CZE,2003,emp,4.88556814193726
CZE,2004,emp,4.87975406646729
CZE,2005,emp,4.97032785415649
CZE,2006,emp,5.03326654434204
CZE,2007,emp,5.12680101394653
CZE,2008,emp,5.20516967773438
CZE,2009,emp,5.10196542739868
CZE,2010,emp,5.05762910842896
CZE,2011,emp,5.05731868743897
CZE,2012,emp,5.08460140228272
CZE,2013,emp,5.10739707946777
CZE,2014,emp,5.13688278198242
CZE,2015,emp,5.21015787124634
CZE,2016,emp,5.2646598815918
CZE,2017,emp,5.33579540252686
CZE,2018,emp,5.39432048797607
CZE,2019,emp,5.38132619857788
CZE,2020,emp,5.27822017669678
CZE,2021,emp,5.32157421112061
CZE,2022,emp,5.31761169433594
CZE,2023,emp,5.3817195892334
DEU,2000,emp,40.1490707397461
DEU,2001,emp,40.074951171875
DEU,2002,emp,39.9185104370117
DEU,2003,emp,39.5227508544922
DEU,2004,emp,39.6837577819824
DEU,2005,emp,39.6711311340332
DEU,2006,emp,39.8721542358398
DEU,2007,emp,40.4395866394043
DEU,2008,emp,41.0326194763184
DEU,2009,emp,41.1390953063965
DEU,2010,emp,41.3852577209473
DEU,2011,emp,41.8781890869141
DEU,2012,emp,42.3279037475586
DEU,2013,emp,42.5923309326172
DEU,2014,emp,42.9700469970703
DEU,2015,emp,43.3498077392578
DEU,2016,emp,43.9107437133789
DEU,2017,emp,44.5362663269043
DEU,2018,emp,45.1352043151856
DEU,2019,emp,45.5520095825195
DEU,2020,emp,45.2257537841797
DEU,2021,emp,45.3312225341797
DEU,2022,emp,45.8390464782715
DEU,2023,emp,46.0366134643555
DNK,2000,emp,2.75539684295654
DNK,2001,emp,2.78291058540344
DNK,2002,emp,2.78403902053833
DNK,2003,emp,2.75885486602783
DNK,2004,emp,2.7445855140686
DNK,2005,emp,2.78331160545349
DNK,2006,emp,2.84591889381409
DNK,2007,emp,2.91267490386963
DNK,2008,emp,2.94904375076294
DNK,2009,emp,2.85626459121704
DNK,2010,emp,2.78975081443787
DNK,2011,emp,2.7865891456604
DNK,2012,emp,2.76736116409302
DNK,2013,emp,2.76891231536865
DNK,2014,emp,2.7860586643219
DNK,2015,emp,2.82740926742554
DNK,2016,emp,2.87276339530945
DNK,2017,emp,2.91630005836487
DNK,2018,emp,2.96140289306641
DNK,2019,emp,3.00260376930237
DNK,2020,emp,2.97140026092529
DNK,2021,emp,3.04005861282349
DNK,2022,emp,3.15804839134216
DNK,2023,emp,3.20203399658203
ESP,2000,emp,16.7095985412598
ESP,2001,emp,17.2715892791748
ESP,2002,emp,17.6519527435303
ESP,2003,emp,18.2189865112305
ESP,2004,emp,18.9272861480713
ESP,2005,emp,19.6944122314453
ESP,2006,emp,20.5240821838379
ESP,2007,emp,21.1619625091553
ESP,2008,emp,21.1621417999268
ESP,2009,emp,19.8330078125
ESP,2010,emp,19.4772911071777
ESP,2011,emp,18.9978351593018
ESP,2012,emp,18.1855907440186
ESP,2013,emp,17.7899723052979
ESP,2014,emp,17.9778270721436
ESP,2015,emp,18.5016555786133
ESP,2016,emp,18.8996028900147
ESP,2017,emp,19.4177379608154
ESP,2018,emp,19.8492450714111
ESP,2019,emp,20.3613681793213
ESP,2020,emp,19.4599609375
ESP,2021,emp,19.9853763580322
ESP,2022,emp,20.5351524353027
ESP,2023,emp,20.927074432373
EST,2000,emp,0.584144711494446
EST,2001,emp,0.587331116199493
EST,2002,emp,0.587416231632233
EST,2003,emp,0.599857270717621
EST,2004,emp,0.597768247127533
EST,2005,emp,0.611144363880158
EST,2006,emp,0.641086161136627
EST,2007,emp,0.64305704832077
EST,2008,emp,0.642169177532196
EST,2009,emp,0.576728761196137
EST,2010,emp,0.547938704490662
EST,2011,emp,0.583612203598023
EST,2012,emp,0.592996060848236
EST,2013,emp,0.600521326065064
EST,2014,emp,0.60554701089859
EST,2015,emp,0.624189615249634
EST,2016,emp,0.625364899635315
EST,2017,emp,0.643098711967468
EST,2018,emp,0.649465143680573
EST,2019,emp,0.657355189323425
EST,2020,emp,0.638945937156677
EST,2021,emp,0.640259146690369
EST,2022,emp,0.677998721599579
EST,2023,emp,0.690943121910095
FIN,2000,emp,2.2997875213623
FIN,2001,emp,2.33547353744507
FIN,2002,emp,2.36436176300049
FIN,2003,emp,2.36996603012085
FIN,2004,emp,2.38246250152588
FIN,2005,emp,2.41887784004211
FIN,2006,emp,2.46436095237732
FIN,2007,emp,2.51889038085938
FIN,2008,emp,2.57507419586182
FIN,2009,emp,2.50976514816284
FIN,2010,emp,2.49096274375916
FIN,2011,emp,2.52865815162659
FIN,2012,emp,2.5441722869873
FIN,2013,emp,2.52381086349487
FIN,2014,emp,2.50961136817932
FIN,2015,emp,2.51762652397156
FIN,2016,emp,2.53206396102905
FIN,2017,emp,2.54737663269043
FIN,2018,emp,2.61336588859558
FIN,2019,emp,2.65216207504272
FIN,2020,emp,2.58947658538818
FIN,2021,emp,2.6494824886322
FIN,2022,emp,2.74890518188477
FIN,2023,emp,2.77818250656128
FRA,2000,emp,25.9722766876221
FRA,2001,emp,26.3433265686035
FRA,2002,emp,26.4711647033691
FRA,2003,emp,26.4783000946045
FRA,2004,emp,26.5107498168945
FRA,2005,emp,26.6906929016113
FRA,2006,emp,26.9864654541016
FRA,2007,emp,27.3878574371338
FRA,2008,emp,27.538179397583
FRA,2009,emp,27.2370872497559
FRA,2010,emp,27.2687683105469
FRA,2011,emp,27.4861965179443
FRA,2012,emp,27.5935134887695
FRA,2013,emp,27.6532554626465
FRA,2014,emp,27.7969665527344
FRA,2015,emp,27.8431262969971
FRA,2016,emp,28.0140552520752
FRA,2017,emp,28.3189086914063
FRA,2018,emp,28.5732021331787
FRA,2019,emp,28.8874206542969
FRA,2020,emp,28.8509006500244
FRA,2021,emp,29.5810012817383
FRA,2022,emp,30.2880458831787
FRA,2023,emp,30.592170715332
GBR,2000,emp,27.4407138824463
GBR,2001,emp,27.6704654693604
GBR,2002,emp,27.901273727417
GBR,2003,emp,28.18239402771
GBR,2004,emp,28.5074005126953
GBR,2005,emp,28.8082962036133
GBR,2006,emp,29.1150722503662
GBR,2007,emp,29.3505821228027
GBR,2008,emp,29.5937175750732
GBR,2009,emp,29.1409282684326
GBR,2010,emp,29.2130317687988
GBR,2011,emp,29.3527164459229
GBR,2012,emp,29.7002601623535
GBR,2013,emp,30.077953338623
GBR,2014,emp,30.7841739654541
GBR,2015,emp,31.3055820465088
GBR,2016,emp,31.7521629333496
GBR,2017,emp,32.0961074829102
GBR,2018,emp,32.4683494567871
GBR,2019,emp,32.830810546875
GBR,2020,emp,32.5165557861328
GBR,2021,emp,32.6584777832031
GBR,2022,emp,33.2111167907715
GBR,2023,emp,33.6068077087402
GRC,2000,emp,4.343674659729
GRC,2001,emp,4.35557651519775
GRC,2002,emp,4.46552419662476
GRC,2003,emp,4.51693487167358
GRC,2004,emp,4.63409280776978
GRC,2005,emp,4.6803879737854
GRC,2006,emp,4.77255868911743
GRC,2007,emp,4.83740663528442
GRC,2008,emp,4.89897918701172
GRC,2009,emp,4.86854267120361
GRC,2010,emp,4.73906230926514
GRC,2011,emp,4.53661966323853
GRC,2012,emp,4.35582399368286
GRC,2013,emp,4.33011913299561
GRC,2014,emp,4.48359823226929
GRC,2015,emp,4.35124206542969
GRC,2016,emp,4.49895906448364
GRC,2017,emp,4.47564458847046
GRC,2018,emp,4.68029689788818
GRC,2019,emp,4.78214931488037
GRC,2020,emp,4.66084051132202
GRC,2021,emp,4.86982727050781
GRC,2022,emp,4.93765163421631
GRC,2023,emp,4.93057203292847
HUN,2000,emp,4.07841014862061
HUN,2001,emp,4.08731365203857
HUN,2002,emp,4.08261203765869
HUN,2003,emp,4.16228151321411
HUN,2004,emp,4.12326002120972
HUN,2005,emp,4.09404420852661
HUN,2006,emp,4.13058614730835
HUN,2007,emp,4.10587978363037
HUN,2008,emp,4.02439832687378
HUN,2009,emp,3.9499044418335
HUN,2010,emp,3.91819834709168
HUN,2011,emp,3.91289281845093
HUN,2012,emp,3.96074819564819
HUN,2013,emp,4.02552175521851
HUN,2014,emp,4.20982456207275
HUN,2015,emp,4.31823539733887
HUN,2016,emp,4.4655966758728
HUN,2017,emp,4.54779767990112
HUN,2018,emp,4.63887357711792
HUN,2019,emp,4.68886089324951
HUN,2020,emp,4.65447330474854
HUN,2021,emp,4.71952819824219
HUN,2022,emp,4.79605150222778
HUN,2023,emp,4.81310176849365
IRL,2000,emp,1.77005469799042
IRL,2001,emp,1.82030534744263
IRL,2002,emp,1.84639441967011
IRL,2003,emp,1.88153803348541
IRL,2004,emp,1.94419586658478
IRL,2005,emp,2.03330278396606
IRL,2006,emp,2.12627649307251
IRL,2007,emp,2.21372389793396
IRL,2008,emp,2.19026875495911
IRL,2009,emp,2.00965428352356
IRL,2010,emp,1.92140424251556
IRL,2011,emp,1.88505876064301
IRL,2012,emp,1.87776303291321
IRL,2013,emp,1.93385136127472
IRL,2014,emp,1.98511755466461
IRL,2015,emp,2.05508255958557
IRL,2016,emp,2.13039088249207
IRL,2017,emp,2.19153761863709
IRL,2018,emp,2.25432968139648
IRL,2019,emp,2.31775403022766
IRL,2020,emp,2.25214600563049
IRL,2021,emp,2.39466404914856
IRL,2022,emp,2.54801082611084
IRL,2023,emp,2.6321063041687
ISL,2000,emp,0.157067015767097
ISL,2001,emp,0.159652099013329
ISL,2002,emp,0.157380431890488
ISL,2003,emp,0.157578885555267
ISL,2004,emp,0.156757950782776
ISL,2005,emp,0.161994948983192
ISL,2006,emp,0.170363903045654
ISL,2007,emp,0.17795766890049
ISL,2008,emp,0.179392665624619
ISL,2009,emp,0.16468371450901
ISL,2010,emp,0.164311692118645
ISL,2011,emp,0.167816326022148
ISL,2012,emp,0.170802310109139
ISL,2013,emp,0.174607411026955
ISL,2014,emp,0.178865283727646
ISL,2015,emp,0.18411722779274
ISL,2016,emp,0.19232439994812
ISL,2017,emp,0.200363352894783
ISL,2018,emp,0.206762745976448
ISL,2019,emp,0.207549914717674
ISL,2020,emp,0.198464646935463
ISL,2021,emp,0.201498821377754
ISL,2022,emp,0.215231850743294
ISL,2023,emp,0.222970470786095
ISR,2000,emp,2.70469498634338
ISR,2001,emp,2.71432185173035
ISR,2002,emp,2.75644063949585
ISR,2003,emp,2.76940441131592
ISR,2004,emp,2.81424641609192
ISR,2005,emp,2.90978598594666
ISR,2006,emp,3.00306296348572
ISR,2007,emp,3.13026785850525
ISR,2008,emp,3.24106097221375
ISR,2009,emp,3.3049328327179
ISR,2010,emp,3.40396571159363
ISR,2011,emp,3.50395965576172
ISR,2012,emp,3.64432001113892
ISR,2013,emp,3.7416353225708
ISR,2014,emp,3.84646391868591
ISR,2015,emp,3.93803477287293
ISR,2016,emp,4.06288146972656
ISR,2017,emp,4.18017530441284
ISR,2018,emp,4.27816438674927
ISR,2019,emp,4.34584808349609
ISR,2020,emp,4.30244302749634
ISR,2021,emp,4.3416633605957
ISR,2022,emp,4.58300971984863
ISR,2023,emp,4.67936229705811
ITA,2000,emp,22.9305591583252
ITA,2001,emp,23.3661193847656
ITA,2002,emp,23.7908096313477
ITA,2003,emp,24.1814804077148
ITA,2004,emp,24.3187160491943
ITA,2005,emp,24.4438152313232
ITA,2006,emp,24.9287929534912
ITA,2007,emp,25.2422790527344
ITA,2008,emp,25.296667098999
ITA,2009,emp,24.8708839416504
ITA,2010,emp,24.725757598877
ITA,2011,emp,24.7840538024902
ITA,2012,emp,24.7213363647461
ITA,2013,emp,24.2708969116211
ITA,2014,emp,24.2727642059326
ITA,2015,emp,24.4325141906738
ITA,2016,emp,24.789379119873
ITA,2017,emp,25.0916213989258
ITA,2018,emp,25.3518619537354
ITA,2019,emp,25.50856590271
ITA,2020,emp,25.0176239013672
ITA,2021,emp,25.3115863800049
ITA,2022,emp,25.8017635345459
ITA,2023,emp,26.2558193206787
JPN,2000,emp,65.2610778808594
JPN,2001,emp,64.7689666748047
JPN,2002,emp,63.7553253173828
JPN,2003,emp,63.5438690185547
JPN,2004,emp,63.6831855773926
JPN,2005,emp,63.9229202270508
JPN,2006,emp,64.2040176391602
JPN,2007,emp,64.4457550048828
JPN,2008,emp,64.2170867919922
JPN,2009,emp,63.2816162109375
JPN,2010,emp,62.9963493347168
JPN,2011,emp,62.8651466369629
JPN,2012,emp,62.7342987060547
JPN,2013,emp,63.2569694519043
JPN,2014,emp,63.7834243774414
JPN,2015,emp,64.1638793945313
JPN,2016,emp,64.8264923095703
JPN,2017,emp,65.4842681884766
JPN,2018,emp,66.5834808349609
JPN,2019,emp,67.2273101806641
JPN,2020,emp,66.7847595214844
JPN,2021,emp,67.1171569824219
JPN,2022,emp,67.6910705566406
JPN,2023,emp,67.9327163696289
KOR,2000,emp,21.2578907012939
KOR,2001,emp,21.6788730621338
KOR,2002,emp,22.2760200500488
KOR,2003,emp,22.2679061889648
KOR,2004,emp,22.6818008422852
KOR,2005,emp,22.8313007354736
KOR,2006,emp,23.1881008148193
KOR,2007,emp,23.560998916626
KOR,2008,emp,23.7746028900147
KOR,2009,emp,23.6875019073486
KOR,2010,emp,24.032901763916
KOR,2011,emp,24.5265998840332
KOR,2012,emp,24.9549980163574
KOR,2013,emp,25.2992000579834
KOR,2014,emp,25.8971004486084
KOR,2015,emp,26.2476005554199
KOR,2016,emp,26.4659996032715
KOR,2017,emp,26.7868995666504
KOR,2018,emp,26.8222045898438
KOR,2019,emp,27.1275596618652
KOR,2020,emp,26.9212226867676
KOR,2021,emp,27.2961273193359
KOR,2022,emp,28.1217231750488
KOR,2023,emp,28.4401531219482
LTU,2000,emp,1.44385325908661
LTU,2001,emp,1.39086854457855
LTU,2002,emp,1.44031083583832
LTU,2003,emp,1.47311770915985
LTU,2004,emp,1.4567357301712
LTU,2005,emp,1.46786689758301
LTU,2006,emp,1.4638763666153
LTU,2007,emp,1.49378407001495
LTU,2008,emp,1.47431552410126
LTU,2009,emp,1.3616544008255
LTU,2010,emp,1.28935384750366
LTU,2011,emp,1.29645752906799
LTU,2012,emp,1.32043135166168
LTU,2013,emp,1.33757376670837
LTU,2014,emp,1.36429512500763
LTU,2015,emp,1.38286256790161
LTU,2016,emp,1.41272103786469
LTU,2017,emp,1.40001952648163
LTU,2018,emp,1.41747689247131
LTU,2019,emp,1.42524063587189
LTU,2020,emp,1.40385639667511
LTU,2021,emp,1.42240703105927
LTU,2022,emp,1.49215459823608
LTU,2023,emp,1.51215028762817
LUX,2000,emp,0.263244986534119
LUX,2001,emp,0.278813540935516
LUX,2002,emp,0.286430776119232
LUX,2003,emp,0.292053937911987
LUX,2004,emp,0.298948615789413
LUX,2005,emp,0.307073295116425
LUX,2006,emp,0.318990707397461
LUX,2007,emp,0.332719624042511
LUX,2008,emp,0.348632216453552
LUX,2009,emp,0.352235049009323
LUX,2010,emp,0.358666568994522
LUX,2011,emp,0.368758231401444
LUX,2012,emp,0.377988666296005
LUX,2013,emp,0.38386145234108
LUX,2014,emp,0.393379688262939
LUX,2015,emp,0.405037999153137
LUX,2016,emp,0.416767179965973
LUX,2017,emp,0.431520849466324
LUX,2018,emp,0.446868300437927
LUX,2019,emp,0.461969017982483
LUX,2020,emp,0.470826178789139
LUX,2021,emp,0.484119832515717
LUX,2022,emp,0.49956887960434
LUX,2023,emp,0.510162234306335
LVA,2000,emp,0.925488829612732
LVA,2001,emp,0.940490245819092
LVA,2002,emp,0.954293966293335
LVA,2003,emp,0.960236549377441
LVA,2004,emp,0.962705194950104
LVA,2005,emp,0.971198379993439
LVA,2006,emp,1.02681577205658
LVA,2007,emp,1.06570470333099
LVA,2008,emp,1.05680286884308
LVA,2009,emp,0.905234158039093
LVA,2010,emp,0.84512186050415
LVA,2011,emp,0.858094930648804
LVA,2012,emp,0.870483815670013
LVA,2013,emp,0.890186607837677
LVA,2014,emp,0.878034114837647
LVA,2015,emp,0.890718936920166
LVA,2016,emp,0.88800048828125
LVA,2017,emp,0.888108551502228
LVA,2018,emp,0.906003475189209
LVA,2019,emp,0.924228847026825
LVA,2020,emp,0.917567610740662
LVA,2021,emp,0.906206965446472
LVA,2022,emp,0.905080258846283
LVA,2023,emp,0.909331023693085
MEX,2000,emp,37.8793334960938
MEX,2001,emp,38.7622032165527
MEX,2002,emp,39.6087493896484
MEX,2003,emp,40.2793235778809
MEX,2004,emp,41.6296081542969
MEX,2005,emp,42.0791358947754
MEX,2006,emp,43.3784561157227
MEX,2007,emp,44.2312469482422
MEX,2008,emp,44.9435234069824
MEX,2009,emp,45.4353485107422
MEX,2010,emp,46.1216239929199
MEX,2011,emp,47.1388893127441
MEX,2012,emp,48.7067375183106
MEX,2013,emp,49.2273101806641
MEX,2014,emp,49.4154167175293
MEX,2015,emp,50.6113319396973
MEX,2016,emp,51.5947532653809
MEX,2017,emp,52.340747833252
MEX,2018,emp,53.7211952209473
MEX,2019,emp,55.1892433166504
MEX,2020,emp,51.3814849853516
MEX,2021,emp,53.8702697753906
MEX,2022,emp,57.884391784668
MEX,2023,emp,59.4779663085938
NLD,2000,emp,8.28247165679932
NLD,2001,emp,8.44836902618408
NLD,2002,emp,8.50863838195801
NLD,2003,emp,8.46136569976807
NLD,2004,emp,8.36612319946289
NLD,2005,emp,8.42051601409912
NLD,2006,emp,8.60412788391113
NLD,2007,emp,8.85702133178711
NLD,2008,emp,9.00102996826172
NLD,2009,emp,8.92243671417236
NLD,2010,emp,8.86155128479004
NLD,2011,emp,8.93379592895508
NLD,2012,emp,8.91139507293701
NLD,2013,emp,8.80360794067383
NLD,2014,emp,8.79122066497803
NLD,2015,emp,8.86274147033691
NLD,2016,emp,9.00038814544678
NLD,2017,emp,9.21410942077637
NLD,2018,emp,9.46382331848145
NLD,2019,emp,9.67924690246582
NLD,2020,emp,9.6303300857544
NLD,2021,emp,9.79918766021729
NLD,2022,emp,10.1847143173218
NLD,2023,emp,10.3563680648804
NOR,2000,emp,2.31437993049622
NOR,2001,emp,2.31627488136292
NOR,2002,emp,2.31845545768738
NOR,2003,emp,2.28429388999939
NOR,2004,emp,2.29132771492004
NOR,2005,emp,2.31851053237915
NOR,2006,emp,2.39516949653626
NOR,2007,emp,2.48941326141357
NOR,2008,emp,2.56944561004639
NOR,2009,emp,2.5581910610199
NOR,2010,emp,2.55147910118103
NOR,2011,emp,2.58837175369263
NOR,2012,emp,2.64108848571777
NOR,2013,emp,2.6714289188385
NOR,2014,emp,2.69956636428833
NOR,2015,emp,2.70923852920532
NOR,2016,emp,2.71634793281555
NOR,2017,emp,2.7472460269928
NOR,2018,emp,2.79120755195618
NOR,2019,emp,2.8351833820343
NOR,2020,emp,2.79147791862488
NOR,2021,emp,2.82337927818298
NOR,2022,emp,2.9282009601593
NOR,2023,emp,2.96684813499451
NZL,2000,emp,1.77863597869873
NZL,2001,emp,1.82897984981537
NZL,2002,emp,1.88450598716736
NZL,2003,emp,1.92874574661255
NZL,2004,emp,1.99816763401032
NZL,2005,emp,2.05929923057556
NZL,2006,emp,2.10610342025757
NZL,2007,emp,2.14300775527954
NZL,2008,emp,2.16062164306641
NZL,2009,emp,2.12187838554382
NZL,2010,emp,2.12953305244446
NZL,2011,emp,2.16234827041626
NZL,2012,emp,2.15902996063232
NZL,2013,emp,2.20480275154114
NZL,2014,emp,2.283935546875
NZL,2015,emp,2.34109854698181
NZL,2016,emp,2.4279670715332
NZL,2017,emp,2.54534101486206
NZL,2018,emp,2.60500574111938
NZL,2019,emp,2.63707518577576
NZL,2020,emp,2.66865992546082
NZL,2021,emp,2.7111439704895
NZL,2022,emp,2.78850507736206
NZL,2023,emp,2.88284850120544
POL,2000,emp,14.483736038208
POL,2001,emp,14.1606073379517
POL,2002,emp,13.7333316802979
POL,2003,emp,13.5775098800659
POL,2004,emp,13.7238264083862
POL,2005,emp,14.0108270645142
POL,2006,emp,14.4470682144165
POL,2007,emp,15.0828437805176
POL,2008,emp,15.64599609375
POL,2009,emp,15.5557479858398
POL,2010,emp,15.3559951782227
POL,2011,emp,15.4853258132935
POL,2012,emp,15.515570640564
POL,2013,emp,15.5202770233154
POL,2014,emp,15.8014535903931
POL,2015,emp,16.0523986816406
POL,2016,emp,16.1920566558838
POL,2017,emp,16.4026355743408
POL,2018,emp,16.4884510040283
POL,2019,emp,16.882604598999
POL,2020,emp,17.2470245361328
POL,2021,emp,17.7762126922607
POL,2022,emp,17.7518787384033
POL,2023,emp,18.0145092010498
PRT,2000,emp,5.0693154335022
PRT,2001,emp,5.15720272064209
PRT,2002,emp,5.17807197570801
PRT,2003,emp,5.1290602684021
PRT,2004,emp,5.09386968612671
PRT,2005,emp,5.07155132293701
PRT,2006,emp,5.09261846542358
PRT,2007,emp,5.09432601928711
PRT,2008,emp,5.11397838592529
PRT,2009,emp,4.97560787200928
PRT,2010,emp,4.90362453460693
PRT,2011,emp,4.80032348632813
PRT,2012,emp,4.60529041290283
PRT,2013,emp,4.47300148010254
PRT,2014,emp,4.54320859909058
PRT,2015,emp,4.61364698410034
PRT,2016,emp,4.69533443450928
PRT,2017,emp,4.85127735137939
PRT,2018,emp,4.96800518035889
PRT,2019,emp,5.00822687149048
PRT,2020,emp,4.907386302948
PRT,2021,emp,4.97512483596802
PRT,2022,emp,5.14366865158081
PRT,2023,emp,5.15065050125122
SVK,2000,emp,2.03044271469116
SVK,2001,emp,2.04996085166931
SVK,2002,emp,2.05153632164001
SVK,2003,emp,2.07290291786194
SVK,2004,emp,2.06690955162048
SVK,2005,emp,2.0986819267273
SVK,2006,emp,2.14090514183044
SVK,2007,emp,2.18343830108643
SVK,2008,emp,2.25083041191101
SVK,2009,emp,2.20436882972717
SVK,2010,emp,2.16885495185852
SVK,2011,emp,2.22293257713318
SVK,2012,emp,2.22349572181702
SVK,2013,emp,2.20571660995483
SVK,2014,emp,2.23649406433105
SVK,2015,emp,2.28124475479126
SVK,2016,emp,2.33489394187927
SVK,2017,emp,2.38678526878357
SVK,2018,emp,2.43467926979065
SVK,2019,emp,2.460200548172
SVK,2020,emp,2.41252970695496
SVK,2021,emp,2.40183997154236
SVK,2022,emp,2.45054960250855
SVK,2023,emp,2.47736859321594
SVN,2000,emp,0.9071044921875
SVN,2001,emp,0.912435054779053
SVN,2002,emp,0.924452722072601
SVN,2003,emp,0.920939564704895
SVN,2004,emp,0.926043450832367
SVN,2005,emp,0.921480298042297
SVN,2006,emp,0.935582935810089
SVN,2007,emp,0.966958701610565
SVN,2008,emp,0.994990050792694
SVN,2009,emp,0.974278688430786
SVN,2010,emp,0.954647064208984
SVN,2011,emp,0.938706040382385
SVN,2012,emp,0.930392682552338
SVN,2013,emp,0.920078873634338
SVN,2014,emp,0.923785328865051
SVN,2015,emp,0.935901582241058
SVN,2016,emp,0.95329487323761
SVN,2017,emp,0.980925977230072
SVN,2018,emp,1.01246070861816
SVN,2019,emp,1.03555989265442
SVN,2020,emp,1.03092241287231
SVN,2021,emp,1.0473530292511
SVN,2022,emp,1.07777678966522
SVN,2023,emp,1.09132182598114
SWE,2000,emp,4.34921598434448
SWE,2001,emp,4.43845891952515
SWE,2002,emp,4.44307661056519
SWE,2003,emp,4.42325448989868
SWE,2004,emp,4.40406322479248
SWE,2005,emp,4.4035849571228
SWE,2006,emp,4.4847412109375
SWE,2007,emp,4.59051084518433
SWE,2008,emp,4.61337661743164
SWE,2009,emp,4.51983547210693
SWE,2010,emp,4.54955577850342
SWE,2011,emp,4.65381479263306
SWE,2012,emp,4.69070148468018
SWE,2013,emp,4.73823595046997
SWE,2014,emp,4.80643653869629
SWE,2015,emp,4.87929916381836
SWE,2016,emp,4.98052072525024
SWE,2017,emp,5.10150384902954
SWE,2018,emp,5.18774890899658
SWE,2019,emp,5.21844816207886
SWE,2020,emp,5.15436029434204
SWE,2021,emp,5.2196192741394
SWE,2022,emp,5.38126707077026
SWE,2023,emp,5.44012498855591
TUR,2000,emp,19.4090595245361
TUR,2001,emp,19.2610321044922
TUR,2002,emp,19.2046203613281
TUR,2003,emp,19.042516708374
TUR,2004,emp,19.5711135864258
TUR,2005,emp,20.0669860839844
TUR,2006,emp,20.4468612670898
TUR,2007,emp,20.7662334442139
TUR,2008,emp,21.2253513336182
TUR,2009,emp,21.260082244873
TUR,2010,emp,22.5815200805664
TUR,2011,emp,24.0761661529541
TUR,2012,emp,24.798152923584
TUR,2013,emp,25.5230007171631
TUR,2014,emp,25.9309997558594
TUR,2015,emp,26.6200008392334
TUR,2016,emp,27.2049999237061
TUR,2017,emp,28.1889991760254
TUR,2018,emp,28.7409992218018
TUR,2019,emp,28.0819530487061
TUR,2020,emp,26.8138656616211
TUR,2021,emp,28.7990016937256
TUR,2022,emp,30.7261581420898
TUR,2023,emp,31.6075744628906
USA,2000,emp,138.807235717773
USA,2001,emp,138.769241333008
USA,2002,emp,138.339965820313
USA,2003,emp,139.01806640625
USA,2004,emp,140.763900756836
USA,2005,emp,143.133728027344
USA,2006,emp,145.8642578125
USA,2007,emp,147.297500610352
USA,2008,emp,147.243347167969
USA,2009,emp,142.301330566406
USA,2010,emp,141.964340209961
USA,2011,emp,143.617950439453
USA,2012,emp,146.331634521484
USA,2013,emp,148.027877807617
USA,2014,emp,150.637252807617
USA,2015,emp,153.071655273438
USA,2016,emp,155.681167602539
USA,2017,emp,158.468490600586
USA,2018,emp,161.065612792969
USA,2019,emp,163.923538208008
USA,2020,emp,154.939697265625
USA,2021,emp,160.861312866211
USA,2022,emp,165.578491210938
USA,2023,emp,167.539749145508
AUS,2000,hc,3.53863549232483
AUS,2001,hc,3.52751183509827
AUS,2002,hc,3.51642346382141
AUS,2003,hc,3.50536966323853
AUS,2004,hc,3.49435067176819
AUS,2005,hc,3.4833664894104
AUS,2006,hc,3.472416639328
AUS,2007,hc,3.46150135993958
AUS,2008,hc,3.45062017440796
AUS,2009,hc,3.43977355957031
AUS,2010,hc,3.4289608001709
AUS,2011,hc,3.44216704368591
AUS,2012,hc,3.45542430877686
AUS,2013,hc,3.4687328338623
AUS,2014,hc,3.48209238052368
AUS,2015,hc,3.49550342559814
AUS,2016,hc,3.50896620750427
AUS,2017,hc,3.52248072624207
AUS,2018,hc,3.53604745864868
AUS,2019,hc,3.54966616630554
AUS,2020,hc,3.56333756446838
AUS,2021,hc,3.5980269908905
AUS,2022,hc,3.62050604820251
AUS,2023,hc,3.60863065719605
AUT,2000,hc,3.11702919006348
AUT,2001,hc,3.13323092460632
AUT,2002,hc,3.14951682090759
AUT,2003,hc,3.16588711738586
AUT,2004,hc,3.18234300613403
AUT,2005,hc,3.19888401031494
AUT,2006,hc,3.21551084518433
AUT,2007,hc,3.23222470283508
AUT,2008,hc,3.24902486801147
AUT,2009,hc,3.26591277122498
AUT,2010,hc,3.28288817405701
AUT,2011,hc,3.29365229606628
AUT,2012,hc,3.30445194244385
AUT,2013,hc,3.31528687477112
AUT,2014,hc,3.32615733146668
AUT,2015,hc,3.33706331253052
AUT,2016,hc,3.3480052947998
AUT,2017,hc,3.35898303985596
AUT,2018,hc,3.36999678611755
AUT,2019,hc,3.38104629516602
AUT,2020,hc,3.39213252067566
AUT,2021,hc,3.41118836402893
AUT,2022,hc,3.43048191070557
AUT,2023,hc,3.45001626014709
BEL,2000,hc,2.9736270904541
BEL,2001,hc,2.99241900444031
BEL,2002,hc,3.01132941246033
BEL,2003,hc,3.03035950660706
BEL,2004,hc,3.04950976371765
BEL,2005,hc,3.06878113746643
BEL,2006,hc,3.07356929779053
BEL,2007,hc,3.07836484909058
BEL,2008,hc,3.08316802978516
BEL,2009,hc,3.08797860145569
BEL,2010,hc,3.09279680252075
BEL,2011,hc,3.09899544715881
BEL,2012,hc,3.10520648956299
BEL,2013,hc,3.11142992973328
BEL,2014,hc,3.11766600608826
BEL,2015,hc,3.12391448020935
BEL,2016,hc,3.13017559051514
BEL,2017,hc,3.13644909858704
BEL,2018,hc,3.14273524284363
BEL,2019,hc,3.14903402328491
BEL,2020,hc,3.15534543991089
BEL,2021,hc,3.16043567657471
BEL,2022,hc,3.16554522514343
BEL,2023,hc,3.17067384719849
CAN,2000,hc,3.50410676002502
CAN,2001,hc,3.51891613006592
CAN,2002,hc,3.53378772735596
CAN,2003,hc,3.54872250556946
CAN,2004,hc,3.56372046470642
CAN,2005,hc,3.57878160476685
CAN,2006,hc,3.59390640258789
CAN,2007,hc,3.60909533500671
CAN,2008,hc,3.62434840202332
CAN,2009,hc,3.6396656036377
CAN,2010,hc,3.65504789352417
CAN,2011,hc,3.66232514381409
CAN,2012,hc,3.66961669921875
CAN,2013,hc,3.67692279815674
CAN,2014,hc,3.68424344062805
CAN,2015,hc,3.69157862663269
CAN,2016,hc,3.69892859458923
CAN,2017,hc,3.7062931060791
CAN,2018,hc,3.7136721611023
CAN,2019,hc,3.72106599807739
CAN,2020,hc,3.72847461700439
CAN,2021,hc,3.73541975021362
CAN,2022,hc,3.75202083587647
CAN,2023,hc,3.76877570152283
CHE,2000,hc,3.52844762802124
CHE,2001,hc,3.53894829750061
CHE,2002,hc,3.54948043823242
CHE,2003,hc,3.56004357337952
CHE,2004,hc,3.57063841819763
CHE,2005,hc,3.58126473426819
CHE,2006,hc,3.59192276000977
CHE,2007,hc,3.60261249542236
CHE,2008,hc,3.6133337020874
CHE,2009,hc,3.62408709526062
CHE,2010,hc,3.63487243652344
CHE,2011,hc,3.64234471321106
CHE,2012,hc,3.64983224868774
CHE,2013,hc,3.65733528137207
CHE,2014,hc,3.66485381126404
CHE,2015,hc,3.67238759994507
CHE,2016,hc,3.67993688583374
CHE,2017,hc,3.68750190734863
CHE,2018,hc,3.69508242607117
CHE,2019,hc,3.70267844200134
CHE,2020,hc,3.71028995513916
CHE,2021,hc,3.72179746627808
CHE,2022,hc,3.73337984085083
CHE,2023,hc,3.74503779411316
CHL,2000,hc,2.7866518497467
CHL,2001,hc,2.80529260635376
CHL,2002,hc,2.82405781745911
CHL,2003,hc,2.84294891357422
CHL,2004,hc,2.8619658946991
CHL,2005,hc,2.88111042976379
CHL,2006,hc,2.90038323402405
CHL,2007,hc,2.91978454589844
CHL,2008,hc,2.93931579589844
CHL,2009,hc,2.95897746086121
CHL,2010,hc,2.97877097129822
CHL,2011,hc,2.9968798160553
CHL,2012,hc,3.01509833335876
CHL,2013,hc,3.03342795372009
CHL,2014,hc,3.05186891555786
CHL,2015,hc,3.07042193412781
CHL,2016,hc,3.08908796310425
CHL,2017,hc,3.10786700248718
CHL,2018,hc,3.12676072120667
CHL,2019,hc,3.14576888084412
CHL,2020,hc,3.16489291191101
CHL,2021,hc,3.18922209739685
CHL,2022,hc,3.21398735046387
CHL,2023,hc,3.23919916152954
CHN,2000,hc,2.31353735923767
CHN,2001,hc,2.32968354225159
CHN,2002,hc,2.34594249725342
CHN,2003,hc,2.36231517791748
CHN,2004,hc,2.37880182266235
CHN,2005,hc,2.39540362358093
CHN,2006,hc,2.40445852279663
CHN,2007,hc,2.41354775428772
CHN,2008,hc,2.4226713180542
CHN,2009,hc,2.43182945251465
CHN,2010,hc,2.44102191925049
CHN,2011,hc,2.47546982765198
CHN,2012,hc,2.51040363311768
CHN,2013,hc,2.54583048820496
CHN,2014,hc,2.57462215423584
CHN,2015,hc,2.59902787208557
CHN,2016,hc,2.62366509437561
CHN,2017,hc,2.64853596687317
CHN,2018,hc,2.67364239692688
CHN,2019,hc,2.69898700714111
CHN,2020,hc,2.7245717048645
CHN,2021,hc,2.73290514945984
CHN,2022,hc,2.74130630493164
CHN,2023,hc,2.74977564811707
COL,2000,hc,2.16298365592957
COL,2001,hc,2.18431115150452
COL,2002,hc,2.20584893226624
COL,2003,hc,2.22759914398193
COL,2004,hc,2.24956393241882
COL,2005,hc,2.27174520492554
COL,2006,hc,2.29414510726929
COL,2007,hc,2.31676602363586
COL,2008,hc,2.3396098613739
COL,2009,hc,2.36267900466919
COL,2010,hc,2.38597559928894
COL,2011,hc,2.41068816184998
COL,2012,hc,2.43565678596497
COL,2013,hc,2.46088433265686
COL,2014,hc,2.48637270927429
COL,2015,hc,2.51212525367737
COL,2016,hc,2.53814482688904
COL,2017,hc,2.5629780292511
COL,2018,hc,2.58082032203674
COL,2019,hc,2.59878706932068
COL,2020,hc,2.61687898635864
COL,2021,hc,2.63825917243958
COL,2022,hc,2.6601254940033
COL,2023,hc,2.68249130249023
CRI,2000,hc,2.42416906356812
CRI,2001,hc,2.44833302497864
CRI,2002,hc,2.47273755073547
CRI,2003,hc,2.49738550186157
CRI,2004,hc,2.52227926254272
CRI,2005,hc,2.54742097854614
CRI,2006,hc,2.5419225692749
CRI,2007,hc,2.53643584251404
CRI,2008,hc,2.53096103668213
CRI,2009,hc,2.52549815177918
CRI,2010,hc,2.5200469493866
CRI,2011,hc,2.54592204093933
CRI,2012,hc,2.56810927391052
CRI,2013,hc,2.5858325958252
CRI,2014,hc,2.60367846488953
CRI,2015,hc,2.62164735794067
CRI,2016,hc,2.63974022865295
CRI,2017,hc,2.65795803070068
CRI,2018,hc,2.67630171775818
CRI,2019,hc,2.6947717666626
CRI,2020,hc,2.71336936950684
CRI,2021,hc,2.70895266532898
CRI,2022,hc,2.70455527305603
CRI,2023,hc,2.70017671585083
CZE,2000,hc,3.57368922233582
CZE,2001,hc,3.58205246925354
CZE,2002,hc,3.59043526649475
CZE,2003,hc,3.59883761405945
CZE,2004,hc,3.60725975036621
CZE,2005,hc,3.61570143699646
CZE,2006,hc,3.61983227729797
CZE,2007,hc,3.62396788597107
CZE,2008,hc,3.62810850143433
CZE,2009,hc,3.63225340843201
CZE,2010,hc,3.63640332221985
CZE,2011,hc,3.65747833251953
CZE,2012,hc,3.67071223258972
CZE,2013,hc,3.69198608398438
CZE,2014,hc,3.70266890525818
CZE,2015,hc,3.71070146560669
CZE,2016,hc,3.72951197624207
CZE,2017,hc,3.74300670623779
CZE,2018,hc,3.75383734703064
CZE,2019,hc,3.76469922065735
CZE,2020,hc,3.76918435096741
CZE,2021,hc,3.77368021011353
CZE,2022,hc,3.77818751335144
CZE,2023,hc,3.78270554542542
DEU,2000,hc,3.56631898880005
DEU,2001,hc,3.57492637634277
DEU,2002,hc,3.58355450630188
DEU,2003,hc,3.59220337867737
DEU,2004,hc,3.60087323188782
DEU,2005,hc,3.60956406593323
DEU,2006,hc,3.61827564239502
DEU,2007,hc,3.62700843811035
DEU,2008,hc,3.63576221466064
DEU,2009,hc,3.64453721046448
DEU,2010,hc,3.65333318710327
DEU,2011,hc,3.65577626228333
DEU,2012,hc,3.65822052955627
DEU,2013,hc,3.66066670417786
DEU,2014,hc,3.66311454772949
DEU,2015,hc,3.66556406021118
DEU,2016,hc,3.66801500320435
DEU,2017,hc,3.67046761512756
DEU,2018,hc,3.67292213439941
DEU,2019,hc,3.67537784576416
DEU,2020,hc,3.67783570289612
DEU,2021,hc,3.68691277503967
DEU,2022,hc,3.69603681564331
DEU,2023,hc,3.70520830154419
DNK,2000,hc,3.30117750167847
DNK,2001,hc,3.31471872329712
DNK,2002,hc,3.32831573486328
DNK,2003,hc,3.34196853637695
DNK,2004,hc,3.35567712783813
DNK,2005,hc,3.36944198608398
DNK,2006,hc,3.38326358795166
DNK,2007,hc,3.39714169502258
DNK,2008,hc,3.41107678413391
DNK,2009,hc,3.42506909370422
DNK,2010,hc,3.43911862373352
DNK,2011,hc,3.45655488967896
DNK,2012,hc,3.47407937049866
DNK,2013,hc,3.49169301986694
DNK,2014,hc,3.50939559936523
DNK,2015,hc,3.52718830108643
DNK,2016,hc,3.54507112503052
DNK,2017,hc,3.56304430961609
DNK,2018,hc,3.58110880851746
DNK,2019,hc,3.5992648601532
DNK,2020,hc,3.61751317977905
DNK,2021,hc,3.63368630409241
DNK,2022,hc,3.65001320838928
DNK,2023,hc,3.66649580001831
ESP,2000,hc,2.63542246818543
ESP,2001,hc,2.65172410011292
ESP,2002,hc,2.66812658309937
ESP,2003,hc,2.68463063240051
ESP,2004,hc,2.70123672485352
ESP,2005,hc,2.71794581413269
ESP,2006,hc,2.73475813865662
ESP,2007,hc,2.75167417526245
ESP,2008,hc,2.76869511604309
ESP,2009,hc,2.78582119941711
ESP,2010,hc,2.80305314064026
ESP,2011,hc,2.82275176048279
ESP,2012,hc,2.84258842468262
ESP,2013,hc,2.8625648021698
ESP,2014,hc,2.88268136978149
ESP,2015,hc,2.90293955802918
ESP,2016,hc,2.92333984375
ESP,2017,hc,2.94388365745544
ESP,2018,hc,2.96457171440125
ESP,2019,hc,2.9854052066803
ESP,2020,hc,3.00638508796692
ESP,2021,hc,3.02822971343994
ESP,2022,hc,3.05045986175537
ESP,2023,hc,3.07308387756348
EST,2000,hc,3.30235552787781
EST,2001,hc,3.31723690032959
EST,2002,hc,3.33218550682068
EST,2003,hc,3.34720134735107
EST,2004,hc,3.36228489875793
EST,2005,hc,3.37743639945984
EST,2006,hc,3.39626121520996
EST,2007,hc,3.41519117355347
EST,2008,hc,3.43422651290894
EST,2009,hc,3.4533679485321
EST,2010,hc,3.47261595726013
EST,2011,hc,3.48813080787659
EST,2012,hc,3.49925565719605
EST,2013,hc,3.51936936378479
EST,2014,hc,3.49702787399292
EST,2015,hc,3.50818061828613
EST,2016,hc,3.5126519203186
EST,2017,hc,3.52385497093201
EST,2018,hc,3.54636764526367
EST,2019,hc,3.53396797180176
EST,2020,hc,3.52161145210266
EST,2021,hc,3.54196763038635
EST,2022,hc,3.56257843971252
EST,2023,hc,3.5834481716156
FIN,2000,hc,3.13166737556458
FIN,2001,hc,3.15149402618408
FIN,2002,hc,3.17144656181335
FIN,2003,hc,3.19152498245239
FIN,2004,hc,3.21173048019409
FIN,2005,hc,3.23206400871277
FIN,2006,hc,3.25252652168274
FIN,2007,hc,3.27311825752258
FIN,2008,hc,3.2938404083252
FIN,2009,hc,3.31469392776489
FIN,2010,hc,3.33567929267883
FIN,2011,hc,3.35402321815491
FIN,2012,hc,3.37246775627136
FIN,2013,hc,3.39101386070251
FIN,2014,hc,3.40966200828552
FIN,2015,hc,3.42841267585754
FIN,2016,hc,3.44726634025574
FIN,2017,hc,3.46622395515442
FIN,2018,hc,3.48528575897217
FIN,2019,hc,3.50445199012756
FIN,2020,hc,3.52372407913208
FIN,2021,hc,3.54863691329956
FIN,2022,hc,3.57393145561218
FIN,2023,hc,3.59961485862732
FRA,2000,hc,2.89169573783875
FRA,2001,hc,2.90776181221008
FRA,2002,hc,2.92391729354858
FRA,2003,hc,2.94016242027283
FRA,2004,hc,2.95649790763855
FRA,2005,hc,2.97292399406433
FRA,2006,hc,2.98944115638733
FRA,2007,hc,3.00605034828186
FRA,2008,hc,3.0227518081665
FRA,2009,hc,3.039546251297
FRA,2010,hc,3.05643367767334
FRA,2011,hc,3.07526326179504
FRA,2012,hc,3.09420895576477
FRA,2013,hc,3.11327147483826
FRA,2014,hc,3.13245129585266
FRA,2015,hc,3.15174913406372
FRA,2016,hc,3.17116594314575
FRA,2017,hc,3.19070243835449
FRA,2018,hc,3.21035933494568
FRA,2019,hc,3.23013734817505
FRA,2020,hc,3.25003695487976
FRA,2021,hc,3.27051472663879
FRA,2022,hc,3.29128694534302
FRA,2023,hc,3.31235980987549
GBR,2000,hc,3.50959134101868
GBR,2001,hc,3.52848124504089
GBR,2002,hc,3.54747271537781
GBR,2003,hc,3.56656646728516
GBR,2004,hc,3.5857629776001
GBR,2005,hc,3.60506272315979
GBR,2006,hc,3.62446665763855
GBR,2007,hc,3.64397478103638
GBR,2008,hc,3.66358780860901
GBR,2009,hc,3.68330645561218
GBR,2010,hc,3.70313143730164
GBR,2011,hc,3.7108952999115
GBR,2012,hc,3.71867561340332
GBR,2013,hc,3.72647213935852
GBR,2014,hc,3.7342848777771
GBR,2015,hc,3.74211430549622
GBR,2016,hc,3.74996018409729
GBR,2017,hc,3.75782227516174
GBR,2018,hc,3.76570081710815
GBR,2019,hc,3.7735960483551
GBR,2020,hc,3.78150773048401
GBR,2021,hc,3.80263948440552
GBR,2022,hc,3.82441544532776
GBR,2023,hc,3.84644913673401
GRC,2000,hc,2.72921085357666
GRC,2001,hc,2.74976444244385
GRC,2002,hc,2.77047252655029
GRC,2003,hc,2.79133677482605
GRC,2004,hc,2.81235814094543
GRC,2005,hc,2.83353781700134
GRC,2006,hc,2.85487699508667
GRC,2007,hc,2.87637662887573
GRC,2008,hc,2.89803862571716
GRC,2009,hc,2.9198637008667
GRC,2010,hc,2.94185280799866
GRC,2011,hc,2.96274542808533
GRC,2012,hc,2.98378658294678
GRC,2013,hc,3.00497674942017
GRC,2014,hc,3.02631759643555
GRC,2015,hc,3.04781031608582
GRC,2016,hc,3.06945538520813
GRC,2017,hc,3.09125423431397
GRC,2018,hc,3.11320781707764
GRC,2019,hc,3.13531756401062
GRC,2020,hc,3.15758395195007
GRC,2021,hc,3.18556451797485
GRC,2022,hc,3.21412491798401
GRC,2023,hc,3.24328017234802
HUN,2000,hc,2.96212720870972
HUN,2001,hc,2.99198865890503
HUN,2002,hc,3.02215147018433
HUN,2003,hc,3.05261826515198
HUN,2004,hc,3.08339214324951
HUN,2005,hc,3.11447620391846
HUN,2006,hc,3.14587378501892
HUN,2007,hc,3.17758798599243
HUN,2008,hc,3.20962166786194
HUN,2009,hc,3.24197840690613
HUN,2010,hc,3.27466106414795
HUN,2011,hc,3.29019379615784
HUN,2012,hc,3.30580043792725
HUN,2013,hc,3.32148098945618
HUN,2014,hc,3.33723592758179
HUN,2015,hc,3.35306549072266
HUN,2016,hc,3.36897015571594
HUN,2017,hc,3.3849503993988
HUN,2018,hc,3.40100622177124
HUN,2019,hc,3.41713857650757
HUN,2020,hc,3.43334698677063
HUN,2021,hc,3.47287368774414
HUN,2022,hc,3.51340484619141
HUN,2023,hc,3.55497288703918
IRL,2000,hc,2.85634803771973
IRL,2001,hc,2.87343239784241
IRL,2002,hc,2.89061880111694
IRL,2003,hc,2.90790796279907
IRL,2004,hc,2.92530059814453
IRL,2005,hc,2.94279718399048
IRL,2006,hc,2.96039843559265
IRL,2007,hc,2.97810506820679
IRL,2008,hc,2.99591755867004
IRL,2009,hc,3.01383638381958
IRL,2010,hc,3.03186273574829
IRL,2011,hc,3.04856276512146
IRL,2012,hc,3.06535458564758
IRL,2013,hc,3.08223915100098
IRL,2014,hc,3.09921646118164
IRL,2015,hc,3.11628746986389
IRL,2016,hc,3.13345241546631
IRL,2017,hc,3.15071201324463
IRL,2018,hc,3.16806674003601
IRL,2019,hc,3.18551683425903
IRL,2020,hc,3.20306324958801
IRL,2021,hc,3.22471332550049
IRL,2022,hc,3.24670171737671
IRL,2023,hc,3.26903486251831
ISL,2000,hc,2.82461881637573
ISL,2001,hc,2.84747433662415
ISL,2002,hc,2.87051486968994
ISL,2003,hc,2.89374184608459
ISL,2004,hc,2.917156457901
ISL,2005,hc,2.94076085090637
ISL,2006,hc,2.96282052993774
ISL,2007,hc,2.98504543304443
ISL,2008,hc,3.00743722915649
ISL,2009,hc,3.02999687194824
ISL,2010,hc,3.05272579193115
ISL,2011,hc,3.06807589530945
ISL,2012,hc,3.08350300788879
ISL,2013,hc,3.09900784492493
ISL,2014,hc,3.11459064483643
ISL,2015,hc,3.13025188446045
ISL,2016,hc,3.145991563797
ISL,2017,hc,3.16181087493897
ISL,2018,hc,3.17770957946777
ISL,2019,hc,3.193687915802
ISL,2020,hc,3.20081543922424
ISL,2021,hc,3.22724366188049
ISL,2022,hc,3.25417709350586
ISL,2023,hc,3.28162717819214
ISR,2000,hc,3.31461334228516
ISR,2001,hc,3.32587480545044
ISR,2002,hc,3.3371741771698
ISR,2003,hc,3.34851217269897
ISR,2004,hc,3.35988879203796
ISR,2005,hc,3.37130379676819
ISR,2006,hc,3.40424275398254
ISR,2007,hc,3.43750333786011
ISR,2008,hc,3.47108888626099
ISR,2009,hc,3.50500273704529
ISR,2010,hc,3.53924798965454
ISR,2011,hc,3.56390762329102
ISR,2012,hc,3.58624792098999
ISR,2013,hc,3.61374354362488
ISR,2014,hc,3.64397883415222
ISR,2015,hc,3.65411353111267
ISR,2016,hc,3.69244050979614
ISR,2017,hc,3.7316210269928
ISR,2018,hc,3.77167916297913
ISR,2019,hc,3.81263899803162
ISR,2020,hc,3.85452651977539
ISR,2021,hc,3.89736795425415
ISR,2022,hc,3.94119048118591
ISR,2023,hc,3.98602294921875
ITA,2000,hc,2.77163362503052
ITA,2001,hc,2.79335689544678
ITA,2002,hc,2.81525039672852
ITA,2003,hc,2.83731555938721
ITA,2004,hc,2.85955357551575
ITA,2005,hc,2.88196587562561
ITA,2006,hc,2.90455389022827
ITA,2007,hc,2.92731904983521
ITA,2008,hc,2.95026254653931
ITA,2009,hc,2.97338581085205
ITA,2010,hc,2.99669027328491
ITA,2011,hc,3.01423954963684
ITA,2012,hc,3.03189158439636
ITA,2013,hc,3.04964733123779
ITA,2014,hc,3.06750679016113
ITA,2015,hc,3.08547067642212
ITA,2016,hc,3.10353994369507
ITA,2017,hc,3.12171483039856
ITA,2018,hc,3.13999652862549
ITA,2019,hc,3.15838503837585
ITA,2020,hc,3.17688131332397
ITA,2021,hc,3.20566248893738
ITA,2022,hc,3.23505067825317
ITA,2023,hc,3.26506185531616
JPN,2000,hc,3.34603881835938
JPN,2001,hc,3.36086773872376
JPN,2002,hc,3.37576270103455
JPN,2003,hc,3.39072346687317
JPN,2004,hc,3.40575051307678
JPN,2005,hc,3.42084431648254
JPN,2006,hc,3.43600463867188
JPN,2007,hc,3.45123267173767
JPN,2008,hc,3.46652793884277
JPN,2009,hc,3.48189091682434
JPN,2010,hc,3.49732208251953
JPN,2011,hc,3.50793290138245
JPN,2012,hc,3.51857590675354
JPN,2013,hc,3.52925133705139
JPN,2014,hc,3.53995895385742
JPN,2015,hc,3.55069923400879
JPN,2016,hc,3.56147217750549
JPN,2017,hc,3.57227778434753
JPN,2018,hc,3.58311605453491
JPN,2019,hc,3.59398722648621
JPN,2020,hc,3.60489130020142
JPN,2021,hc,3.62192320823669
JPN,2022,hc,3.63912701606751
JPN,2023,hc,3.6565043926239
KOR,2000,hc,3.1921694278717
KOR,2001,hc,3.21872901916504
KOR,2002,hc,3.2455096244812
KOR,2003,hc,3.27251291275024
KOR,2004,hc,3.29974102973938
KOR,2005,hc,3.32719564437866
KOR,2006,hc,3.35487866401672
KOR,2007,hc,3.3827919960022
KOR,2008,hc,3.41093754768372
KOR,2009,hc,3.43931722640991
KOR,2010,hc,3.467933177948
KOR,2011,hc,3.49225950241089
KOR,2012,hc,3.51675653457642
KOR,2013,hc,3.54142546653748
KOR,2014,hc,3.56626725196838
KOR,2015,hc,3.59128332138062
KOR,2016,hc,3.62420678138733
KOR,2017,hc,3.65777683258057
KOR,2018,hc,3.69200992584229
KOR,2019,hc,3.72692227363586
KOR,2020,hc,3.76253128051758
KOR,2021,hc,3.79885363578796
KOR,2022,hc,3.83590793609619
KOR,2023,hc,3.87371253967285
LTU,2000,hc,2.90480780601501
LTU,2001,hc,2.93794012069702
LTU,2002,hc,2.9714503288269
LTU,2003,hc,3.00534272193909
LTU,2004,hc,3.03962182998657
LTU,2005,hc,3.07429170608521
LTU,2006,hc,3.08921837806702
LTU,2007,hc,3.10421705245972
LTU,2008,hc,3.11928868293762
LTU,2009,hc,3.13443350791931
LTU,2010,hc,3.14965200424194
LTU,2011,hc,3.17061185836792
LTU,2012,hc,3.16870069503784
LTU,2013,hc,3.17443776130676
LTU,2014,hc,3.21488857269287
LTU,2015,hc,3.24605417251587
LTU,2016,hc,3.27554607391357
LTU,2017,hc,3.29138422012329
LTU,2018,hc,3.31195569038391
LTU,2019,hc,3.33265566825867
LTU,2020,hc,3.35348510742188
LTU,2021,hc,3.37148022651672
LTU,2022,hc,3.38969135284424
LTU,2023,hc,3.40812134742737
LUX,2000,hc,2.86996030807495
LUX,2001,hc,2.89407515525818
LUX,2002,hc,2.91839241981506
LUX,2003,hc,2.94291424751282
LUX,2004,hc,2.96764206886292
LUX,2005,hc,2.99257755279541
LUX,2006,hc,3.03037667274475
LUX,2007,hc,3.06865334510803
LUX,2008,hc,3.10741329193115
LUX,2009,hc,3.14666295051575
LUX,2010,hc,3.18640828132629
LUX,2011,hc,3.1901969909668
LUX,2012,hc,3.21684408187866
LUX,2013,hc,3.2552981376648
LUX,2014,hc,3.30008888244629
LUX,2015,hc,3.1152720451355
LUX,2016,hc,3.15546822547913
LUX,2017,hc,3.19689297676086
LUX,2018,hc,3.23959302902222
LUX,2019,hc,3.28361773490906
LUX,2020,hc,3.32901906967163
LUX,2021,hc,3.37585067749023
LUX,2022,hc,3.42416930198669
LUX,2023,hc,3.47403478622437
LVA,2000,hc,2.82994890213013
LVA,2001,hc,2.8562593460083
LVA,2002,hc,2.88281440734863
LVA,2003,hc,2.90961670875549
LVA,2004,hc,2.93666768074036
LVA,2005,hc,2.96397042274475
LVA,2006,hc,2.97694563865662
LVA,2007,hc,2.98997783660889
LVA,2008,hc,3.00306701660156
LVA,2009,hc,3.01621341705322
LVA,2010,hc,3.02941751480103
LVA,2011,hc,3.03802037239075
LVA,2012,hc,3.05356788635254
LVA,2013,hc,3.072678565979
LVA,2014,hc,3.08140444755554
LVA,2015,hc,3.08315277099609
LVA,2016,hc,3.09366273880005
LVA,2017,hc,3.11567378044128
LVA,2018,hc,3.13784122467041
LVA,2019,hc,3.15032386779785
LVA,2020,hc,3.16514873504639
LVA,2021,hc,3.18013668060303
LVA,2022,hc,3.19528985023499
LVA,2023,hc,3.21061062812805
MEX,2000,hc,2.41773200035095
MEX,2001,hc,2.43708729743958
MEX,2002,hc,2.45659756660461
MEX,2003,hc,2.47626376152039
MEX,2004,hc,2.49608755111694
MEX,2005,hc,2.51607012748718
MEX,2006,hc,2.53621244430542
MEX,2007,hc,2.55651617050171
MEX,2008,hc,2.57141518592834
MEX,2009,hc,2.58525681495667
MEX,2010,hc,2.59917283058167
MEX,2011,hc,2.61836075782776
MEX,2012,hc,2.63769030570984
MEX,2013,hc,2.6571626663208
MEX,2014,hc,2.67677879333496
MEX,2015,hc,2.69653964042664
MEX,2016,hc,2.71644639968872
MEX,2017,hc,2.73650026321411
MEX,2018,hc,2.75670194625855
MEX,2019,hc,2.7770528793335
MEX,2020,hc,2.79755401611328
MEX,2021,hc,2.81556797027588
MEX,2022,hc,2.83388257026672
MEX,2023,hc,2.85250401496887
NLD,2000,hc,3.14256834983826
NLD,2001,hc,3.15517377853394
NLD,2002,hc,3.1678295135498
NLD,2003,hc,3.18053650856018
NLD,2004,hc,3.19329428672791
NLD,2005,hc,3.20610308647156
NLD,2006,hc,3.2189633846283
NLD,2007,hc,3.23187518119812
NLD,2008,hc,3.24483895301819
NLD,2009,hc,3.25785446166992
NLD,2010,hc,3.27092242240906
NLD,2011,hc,3.28468346595764
NLD,2012,hc,3.29850268363953
NLD,2013,hc,3.31237983703613
NLD,2014,hc,3.3263156414032
NLD,2015,hc,3.34031009674072
NLD,2016,hc,3.35436320304871
NLD,2017,hc,3.36847543716431
NLD,2018,hc,3.38264727592468
NLD,2019,hc,3.39687848091126
NLD,2020,hc,3.41116952896118
NLD,2021,hc,3.42599987983704
NLD,2022,hc,3.44097256660461
NLD,2023,hc,3.45608949661255
NOR,2000,hc,3.34155941009522
NOR,2001,hc,3.36419939994812
NOR,2002,hc,3.38699245452881
NOR,2003,hc,3.40994024276733
NOR,2004,hc,3.43304324150085
NOR,2005,hc,3.45630311965942
NOR,2006,hc,3.47972059249878
NOR,2007,hc,3.50329637527466
NOR,2008,hc,3.52703213691711
NOR,2009,hc,3.55092859268188
NOR,2010,hc,3.57498717308044
NOR,2011,hc,3.5846438407898
NOR,2012,hc,3.59432673454285
NOR,2013,hc,3.60403561592102
NOR,2014,hc,3.61377096176147
NOR,2015,hc,3.62353277206421
NOR,2016,hc,3.63332056999207
NOR,2017,hc,3.6431348323822
NOR,2018,hc,3.6529757976532
NOR,2019,hc,3.66284322738647
NOR,2020,hc,3.67273736000061
NOR,2021,hc,3.69953942298889
NOR,2022,hc,3.72675514221191
NOR,2023,hc,3.75439190864563
NZL,2000,hc,3.27040553092957
NZL,2001,hc,3.27239608764648
NZL,2002,hc,3.2743878364563
NZL,2003,hc,3.27638077735901
NZL,2004,hc,3.27837491035461
NZL,2005,hc,3.28037047386169
NZL,2006,hc,3.26478576660156
NZL,2007,hc,3.24927496910095
NZL,2008,hc,3.23383808135986
NZL,2009,hc,3.21847438812256
NZL,2010,hc,3.20318388938904
NZL,2011,hc,3.22521996498108
NZL,2012,hc,3.24740767478943
NZL,2013,hc,3.2697479724884
NZL,2014,hc,3.29224228858948
NZL,2015,hc,3.31489086151123
NZL,2016,hc,3.33769536018372
NZL,2017,hc,3.36065697669983
NZL,2018,hc,3.38377642631531
NZL,2019,hc,3.40705513954163
NZL,2020,hc,3.43049359321594
NZL,2021,hc,3.41306686401367
NZL,2022,hc,3.39583373069763
NZL,2023,hc,3.37879180908203
POL,2000,hc,3.01870203018188
POL,2001,hc,3.03832674026489
POL,2002,hc,3.05807900428772
POL,2003,hc,3.07795977592468
POL,2004,hc,3.09796977043152
POL,2005,hc,3.11810970306397
POL,2006,hc,3.14025592803955
POL,2007,hc,3.16255927085876
POL,2008,hc,3.18502116203308
POL,2009,hc,3.20764255523682
POL,2010,hc,3.23042464256287
POL,2011,hc,3.27970886230469
POL,2012,hc,3.32764506340027
POL,2013,hc,3.32764506340027
POL,2014,hc,3.34026527404785
POL,2015,hc,3.3571662902832
POL,2016,hc,3.37415289878845
POL,2017,hc,3.38267827033997
POL,2018,hc,3.39122533798218
POL,2019,hc,3.39979410171509
POL,2020,hc,3.40838432312012
POL,2021,hc,3.4350049495697
POL,2022,hc,3.46208596229553
POL,2023,hc,3.48963713645935
PRT,2000,hc,2.24437212944031
PRT,2001,hc,2.24157786369324
PRT,2002,hc,2.23878693580627
PRT,2003,hc,2.235999584198
PRT,2004,hc,2.23321557044983
PRT,2005,hc,2.23043513298035
PRT,2006,hc,2.25600552558899
PRT,2007,hc,2.28186869621277
PRT,2008,hc,2.30802869796753
PRT,2009,hc,2.33448839187622
PRT,2010,hc,2.36125135421753
PRT,2011,hc,2.37762331962585
PRT,2012,hc,2.39410853385925
PRT,2013,hc,2.41070818901062
PRT,2014,hc,2.42742276191711
PRT,2015,hc,2.44425344467163
PRT,2016,hc,2.46120071411133
PRT,2017,hc,2.47826552391052
PRT,2018,hc,2.49544858932495
PRT,2019,hc,2.51275086402893
PRT,2020,hc,2.5301730632782
PRT,2021,hc,2.56238317489624
PRT,2022,hc,2.58546710014343
PRT,2023,hc,2.60914421081543
SVK,2000,hc,3.25247144699097
SVK,2001,hc,3.29945015907288
SVK,2002,hc,3.34710764884949
SVK,2003,hc,3.39545345306397
SVK,2004,hc,3.44449758529663
SVK,2005,hc,3.49424982070923
SVK,2006,hc,3.5176374912262
SVK,2007,hc,3.54118132591248
SVK,2008,hc,3.56488275527954
SVK,2009,hc,3.58874297142029
SVK,2010,hc,3.61276292800903
SVK,2011,hc,3.67181015014648
SVK,2012,hc,3.64005875587463
SVK,2013,hc,3.6558997631073
SVK,2014,hc,3.6558997631073
SVK,2015,hc,3.70920395851135
SVK,2016,hc,3.7280433177948
SVK,2017,hc,3.74426746368408
SVK,2018,hc,3.77146458625793
SVK,2019,hc,3.78239893913269
SVK,2020,hc,3.80964589118958
SVK,2021,hc,3.8373007774353
SVK,2022,hc,3.8653712272644
SVK,2023,hc,3.89386487007141
SVN,2000,hc,3.26419067382813
SVN,2001,hc,3.27085399627686
SVN,2002,hc,3.27753090858459
SVN,2003,hc,3.2842218875885
SVN,2004,hc,3.29092597961426
SVN,2005,hc,3.2976438999176
SVN,2006,hc,3.31612467765808
SVN,2007,hc,3.33470916748047
SVN,2008,hc,3.35339760780334
SVN,2009,hc,3.37219095230103
SVN,2010,hc,3.39108943939209
SVN,2011,hc,3.42607164382935
SVN,2012,hc,3.44251990318298
SVN,2013,hc,3.4661545753479
SVN,2014,hc,3.47803258895874
SVN,2015,hc,3.51150822639465
SVN,2016,hc,3.53561639785767
SVN,2017,hc,3.54288125038147
SVN,2018,hc,3.55502223968506
SVN,2019,hc,3.56720495223999
SVN,2020,hc,3.58887028694153
SVN,2021,hc,3.6108181476593
SVN,2022,hc,3.63305330276489
SVN,2023,hc,3.65558075904846
SWE,2000,hc,3.18183207511902
SWE,2001,hc,3.19793128967285
SWE,2002,hc,3.21411204338074
SWE,2003,hc,3.23037457466126
SWE,2004,hc,3.24671912193298
SWE,2005,hc,3.26314687728882
SWE,2006,hc,3.2796573638916
SWE,2007,hc,3.29625153541565
SWE,2008,hc,3.31292939186096
SWE,2009,hc,3.32969212532043
SWE,2010,hc,3.34653925895691
SWE,2011,hc,3.35636186599731
SWE,2012,hc,3.36621308326721
SWE,2013,hc,3.37609314918518
SWE,2014,hc,3.38600254058838
SWE,2015,hc,3.39594054222107
SWE,2016,hc,3.40590810775757
SWE,2017,hc,3.41590476036072
SWE,2018,hc,3.42593097686768
SWE,2019,hc,3.43598628044128
SWE,2020,hc,3.44607138633728
SWE,2021,hc,3.46478605270386
SWE,2022,hc,3.48372411727905
SWE,2023,hc,3.50288844108582
TUR,2000,hc,1.99650061130524
TUR,2001,hc,2.01745104789734
TUR,2002,hc,2.03862142562866
TUR,2003,hc,2.06001400947571
TUR,2004,hc,2.08163118362427
TUR,2005,hc,2.10347485542297
TUR,2006,hc,2.12519979476929
TUR,2007,hc,2.14714884757996
TUR,2008,hc,2.16932463645935
TUR,2009,hc,2.19172954559326
TUR,2010,hc,2.2143657207489
TUR,2011,hc,2.24584078788757
TUR,2012,hc,2.27776288986206
TUR,2013,hc,2.31013917922974
TUR,2014,hc,2.3429753780365
TUR,2015,hc,2.37627840042114
TUR,2016,hc,2.4100546836853
TUR,2017,hc,2.44431138038635
TUR,2018,hc,2.47905468940735
TUR,2019,hc,2.51429200172424
TUR,2020,hc,2.55002999305725
TUR,2021,hc,2.57585644721985
TUR,2022,hc,2.59900760650635
TUR,2023,hc,2.62274813652039
USA,2000,hc,3.5785825252533
USA,2001,hc,3.58833718299866
USA,2002,hc,3.59811854362488
USA,2003,hc,3.6079261302948
USA,2004,hc,3.61776089668274
USA,2005,hc,3.62762236595154
USA,2006,hc,3.64232897758484
USA,2007,hc,3.65709471702576
USA,2008,hc,3.67192077636719
USA,2009,hc,3.68680667877197
USA,2010,hc,3.70175337791443
USA,2011,hc,3.70701098442078
USA,2012,hc,3.71227598190308
USA,2013,hc,3.71754860877991
USA,2014,hc,3.72282862663269
USA,2015,hc,3.72811627388001
USA,2016,hc,3.73341131210327
USA,2017,hc,3.73871397972107
USA,2018,hc,3.74402379989624
USA,2019,hc,3.74934148788452
USA,2020,hc,3.75466680526733
USA,2021,hc,3.72817277908325
USA,2022,hc,3.81364345550537
USA,2023,hc,3.82982563972473
AUS,2000,labsh,0.605064392089844
AUS,2001,labsh,0.606984317302704
AUS,2002,labsh,0.599807679653168
AUS,2003,labsh,0.599910080432892
AUS,2004,labsh,0.601517617702484
AUS,2005,labsh,0.590798258781433
AUS,2006,labsh,0.586387455463409
AUS,2007,labsh,0.592022180557251
AUS,2008,labsh,0.568356037139893
AUS,2009,labsh,0.575622022151947
AUS,2010,labsh,0.574317395687103
AUS,2011,labsh,0.574950098991394
AUS,2012,labsh,0.581968009471893
AUS,2013,labsh,0.581848323345184
AUS,2014,labsh,0.595910131931305
AUS,2015,labsh,0.60457843542099
AUS,2016,labsh,0.584962725639343
AUS,2017,labsh,0.582688629627228
AUS,2018,labsh,0.574934184551239
AUS,2019,labsh,0.569040656089783
AUS,2020,labsh,0.560350656509399
AUS,2021,labsh,0.547128617763519
AUS,2022,labsh,0.546087741851807
AUS,2023,labsh,0.546087741851807
AUT,2000,labsh,0.618841886520386
AUT,2001,labsh,0.611665308475494
AUT,2002,labsh,0.608660519123077
AUT,2003,labsh,0.60524320602417
AUT,2004,labsh,0.593671917915344
AUT,2005,labsh,0.581101596355438
AUT,2006,labsh,0.574733138084412
AUT,2007,labsh,0.569526731967926
AUT,2008,labsh,0.583829283714294
AUT,2009,labsh,0.600847065448761
AUT,2010,labsh,0.597598016262054
AUT,2011,labsh,0.593102097511292
AUT,2012,labsh,0.601977705955505
AUT,2013,labsh,0.60887610912323
AUT,2014,labsh,0.605553150177002
AUT,2015,labsh,0.602150917053223
AUT,2016,labsh,0.600066840648651
AUT,2017,labsh,0.600424766540527
AUT,2018,labsh,0.599839925765991
AUT,2019,labsh,0.6048424243927
AUT,2020,labsh,0.598010241985321
AUT,2021,labsh,0.593212604522705
AUT,2022,labsh,0.594138145446777
AUT,2023,labsh,0.607999980449677
BEL,2000,labsh,0.632380664348602
BEL,2001,labsh,0.643422961235046
BEL,2002,labsh,0.647515118122101
BEL,2003,labsh,0.640514731407166
BEL,2004,labsh,0.625207781791687
BEL,2005,labsh,0.615302741527557
BEL,2006,labsh,0.613067388534546
BEL,2007,labsh,0.607697367668152
BEL,2008,labsh,0.624550104141235
BEL,2009,labsh,0.636493384838104
BEL,2010,labsh,0.621141374111176
BEL,2011,labsh,0.620073974132538
BEL,2012,labsh,0.628418266773224
BEL,2013,labsh,0.629071831703186
BEL,2014,labsh,0.620788991451263
BEL,2015,labsh,0.610845565795898
BEL,2016,labsh,0.606113135814667
BEL,2017,labsh,0.605088174343109
BEL,2018,labsh,0.602487564086914
BEL,2019,labsh,0.596357941627502
BEL,2020,labsh,0.592523753643036
BEL,2021,labsh,0.584589779376984
BEL,2022,labsh,0.571623742580414
BEL,2023,labsh,0.586125731468201
CAN,2000,labsh,0.653895318508148
CAN,2001,labsh,0.657381176948547
CAN,2002,labsh,0.657402634620667
CAN,2003,labsh,0.645753741264343
CAN,2004,labsh,0.639334261417389
CAN,2005,labsh,0.629435360431671
CAN,2006,labsh,0.634261846542358
CAN,2007,labsh,0.639494955539703
CAN,2008,labsh,0.63119775056839
CAN,2009,labsh,0.672544836997986
CAN,2010,labsh,0.650951683521271
CAN,2011,labsh,0.639589190483093
CAN,2012,labsh,0.650561571121216
CAN,2013,labsh,0.649688482284546
CAN,2014,labsh,0.641806542873383
CAN,2015,labsh,0.670259356498718
CAN,2016,labsh,0.661177635192871
CAN,2017,labsh,0.651702463626862
CAN,2018,labsh,0.654160618782044
CAN,2019,labsh,0.658807039260864
CAN,2020,labsh,0.652546226978302
CAN,2021,labsh,0.635081887245178
CAN,2022,labsh,0.628219187259674
CAN,2023,labsh,0.659301698207855
CHE,2000,labsh,0.654685854911804
CHE,2001,labsh,0.670151233673096
CHE,2002,labsh,0.684948563575745
CHE,2003,labsh,0.677805244922638
CHE,2004,labsh,0.666346728801727
CHE,2005,labsh,0.661233961582184
CHE,2006,labsh,0.644988536834717
CHE,2007,labsh,0.639930009841919
CHE,2008,labsh,0.64592981338501
CHE,2009,labsh,0.671875298023224
CHE,2010,labsh,0.653518199920654
CHE,2011,labsh,0.65764307975769
CHE,2012,labsh,0.657147645950317
CHE,2013,labsh,0.658707857131958
CHE,2014,labsh,0.655792117118835
CHE,2015,labsh,0.66509622335434
CHE,2016,labsh,0.660728991031647
CHE,2017,labsh,0.660808861255646
CHE,2018,labsh,0.647845923900604
CHE,2019,labsh,0.660974562168121
CHE,2020,labsh,0.671818315982819
CHE,2021,labsh,0.64603590965271
CHE,2022,labsh,0.640687942504883
CHE,2023,labsh,0.653461694717407
CHL,2000,labsh,0.491676092147827
CHL,2001,labsh,0.48680254817009
CHL,2002,labsh,0.484493553638458
CHL,2003,labsh,0.499886482954025
CHL,2004,labsh,0.459456533193588
CHL,2005,labsh,0.434962451457977
CHL,2006,labsh,0.388719290494919
CHL,2007,labsh,0.388664096593857
CHL,2008,labsh,0.433321952819824
CHL,2009,labsh,0.440223604440689
CHL,2010,labsh,0.440223604440689
CHL,2011,labsh,0.440223604440689
CHL,2012,labsh,0.440223604440689
CHL,2013,labsh,0.440223604440689
CHL,2014,labsh,0.440223604440689
CHL,2015,labsh,0.440223604440689
CHL,2016,labsh,0.440223604440689
CHL,2017,labsh,0.440223604440689
CHL,2018,labsh,0.440223604440689
CHL,2019,labsh,0.440223604440689
CHL,2020,labsh,0.440223604440689
CHL,2021,labsh,0.440223604440689
CHL,2022,labsh,0.440223604440689
CHL,2023,labsh,0.440223604440689
CHN,2000,labsh,0.590660214424133
CHN,2001,labsh,0.587249159812927
CHN,2002,labsh,0.603073537349701
CHN,2003,labsh,0.598181664943695
CHN,2004,labsh,0.57622367143631
CHN,2005,labsh,0.56974869966507
CHN,2006,labsh,0.561830699443817
CHN,2007,labsh,0.562760770320892
CHN,2008,labsh,0.56485378742218
CHN,2009,labsh,0.564468741416931
CHN,2010,labsh,0.558413088321686
CHN,2011,labsh,0.560839235782623
CHN,2012,labsh,0.569530367851257
CHN,2013,labsh,0.578751623630524
CHN,2014,labsh,0.580333232879639
CHN,2015,labsh,0.581012785434723
CHN,2016,labsh,0.581159591674805
CHN,2017,labsh,0.579817354679108
CHN,2018,labsh,0.577055394649506
CHN,2019,labsh,0.577753484249115
CHN,2020,labsh,0.572499990463257
CHN,2021,labsh,0.561180591583252
CHN,2022,labsh,0.561180591583252
CHN,2023,labsh,0.561180591583252
COL,2000,labsh,0.476693034172058
COL,2001,labsh,0.482329457998276
COL,2002,labsh,0.488565623760223
COL,2003,labsh,0.476767063140869
COL,2004,labsh,0.467858701944351
COL,2005,labsh,0.46635890007019
COL,2006,labsh,0.468655347824097
COL,2007,labsh,0.473968327045441
COL,2008,labsh,0.462066918611527
COL,2009,labsh,0.472745656967163
COL,2010,labsh,0.468743205070496
COL,2011,labsh,0.445209413766861
COL,2012,labsh,0.455729424953461
COL,2013,labsh,0.457877516746521
COL,2014,labsh,0.469602674245834
COL,2015,labsh,0.493319749832153
COL,2016,labsh,0.494807720184326
COL,2017,labsh,0.497105717658997
COL,2018,labsh,0.495853841304779
COL,2019,labsh,0.502067089080811
COL,2020,labsh,0.538307785987854
COL,2021,labsh,0.500458061695099
COL,2022,labsh,0.474141001701355
COL,2023,labsh,0.477649509906769
CRI,2000,labsh,0.567329406738281
CRI,2001,labsh,0.578791975975037
CRI,2002,labsh,0.578185975551605
CRI,2003,labsh,0.568065583705902
CRI,2004,labsh,0.551592171192169
CRI,2005,labsh,0.547377526760101
CRI,2006,labsh,0.545718312263489
CRI,2007,labsh,0.54577249288559
CRI,2008,labsh,0.549268007278442
CRI,2009,labsh,0.559508800506592
CRI,2010,labsh,0.565435588359833
CRI,2011,labsh,0.573375225067139
CRI,2012,labsh,0.575477957725525
CRI,2013,labsh,0.587377548217773
CRI,2014,labsh,0.587744116783142
CRI,2015,labsh,0.588890671730042
CRI,2016,labsh,0.579786002635956
CRI,2017,labsh,0.547652006149292
CRI,2018,labsh,0.554892897605896
CRI,2019,labsh,0.557753920555115
CRI,2020,labsh,0.562917232513428
CRI,2021,labsh,0.543824434280396
CRI,2022,labsh,0.517000079154968
CRI,2023,labsh,0.530688881874085
CZE,2000,labsh,0.506789147853851
CZE,2001,labsh,0.502159893512726
CZE,2002,labsh,0.515706419944763
CZE,2003,labsh,0.518571376800537
CZE,2004,labsh,0.517019748687744
CZE,2005,labsh,0.513573527336121
CZE,2006,labsh,0.507731914520264
CZE,2007,labsh,0.50179398059845
CZE,2008,labsh,0.507628917694092
CZE,2009,labsh,0.509890377521515
CZE,2010,labsh,0.508870661258698
CZE,2011,labsh,0.513243913650513
CZE,2012,labsh,0.521611392498016
CZE,2013,labsh,0.521222233772278
CZE,2014,labsh,0.509506940841675
CZE,2015,labsh,0.503146648406982
CZE,2016,labsh,0.510790586471558
CZE,2017,labsh,0.520398259162903
CZE,2018,labsh,0.535867810249329
CZE,2019,labsh,0.531808316707611
CZE,2020,labsh,0.538415968418121
CZE,2021,labsh,0.532007038593292
CZE,2022,labsh,0.520278811454773
CZE,2023,labsh,0.511502087116242
DEU,2000,labsh,0.661848664283752
DEU,2001,labsh,0.646413683891296
DEU,2002,labsh,0.641230821609497
DEU,2003,labsh,0.639192342758179
DEU,2004,labsh,0.625171422958374
DEU,2005,labsh,0.61660224199295
DEU,2006,labsh,0.602283895015717
DEU,2007,labsh,0.593248248100281
DEU,2008,labsh,0.6085245013237
DEU,2009,labsh,0.630578696727753
DEU,2010,labsh,0.618756055831909
DEU,2011,labsh,0.618771553039551
DEU,2012,labsh,0.629968106746674
DEU,2013,labsh,0.63374650478363
DEU,2014,labsh,0.631911873817444
DEU,2015,labsh,0.632662773132324
DEU,2016,labsh,0.633437514305115
DEU,2017,labsh,0.63476037979126
DEU,2018,labsh,0.644703686237335
DEU,2019,labsh,0.655867576599121
DEU,2020,labsh,0.657273292541504
DEU,2021,labsh,0.637341678142548
DEU,2022,labsh,0.637464284896851
DEU,2023,labsh,0.637351155281067
DNK,2000,labsh,0.624413907527924
DNK,2001,labsh,0.638926148414612
DNK,2002,labsh,0.642050564289093
DNK,2003,labsh,0.643206119537354
DNK,2004,labsh,0.632396459579468
DNK,2005,labsh,0.63110876083374
DNK,2006,labsh,0.628822386264801
DNK,2007,labsh,0.644316136837006
DNK,2008,labsh,0.644185423851013
DNK,2009,labsh,0.666098773479462
DNK,2010,labsh,0.639428198337555
DNK,2011,labsh,0.636041462421417
DNK,2012,labsh,0.630080103874207
DNK,2013,labsh,0.629985153675079
DNK,2014,labsh,0.623840689659119
DNK,2015,labsh,0.624795138835907
DNK,2016,labsh,0.623205482959747
DNK,2017,labsh,0.618127226829529
DNK,2018,labsh,0.623594105243683
DNK,2019,labsh,0.626783907413483
DNK,2020,labsh,0.618594586849213
DNK,2021,labsh,0.592619001865387
DNK,2022,labsh,0.567925989627838
DNK,2023,labsh,0.601182818412781
ESP,2000,labsh,0.649630546569824
ESP,2001,labsh,0.643457055091858
ESP,2002,labsh,0.642015695571899
ESP,2003,labsh,0.638362050056458
ESP,2004,labsh,0.637142717838287
ESP,2005,labsh,0.632956624031067
ESP,2006,labsh,0.631668627262116
ESP,2007,labsh,0.616612493991852
ESP,2008,labsh,0.607204377651215
ESP,2009,labsh,0.600605845451355
ESP,2010,labsh,0.605392575263977
ESP,2011,labsh,0.598026096820831
ESP,2012,labsh,0.585376024246216
ESP,2013,labsh,0.579704642295837
ESP,2014,labsh,0.58068722486496
ESP,2015,labsh,0.583292126655579
ESP,2016,labsh,0.577109694480896
ESP,2017,labsh,0.577075242996216
ESP,2018,labsh,0.580975711345673
ESP,2019,labsh,0.593126058578491
ESP,2020,labsh,0.616052150726318
ESP,2021,labsh,0.617825031280518
ESP,2022,labsh,0.598189532756805
ESP,2023,labsh,0.594492614269257
EST,2000,labsh,0.586897015571594
EST,2001,labsh,0.574303150177002
EST,2002,labsh,0.561601340770721
EST,2003,labsh,0.55776435136795
EST,2004,labsh,0.557866513729096
EST,2005,labsh,0.552694499492645
EST,2006,labsh,0.558895647525787
EST,2007,labsh,0.570177376270294
EST,2008,labsh,0.610175728797913
EST,2009,labsh,0.636008858680725
EST,2010,labsh,0.582771003246307
EST,2011,labsh,0.554378628730774
EST,2012,labsh,0.554197371006012
EST,2013,labsh,0.559221804141998
EST,2014,labsh,0.567865550518036
EST,2015,labsh,0.589030623435974
EST,2016,labsh,0.59398365020752
EST,2017,labsh,0.584855973720551
EST,2018,labsh,0.590327262878418
EST,2019,labsh,0.596545934677124
EST,2020,labsh,0.603726387023926
EST,2021,labsh,0.586597979068756
EST,2022,labsh,0.576008021831513
EST,2023,labsh,0.606712400913239
FIN,2000,labsh,0.560236275196075
FIN,2001,labsh,0.554820656776428
FIN,2002,labsh,0.559508502483368
FIN,2003,labsh,0.563240766525269
FIN,2004,labsh,0.557537317276001
FIN,2005,labsh,0.566015720367432
FIN,2006,labsh,0.566071689128876
FIN,2007,labsh,0.55107045173645
FIN,2008,labsh,0.561909198760986
FIN,2009,labsh,0.597606003284454
FIN,2010,labsh,0.594347298145294
FIN,2011,labsh,0.597608268260956
FIN,2012,labsh,0.61171156167984
FIN,2013,labsh,0.609193205833435
FIN,2014,labsh,0.603710532188416
FIN,2015,labsh,0.596131980419159
FIN,2016,labsh,0.592865586280823
FIN,2017,labsh,0.571427047252655
FIN,2018,labsh,0.576554954051971
FIN,2019,labsh,0.578412890434265
FIN,2020,labsh,0.569117605686188
FIN,2021,labsh,0.576503872871399
FIN,2022,labsh,0.57607901096344
FIN,2023,labsh,0.582876920700073
FRA,2000,labsh,0.640165209770203
FRA,2001,labsh,0.640553832054138
FRA,2002,labsh,0.645952522754669
FRA,2003,labsh,0.645994544029236
FRA,2004,labsh,0.6413214802742
FRA,2005,labsh,0.640329778194428
FRA,2006,labsh,0.636263728141785
FRA,2007,labsh,0.627540647983551
FRA,2008,labsh,0.627383470535278
FRA,2009,labsh,0.643806755542755
FRA,2010,labsh,0.637518703937531
FRA,2011,labsh,0.638834357261658
FRA,2012,labsh,0.646535634994507
FRA,2013,labsh,0.644080758094788
FRA,2014,labsh,0.643806099891663
FRA,2015,labsh,0.639457702636719
FRA,2016,labsh,0.64395534992218
FRA,2017,labsh,0.647948026657105
FRA,2018,labsh,0.649032115936279
FRA,2019,labsh,0.641715407371521
FRA,2020,labsh,0.638886392116547
FRA,2021,labsh,0.632983505725861
FRA,2022,labsh,0.643309414386749
FRA,2023,labsh,0.630978584289551
GBR,2000,labsh,0.598222374916077
GBR,2001,labsh,0.609430253505707
GBR,2002,labsh,0.602538406848908
GBR,2003,labsh,0.596740961074829
GBR,2004,labsh,0.605441391468048
GBR,2005,labsh,0.601074039936066
GBR,2006,labsh,0.606558680534363
GBR,2007,labsh,0.61191588640213
GBR,2008,labsh,0.600943565368652
GBR,2009,labsh,0.609267592430115
GBR,2010,labsh,0.613581418991089
GBR,2011,labsh,0.61012476682663
GBR,2012,labsh,0.602919220924377
GBR,2013,labsh,0.607200682163239
GBR,2014,labsh,0.59627765417099
GBR,2015,labsh,0.595930576324463
GBR,2016,labsh,0.595765888690949
GBR,2017,labsh,0.598658561706543
GBR,2018,labsh,0.601609408855438
GBR,2019,labsh,0.60789304971695
GBR,2020,labsh,0.601251065731049
GBR,2021,labsh,0.60364842414856
GBR,2022,labsh,0.600083351135254
GBR,2023,labsh,0.595121324062347
GRC,2000,labsh,0.530056357383728
GRC,2001,labsh,0.528904557228088
GRC,2002,labsh,0.555566012859345
GRC,2003,labsh,0.554228723049164
GRC,2004,labsh,0.542681276798248
GRC,2005,labsh,0.552316427230835
GRC,2006,labsh,0.546665132045746
GRC,2007,labsh,0.545571684837341
GRC,2008,labsh,0.543301582336426
GRC,2009,labsh,0.554613411426544
GRC,2010,labsh,0.554088532924652
GRC,2011,labsh,0.547340393066406
GRC,2012,labsh,0.548924326896668
GRC,2013,labsh,0.53199976682663
GRC,2014,labsh,0.554626166820526
GRC,2015,labsh,0.55182695388794
GRC,2016,labsh,0.569194912910461
GRC,2017,labsh,0.574471414089203
GRC,2018,labsh,0.568458914756775
GRC,2019,labsh,0.585107862949371
GRC,2020,labsh,0.579330563545227
GRC,2021,labsh,0.578941166400909
GRC,2022,labsh,0.538706183433533
GRC,2023,labsh,0.540112018585205
HUN,2000,labsh,0.608486592769623
HUN,2001,labsh,0.607607960700989
HUN,2002,labsh,0.587432444095612
HUN,2003,labsh,0.607425928115845
HUN,2004,labsh,0.60379296541214
HUN,2005,labsh,0.608136773109436
HUN,2006,labsh,0.588750898838043
HUN,2007,labsh,0.593278467655182
HUN,2008,labsh,0.59200930595398
HUN,2009,labsh,0.587819933891296
HUN,2010,labsh,0.578542709350586
HUN,2011,labsh,0.578401684761047
HUN,2012,labsh,0.594106197357178
HUN,2013,labsh,0.585697770118713
HUN,2014,labsh,0.571379065513611
HUN,2015,labsh,0.563643336296082
HUN,2016,labsh,0.575057625770569
HUN,2017,labsh,0.574086964130402
HUN,2018,labsh,0.56746643781662
HUN,2019,labsh,0.57034957408905
HUN,2020,labsh,0.564104795455933
HUN,2021,labsh,0.542102217674255
HUN,2022,labsh,0.541318535804749
HUN,2023,labsh,0.53658401966095
IRL,2000,labsh,0.485427796840668
IRL,2001,labsh,0.474183022975922
IRL,2002,labsh,0.445635616779327
IRL,2003,labsh,0.455790281295776
IRL,2004,labsh,0.466107934713364
IRL,2005,labsh,0.479631155729294
IRL,2006,labsh,0.489285349845886
IRL,2007,labsh,0.500989079475403
IRL,2008,labsh,0.531657934188843
IRL,2009,labsh,0.522242307662964
IRL,2010,labsh,0.493700057268143
IRL,2011,labsh,0.491163671016693
IRL,2012,labsh,0.484241604804993
IRL,2013,labsh,0.474980026483536
IRL,2014,labsh,0.45130667090416
IRL,2015,labsh,0.338943630456924
IRL,2016,labsh,0.359049260616303
IRL,2017,labsh,0.340818166732788
IRL,2018,labsh,0.331428825855255
IRL,2019,labsh,0.329267382621765
IRL,2020,labsh,0.302549630403519
IRL,2021,labsh,0.285173028707504
IRL,2022,labsh,0.271447777748108
IRL,2023,labsh,0.308987885713577
ISL,2000,labsh,0.67505693435669
ISL,2001,labsh,0.640170276165009
ISL,2002,labsh,0.640511751174927
ISL,2003,labsh,0.66180944442749
ISL,2004,labsh,0.658966481685638
ISL,2005,labsh,0.68545937538147
ISL,2006,labsh,0.709825694561005
ISL,2007,labsh,0.702061414718628
ISL,2008,labsh,0.618200182914734
ISL,2009,labsh,0.540742635726929
ISL,2010,labsh,0.56006646156311
ISL,2011,labsh,0.586355030536652
ISL,2012,labsh,0.602716207504273
ISL,2013,labsh,0.615207731723785
ISL,2014,labsh,0.627044439315796
ISL,2015,labsh,0.617417812347412
ISL,2016,labsh,0.617417812347412
ISL,2017,labsh,0.617417812347412
ISL,2018,labsh,0.617417812347412
ISL,2019,labsh,0.617417812347412
ISL,2020,labsh,0.617417812347412
ISL,2021,labsh,0.617417812347412
ISL,2022,labsh,0.617417812347412
ISL,2023,labsh,0.617417812347412
ISR,2000,labsh,0.543424069881439
ISR,2001,labsh,0.556959450244904
ISR,2002,labsh,0.543571591377258
ISR,2003,labsh,0.529897153377533
ISR,2004,labsh,0.520815312862396
ISR,2005,labsh,0.524838387966156
ISR,2006,labsh,0.529239654541016
ISR,2007,labsh,0.530901849269867
ISR,2008,labsh,0.541210830211639
ISR,2009,labsh,0.518167614936829
ISR,2010,labsh,0.521240293979645
ISR,2011,labsh,0.519848585128784
ISR,2012,labsh,0.517813146114349
ISR,2013,labsh,0.513463795185089
ISR,2014,labsh,0.516384661197662
ISR,2015,labsh,0.518998682498932
ISR,2016,labsh,0.526463747024536
ISR,2017,labsh,0.535468280315399
ISR,2018,labsh,0.541808724403381
ISR,2019,labsh,0.534824013710022
ISR,2020,labsh,0.512693524360657
ISR,2021,labsh,0.51021546125412
ISR,2022,labsh,0.49906313419342
ISR,2023,labsh,0.49906313419342
ITA,2000,labsh,0.51824563741684
ITA,2001,labsh,0.513546466827393
ITA,2002,labsh,0.518223702907562
ITA,2003,labsh,0.521400332450867
ITA,2004,labsh,0.520054519176483
ITA,2005,labsh,0.524599850177765
ITA,2006,labsh,0.528624534606934
ITA,2007,labsh,0.526659727096558
ITA,2008,labsh,0.53032511472702
ITA,2009,labsh,0.54403030872345
ITA,2010,labsh,0.540379881858826
ITA,2011,labsh,0.536399364471436
ITA,2012,labsh,0.544031858444214
ITA,2013,labsh,0.538000285625458
ITA,2014,labsh,0.534724891185761
ITA,2015,labsh,0.536308705806732
ITA,2016,labsh,0.527499735355377
ITA,2017,labsh,0.530141055583954
ITA,2018,labsh,0.534897446632385
ITA,2019,labsh,0.537166178226471
ITA,2020,labsh,0.538550138473511
ITA,2021,labsh,0.530930161476135
ITA,2022,labsh,0.518774628639221
ITA,2023,labsh,0.511646032333374
JPN,2000,labsh,0.573852300643921
JPN,2001,labsh,0.572087109088898
JPN,2002,labsh,0.557095766067505
JPN,2003,labsh,0.550133347511292
JPN,2004,labsh,0.543767869472504
JPN,2005,labsh,0.546317756175995
JPN,2006,labsh,0.551968216896057
JPN,2007,labsh,0.548989593982697
JPN,2008,labsh,0.560106575489044
JPN,2009,labsh,0.570272445678711
JPN,2010,labsh,0.551162242889404
JPN,2011,labsh,0.561342477798462
JPN,2012,labsh,0.55913120508194
JPN,2013,labsh,0.553324937820435
JPN,2014,labsh,0.555949866771698
JPN,2015,labsh,0.545553267002106
JPN,2016,labsh,0.552027106285095
JPN,2017,labsh,0.552249729633331
JPN,2018,labsh,0.563811123371124
JPN,2019,labsh,0.574065268039703
JPN,2020,labsh,0.587774455547333
JPN,2021,labsh,0.585427045822144
JPN,2022,labsh,0.587487876415253
JPN,2023,labsh,0.587487876415253
KOR,2000,labsh,0.529842376708984
KOR,2001,labsh,0.535791516304016
KOR,2002,labsh,0.532225131988525
KOR,2003,labsh,0.537079870700836
KOR,2004,labsh,0.52906084060669
KOR,2005,labsh,0.538777351379395
KOR,2006,labsh,0.547596454620361
KOR,2007,labsh,0.53828501701355
KOR,2008,labsh,0.537844598293304
KOR,2009,labsh,0.529808759689331
KOR,2010,labsh,0.513478875160217
KOR,2011,labsh,0.519022107124329
KOR,2012,labsh,0.520406246185303
KOR,2013,labsh,0.521607935428619
KOR,2014,labsh,0.528251647949219
KOR,2015,labsh,0.529356598854065
KOR,2016,labsh,0.52611917257309
KOR,2017,labsh,0.521432936191559
KOR,2018,labsh,0.528244853019714
KOR,2019,labsh,0.543439209461212
KOR,2020,labsh,0.548438251018524
KOR,2021,labsh,0.538489878177643
KOR,2022,labsh,0.545923173427582
KOR,2023,labsh,0.545923173427582
LTU,2000,labsh,0.526659965515137
LTU,2001,labsh,0.49775043129921
LTU,2002,labsh,0.49779400229454
LTU,2003,labsh,0.494545727968216
LTU,2004,labsh,0.504281640052795
LTU,2005,labsh,0.508270740509033
LTU,2006,labsh,0.528496861457825
LTU,2007,labsh,0.519052803516388
LTU,2008,labsh,0.535319566726685
LTU,2009,labsh,0.536544024944305
LTU,2010,labsh,0.505165815353394
LTU,2011,labsh,0.479361414909363
LTU,2012,labsh,0.472665190696716
LTU,2013,labsh,0.475296944379807
LTU,2014,labsh,0.483830392360687
LTU,2015,labsh,0.508104801177979
LTU,2016,labsh,0.529246687889099
LTU,2017,labsh,0.529542982578278
LTU,2018,labsh,0.530662298202515
LTU,2019,labsh,0.548207700252533
LTU,2020,labsh,0.558141171932221
LTU,2021,labsh,0.564208507537842
LTU,2022,labsh,0.550656616687775
LTU,2023,labsh,0.570802509784699
LUX,2000,labsh,0.479051202535629
LUX,2001,labsh,0.496494919061661
LUX,2002,labsh,0.503710746765137
LUX,2003,labsh,0.491944491863251
LUX,2004,labsh,0.485381007194519
LUX,2005,labsh,0.478952050209045
LUX,2006,labsh,0.445649921894074
LUX,2007,labsh,0.435248970985413
LUX,2008,labsh,0.43077626824379
LUX,2009,labsh,0.45863288640976
LUX,2010,labsh,0.432498008012772
LUX,2011,labsh,0.448648124933243
LUX,2012,labsh,0.440768718719482
LUX,2013,labsh,0.436435163021088
LUX,2014,labsh,0.434313207864761
LUX,2015,labsh,0.420748859643936
LUX,2016,labsh,0.421739995479584
LUX,2017,labsh,0.442137807607651
LUX,2018,labsh,0.46411868929863
LUX,2019,labsh,0.471596986055374
LUX,2020,labsh,0.473881989717484
LUX,2021,labsh,0.452079743146896
LUX,2022,labsh,0.460454404354095
LUX,2023,labsh,0.498331904411316
LVA,2000,labsh,0.526162803173065
LVA,2001,labsh,0.510052740573883
LVA,2002,labsh,0.489564955234528
LVA,2003,labsh,0.500789284706116
LVA,2004,labsh,0.501081645488739
LVA,2005,labsh,0.52805495262146
LVA,2006,labsh,0.54845130443573
LVA,2007,labsh,0.573357701301575
LVA,2008,labsh,0.603334128856659
LVA,2009,labsh,0.575238347053528
LVA,2010,labsh,0.538425922393799
LVA,2011,labsh,0.529349505901337
LVA,2012,labsh,0.51808375120163
LVA,2013,labsh,0.530711114406586
LVA,2014,labsh,0.547397375106812
LVA,2015,labsh,0.567674219608307
LVA,2016,labsh,0.582944810390472
LVA,2017,labsh,0.591814398765564
LVA,2018,labsh,0.606017112731934
LVA,2019,labsh,0.619353294372559
LVA,2020,labsh,0.625892877578735
LVA,2021,labsh,0.583043575286865
LVA,2022,labsh,0.60222327709198
LVA,2023,labsh,0.622257053852081
MEX,2000,labsh,0.358220428228378
MEX,2001,labsh,0.374038606882095
MEX,2002,labsh,0.366966277360916
MEX,2003,labsh,0.362846523523331
MEX,2004,labsh,0.345541328191757
MEX,2005,labsh,0.343340754508972
MEX,2006,labsh,0.333531588315964
MEX,2007,labsh,0.331955283880234
MEX,2008,labsh,0.32946452498436
MEX,2009,labsh,0.358776718378067
MEX,2010,labsh,0.350631505250931
MEX,2011,labsh,0.340907216072083
MEX,2012,labsh,0.334162443876267
MEX,2013,labsh,0.351232379674912
MEX,2014,labsh,0.351327627897263
MEX,2015,labsh,0.354617178440094
MEX,2016,labsh,0.347369760274887
MEX,2017,labsh,0.336444705724716
MEX,2018,labsh,0.338178485631943
MEX,2019,labsh,0.347723752260208
MEX,2020,labsh,0.370297104120255
MEX,2021,labsh,0.379223078489304
MEX,2022,labsh,0.380911499261856
MEX,2023,labsh,0.380911499261856
NLD,2000,labsh,0.617710709571838
NLD,2001,labsh,0.615560829639435
NLD,2002,labsh,0.61729109287262
NLD,2003,labsh,0.618026793003082
NLD,2004,labsh,0.605542302131653
NLD,2005,labsh,0.592363595962524
NLD,2006,labsh,0.576524674892426
NLD,2007,labsh,0.569853186607361
NLD,2008,labsh,0.574468851089478
NLD,2009,labsh,0.599534869194031
NLD,2010,labsh,0.588352978229523
NLD,2011,labsh,0.590582966804504
NLD,2012,labsh,0.596060037612915
NLD,2013,labsh,0.594405710697174
NLD,2014,labsh,0.595055520534515
NLD,2015,labsh,0.581183791160584
NLD,2016,labsh,0.589497625827789
NLD,2017,labsh,0.584768772125244
NLD,2018,labsh,0.588407278060913
NLD,2019,labsh,0.58988344669342
NLD,2020,labsh,0.601096093654633
NLD,2021,labsh,0.579149842262268
NLD,2022,labsh,0.55827134847641
NLD,2023,labsh,0.558655858039856
NOR,2000,labsh,0.477619081735611
NOR,2001,labsh,0.487938463687897
NOR,2002,labsh,0.514778137207031
NOR,2003,labsh,0.504969477653503
NOR,2004,labsh,0.479922860860825
NOR,2005,labsh,0.454549521207809
NOR,2006,labsh,0.445553749799728
NOR,2007,labsh,0.467294871807098
NOR,2008,labsh,0.454235196113586
NOR,2009,labsh,0.506978869438171
NOR,2010,labsh,0.49056750535965
NOR,2011,labsh,0.482362419366837
NOR,2012,labsh,0.484118640422821
NOR,2013,labsh,0.494594097137451
NOR,2014,labsh,0.505017340183258
NOR,2015,labsh,0.528698265552521
NOR,2016,labsh,0.544545829296112
NOR,2017,labsh,0.526189684867859
NOR,2018,labsh,0.511711835861206
NOR,2019,labsh,0.538693726062775
NOR,2020,labsh,0.561712980270386
NOR,2021,labsh,0.484145492315292
NOR,2022,labsh,0.384227871894836
NOR,2023,labsh,0.384227871894836
NZL,2000,labsh,0.539823532104492
NZL,2001,labsh,0.54116415977478
NZL,2002,labsh,0.527591943740845
NZL,2003,labsh,0.52950119972229
NZL,2004,labsh,0.531800091266632
NZL,2005,labsh,0.535917639732361
NZL,2006,labsh,0.547533452510834
NZL,2007,labsh,0.556947708129883
NZL,2008,labsh,0.563100755214691
NZL,2009,labsh,0.56267124414444
NZL,2010,labsh,0.568903565406799
NZL,2011,labsh,0.565270304679871
NZL,2012,labsh,0.562921822071075
NZL,2013,labsh,0.563517093658447
NZL,2014,labsh,0.546429812908173
NZL,2015,labsh,0.544618427753449
NZL,2016,labsh,0.552447855472565
NZL,2017,labsh,0.550411283969879
NZL,2018,labsh,0.552992343902588
NZL,2019,labsh,0.552218377590179
NZL,2020,labsh,0.548028647899628
NZL,2021,labsh,0.554435253143311
NZL,2022,labsh,0.554435253143311
NZL,2023,labsh,0.554435253143311
POL,2000,labsh,0.635995924472809
POL,2001,labsh,0.660335123538971
POL,2002,labsh,0.635908722877502
POL,2003,labsh,0.612605273723602
POL,2004,labsh,0.580995261669159
POL,2005,labsh,0.578975558280945
POL,2006,labsh,0.576782464981079
POL,2007,labsh,0.581963241100311
POL,2008,labsh,0.594759464263916
POL,2009,labsh,0.569524228572846
POL,2010,labsh,0.58503657579422
POL,2011,labsh,0.569330334663391
POL,2012,labsh,0.57293051481247
POL,2013,labsh,0.571743190288544
POL,2014,labsh,0.575035214424133
POL,2015,labsh,0.563421607017517
POL,2016,labsh,0.58200067281723
POL,2017,labsh,0.588657975196838
POL,2018,labsh,0.595241248607636
POL,2019,labsh,0.588259398937225
POL,2020,labsh,0.586686670780182
POL,2021,labsh,0.569613397121429
POL,2022,labsh,0.541407823562622
POL,2023,labsh,0.547969162464142
PRT,2000,labsh,0.650235891342163
PRT,2001,labsh,0.652611017227173
PRT,2002,labsh,0.652115106582642
PRT,2003,labsh,0.64331042766571
PRT,2004,labsh,0.644141435623169
PRT,2005,labsh,0.650777578353882
PRT,2006,labsh,0.639593720436096
PRT,2007,labsh,0.621549248695374
PRT,2008,labsh,0.626192092895508
PRT,2009,labsh,0.622717261314392
PRT,2010,labsh,0.617859661579132
PRT,2011,labsh,0.608696281909943
PRT,2012,labsh,0.590348720550537
PRT,2013,labsh,0.586519181728363
PRT,2014,labsh,0.58274906873703
PRT,2015,labsh,0.581575036048889
PRT,2016,labsh,0.577427625656128
PRT,2017,labsh,0.583992302417755
PRT,2018,labsh,0.595328569412231
PRT,2019,labsh,0.601710617542267
PRT,2020,labsh,0.622707962989807
PRT,2021,labsh,0.624677002429962
PRT,2022,labsh,0.612409949302673
PRT,2023,labsh,0.617257416248322
SVK,2000,labsh,0.517202377319336
SVK,2001,labsh,0.508910238742828
SVK,2002,labsh,0.513437747955322
SVK,2003,labsh,0.507202208042145
SVK,2004,labsh,0.480022728443146
SVK,2005,labsh,0.497822284698486
SVK,2006,labsh,0.483178824186325
SVK,2007,labsh,0.47765839099884
SVK,2008,labsh,0.478230476379395
SVK,2009,labsh,0.507399797439575
SVK,2010,labsh,0.485073804855347
SVK,2011,labsh,0.484423816204071
SVK,2012,labsh,0.478628754615784
SVK,2013,labsh,0.486126244068146
SVK,2014,labsh,0.491581588983536
SVK,2015,labsh,0.493380486965179
SVK,2016,labsh,0.510851144790649
SVK,2017,labsh,0.529194593429565
SVK,2018,labsh,0.543653905391693
SVK,2019,labsh,0.55804705619812
SVK,2020,labsh,0.561634063720703
SVK,2021,labsh,0.554380178451538
SVK,2022,labsh,0.567500948905945
SVK,2023,labsh,0.531750798225403
SVN,2000,labsh,0.666948437690735
SVN,2001,labsh,0.666999995708466
SVN,2002,labsh,0.666325449943543
SVN,2003,labsh,0.653432548046112
SVN,2004,labsh,0.654143929481506
SVN,2005,labsh,0.658162772655487
SVN,2006,labsh,0.644705593585968
SVN,2007,labsh,0.63299697637558
SVN,2008,labsh,0.637328386306763
SVN,2009,labsh,0.656608164310455
SVN,2010,labsh,0.660062432289124
SVN,2011,labsh,0.650430500507355
SVN,2012,labsh,0.651441931724548
SVN,2013,labsh,0.639955818653107
SVN,2014,labsh,0.633083283901215
SVN,2015,labsh,0.63247948884964
SVN,2016,labsh,0.639409363269806
SVN,2017,labsh,0.635349690914154
SVN,2018,labsh,0.640905737876892
SVN,2019,labsh,0.649041712284088
SVN,2020,labsh,0.650995433330536
SVN,2021,labsh,0.653136432170868
SVN,2022,labsh,0.656928718090057
SVN,2023,labsh,0.632693946361542
SWE,2000,labsh,0.594372391700745
SWE,2001,labsh,0.614933967590332
SWE,2002,labsh,0.613138556480408
SWE,2003,labsh,0.609748065471649
SWE,2004,labsh,0.599854171276093
SWE,2005,labsh,0.600912928581238
SWE,2006,labsh,0.589859127998352
SWE,2007,labsh,0.602666318416596
SWE,2008,labsh,0.616986036300659
SWE,2009,labsh,0.626255750656128
SWE,2010,labsh,0.605837225914002
SWE,2011,labsh,0.610658884048462
SWE,2012,labsh,0.632141053676605
SWE,2013,labsh,0.637575209140778
SWE,2014,labsh,0.632192313671112
SWE,2015,labsh,0.617376029491425
SWE,2016,labsh,0.627260029315949
SWE,2017,labsh,0.632584929466248
SWE,2018,labsh,0.639049768447876
SWE,2019,labsh,0.62572169303894
SWE,2020,labsh,0.618475437164307
SWE,2021,labsh,0.608293950557709
SWE,2022,labsh,0.607598006725311
SWE,2023,labsh,0.610155045986176
TUR,2000,labsh,0.435904085636139
TUR,2001,labsh,0.424495428800583
TUR,2002,labsh,0.400415420532227
TUR,2003,labsh,0.398849934339523
TUR,2004,labsh,0.400944322347641
TUR,2005,labsh,0.404191553592682
TUR,2006,labsh,0.399617701768875
TUR,2007,labsh,0.39965894818306
TUR,2008,labsh,0.399790555238724
TUR,2009,labsh,0.399978071451187
TUR,2010,labsh,0.415703028440475
TUR,2011,labsh,0.405392915010452
TUR,2012,labsh,0.424687027931213
TUR,2013,labsh,0.418932437896729
TUR,2014,labsh,0.42489692568779
TUR,2015,labsh,0.427387535572052
TUR,2016,labsh,0.458956331014633
TUR,2017,labsh,0.434718281030655
TUR,2018,labsh,0.427304685115814
TUR,2019,labsh,0.436635941267014
TUR,2020,labsh,0.410553187131882
TUR,2021,labsh,0.390675991773605
TUR,2022,labsh,0.350151389837265
TUR,2023,labsh,0.425564736127853
USA,2000,labsh,0.637149453163147
USA,2001,labsh,0.640334188938141
USA,2002,labsh,0.630113065242767
USA,2003,labsh,0.621593117713928
USA,2004,labsh,0.616968631744385
USA,2005,labsh,0.605560302734375
USA,2006,labsh,0.60552328824997
USA,2007,labsh,0.603033602237701
USA,2008,labsh,0.601492047309876
USA,2009,labsh,0.589809656143189
USA,2010,labsh,0.58552098274231
USA,2011,labsh,0.590189278125763
USA,2012,labsh,0.590813398361206
USA,2013,labsh,0.587222754955292
USA,2014,labsh,0.588285446166992
USA,2015,labsh,0.59088522195816
USA,2016,labsh,0.589166939258575
USA,2017,labsh,0.591320931911469
USA,2018,labsh,0.59057229757309
USA,2019,labsh,0.591832935810089
USA,2020,labsh,0.605639159679413
USA,2021,labsh,0.593877077102661
USA,2022,labsh,0.576183140277863
USA,2023,labsh,0.568302690982819
AUS,2000,pop,19.132471
AUS,2001,pop,19.365433
AUS,2002,pop,19.595355
AUS,2003,pop,19.819454
AUS,2004,pop,20.046677
AUS,2005,pop,20.29449
AUS,2006,pop,20.590559
AUS,2007,pop,20.954549
AUS,2008,pop,21.370589
AUS,2009,pop,21.783011
AUS,2010,pop,22.141581
AUS,2011,pop,22.479775
AUS,2012,pop,22.852644
AUS,2013,pop,23.23627
AUS,2014,pop,23.595601
AUS,2015,pop,23.948002
AUS,2016,pop,24.329963
AUS,2017,pop,24.731038
AUS,2018,pop,25.119706
AUS,2019,pop,25.482714
AUS,2020,pop,25.743791
AUS,2021,pop,25.956417
AUS,2022,pop,26.200984
AUS,2023,pop,26.451124
AUT,2000,pop,8.012928
AUT,2001,pop,8.042233
AUT,2002,pop,8.081636
AUT,2003,pop,8.122602
AUT,2004,pop,8.173491
AUT,2005,pop,8.229204
AUT,2006,pop,8.269898
AUT,2007,pop,8.296952
AUT,2008,pop,8.323253
AUT,2009,pop,8.345066
AUT,2010,pop,8.365092
AUT,2011,pop,8.39327
AUT,2012,pop,8.431601
AUT,2013,pop,8.481406
AUT,2014,pop,8.547817
AUT,2015,pop,8.644039
AUT,2016,pop,8.737915
AUT,2017,pop,8.798778
AUT,2018,pop,8.84165
AUT,2019,pop,8.880876
AUT,2020,pop,8.921405
AUT,2021,pop,8.967057
AUT,2022,pop,9.064677
AUT,2023,pop,9.130429
BEL,2000,pop,10.251717
BEL,2001,pop,10.287004
BEL,2002,pop,10.332973
BEL,2003,pop,10.37626
BEL,2004,pop,10.421292
BEL,2005,pop,10.478886
BEL,2006,pop,10.548442
BEL,2007,pop,10.625493
BEL,2008,pop,10.709708
BEL,2009,pop,10.812935
BEL,2010,pop,10.936626
BEL,2011,pop,11.038631
BEL,2012,pop,11.107518
BEL,2013,pop,11.160276
BEL,2014,pop,11.210119
BEL,2015,pop,11.275335
BEL,2016,pop,11.332701
BEL,2017,pop,11.376581
BEL,2018,pop,11.428605
BEL,2019,pop,11.490618
BEL,2020,pop,11.540107
BEL,2021,pop,11.570844
BEL,2022,pop,11.64182
BEL,2023,pop,11.712893
CAN,2000,pop,30.891803
CAN,2001,pop,31.213577
CAN,2002,pop,31.535577
CAN,2003,pop,31.836482
CAN,2004,pop,32.132678
CAN,2005,pop,32.440173
CAN,2006,pop,32.759171
CAN,2007,pop,33.092171
CAN,2008,pop,33.449085
CAN,2009,pop,33.82637
CAN,2010,pop,34.196899
CAN,2011,pop,34.555452
CAN,2012,pop,34.922516
CAN,2013,pop,35.293433
CAN,2014,pop,35.634264
CAN,2015,pop,35.962234
CAN,2016,pop,36.353343
CAN,2017,pop,36.808497
CAN,2018,pop,37.295005
CAN,2019,pop,37.782935
CAN,2020,pop,38.171902
CAN,2021,pop,38.454057
CAN,2022,pop,38.821259
CAN,2023,pop,39.299105
CHE,2000,pop,7.184007
CHE,2001,pop,7.226391
CHE,2002,pop,7.278752
CHE,2003,pop,7.333447
CHE,2004,pop,7.384194
CHE,2005,pop,7.431823
CHE,2006,pop,7.478509
CHE,2007,pop,7.545381
CHE,2008,pop,7.641728
CHE,2009,pop,7.737645
CHE,2010,pop,7.825753
CHE,2011,pop,7.914372
CHE,2012,pop,7.998926
CHE,2013,pop,8.091202
CHE,2014,pop,8.190235
CHE,2015,pop,8.283934
CHE,2016,pop,8.374901
CHE,2017,pop,8.453628
CHE,2018,pop,8.516344
CHE,2019,pop,8.577524
CHE,2020,pop,8.640582
CHE,2021,pop,8.707023
CHE,2022,pop,8.792182
CHE,2023,pop,8.870561
CHL,2000,pop,15.503635
CHL,2001,pop,15.683849
CHL,2002,pop,15.857925
CHL,2003,pop,16.024752
CHL,2004,pop,16.187322
CHL,2005,pop,16.348778
CHL,2006,pop,16.509195
CHL,2007,pop,16.671581
CHL,2008,pop,16.838988
CHL,2009,pop,17.009731
CHL,2010,pop,17.181464
CHL,2011,pop,17.351816
CHL,2012,pop,17.519119
CHL,2013,pop,17.687006
CHL,2014,pop,17.864195
CHL,2015,pop,18.047625
CHL,2016,pop,18.267221
CHL,2017,pop,18.558868
CHL,2018,pop,18.893191
CHL,2019,pop,19.197744
CHL,2020,pop,19.370624
CHL,2021,pop,19.456334
CHL,2022,pop,19.553036
CHL,2023,pop,19.658835
CHN,2000,pop,1269.581175
CHN,2001,pop,1278.725063
CHN,2002,pop,1286.866839
CHN,2003,pop,1294.517326
CHN,2004,pop,1302.100316
CHN,2005,pop,1310.027136
CHN,2006,pop,1318.054036
CHN,2007,pop,1325.813582
CHN,2008,pop,1333.821016
CHN,2009,pop,1342.522716
CHN,2010,pop,1351.561514
CHN,2011,pop,1360.250664
CHN,2012,pop,1369.520864
CHN,2013,pop,1379.00804
CHN,2014,pop,1387.951972
CHN,2015,pop,1396.134174
CHN,2016,pop,1404.052632
CHN,2017,pop,1412.354727
CHN,2018,pop,1419.008956
CHN,2019,pop,1423.520357
CHN,2020,pop,1426.106093
CHN,2021,pop,1426.437267
CHN,2022,pop,1425.179569
CHN,2023,pop,1422.584933
COL,2000,pop,39.089934
COL,2001,pop,39.709262
COL,2002,pop,40.32468
COL,2003,pop,40.937429
COL,2004,pop,41.543171
COL,2005,pop,42.128977
COL,2006,pop,42.691084
COL,2007,pop,43.235374
COL,2008,pop,43.758808
COL,2009,pop,44.271541
COL,2010,pop,44.777319
COL,2011,pop,45.259614
COL,2012,pop,45.71581
COL,2013,pop,46.151584
COL,2014,pop,46.565429
COL,2015,pop,46.96994
COL,2016,pop,47.437512
COL,2017,pop,48.131078
COL,2018,pop,49.024465
COL,2019,pop,49.907985
COL,2020,pop,50.629997
COL,2021,pop,51.188173
COL,2022,pop,51.737944
COL,2023,pop,52.321152
CRI,2000,pop,3.937739
CRI,2001,pop,4.008947
CRI,2002,pop,4.075705
CRI,2003,pop,4.138784
CRI,2004,pop,4.200078
CRI,2005,pop,4.26124
CRI,2006,pop,4.32134
CRI,2007,pop,4.380248
CRI,2008,pop,4.440056
CRI,2009,pop,4.499791
CRI,2010,pop,4.555962
CRI,2011,pop,4.609833
CRI,2012,pop,4.663934
CRI,2013,pop,4.716147
CRI,2014,pop,4.767119
CRI,2015,pop,4.818038
CRI,2016,pop,4.866998
CRI,2017,pop,4.913177
CRI,2018,pop,4.957818
CRI,2019,pop,4.999553
CRI,2020,pop,5.03432
CRI,2021,pop,5.059988
CRI,2022,pop,5.081765
CRI,2023,pop,5.105525
CZE,2000,pop,10.236804
CZE,2001,pop,10.231936
CZE,2002,pop,10.239468
CZE,2003,pop,10.248912
CZE,2004,pop,10.26145
CZE,2005,pop,10.280153
CZE,2006,pop,10.304588
CZE,2007,pop,10.337543
CZE,2008,pop,10.378292
CZE,2009,pop,10.420985
CZE,2010,pop,10.464035
CZE,2011,pop,10.495511
CZE,2012,pop,10.507335
CZE,2013,pop,10.511163
CZE,2014,pop,10.517226
CZE,2015,pop,10.524416
CZE,2016,pop,10.531948
CZE,2017,pop,10.541342
CZE,2018,pop,10.548937
CZE,2019,pop,10.554875
CZE,2020,pop,10.550129
CZE,2021,pop,10.530683
CZE,2022,pop,10.673213
CZE,2023,pop,10.809716
DEU,2000,pop,81.797258
DEU,2001,pop,81.933885
DEU,2002,pop,82.068326
DEU,2003,pop,82.111615
DEU,2004,pop,82.092708
DEU,2005,pop,82.046731
DEU,2006,pop,81.701971
DEU,2007,pop,81.298542
DEU,2008,pop,81.110777
DEU,2009,pop,80.935283
DEU,2010,pop,80.830924
DEU,2011,pop,80.857874
DEU,2012,pop,80.91639
DEU,2013,pop,81.041582
DEU,2014,pop,81.37608
DEU,2015,pop,82.07755
DEU,2016,pop,82.760102
DEU,2017,pop,83.104007
DEU,2018,pop,83.368505
DEU,2019,pop,83.559186
DEU,2020,pop,83.628708
DEU,2021,pop,83.697083
DEU,2022,pop,84.086227
DEU,2023,pop,84.548231
DNK,2000,pop,5.339658
DNK,2001,pop,5.358828
DNK,2002,pop,5.375959
DNK,2003,pop,5.39062
DNK,2004,pop,5.404598
DNK,2005,pop,5.419555
DNK,2006,pop,5.43742
DNK,2007,pop,5.461607
DNK,2008,pop,5.493764
DNK,2009,pop,5.523173
DNK,2010,pop,5.547863
DNK,2011,pop,5.570849
DNK,2012,pop,5.591917
DNK,2013,pop,5.615333
DNK,2014,pop,5.643794
DNK,2015,pop,5.683701
DNK,2016,pop,5.728201
DNK,2017,pop,5.765168
DNK,2018,pop,5.793824
DNK,2019,pop,5.814618
DNK,2020,pop,5.83153
DNK,2021,pop,5.856776
DNK,2022,pop,5.902904
DNK,2023,pop,5.948136
ESP,2000,pop,41.019774
ESP,2001,pop,41.245599
ESP,2002,pop,41.755704
ESP,2003,pop,42.506543
ESP,2004,pop,43.234566
ESP,2005,pop,43.958885
ESP,2006,pop,44.695448
ESP,2007,pop,45.516507
ESP,2008,pop,46.235054
ESP,2009,pop,46.63518
ESP,2010,pop,46.840471
ESP,2011,pop,46.998043
ESP,2012,pop,47.018323
ESP,2013,pop,46.860389
ESP,2014,pop,46.720188
ESP,2015,pop,46.683686
ESP,2016,pop,46.732771
ESP,2017,pop,46.868596
ESP,2018,pop,47.092821
ESP,2019,pop,47.435119
ESP,2020,pop,47.679489
ESP,2021,pop,47.735664
ESP,2022,pop,47.828382
ESP,2023,pop,47.911579
EST,2000,pop,1.396997
EST,2001,pop,1.388171
EST,2002,pop,1.379435
EST,2003,pop,1.37085
EST,2004,pop,1.362676
EST,2005,pop,1.354848
EST,2006,pop,1.34688
EST,2007,pop,1.340705
EST,2008,pop,1.337074
EST,2009,pop,1.334528
EST,2010,pop,1.331448
EST,2011,pop,1.327358
EST,2012,pop,1.322616
EST,2013,pop,1.317919
EST,2014,pop,1.314452
EST,2015,pop,1.314576
EST,2016,pop,1.315849
EST,2017,pop,1.317425
EST,2018,pop,1.321965
EST,2019,pop,1.326822
EST,2020,pop,1.329669
EST,2021,pop,1.331749
EST,2022,pop,1.350091
EST,2023,pop,1.367196
FIN,2000,pop,5.176202
FIN,2001,pop,5.187971
FIN,2002,pop,5.200546
FIN,2003,pop,5.212955
FIN,2004,pop,5.228148
FIN,2005,pop,5.246082
FIN,2006,pop,5.266247
FIN,2007,pop,5.28871
FIN,2008,pop,5.313377
FIN,2009,pop,5.338856
FIN,2010,pop,5.36335
FIN,2011,pop,5.388241
FIN,2012,pop,5.413971
FIN,2013,pop,5.439053
FIN,2014,pop,5.461684
FIN,2015,pop,5.479717
FIN,2016,pop,5.495469
FIN,2017,pop,5.508396
FIN,2018,pop,5.515736
FIN,2019,pop,5.521759
FIN,2020,pop,5.529612
FIN,2021,pop,5.541075
FIN,2022,pop,5.569299
FIN,2023,pop,5.601185
FRA,2000,pop,61.404918
FRA,2001,pop,61.843576
FRA,2002,pop,62.281563
FRA,2003,pop,62.710292
FRA,2004,pop,63.156878
FRA,2005,pop,63.617228
FRA,2006,pop,64.060149
FRA,2007,pop,64.470141
FRA,2008,pop,64.842856
FRA,2009,pop,65.186042
FRA,2010,pop,65.510017
FRA,2011,pop,65.836675
FRA,2012,pop,66.16917
FRA,2013,pop,66.513021
FRA,2014,pop,66.841142
FRA,2015,pop,67.080971
FRA,2016,pop,67.260373
FRA,2017,pop,67.469032
FRA,2018,pop,67.706406
FRA,2019,pop,67.917133
FRA,2020,pop,68.104157
FRA,2021,pop,68.291492
FRA,2022,pop,68.48668
FRA,2023,pop,68.655641
GBR,2000,pop,59.057338
GBR,2001,pop,59.28809
GBR,2002,pop,59.540763
GBR,2003,pop,59.820385
GBR,2004,pop,60.169967
GBR,2005,pop,60.596108
GBR,2006,pop,61.051094
GBR,2007,pop,61.535855
GBR,2008,pop,62.027306
GBR,2009,pop,62.506226
GBR,2010,pop,63.006483
GBR,2011,pop,63.509285
GBR,2012,pop,63.960484
GBR,2013,pop,64.389388
GBR,2014,pop,64.865916
GBR,2015,pop,65.38211
GBR,2016,pop,65.893358
GBR,2017,pop,66.354471
GBR,2018,pop,66.752475
GBR,2019,pop,67.110958
GBR,2020,pop,67.351861
GBR,2021,pop,67.668792
GBR,2022,pop,68.179315
GBR,2023,pop,68.682962
GRC,2000,pop,10.782635
GRC,2001,pop,10.843164
GRC,2002,pop,10.890285
GRC,2003,pop,10.918471
GRC,2004,pop,10.947365
GRC,2005,pop,10.981334
GRC,2006,pop,11.016103
GRC,2007,pop,11.045737
GRC,2008,pop,11.076872
GRC,2009,pop,11.108069
GRC,2010,pop,11.12467
GRC,2011,pop,11.108844
GRC,2012,pop,11.048298
GRC,2013,pop,10.96754
GRC,2014,pop,10.893166
GRC,2015,pop,10.820903
GRC,2016,pop,10.775504
GRC,2017,pop,10.753533
GRC,2018,pop,10.730844
GRC,2019,pop,10.718576
GRC,2020,pop,10.699369
GRC,2021,pop,10.579561
GRC,2022,pop,10.41248
GRC,2023,pop,10.242908
HUN,2000,pop,10.1906
HUN,2001,pop,10.16669
HUN,2002,pop,10.138466
HUN,2003,pop,10.108963
HUN,2004,pop,10.085791
HUN,2005,pop,10.065706
HUN,2006,pop,10.049943
HUN,2007,pop,10.034082
HUN,2008,pop,10.016657
HUN,2009,pop,10.001378
HUN,2010,pop,9.979129
HUN,2011,pop,9.946676
HUN,2012,pop,9.916623
HUN,2013,pop,9.889346
HUN,2014,pop,9.862842
HUN,2015,pop,9.839211
HUN,2016,pop,9.810532
HUN,2017,pop,9.785604
HUN,2018,pop,9.774394
HUN,2019,pop,9.770346
HUN,2020,pop,9.749457
HUN,2021,pop,9.70785
HUN,2022,pop,9.684306
HUN,2023,pop,9.686463
IRL,2000,pop,3.802585
IRL,2001,pop,3.862981
IRL,2002,pop,3.928443
IRL,2003,pop,3.992935
IRL,2004,pop,4.066064
IRL,2005,pop,4.155284
IRL,2006,pop,4.268778
IRL,2007,pop,4.393513
IRL,2008,pop,4.485999
IRL,2009,pop,4.533752
IRL,2010,pop,4.55908
IRL,2011,pop,4.579602
IRL,2012,pop,4.600132
IRL,2013,pop,4.624686
IRL,2014,pop,4.658239
IRL,2015,pop,4.702487
IRL,2016,pop,4.753503
IRL,2017,pop,4.810261
IRL,2018,pop,4.872556
IRL,2019,pop,4.933491
IRL,2020,pop,4.982606
IRL,2021,pop,5.028426
IRL,2022,pop,5.110016
IRL,2023,pop,5.19663
ISL,2000,pop,0.28128
ISL,2001,pop,0.285053
ISL,2002,pop,0.287607
ISL,2003,pop,0.289605
ISL,2004,pop,0.292168
ISL,2005,pop,0.296834
ISL,2006,pop,0.303874
ISL,2007,pop,0.311651
ISL,2008,pop,0.317514
ISL,2009,pop,0.318612
ISL,2010,pop,0.318158
ISL,2011,pop,0.319137
ISL,2012,pop,0.320841
ISL,2013,pop,0.323885
ISL,2014,pop,0.327512
ISL,2015,pop,0.330952
ISL,2016,pop,0.335574
ISL,2017,pop,0.343531
ISL,2018,pop,0.352854
ISL,2019,pop,0.3607
ISL,2020,pop,0.366614
ISL,2021,pop,0.372644
ISL,2022,pop,0.380356
ISL,2023,pop,0.387558
ISR,2000,pop,6.11119
ISR,2001,pop,6.259982
ISR,2002,pop,6.38772
ISR,2003,pop,6.50282
ISR,2004,pop,6.615087
ISR,2005,pop,6.728206
ISR,2006,pop,6.844032
ISR,2007,pop,6.962455
ISR,2008,pop,7.08262
ISR,2009,pop,7.206096
ISR,2010,pop,7.336735
ISR,2011,pop,7.471023
ISR,2012,pop,7.60778
ISR,2013,pop,7.749379
ISR,2014,pop,7.897179
ISR,2015,pop,8.052908
ISR,2016,pop,8.210005
ISR,2017,pop,8.361797
ISR,2018,pop,8.510067
ISR,2019,pop,8.657474
ISR,2020,pop,8.800376
ISR,2021,pop,8.942924
ISR,2022,pop,9.103151
ISR,2023,pop,9.256314
ITA,2000,pop,57.272196
ITA,2001,pop,57.30576
ITA,2002,pop,57.420628
ITA,2003,pop,57.739699
ITA,2004,pop,58.176738
ITA,2005,pop,58.519693
ITA,2006,pop,58.754433
ITA,2007,pop,59.10872
ITA,2008,pop,59.561684
ITA,2009,pop,59.90401
ITA,2010,pop,60.164213
ITA,2011,pop,60.36788
ITA,2012,pop,60.531515
ITA,2013,pop,60.653868
ITA,2014,pop,60.664171
ITA,2015,pop,60.575316
ITA,2016,pop,60.478107
ITA,2017,pop,60.390318
ITA,2018,pop,60.277499
ITA,2019,pop,60.130136
ITA,2020,pop,59.912769
ITA,2021,pop,59.72935
ITA,2022,pop,59.619115
ITA,2023,pop,59.499453
JPN,2000,pop,127.027789
JPN,2001,pop,127.260148
JPN,2002,pop,127.484598
JPN,2003,pop,127.671251
JPN,2004,pop,127.815774
JPN,2005,pop,127.91333
JPN,2006,pop,127.997247
JPN,2007,pop,128.087682
JPN,2008,pop,128.15599
JPN,2009,pop,128.19247
JPN,2010,pop,128.185275
JPN,2011,pop,128.096432
JPN,2012,pop,127.928285
JPN,2013,pop,127.723645
JPN,2014,pop,127.486605
JPN,2015,pop,127.275872
JPN,2016,pop,127.159951
JPN,2017,pop,127.06469
JPN,2018,pop,126.913432
JPN,2019,pop,126.699424
JPN,2020,pop,126.304543
JPN,2021,pop,125.679338
JPN,2022,pop,124.997578
JPN,2023,pop,124.370947
KOR,2000,pop,46.766661
KOR,2001,pop,47.043468
KOR,2002,pop,47.29912
KOR,2003,pop,47.51416
KOR,2004,pop,47.697075
KOR,2005,pop,47.851644
KOR,2006,pop,48.006518
KOR,2007,pop,48.178118
KOR,2008,pop,48.356493
KOR,2009,pop,48.546687
KOR,2010,pop,48.769332
KOR,2011,pop,49.127643
KOR,2012,pop,49.599579
KOR,2013,pop,50.071164
KOR,2014,pop,50.539056
KOR,2015,pop,50.983912
KOR,2016,pop,51.297839
KOR,2017,pop,51.48627
KOR,2018,pop,51.640894
KOR,2019,pop,51.767846
KOR,2020,pop,51.858482
KOR,2021,pop,51.848397
KOR,2022,pop,51.782512
KOR,2023,pop,51.748739
LTU,2000,pop,3.500402
LTU,2001,pop,3.473004
LTU,2002,pop,3.44405
LTU,2003,pop,3.415278
LTU,2004,pop,3.376699
LTU,2005,pop,3.322263
LTU,2006,pop,3.269808
LTU,2007,pop,3.231374
LTU,2008,pop,3.198481
LTU,2009,pop,3.163254
LTU,2010,pop,3.09772
LTU,2011,pop,3.028642
LTU,2012,pop,2.988329
LTU,2013,pop,2.95836
LTU,2014,pop,2.933168
LTU,2015,pop,2.905764
LTU,2016,pop,2.86911
LTU,2017,pop,2.829313
LTU,2018,pop,2.802478
LTU,2019,pop,2.795058
LTU,2020,pop,2.795765
LTU,2021,pop,2.794488
LTU,2022,pop,2.816919
LTU,2023,pop,2.854099
LUX,2000,pop,0.436132
LUX,2001,pop,0.441752
LUX,2002,pop,0.446389
LUX,2003,pop,0.451838
LUX,2004,pop,0.458296
LUX,2005,pop,0.465363
LUX,2006,pop,0.472866
LUX,2007,pop,0.48027
LUX,2008,pop,0.48899
LUX,2009,pop,0.498187
LUX,2010,pop,0.50741
LUX,2011,pop,0.518584
LUX,2012,pop,0.530947
LUX,2013,pop,0.543354
LUX,2014,pop,0.556279
LUX,2015,pop,0.569536
LUX,2016,pop,0.583506
LUX,2017,pop,0.596495
LUX,2018,pop,0.608101
LUX,2019,pop,0.620163
LUX,2020,pop,0.630597
LUX,2021,pop,0.640274
LUX,2022,pop,0.653313
LUX,2023,pop,0.665098
LVA,2000,pop,2.368313
LVA,2001,pop,2.338301
LVA,2002,pop,2.311351
LVA,2003,pop,2.288984
LVA,2004,pop,2.264174
LVA,2005,pop,2.239784
LVA,2006,pop,2.219032
LVA,2007,pop,2.200776
LVA,2008,pop,2.177711
LVA,2009,pop,2.142043
LVA,2010,pop,2.097831
LVA,2011,pop,2.059941
LVA,2012,pop,2.034633
LVA,2013,pop,2.01301
LVA,2014,pop,1.994149
LVA,2015,pop,1.977867
LVA,2016,pop,1.959863
LVA,2017,pop,1.942594
LVA,2018,pop,1.927588
LVA,2019,pop,1.914263
LVA,2020,pop,1.901123
LVA,2021,pop,1.885587
LVA,2022,pop,1.881063
LVA,2023,pop,1.882396
MEX,2000,pop,98.625552
MEX,2001,pop,100.099099
MEX,2002,pop,101.548624
MEX,2003,pop,102.978515
MEX,2004,pop,104.394131
MEX,2005,pop,105.811504
MEX,2006,pop,107.253666
MEX,2007,pop,108.77436
MEX,2008,pop,110.374288
MEX,2009,pop,111.999721
MEX,2010,pop,113.623895
MEX,2011,pop,115.243504
MEX,2012,pop,116.818208
MEX,2013,pop,118.343573
MEX,2014,pop,119.784261
MEX,2015,pop,121.072306
MEX,2016,pop,122.251351
MEX,2017,pop,123.400057
MEX,2018,pop,124.573711
MEX,2019,pop,125.762982
MEX,2020,pop,126.799054
MEX,2021,pop,127.648148
MEX,2022,pop,128.613117
MEX,2023,pop,129.739759
NLD,2000,pop,16.05876
NLD,2001,pop,16.182705
NLD,2002,pop,16.288051
NLD,2003,pop,16.366912
NLD,2004,pop,16.425566
NLD,2005,pop,16.46571
NLD,2006,pop,16.493852
NLD,2007,pop,16.531357
NLD,2008,pop,16.597258
NLD,2009,pop,16.68415
NLD,2010,pop,16.771235
NLD,2011,pop,16.851057
NLD,2012,pop,16.915194
NLD,2013,pop,16.967063
NLD,2014,pop,17.030089
NLD,2015,pop,17.107433
NLD,2016,pop,17.204693
NLD,2017,pop,17.31537
NLD,2018,pop,17.42128
NLD,2019,pop,17.537507
NLD,2020,pop,17.636731
NLD,2021,pop,17.730564
NLD,2022,pop,17.904421
NLD,2023,pop,18.092524
NOR,2000,pop,4.490867
NOR,2001,pop,4.513657
NOR,2002,pop,4.538014
NOR,2003,pop,4.564669
NOR,2004,pop,4.591743
NOR,2005,pop,4.623124
NOR,2006,pop,4.660494
NOR,2007,pop,4.70901
NOR,2008,pop,4.768101
NOR,2009,pop,4.828623
NOR,2010,pop,4.889162
NOR,2011,pop,4.952968
NOR,2012,pop,5.018458
NOR,2013,pop,5.080124
NOR,2014,pop,5.137395
NOR,2015,pop,5.189771
NOR,2016,pop,5.235983
NOR,2017,pop,5.276802
NOR,2018,pop,5.311752
NOR,2019,pop,5.34773
NOR,2020,pop,5.379274
NOR,2021,pop,5.408091
NOR,2022,pop,5.456801
NOR,2023,pop,5.519167
NZL,2000,pop,3.857574
NZL,2001,pop,3.891762
NZL,2002,pop,3.951119
NZL,2003,pop,4.022586
NZL,2004,pop,4.08391
NZL,2005,pop,4.135007
NZL,2006,pop,4.18194
NZL,2007,pop,4.223266
NZL,2008,pop,4.261824
NZL,2009,pop,4.304304
NZL,2010,pop,4.34777
NZL,2011,pop,4.3827
NZL,2012,pop,4.411676
NZL,2013,pop,4.453851
NZL,2014,pop,4.522983
NZL,2015,pop,4.614029
NZL,2016,pop,4.71477
NZL,2017,pop,4.812752
NZL,2018,pop,4.900847
NZL,2019,pop,4.989403
NZL,2020,pop,5.069895
NZL,2021,pop,5.107697
NZL,2022,pop,5.131734
NZL,2023,pop,5.172836
POL,2000,pop,38.258071
POL,2001,pop,38.247357
POL,2002,pop,38.229408
POL,2003,pop,38.203524
POL,2004,pop,38.167572
POL,2005,pop,38.124379
POL,2006,pop,38.071167
POL,2007,pop,38.020421
POL,2008,pop,37.995902
POL,2009,pop,38.002155
POL,2010,pop,38.095351
POL,2011,pop,38.208643
POL,2012,pop,38.247868
POL,2013,pop,38.259262
POL,2014,pop,38.265113
POL,2015,pop,38.266314
POL,2016,pop,38.263265
POL,2017,pop,38.254959
POL,2018,pop,38.241071
POL,2019,pop,38.225885
POL,2020,pop,38.171012
POL,2021,pop,38.040302
POL,2022,pop,38.385739
POL,2023,pop,38.762844
PRT,2000,pop,10.283204
PRT,2001,pop,10.354325
PRT,2002,pop,10.413044
PRT,2003,pop,10.454245
PRT,2004,pop,10.481381
PRT,2005,pop,10.502994
PRT,2006,pop,10.52412
PRT,2007,pop,10.546825
PRT,2008,pop,10.564081
PRT,2009,pop,10.576267
PRT,2010,pop,10.57866
PRT,2011,pop,10.557052
PRT,2012,pop,10.51315
PRT,2013,pop,10.458298
PRT,2014,pop,10.406199
PRT,2015,pop,10.370267
PRT,2016,pop,10.346372
PRT,2017,pop,10.330844
PRT,2018,pop,10.325353
PRT,2019,pop,10.343213
PRT,2020,pop,10.370519
PRT,2021,pop,10.390956
PRT,2022,pop,10.417073
PRT,2023,pop,10.430738
SVK,2000,pop,5.379999
SVK,2001,pop,5.379437
SVK,2002,pop,5.377688
SVK,2003,pop,5.376196
SVK,2004,pop,5.376038
SVK,2005,pop,5.376695
SVK,2006,pop,5.376846
SVK,2007,pop,5.376999
SVK,2008,pop,5.37912
SVK,2009,pop,5.385073
SVK,2010,pop,5.391851
SVK,2011,pop,5.398109
SVK,2012,pop,5.404871
SVK,2013,pop,5.410422
SVK,2014,pop,5.41523
SVK,2015,pop,5.420278
SVK,2016,pop,5.427259
SVK,2017,pop,5.4357
SVK,2018,pop,5.443232
SVK,2019,pop,5.450626
SVK,2020,pop,5.455024
SVK,2021,pop,5.442759
SVK,2022,pop,5.473197
SVK,2023,pop,5.518055
SVN,2000,pop,1.986816
SVN,2001,pop,1.989679
SVN,2002,pop,1.991572
SVN,2003,pop,1.99249
SVN,2004,pop,1.993545
SVN,2005,pop,1.996914
SVN,2006,pop,2.003114
SVN,2007,pop,2.014158
SVN,2008,pop,2.025085
SVN,2009,pop,2.035608
SVN,2010,pop,2.044612
SVN,2011,pop,2.048804
SVN,2012,pop,2.053321
SVN,2013,pop,2.056441
SVN,2014,pop,2.058401
SVN,2015,pop,2.059947
SVN,2016,pop,2.061373
SVN,2017,pop,2.06241
SVN,2018,pop,2.069481
SVN,2019,pop,2.083439
SVN,2020,pop,2.102419
SVN,2021,pop,2.113494
SVN,2022,pop,2.115228
SVN,2023,pop,2.118396
SWE,2000,pop,8.872101
SWE,2001,pop,8.896022
SWE,2002,pop,8.925047
SWE,2003,pop,8.958431
SWE,2004,pop,8.993808
SWE,2005,pop,9.029771
SWE,2006,pop,9.080623
SWE,2007,pop,9.148274
SWE,2008,pop,9.2199
SWE,2009,pop,9.29874
SWE,2010,pop,9.378232
SWE,2011,pop,9.449259
SWE,2012,pop,9.519487
SWE,2013,pop,9.60062
SWE,2014,pop,9.696433
SWE,2015,pop,9.799481
SWE,2016,pop,9.92328
SWE,2017,pop,10.057862
SWE,2018,pop,10.175405
SWE,2019,pop,10.279125
SWE,2020,pop,10.353686
SWE,2021,pop,10.416131
SWE,2022,pop,10.487338
SWE,2023,pop,10.551494
TUR,2000,pop,65.425961
TUR,2001,pop,66.245128
TUR,2002,pop,67.048795
TUR,2003,pop,67.83173
TUR,2004,pop,68.592617
TUR,2005,pop,69.329557
TUR,2006,pop,70.045349
TUR,2007,pop,70.750586
TUR,2008,pop,71.562338
TUR,2009,pop,72.464848
TUR,2010,pop,73.346769
TUR,2011,pop,74.215203
TUR,2012,pop,75.197198
TUR,2013,pop,76.403031
TUR,2014,pop,78.036154
TUR,2015,pop,80.014226
TUR,2016,pop,81.652088
TUR,2017,pop,83.083662
TUR,2018,pop,84.415969
TUR,2019,pop,85.357672
TUR,2020,pop,86.091692
TUR,2021,pop,86.686253
TUR,2022,pop,87.058473
TUR,2023,pop,87.270501
USA,2000,pop,281.484131
USA,2001,pop,284.279639
USA,2002,pop,287.084338
USA,2003,pop,289.9081
USA,2004,pop,292.786253
USA,2005,pop,295.716664
USA,2006,pop,298.730209
USA,2007,pop,301.844226
USA,2008,pop,304.970333
USA,2009,pop,308.023454
USA,2010,pop,311.06279
USA,2011,pop,314.105078
USA,2012,pop,317.115355
USA,2013,pop,320.110759
USA,2014,pop,323.115377
USA,2015,pop,326.126497
USA,2016,pop,329.179427
USA,2017,pop,332.20466
USA,2018,pop,335.056497
USA,2019,pop,337.790067
USA,2020,pop,339.436159
USA,2021,pop,340.161441
USA,2022,pop,341.534046
USA,2023,pop,343.477335
