reporter_code,partner_code,year,flow,cmd,value_usd,classification,note,country_iso3
36,0,2010,M,8542,568323684.0,H3,world_partner,AUS
36,0,2010,X,8542,79618508.0,H3,world_partner,AUS
40,0,2010,M,8542,781081491.0,H3,world_partner,AUT
40,0,2010,X,8542,872905134.0,H3,world_partner,AUT
56,0,2010,M,8542,699972769.976,H3,world_partner,BEL
56,0,2010,X,8542,507735225.893,H3,world_partner,BEL
124,0,2010,M,8542,3457904790.0,H3,world_partner,CAN
124,0,2010,X,8542,1585044717.0,H3,world_partner,CAN
152,0,2010,M,8542,37814098.592,H3,world_partner,CHL
152,0,2010,X,8542,1296202.751,H3,world_partner,CHL
156,0,2010,M,8542,158009698431.0,H3,world_partner,CHN
156,0,2010,X,8542,29608267071.0,H3,world_partner,CHN
170,0,2010,M,8542,50919873.0,H3,world_partner,COL
170,0,2010,X,8542,2338862.0,H3,world_partner,COL
188,0,2010,M,8542,1164924382.0,H3,world_partner,CRI
188,0,2010,X,8542,930670077.0,H3,world_partner,CRI
203,0,2010,M,8542,2326298607.0,H3,world_partner,CZE
203,0,2010,X,8542,996273671.0,H3,world_partner,CZE
208,0,2010,M,8542,270167237.0,H3,world_partner,DNK
208,0,2010,X,8542,132348317.0,H3,world_partner,DNK
233,0,2010,M,8542,199188421.0,H3,world_partner,EST
233,0,2010,X,8542,19161570.0,H3,world_partner,EST
246,0,2010,M,8542,333648825.0,H3,world_partner,FIN
246,0,2010,X,8542,87005191.0,H3,world_partner,FIN
251,0,2010,M,8542,5267334882.0,H3,world_partner,FRA
251,0,2010,X,8542,7086020832.0,H3,world_partner,FRA
276,0,2010,M,8542,12625393007.411,H3,world_partner,DEU
276,0,2010,X,8542,10166784949.55,H3,world_partner,DEU
300,0,2010,M,8542,103026195.0,H3,world_partner,GRC
300,0,2010,X,8542,22115248.0,H3,world_partner,GRC
348,0,2010,M,8542,3375535000.0,H3,world_partner,HUN
348,0,2010,X,8542,474008000.0,H3,world_partner,HUN
352,0,2010,M,8542,3191236.0,H3,world_partner,ISL
352,0,2010,X,8542,27876.0,H3,world_partner,ISL
372,0,2010,M,8542,846469338.052,H3,world_partner,IRL
372,0,2010,X,8542,2042510897.514,H3,world_partner,IRL
376,0,2010,M,8542,1134329000.0,H3,world_partner,ISR
376,0,2010,X,8542,2358885000.0,H3,world_partner,ISR
380,0,2010,M,8542,2129773177.0,H3,world_partner,ITA
380,0,2010,X,8542,1865267849.0,H3,world_partner,ITA
392,0,2010,M,8542,20419452968.0,H3,world_partner,JPN
392,0,2010,X,8542,34532077600.0,H3,world_partner,JPN
410,0,2010,M,8542,23836272830.0,H3,world_partner,KOR
410,0,2010,X,8542,37904491607.0,H3,world_partner,KOR
428,0,2010,M,8542,37382793.0,H3,world_partner,LVA
428,0,2010,X,8542,10081317.0,H3,world_partner,LVA
440,0,2010,M,8542,37456532.0,H3,world_partner,LTU
440,0,2010,X,8542,8248652.0,H3,world_partner,LTU
442,0,2010,M,8542,46283729.0,H3,world_partner,LUX
442,0,2010,X,8542,18850882.0,H3,world_partner,LUX
484,0,2010,M,8542,10658225742.0,H3,world_partner,MEX
484,0,2010,X,8542,927088262.0,H3,world_partner,MEX
528,0,2010,M,8542,2651003555.0,H3,world_partner,NLD
528,0,2010,X,8542,3892398861.0,H3,world_partner,NLD
554,0,2010,M,8542,57788256.71,H3,world_partner,NZL
554,0,2010,X,8542,5572143.639,H3,world_partner,NZL
579,0,2010,M,8542,173538876.0,H3,world_partner,NOR
579,0,2010,X,8542,64198425.0,H3,world_partner,NOR
616,0,2010,M,8542,1795766965.0,H3,world_partner,POL
616,0,2010,X,8542,150900973.0,H3,world_partner,POL
620,0,2010,M,8542,368211770.0,H3,world_partner,PRT
620,0,2010,X,8542,31189543.0,H3,world_partner,PRT
703,0,2010,M,8542,777482785.106,H3,world_partner,SVK
703,0,2010,X,8542,198461131.451,H3,world_partner,SVK
705,0,2010,M,8542,47475158.0,H3,world_partner,SVN
705,0,2010,X,8542,10186271.0,H3,world_partner,SVN
724,0,2010,M,8542,620864746.053,H3,world_partner,ESP
724,0,2010,X,8542,167877732.453,H3,world_partner,ESP
752,0,2010,M,8542,3442333514.0,H3,world_partner,SWE
752,0,2010,X,8542,817694875.0,H3,world_partner,SWE
757,0,2010,M,8542,697567668.0,H3,world_partner,CHE
757,0,2010,X,8542,414305002.0,H3,world_partner,CHE
792,0,2010,M,8542,470671280.0,H3,world_partner,TUR
792,0,2010,X,8542,18009418.0,H3,world_partner,TUR
826,0,2010,M,8542,2971306076.0,H3,world_partner,GBR
826,0,2010,X,8542,2487334957.0,H3,world_partner,GBR
842,0,2010,M,8542,21849352954.0,H3,world_partner,USA
842,0,2010,X,8542,37684147374.0,H3,world_partner,USA
36,0,2010,X,TOTAL,212108726296.0,H3,world_partner,AUS
40,0,2010,X,TOTAL,144882002012.0,H3,world_partner,AUT
56,0,2010,X,TOTAL,274724245144.588,H3,world_partner,BEL
124,0,2010,X,TOTAL,386579899704.0,H3,world_partner,CAN
152,0,2010,X,TOTAL,71419914497.583,H3,world_partner,CHL
156,0,2010,X,TOTAL,1577763750888.0,H3,world_partner,CHN
170,0,2010,X,TOTAL,39819528642.0,H3,world_partner,COL
188,0,2010,X,TOTAL,9044840676.0,H3,world_partner,CRI
203,0,2010,X,TOTAL,132140913815.0,H3,world_partner,CZE
208,0,2010,X,TOTAL,96216730270.0,H3,world_partner,DNK
233,0,2010,X,TOTAL,12811364478.0,H3,world_partner,EST
246,0,2010,X,TOTAL,70116501475.0,H3,world_partner,FIN
251,0,2010,X,TOTAL,511651042741.0,H3,world_partner,FRA
276,0,2010,X,TOTAL,1267743108880.736,H3,world_partner,DEU
300,0,2010,X,TOTAL,27585695544.0,H3,world_partner,GRC
348,0,2010,X,TOTAL,94748737000.0,H3,world_partner,HUN
352,0,2010,X,TOTAL,4603089478.0,H3,world_partner,ISL
372,0,2010,X,TOTAL,120538527500.036,H3,world_partner,IRL
376,0,2010,X,TOTAL,58413028000.0,H3,world_partner,ISR
380,0,2010,X,TOTAL,446839829715.0,H3,world_partner,ITA
392,0,2010,X,TOTAL,769773832480.0,H3,world_partner,JPN
410,0,2010,X,TOTAL,466380619660.0,H3,world_partner,KOR
428,0,2010,X,TOTAL,8850801231.0,H3,world_partner,LVA
440,0,2010,X,TOTAL,20813922632.0,H3,world_partner,LTU
442,0,2010,X,TOTAL,13911259203.0,H3,world_partner,LUX
484,0,2010,X,TOTAL,298305075136.0,H3,world_partner,MEX
528,0,2010,X,TOTAL,492645871626.0,H3,world_partner,NLD
554,0,2010,X,TOTAL,31363410795.044,H3,world_partner,NZL
579,0,2010,X,TOTAL,130656792431.0,H3,world_partner,NOR
616,0,2010,X,TOTAL,157064948463.0,H3,world_partner,POL
620,0,2010,X,TOTAL,49414051268.0,H3,world_partner,PRT
703,0,2010,X,TOTAL,65289364866.118,H3,world_partner,SVK
705,0,2010,X,TOTAL,24434752222.0,H3,world_partner,SVN
724,0,2010,X,TOTAL,247565705857.749,H3,world_partner,ESP
752,0,2010,X,TOTAL,158410621989.0,H3,world_partner,SWE
757,0,2010,X,TOTAL,195609280170.0,H3,world_partner,CHE
792,0,2010,X,TOTAL,113883219184.0,H3,world_partner,TUR
826,0,2010,X,TOTAL,422014118473.0,H3,world_partner,GBR
842,0,2010,X,TOTAL,1278099187391.0,H3,world_partner,USA
36,0,2010,M,8486,16519790.0,H3,world_partner,AUS
36,0,2010,X,8486,7042540.0,H3,world_partner,AUS
40,0,2010,M,8486,221230191.0,H3,world_partner,AUT
40,0,2010,X,8486,474053822.0,H3,world_partner,AUT
56,0,2010,M,8486,88002482.643,H3,world_partner,BEL
56,0,2010,X,8486,22594201.98,H3,world_partner,BEL
124,0,2010,M,8486,46881096.0,H3,world_partner,CAN
124,0,2010,X,8486,21344018.0,H3,world_partner,CAN
152,0,2010,M,8486,849734.68,H3,world_partner,CHL
152,0,2010,X,8486,115559.86,H3,world_partner,CHL
156,0,2010,M,8486,11454250064.0,H3,world_partner,CHN
156,0,2010,X,8486,1025423930.0,H3,world_partner,CHN
170,0,2010,M,8486,351539.0,H3,world_partner,COL
170,0,2010,X,8486,88.0,H3,world_partner,COL
188,0,2010,M,8486,39541413.0,H3,world_partner,CRI
188,0,2010,X,8486,1885083.0,H3,world_partner,CRI
203,0,2010,M,8486,28364718.0,H3,world_partner,CZE
203,0,2010,X,8486,7146728.0,H3,world_partner,CZE
208,0,2010,M,8486,61137192.0,H3,world_partner,DNK
208,0,2010,X,8486,42073927.0,H3,world_partner,DNK
233,0,2010,M,8486,2041983.0,H3,world_partner,EST
233,0,2010,X,8486,1134467.0,H3,world_partner,EST
246,0,2010,M,8486,8584226.0,H3,world_partner,FIN
246,0,2010,X,8486,13124847.0,H3,world_partner,FIN
251,0,2010,M,8486,700812557.0,H3,world_partner,FRA
251,0,2010,X,8486,110329071.0,H3,world_partner,FRA
276,0,2010,M,8486,2023998475.782,H3,world_partner,DEU
276,0,2010,X,8486,3405735856.54,H3,world_partner,DEU
300,0,2010,M,8486,15430054.0,H3,world_partner,GRC
300,0,2010,X,8486,11311448.0,H3,world_partner,GRC
348,0,2010,M,8486,27805000.0,H3,world_partner,HUN
348,0,2010,X,8486,17043000.0,H3,world_partner,HUN
352,0,2010,M,8486,9373.0,H3,world_partner,ISL
372,0,2010,M,8486,76453725.538,H3,world_partner,IRL
372,0,2010,X,8486,18577977.602,H3,world_partner,IRL
376,0,2010,M,8486,169766000.0,H3,world_partner,ISR
376,0,2010,X,8486,108372000.0,H3,world_partner,ISR
380,0,2010,M,8486,244163309.0,H3,world_partner,ITA
380,0,2010,X,8486,556093798.0,H3,world_partner,ITA
392,0,2010,M,8486,2192838989.0,H3,world_partner,JPN
392,0,2010,X,8486,19083220311.0,H3,world_partner,JPN
410,0,2010,M,8486,11076064424.0,H3,world_partner,KOR
410,0,2010,X,8486,2286957203.0,H3,world_partner,KOR
428,0,2010,M,8486,542512.0,H3,world_partner,LVA
428,0,2010,X,8486,683490.0,H3,world_partner,LVA
440,0,2010,M,8486,159953.0,H3,world_partner,LTU
440,0,2010,X,8486,4310760.0,H3,world_partner,LTU
442,0,2010,M,8486,3722587.0,H3,world_partner,LUX
442,0,2010,X,8486,540181.0,H3,world_partner,LUX
484,0,2010,M,8486,104239266.0,H3,world_partner,MEX
484,0,2010,X,8486,19612982.0,H3,world_partner,MEX
528,0,2010,M,8486,1019964409.0,H3,world_partner,NLD
528,0,2010,X,8486,6435823587.0,H3,world_partner,NLD
554,0,2010,M,8486,1062569.634,H3,world_partner,NZL
554,0,2010,X,8486,679848.001,H3,world_partner,NZL
579,0,2010,M,8486,17469942.0,H3,world_partner,NOR
579,0,2010,X,8486,536162.0,H3,world_partner,NOR
616,0,2010,M,8486,25297168.0,H3,world_partner,POL
616,0,2010,X,8486,5111418.0,H3,world_partner,POL
620,0,2010,M,8486,22308765.0,H3,world_partner,PRT
620,0,2010,X,8486,7556800.0,H3,world_partner,PRT
703,0,2010,M,8486,50452345.217,H3,world_partner,SVK
703,0,2010,X,8486,65557115.297,H3,world_partner,SVK
705,0,2010,M,8486,3594273.0,H3,world_partner,SVN
705,0,2010,X,8486,940815.0,H3,world_partner,SVN
724,0,2010,M,8486,29693201.17,H3,world_partner,ESP
724,0,2010,X,8486,15986819.993,H3,world_partner,ESP
752,0,2010,M,8486,15431204.0,H3,world_partner,SWE
752,0,2010,X,8486,50723405.0,H3,world_partner,SWE
757,0,2010,M,8486,120951800.0,H3,world_partner,CHE
757,0,2010,X,8486,1573699924.0,H3,world_partner,CHE
792,0,2010,M,8486,7166520.0,H3,world_partner,TUR
792,0,2010,X,8486,4530026.0,H3,world_partner,TUR
826,0,2010,M,8486,285686723.0,H3,world_partner,GBR
826,0,2010,X,8486,348956708.0,H3,world_partner,GBR
842,0,2010,M,8486,5552696009.0,H3,world_partner,USA
842,0,2010,X,8486,12315119875.0,H3,world_partner,USA
36,0,2011,M,8542,542891048.0,H3,world_partner,AUS
36,0,2011,X,8542,72690915.0,H3,world_partner,AUS
40,0,2011,M,8542,756313486.0,H3,world_partner,AUT
40,0,2011,X,8542,1111625480.0,H3,world_partner,AUT
56,0,2011,M,8542,622672883.563,H3,world_partner,BEL
56,0,2011,X,8542,440801725.159,H3,world_partner,BEL
124,0,2011,M,8542,3494787892.0,H3,world_partner,CAN
124,0,2011,X,8542,1963649124.0,H3,world_partner,CAN
152,0,2011,M,8542,35436598.634,H3,world_partner,CHL
152,0,2011,X,8542,1069829.114,H3,world_partner,CHL
156,0,2011,M,8542,171142150713.0,H3,world_partner,CHN
156,0,2011,X,8542,32900291554.0,H3,world_partner,CHN
170,0,2011,M,8542,66167548.0,H3,world_partner,COL
170,0,2011,X,8542,2103453.0,H3,world_partner,COL
188,0,2011,M,8542,1296977518.0,H3,world_partner,CRI
188,0,2011,X,8542,1888807730.0,H3,world_partner,CRI
203,0,2011,M,8542,2621173066.0,H3,world_partner,CZE
203,0,2011,X,8542,1383421787.0,H3,world_partner,CZE
208,0,2011,M,8542,280860979.0,H3,world_partner,DNK
208,0,2011,X,8542,154512609.0,H3,world_partner,DNK
233,0,2011,M,8542,309620473.0,H3,world_partner,EST
233,0,2011,X,8542,33491310.0,H3,world_partner,EST
246,0,2011,M,8542,348386571.0,H3,world_partner,FIN
246,0,2011,X,8542,122265553.0,H3,world_partner,FIN
251,0,2011,M,8542,5738546180.0,H3,world_partner,FRA
251,0,2011,X,8542,8474177176.0,H3,world_partner,FRA
276,0,2011,M,8542,12954452088.577,H3,world_partner,DEU
276,0,2011,X,8542,10636000949.244,H3,world_partner,DEU
300,0,2011,M,8542,64811734.0,H3,world_partner,GRC
300,0,2011,X,8542,23083713.0,H3,world_partner,GRC
348,0,2011,M,8542,3083419000.0,H3,world_partner,HUN
348,0,2011,X,8542,587042000.0,H3,world_partner,HUN
352,0,2011,M,8542,4063010.0,H3,world_partner,ISL
352,0,2011,X,8542,45274.0,H3,world_partner,ISL
372,0,2011,M,8542,782926381.094,H3,world_partner,IRL
372,0,2011,X,8542,1861140113.743,H3,world_partner,IRL
376,0,2011,M,8542,1407605000.0,H3,world_partner,ISR
376,0,2011,X,8542,1787134000.0,H3,world_partner,ISR
380,0,2011,M,8542,2155474075.0,H3,world_partner,ITA
380,0,2011,X,8542,2069917803.0,H3,world_partner,ITA
392,0,2011,M,8542,17966813675.0,H3,world_partner,JPN
392,0,2011,X,8542,32013157668.0,H3,world_partner,JPN
410,0,2011,M,8542,25369844489.0,H3,world_partner,KOR
410,0,2011,X,8542,39664759274.0,H3,world_partner,KOR
428,0,2011,M,8542,36503274.0,H3,world_partner,LVA
428,0,2011,X,8542,14623691.0,H3,world_partner,LVA
440,0,2011,M,8542,44708548.0,H3,world_partner,LTU
440,0,2011,X,8542,5443869.0,H3,world_partner,LTU
442,0,2011,M,8542,56816540.0,H3,world_partner,LUX
442,0,2011,X,8542,26776379.0,H3,world_partner,LUX
484,0,2011,M,8542,12457649471.0,H3,world_partner,MEX
484,0,2011,X,8542,1101463477.0,H3,world_partner,MEX
528,0,2011,M,8542,2540403975.303,H3,world_partner,NLD
528,0,2011,X,8542,3484564490.676,H3,world_partner,NLD
554,0,2011,M,8542,57160799.901,H3,world_partner,NZL
554,0,2011,X,8542,5959449.227,H3,world_partner,NZL
579,0,2011,M,8542,188188777.0,H3,world_partner,NOR
579,0,2011,X,8542,64183405.0,H3,world_partner,NOR
616,0,2011,M,8542,2023789873.0,H3,world_partner,POL
616,0,2011,X,8542,198766936.0,H3,world_partner,POL
620,0,2011,M,8542,392051905.0,H3,world_partner,PRT
620,0,2011,X,8542,121090676.0,H3,world_partner,PRT
703,0,2011,M,8542,692564327.511,H3,world_partner,SVK
703,0,2011,X,8542,137467045.447,H3,world_partner,SVK
705,0,2011,M,8542,55659682.0,H3,world_partner,SVN
705,0,2011,X,8542,8743077.0,H3,world_partner,SVN
724,0,2011,M,8542,643667952.035,H3,world_partner,ESP
724,0,2011,X,8542,173159228.73,H3,world_partner,ESP
752,0,2011,M,8542,2965217302.0,H3,world_partner,SWE
752,0,2011,X,8542,1296630110.0,H3,world_partner,SWE
757,0,2011,M,8542,774060953.0,H3,world_partner,CHE
757,0,2011,X,8542,430096428.0,H3,world_partner,CHE
792,0,2011,M,8542,552482479.0,H3,world_partner,TUR
792,0,2011,X,8542,17492606.0,H3,world_partner,TUR
826,0,2011,M,8542,2438979344.0,H3,world_partner,GBR
826,0,2011,X,8542,2201328114.0,H3,world_partner,GBR
842,0,2011,M,8542,27577936766.0,H3,world_partner,USA
842,0,2011,X,8542,35781737127.0,H3,world_partner,USA
36,0,2011,X,TOTAL,269423385464.0,H3,world_partner,AUS
40,0,2011,X,TOTAL,169511432541.0,H3,world_partner,AUT
56,0,2011,X,TOTAL,327589023656.764,H3,world_partner,BEL
124,0,2011,X,TOTAL,450430007647.0,H3,world_partner,CAN
152,0,2011,X,TOTAL,81857173311.667,H3,world_partner,CHL
156,0,2011,X,TOTAL,1898388434783.0,H3,world_partner,CHN
170,0,2011,X,TOTAL,56953516086.0,H3,world_partner,COL
188,0,2011,X,TOTAL,10222241025.0,H3,world_partner,CRI
203,0,2011,X,TOTAL,162391721227.0,H3,world_partner,CZE
208,0,2011,X,TOTAL,112713338879.0,H3,world_partner,DNK
233,0,2011,X,TOTAL,18139131426.0,H3,world_partner,EST
246,0,2011,X,TOTAL,78794218004.0,H3,world_partner,FIN
251,0,2011,X,TOTAL,585723823817.0,H3,world_partner,FRA
276,0,2011,X,TOTAL,1483802558038.426,H3,world_partner,DEU
300,0,2011,X,TOTAL,33377038760.0,H3,world_partner,GRC
348,0,2011,X,TOTAL,111216834000.0,H3,world_partner,HUN
352,0,2011,X,TOTAL,5348791180.0,H3,world_partner,ISL
372,0,2011,X,TOTAL,129708688826.933,H3,world_partner,IRL
376,0,2011,X,TOTAL,67796328000.0,H3,world_partner,ISR
380,0,2011,X,TOTAL,523256296222.0,H3,world_partner,ITA
392,0,2011,X,TOTAL,823183758647.0,H3,world_partner,JPN
410,0,2011,X,TOTAL,555208897965.0,H3,world_partner,KOR
428,0,2011,X,TOTAL,11988196196.0,H3,world_partner,LVA
440,0,2011,X,TOTAL,28068648237.0,H3,world_partner,LTU
442,0,2011,X,TOTAL,16307879411.0,H3,world_partner,LUX
484,0,2011,X,TOTAL,349326581717.0,H3,world_partner,MEX
528,0,2011,X,TOTAL,569357970939.976,H3,world_partner,NLD
554,0,2011,X,TOTAL,37683591319.667,H3,world_partner,NZL
579,0,2011,X,TOTAL,160409821472.0,H3,world_partner,NOR
616,0,2011,X,TOTAL,188105090147.0,H3,world_partner,POL
620,0,2011,X,TOTAL,59588301885.0,H3,world_partner,PRT
703,0,2011,X,TOTAL,78998576809.608,H3,world_partner,SVK
705,0,2011,X,TOTAL,28984136412.0,H3,world_partner,SVN
724,0,2011,X,TOTAL,299207388481.339,H3,world_partner,ESP
752,0,2011,X,TOTAL,186898110097.0,H3,world_partner,SWE
757,0,2011,X,TOTAL,234819262335.0,H3,world_partner,CHE
792,0,2011,X,TOTAL,134906868830.0,H3,world_partner,TUR
826,0,2011,X,TOTAL,517288693419.0,H3,world_partner,GBR
842,0,2011,X,TOTAL,1481682201761.0,H3,world_partner,USA
36,0,2011,M,8486,14941723.0,H3,world_partner,AUS
36,0,2011,X,8486,18633682.0,H3,world_partner,AUS
40,0,2011,M,8486,423370226.0,H3,world_partner,AUT
40,0,2011,X,8486,532099701.0,H3,world_partner,AUT
56,0,2011,M,8486,215409959.363,H3,world_partner,BEL
56,0,2011,X,8486,24644067.05,H3,world_partner,BEL
124,0,2011,M,8486,83617446.0,H3,world_partner,CAN
124,0,2011,X,8486,42340638.0,H3,world_partner,CAN
152,0,2011,M,8486,891273.99,H3,world_partner,CHL
152,0,2011,X,8486,196809.75,H3,world_partner,CHL
156,0,2011,M,8486,17382797844.0,H3,world_partner,CHN
156,0,2011,X,8486,1034983265.0,H3,world_partner,CHN
170,0,2011,M,8486,76727.0,H3,world_partner,COL
188,0,2011,M,8486,33442119.0,H3,world_partner,CRI
188,0,2011,X,8486,2708583.0,H3,world_partner,CRI
203,0,2011,M,8486,33294839.0,H3,world_partner,CZE
203,0,2011,X,8486,15714173.0,H3,world_partner,CZE
208,0,2011,M,8486,107847136.0,H3,world_partner,DNK
208,0,2011,X,8486,60741236.0,H3,world_partner,DNK
233,0,2011,M,8486,4170671.0,H3,world_partner,EST
233,0,2011,X,8486,343861.0,H3,world_partner,EST
246,0,2011,M,8486,13964871.0,H3,world_partner,FIN
246,0,2011,X,8486,9766347.0,H3,world_partner,FIN
251,0,2011,M,8486,576089644.0,H3,world_partner,FRA
251,0,2011,X,8486,232584455.0,H3,world_partner,FRA
276,0,2011,M,8486,2911594808.925,H3,world_partner,DEU
276,0,2011,X,8486,4197591273.064,H3,world_partner,DEU
300,0,2011,M,8486,3450740.0,H3,world_partner,GRC
300,0,2011,X,8486,2288800.0,H3,world_partner,GRC
348,0,2011,M,8486,27383000.0,H3,world_partner,HUN
348,0,2011,X,8486,22130000.0,H3,world_partner,HUN
352,0,2011,M,8486,19879.0,H3,world_partner,ISL
372,0,2011,M,8486,68171143.672,H3,world_partner,IRL
372,0,2011,X,8486,32847017.237,H3,world_partner,IRL
376,0,2011,M,8486,1608872000.0,H3,world_partner,ISR
376,0,2011,X,8486,57405000.0,H3,world_partner,ISR
380,0,2011,M,8486,675543075.0,H3,world_partner,ITA
380,0,2011,X,8486,1044424384.0,H3,world_partner,ITA
392,0,2011,M,8486,2864126365.0,H3,world_partner,JPN
392,0,2011,X,8486,20960402616.0,H3,world_partner,JPN
410,0,2011,M,8486,10336196319.0,H3,world_partner,KOR
410,0,2011,X,8486,2710792742.0,H3,world_partner,KOR
428,0,2011,M,8486,2881851.0,H3,world_partner,LVA
428,0,2011,X,8486,481213.0,H3,world_partner,LVA
440,0,2011,M,8486,3936313.0,H3,world_partner,LTU
440,0,2011,X,8486,2916415.0,H3,world_partner,LTU
442,0,2011,M,8486,4565620.0,H3,world_partner,LUX
442,0,2011,X,8486,1108322.0,H3,world_partner,LUX
484,0,2011,M,8486,79250625.0,H3,world_partner,MEX
484,0,2011,X,8486,18859058.0,H3,world_partner,MEX
528,0,2011,M,8486,931669361.189,H3,world_partner,NLD
528,0,2011,X,8486,9147871647.699,H3,world_partner,NLD
554,0,2011,M,8486,523110.576,H3,world_partner,NZL
554,0,2011,X,8486,1954816.678,H3,world_partner,NZL
579,0,2011,M,8486,16229183.0,H3,world_partner,NOR
579,0,2011,X,8486,1066598.0,H3,world_partner,NOR
616,0,2011,M,8486,19407549.0,H3,world_partner,POL
616,0,2011,X,8486,14439392.0,H3,world_partner,POL
620,0,2011,M,8486,6181347.0,H3,world_partner,PRT
620,0,2011,X,8486,4955515.0,H3,world_partner,PRT
703,0,2011,M,8486,45483472.862,H3,world_partner,SVK
703,0,2011,X,8486,58422327.926,H3,world_partner,SVK
705,0,2011,M,8486,748503.0,H3,world_partner,SVN
705,0,2011,X,8486,74875.0,H3,world_partner,SVN
724,0,2011,M,8486,40958405.416,H3,world_partner,ESP
724,0,2011,X,8486,6632474.927,H3,world_partner,ESP
752,0,2011,M,8486,34883000.0,H3,world_partner,SWE
752,0,2011,X,8486,33861357.0,H3,world_partner,SWE
757,0,2011,M,8486,142111868.0,H3,world_partner,CHE
757,0,2011,X,8486,2354119490.0,H3,world_partner,CHE
792,0,2011,M,8486,7594580.0,H3,world_partner,TUR
792,0,2011,X,8486,1154380.0,H3,world_partner,TUR
826,0,2011,M,8486,237983044.0,H3,world_partner,GBR
826,0,2011,X,8486,521049350.0,H3,world_partner,GBR
842,0,2011,M,8486,8406132029.0,H3,world_partner,USA
842,0,2011,X,8486,10170059596.0,H3,world_partner,USA
36,0,2012,M,8542,461536358.0,H4,world_partner,AUS
36,0,2012,X,8542,63616487.0,H4,world_partner,AUS
40,0,2012,M,8542,705676865.151,H4,world_partner,AUT
40,0,2012,X,8542,991576330.543,H4,world_partner,AUT
56,0,2012,M,8542,534824691.676,H4,world_partner,BEL
56,0,2012,X,8542,388233011.425,H4,world_partner,BEL
124,0,2012,M,8542,2883834648.0,H4,world_partner,CAN
124,0,2012,X,8542,1738757463.0,H4,world_partner,CAN
152,0,2012,M,8542,39847442.769,H4,world_partner,CHL
152,0,2012,X,8542,1126355.582,H4,world_partner,CHL
156,0,2012,M,8542,192967176584.0,H4,world_partner,CHN
156,0,2012,X,8542,53745300575.0,H4,world_partner,CHN
170,0,2012,M,8542,57944657.0,H4,world_partner,COL
170,0,2012,X,8542,2142734.0,H4,world_partner,COL
188,0,2012,M,8542,1687682487.0,H4,world_partner,CRI
188,0,2012,X,8542,2099238026.0,H4,world_partner,CRI
203,0,2012,M,8542,2753535731.0,H4,world_partner,CZE
203,0,2012,X,8542,1305323989.0,H4,world_partner,CZE
208,0,2012,M,8542,234326973.0,H4,world_partner,DNK
208,0,2012,X,8542,148558968.0,H4,world_partner,DNK
233,0,2012,M,8542,438764307.0,H4,world_partner,EST
233,0,2012,X,8542,43762546.0,H4,world_partner,EST
246,0,2012,M,8542,323170308.0,H4,world_partner,FIN
246,0,2012,X,8542,156612931.0,H4,world_partner,FIN
251,0,2012,M,8542,5482576103.0,H4,world_partner,FRA
251,0,2012,X,8542,7531373781.0,H4,world_partner,FRA
276,0,2012,M,8542,11128696463.488,H4,world_partner,DEU
276,0,2012,X,8542,10774682547.846,H4,world_partner,DEU
300,0,2012,M,8542,41302979.0,H4,world_partner,GRC
300,0,2012,X,8542,5069347.0,H4,world_partner,GRC
348,0,2012,M,8542,2192024825.0,H4,world_partner,HUN
348,0,2012,X,8542,515598849.0,H4,world_partner,HUN
352,0,2012,M,8542,3236931.0,H4,world_partner,ISL
352,0,2012,X,8542,11438.0,H4,world_partner,ISL
372,0,2012,M,8542,550538753.669,H4,world_partner,IRL
372,0,2012,X,8542,1392115155.495,H4,world_partner,IRL
376,0,2012,M,8542,2080161000.0,H4,world_partner,ISR
376,0,2012,X,8542,2828920000.0,H4,world_partner,ISR
380,0,2012,M,8542,1750901823.0,H4,world_partner,ITA
380,0,2012,X,8542,1907526684.0,H4,world_partner,ITA
392,0,2012,M,8542,17425530643.0,H4,world_partner,JPN
392,0,2012,X,8542,30586187233.0,H4,world_partner,JPN
410,0,2012,M,8542,25421551682.0,H4,world_partner,KOR
410,0,2012,X,8542,41346577630.0,H4,world_partner,KOR
428,0,2012,M,8542,32800070.0,H4,world_partner,LVA
428,0,2012,X,8542,18454818.0,H4,world_partner,LVA
440,0,2012,M,8542,35967471.0,H4,world_partner,LTU
440,0,2012,X,8542,5677935.0,H4,world_partner,LTU
442,0,2012,M,8542,49834221.0,H4,world_partner,LUX
442,0,2012,X,8542,19439188.0,H4,world_partner,LUX
484,0,2012,M,8542,11662632850.0,H4,world_partner,MEX
484,0,2012,X,8542,1479773080.0,H4,world_partner,MEX
528,0,2012,M,8542,2712824859.637,H4,world_partner,NLD
528,0,2012,X,8542,3424481333.103,H4,world_partner,NLD
554,0,2012,M,8542,67592077.471,H4,world_partner,NZL
554,0,2012,X,8542,8984381.802,H4,world_partner,NZL
579,0,2012,M,8542,151065996.0,H4,world_partner,NOR
579,0,2012,X,8542,57318423.0,H4,world_partner,NOR
616,0,2012,M,8542,1959058797.0,H4,world_partner,POL
616,0,2012,X,8542,252889572.0,H4,world_partner,POL
620,0,2012,M,8542,342446517.0,H4,world_partner,PRT
620,0,2012,X,8542,105432434.0,H4,world_partner,PRT
703,0,2012,M,8542,597349841.343,H4,world_partner,SVK
703,0,2012,X,8542,127848644.186,H4,world_partner,SVK
705,0,2012,M,8542,44293442.0,H4,world_partner,SVN
705,0,2012,X,8542,8453966.0,H4,world_partner,SVN
724,0,2012,M,8542,591299066.148,H4,world_partner,ESP
724,0,2012,X,8542,192204833.615,H4,world_partner,ESP
752,0,2012,M,8542,1465062766.134,H4,world_partner,SWE
752,0,2012,X,8542,911922773.439,H4,world_partner,SWE
757,0,2012,M,8542,684701550.975,H4,world_partner,CHE
757,0,2012,X,8542,417563115.124,H4,world_partner,CHE
792,0,2012,M,8542,521695607.0,H4,world_partner,TUR
792,0,2012,X,8542,20076086.0,H4,world_partner,TUR
826,0,2012,M,8542,1957244365.0,H4,world_partner,GBR
826,0,2012,X,8542,1941454463.0,H4,world_partner,GBR
842,0,2012,M,8542,27549636320.0,H4,world_partner,USA
842,0,2012,X,8542,34385747732.0,H4,world_partner,USA
36,0,2012,X,TOTAL,256242912988.0,H4,world_partner,AUS
40,0,2012,X,TOTAL,158820719332.351,H4,world_partner,AUT
56,0,2012,X,TOTAL,305138320815.614,H4,world_partner,BEL
124,0,2012,X,TOTAL,454098967492.0,H4,world_partner,CAN
152,0,2012,X,TOTAL,78283510483.486,H4,world_partner,CHL
156,0,2012,X,TOTAL,2048782233084.0,H4,world_partner,CHN
170,0,2012,X,TOTAL,60273618168.0,H4,world_partner,COL
188,0,2012,X,TOTAL,11250803893.0,H4,world_partner,CRI
203,0,2012,X,TOTAL,156422742613.0,H4,world_partner,CZE
208,0,2012,X,TOTAL,106104022220.0,H4,world_partner,DNK
233,0,2012,X,TOTAL,18161223711.0,H4,world_partner,EST
246,0,2012,X,TOTAL,72974489144.0,H4,world_partner,FIN
251,0,2012,X,TOTAL,558460545476.0,H4,world_partner,FRA
276,0,2012,X,TOTAL,1410146320662.183,H4,world_partner,DEU
300,0,2012,X,TOTAL,35151146150.0,H4,world_partner,GRC
348,0,2012,X,TOTAL,102829804313.0,H4,world_partner,HUN
352,0,2012,X,TOTAL,5063441687.0,H4,world_partner,ISL
372,0,2012,X,TOTAL,120208957761.425,H4,world_partner,IRL
376,0,2012,X,TOTAL,63140635000.0,H4,world_partner,ISR
380,0,2012,X,TOTAL,501528850943.0,H4,world_partner,ITA
392,0,2012,X,TOTAL,798620022574.0,H4,world_partner,JPN
410,0,2012,X,TOTAL,547854447999.0,H4,world_partner,KOR
428,0,2012,X,TOTAL,12685521524.0,H4,world_partner,LVA
440,0,2012,X,TOTAL,29652662128.0,H4,world_partner,LTU
442,0,2012,X,TOTAL,13726902677.0,H4,world_partner,LUX
484,0,2012,X,TOTAL,370706658359.0,H4,world_partner,MEX
528,0,2012,X,TOTAL,552501890951.398,H4,world_partner,NLD
554,0,2012,X,TOTAL,37304685387.003,H4,world_partner,NZL
579,0,2012,X,TOTAL,160952207393.0,H4,world_partner,NOR
616,0,2012,X,TOTAL,179603599442.0,H4,world_partner,POL
620,0,2012,X,TOTAL,58140499722.0,H4,world_partner,PRT
703,0,2012,X,TOTAL,79913380317.268,H4,world_partner,SVK
705,0,2012,X,TOTAL,27080021571.0,H4,world_partner,SVN
724,0,2012,X,TOTAL,290680282207.518,H4,world_partner,ESP
752,0,2012,X,TOTAL,172437657005.592,H4,world_partner,SWE
757,0,2012,X,TOTAL,312256653968.266,H4,world_partner,CHE
792,0,2012,X,TOTAL,152461736556.0,H4,world_partner,TUR
826,0,2012,X,TOTAL,481225753723.0,H4,world_partner,GBR
842,0,2012,X,TOTAL,1544932014357.0,H4,world_partner,USA
36,0,2012,M,8486,8922394.0,H4,world_partner,AUS
36,0,2012,X,8486,28649229.0,H4,world_partner,AUS
40,0,2012,M,8486,270491749.358,H4,world_partner,AUT
40,0,2012,X,8486,484836904.23,H4,world_partner,AUT
56,0,2012,M,8486,142402717.009,H4,world_partner,BEL
56,0,2012,X,8486,41172371.936,H4,world_partner,BEL
124,0,2012,M,8486,49154249.0,H4,world_partner,CAN
124,0,2012,X,8486,34453975.0,H4,world_partner,CAN
152,0,2012,M,8486,568231.07,H4,world_partner,CHL
152,0,2012,X,8486,492543.92,H4,world_partner,CHL
156,0,2012,M,8486,7164159184.0,H4,world_partner,CHN
156,0,2012,X,8486,1108678334.0,H4,world_partner,CHN
170,0,2012,M,8486,854495.0,H4,world_partner,COL
170,0,2012,X,8486,2661.0,H4,world_partner,COL
188,0,2012,M,8486,36866969.0,H4,world_partner,CRI
188,0,2012,X,8486,2748664.0,H4,world_partner,CRI
203,0,2012,M,8486,36654062.0,H4,world_partner,CZE
203,0,2012,X,8486,6547986.0,H4,world_partner,CZE
208,0,2012,M,8486,108211146.0,H4,world_partner,DNK
208,0,2012,X,8486,48879636.0,H4,world_partner,DNK
233,0,2012,M,8486,1793346.0,H4,world_partner,EST
233,0,2012,X,8486,549321.0,H4,world_partner,EST
246,0,2012,M,8486,18094049.0,H4,world_partner,FIN
246,0,2012,X,8486,13382048.0,H4,world_partner,FIN
251,0,2012,M,8486,437494499.0,H4,world_partner,FRA
251,0,2012,X,8486,193879638.0,H4,world_partner,FRA
276,0,2012,M,8486,1610111441.781,H4,world_partner,DEU
276,0,2012,X,8486,1604900852.877,H4,world_partner,DEU
300,0,2012,M,8486,873325.0,H4,world_partner,GRC
300,0,2012,X,8486,130997.0,H4,world_partner,GRC
348,0,2012,M,8486,21663272.0,H4,world_partner,HUN
348,0,2012,X,8486,11809709.0,H4,world_partner,HUN
352,0,2012,M,8486,85040.0,H4,world_partner,ISL
372,0,2012,M,8486,47156007.311,H4,world_partner,IRL
372,0,2012,X,8486,18825881.938,H4,world_partner,IRL
376,0,2012,M,8486,993437000.0,H4,world_partner,ISR
376,0,2012,X,8486,115108000.0,H4,world_partner,ISR
380,0,2012,M,8486,145768547.0,H4,world_partner,ITA
380,0,2012,X,8486,103355595.0,H4,world_partner,ITA
392,0,2012,M,8486,1527582961.0,H4,world_partner,JPN
392,0,2012,X,8486,14645608552.0,H4,world_partner,JPN
410,0,2012,M,8486,8219291787.0,H4,world_partner,KOR
410,0,2012,X,8486,1857658696.0,H4,world_partner,KOR
428,0,2012,M,8486,10289223.0,H4,world_partner,LVA
428,0,2012,X,8486,62790.0,H4,world_partner,LVA
440,0,2012,M,8486,5007197.0,H4,world_partner,LTU
440,0,2012,X,8486,3357159.0,H4,world_partner,LTU
442,0,2012,M,8486,1877582.0,H4,world_partner,LUX
442,0,2012,X,8486,917880.0,H4,world_partner,LUX
484,0,2012,M,8486,87780107.0,H4,world_partner,MEX
484,0,2012,X,8486,34042323.0,H4,world_partner,MEX
528,0,2012,M,8486,1560778018.378,H4,world_partner,NLD
528,0,2012,X,8486,5985520152.412,H4,world_partner,NLD
554,0,2012,M,8486,680177.245,H4,world_partner,NZL
554,0,2012,X,8486,266395.307,H4,world_partner,NZL
579,0,2012,M,8486,5873004.0,H4,world_partner,NOR
579,0,2012,X,8486,14216840.0,H4,world_partner,NOR
616,0,2012,M,8486,20772059.0,H4,world_partner,POL
616,0,2012,X,8486,8795593.0,H4,world_partner,POL
620,0,2012,M,8486,6287534.0,H4,world_partner,PRT
620,0,2012,X,8486,2850608.0,H4,world_partner,PRT
703,0,2012,M,8486,36432337.693,H4,world_partner,SVK
703,0,2012,X,8486,41645942.076,H4,world_partner,SVK
705,0,2012,M,8486,1259681.0,H4,world_partner,SVN
705,0,2012,X,8486,172129.0,H4,world_partner,SVN
724,0,2012,M,8486,6114481.892,H4,world_partner,ESP
724,0,2012,X,8486,3784948.831,H4,world_partner,ESP
752,0,2012,M,8486,32256520.581,H4,world_partner,SWE
752,0,2012,X,8486,14486791.641,H4,world_partner,SWE
757,0,2012,M,8486,110144923.43,H4,world_partner,CHE
757,0,2012,X,8486,418493010.189,H4,world_partner,CHE
792,0,2012,M,8486,17404011.0,H4,world_partner,TUR
792,0,2012,X,8486,1404434.0,H4,world_partner,TUR
826,0,2012,M,8486,153205007.0,H4,world_partner,GBR
826,0,2012,X,8486,296277083.0,H4,world_partner,GBR
842,0,2012,M,8486,7179268708.0,H4,world_partner,USA
842,0,2012,X,8486,8869965758.0,H4,world_partner,USA
36,0,2013,M,8542,413582465.0,H4,world_partner,AUS
36,0,2013,X,8542,52257779.0,H4,world_partner,AUS
40,0,2013,M,8542,782137846.809,H4,world_partner,AUT
40,0,2013,X,8542,1053366022.281,H4,world_partner,AUT
56,0,2013,M,8542,616224900.082,H4,world_partner,BEL
56,0,2013,X,8542,469688605.619,H4,world_partner,BEL
124,0,2013,M,8542,3508623428.0,H4,world_partner,CAN
124,0,2013,X,8542,1684882816.0,H4,world_partner,CAN
152,0,2013,M,8542,40042973.926,H4,world_partner,CHL
152,0,2013,X,8542,2637661.887,H4,world_partner,CHL
156,0,2013,M,8542,232078243157.0,H4,world_partner,CHN
156,0,2013,X,8542,87880781336.0,H4,world_partner,CHN
170,0,2013,M,8542,49667469.0,H4,world_partner,COL
170,0,2013,X,8542,2064654.0,H4,world_partner,COL
188,0,2013,M,8542,1698001253.0,H4,world_partner,CRI
188,0,2013,X,8542,2396175059.0,H4,world_partner,CRI
203,0,2013,M,8542,2617716330.0,H4,world_partner,CZE
203,0,2013,X,8542,1187919890.0,H4,world_partner,CZE
208,0,2013,M,8542,236240937.0,H4,world_partner,DNK
208,0,2013,X,8542,174077754.0,H4,world_partner,DNK
233,0,2013,M,8542,430261449.0,H4,world_partner,EST
233,0,2013,X,8542,40177687.0,H4,world_partner,EST
246,0,2013,M,8542,411536832.0,H4,world_partner,FIN
246,0,2013,X,8542,215806041.0,H4,world_partner,FIN
251,0,2013,M,8542,5296388709.0,H4,world_partner,FRA
251,0,2013,X,8542,7682122941.0,H4,world_partner,FRA
276,0,2013,M,8542,12220109134.091,H4,world_partner,DEU
276,0,2013,X,8542,11963741940.049,H4,world_partner,DEU
300,0,2013,M,8542,39608326.0,H4,world_partner,GRC
300,0,2013,X,8542,7784194.0,H4,world_partner,GRC
348,0,2013,M,8542,2141625783.0,H4,world_partner,HUN
348,0,2013,X,8542,489110492.0,H4,world_partner,HUN
352,0,2013,M,8542,5579016.0,H4,world_partner,ISL
352,0,2013,X,8542,32958.0,H4,world_partner,ISL
372,0,2013,M,8542,467979846.036,H4,world_partner,IRL
372,0,2013,X,8542,998648802.053,H4,world_partner,IRL
376,0,2013,M,8542,1846607000.0,H4,world_partner,ISR
376,0,2013,X,8542,4075366000.0,H4,world_partner,ISR
380,0,2013,M,8542,1529978732.0,H4,world_partner,ITA
380,0,2013,X,8542,1809560929.0,H4,world_partner,ITA
392,0,2013,M,8542,16501600665.0,H4,world_partner,JPN
392,0,2013,X,8542,26994832651.0,H4,world_partner,JPN
410,0,2013,M,8542,27808535750.0,H4,world_partner,KOR
410,0,2013,X,8542,47118045374.0,H4,world_partner,KOR
428,0,2013,M,8542,60593268.0,H4,world_partner,LVA
428,0,2013,X,8542,28317706.0,H4,world_partner,LVA
440,0,2013,M,8542,41637150.0,H4,world_partner,LTU
440,0,2013,X,8542,9435324.0,H4,world_partner,LTU
442,0,2013,M,8542,38930266.0,H4,world_partner,LUX
442,0,2013,X,8542,9367999.0,H4,world_partner,LUX
484,0,2013,M,8542,13359816876.0,H4,world_partner,MEX
484,0,2013,X,8542,1620810326.0,H4,world_partner,MEX
528,0,2013,M,8542,3411202658.705,H4,world_partner,NLD
528,0,2013,X,8542,3674348458.837,H4,world_partner,NLD
554,0,2013,M,8542,76481255.004,H4,world_partner,NZL
554,0,2013,X,8542,4962152.029,H4,world_partner,NZL
579,0,2013,M,8542,124527984.0,H4,world_partner,NOR
579,0,2013,X,8542,41776622.0,H4,world_partner,NOR
616,0,2013,M,8542,1972849996.0,H4,world_partner,POL
616,0,2013,X,8542,232140143.0,H4,world_partner,POL
620,0,2013,M,8542,385991626.0,H4,world_partner,PRT
620,0,2013,X,8542,196001732.0,H4,world_partner,PRT
703,0,2013,M,8542,630647485.006,H4,world_partner,SVK
703,0,2013,X,8542,124804284.392,H4,world_partner,SVK
705,0,2013,M,8542,52069037.0,H4,world_partner,SVN
705,0,2013,X,8542,11037162.0,H4,world_partner,SVN
724,0,2013,M,8542,596861315.052,H4,world_partner,ESP
724,0,2013,X,8542,220040461.339,H4,world_partner,ESP
752,0,2013,M,8542,553216153.085,H4,world_partner,SWE
752,0,2013,X,8542,213169313.989,H4,world_partner,SWE
757,0,2013,M,8542,692698717.021,H4,world_partner,CHE
757,0,2013,X,8542,472926841.202,H4,world_partner,CHE
792,0,2013,M,8542,504546533.0,H4,world_partner,TUR
792,0,2013,X,8542,20691626.0,H4,world_partner,TUR
826,0,2013,M,8542,1795647860.0,H4,world_partner,GBR
826,0,2013,X,8542,1735038888.0,H4,world_partner,GBR
842,0,2013,M,8542,29441247590.0,H4,world_partner,USA
842,0,2013,X,8542,34544513963.0,H4,world_partner,USA
36,0,2013,X,TOTAL,252155105281.0,H4,world_partner,AUS
40,0,2013,X,TOTAL,166273910254.833,H4,world_partner,AUT
56,0,2013,X,TOTAL,318244235352.657,H4,world_partner,BEL
124,0,2013,X,TOTAL,456598271021.0,H4,world_partner,CAN
152,0,2013,X,TOTAL,77069412781.955,H4,world_partner,CHL
156,0,2013,X,TOTAL,2209007280259.0,H4,world_partner,CHN
170,0,2013,X,TOTAL,58821869987.0,H4,world_partner,COL
188,0,2013,X,TOTAL,11472063524.0,H4,world_partner,CRI
203,0,2013,X,TOTAL,161524152111.0,H4,world_partner,CZE
208,0,2013,X,TOTAL,110469532387.0,H4,world_partner,DNK
233,0,2013,X,TOTAL,18284136368.0,H4,world_partner,EST
246,0,2013,X,TOTAL,74445385637.0,H4,world_partner,FIN
251,0,2013,X,TOTAL,567987697540.0,H4,world_partner,FRA
276,0,2013,X,TOTAL,1450937515315.424,H4,world_partner,DEU
300,0,2013,X,TOTAL,36261644044.0,H4,world_partner,GRC
348,0,2013,X,TOTAL,108014637456.0,H4,world_partner,HUN
352,0,2013,X,TOTAL,4997710433.0,H4,world_partner,ISL
372,0,2013,X,TOTAL,118443466078.486,H4,world_partner,IRL
376,0,2013,X,TOTAL,66781207000.0,H4,world_partner,ISR
380,0,2013,X,TOTAL,518095102500.0,H4,world_partner,ITA
392,0,2013,X,TOTAL,715097244251.0,H4,world_partner,JPN
410,0,2013,X,TOTAL,559618558899.0,H4,world_partner,KOR
428,0,2013,X,TOTAL,13324704654.0,H4,world_partner,LVA
440,0,2013,X,TOTAL,32599742784.0,H4,world_partner,LTU
442,0,2013,X,TOTAL,13826005986.0,H4,world_partner,LUX
484,0,2013,X,TOTAL,379949273136.0,H4,world_partner,MEX
528,0,2013,X,TOTAL,575111978707.557,H4,world_partner,NLD
554,0,2013,X,TOTAL,39443065543.473,H4,world_partner,NZL
579,0,2013,X,TOTAL,155350552822.0,H4,world_partner,NOR
616,0,2013,X,TOTAL,203847917759.0,H4,world_partner,POL
620,0,2013,X,TOTAL,62794139450.0,H4,world_partner,PRT
703,0,2013,X,TOTAL,85173871823.805,H4,world_partner,SVK
705,0,2013,X,TOTAL,28628740459.0,H4,world_partner,SVN
724,0,2013,X,TOTAL,313106419630.529,H4,world_partner,ESP
752,0,2013,X,TOTAL,167493221530.984,H4,world_partner,SWE
757,0,2013,X,TOTAL,357909509746.176,H4,world_partner,CHE
792,0,2013,X,TOTAL,161480914702.0,H4,world_partner,TUR
826,0,2013,X,TOTAL,548041853304.0,H4,world_partner,GBR
842,0,2013,X,TOTAL,1577587252487.0,H4,world_partner,USA
36,0,2013,M,8486,5698705.0,H4,world_partner,AUS
36,0,2013,X,8486,43727144.0,H4,world_partner,AUS
40,0,2013,M,8486,299791220.463,H4,world_partner,AUT
40,0,2013,X,8486,475744653.057,H4,world_partner,AUT
56,0,2013,M,8486,130327573.331,H4,world_partner,BEL
56,0,2013,X,8486,44536638.618,H4,world_partner,BEL
124,0,2013,M,8486,34130589.0,H4,world_partner,CAN
124,0,2013,X,8486,20270642.0,H4,world_partner,CAN
152,0,2013,M,8486,478803.831,H4,world_partner,CHL
152,0,2013,X,8486,61712.131,H4,world_partner,CHL
156,0,2013,M,8486,8386975606.0,H4,world_partner,CHN
156,0,2013,X,8486,1212238545.0,H4,world_partner,CHN
170,0,2013,M,8486,367642.0,H4,world_partner,COL
170,0,2013,X,8486,9035.0,H4,world_partner,COL
188,0,2013,M,8486,15418991.0,H4,world_partner,CRI
188,0,2013,X,8486,2223078.0,H4,world_partner,CRI
203,0,2013,M,8486,23577957.0,H4,world_partner,CZE
203,0,2013,X,8486,6585729.0,H4,world_partner,CZE
208,0,2013,M,8486,120181590.0,H4,world_partner,DNK
208,0,2013,X,8486,57360504.0,H4,world_partner,DNK
233,0,2013,M,8486,6340913.0,H4,world_partner,EST
233,0,2013,X,8486,2988914.0,H4,world_partner,EST
246,0,2013,M,8486,16896247.0,H4,world_partner,FIN
246,0,2013,X,8486,6661554.0,H4,world_partner,FIN
251,0,2013,M,8486,395604807.0,H4,world_partner,FRA
251,0,2013,X,8486,195295631.0,H4,world_partner,FRA
276,0,2013,M,8486,1261963352.718,H4,world_partner,DEU
276,0,2013,X,8486,1476573236.261,H4,world_partner,DEU
300,0,2013,M,8486,771201.0,H4,world_partner,GRC
300,0,2013,X,8486,114756.0,H4,world_partner,GRC
348,0,2013,M,8486,21265885.0,H4,world_partner,HUN
348,0,2013,X,8486,9563560.0,H4,world_partner,HUN
352,0,2013,M,8486,28509.0,H4,world_partner,ISL
352,0,2013,X,8486,956.0,H4,world_partner,ISL
372,0,2013,M,8486,575165416.649,H4,world_partner,IRL
372,0,2013,X,8486,37861100.761,H4,world_partner,IRL
376,0,2013,M,8486,213433000.0,H4,world_partner,ISR
376,0,2013,X,8486,35981000.0,H4,world_partner,ISR
380,0,2013,M,8486,130154681.0,H4,world_partner,ITA
380,0,2013,X,8486,85486998.0,H4,world_partner,ITA
392,0,2013,M,8486,1929043218.0,H4,world_partner,JPN
392,0,2013,X,8486,12691237716.0,H4,world_partner,JPN
410,0,2013,M,8486,6436671063.0,H4,world_partner,KOR
410,0,2013,X,8486,3270668816.0,H4,world_partner,KOR
428,0,2013,M,8486,1918828.0,H4,world_partner,LVA
428,0,2013,X,8486,431084.0,H4,world_partner,LVA
440,0,2013,M,8486,30436238.0,H4,world_partner,LTU
440,0,2013,X,8486,5578686.0,H4,world_partner,LTU
442,0,2013,M,8486,2056600.0,H4,world_partner,LUX
442,0,2013,X,8486,1221418.0,H4,world_partner,LUX
484,0,2013,M,8486,112483304.0,H4,world_partner,MEX
484,0,2013,X,8486,58972690.0,H4,world_partner,MEX
528,0,2013,M,8486,1764933743.725,H4,world_partner,NLD
528,0,2013,X,8486,6861019251.848,H4,world_partner,NLD
554,0,2013,M,8486,1317925.713,H4,world_partner,NZL
554,0,2013,X,8486,2277188.117,H4,world_partner,NZL
579,0,2013,M,8486,5752913.0,H4,world_partner,NOR
579,0,2013,X,8486,767178.0,H4,world_partner,NOR
616,0,2013,M,8486,20380707.0,H4,world_partner,POL
616,0,2013,X,8486,24505365.0,H4,world_partner,POL
620,0,2013,M,8486,6298636.0,H4,world_partner,PRT
620,0,2013,X,8486,1187474.0,H4,world_partner,PRT
703,0,2013,M,8486,37660884.316,H4,world_partner,SVK
703,0,2013,X,8486,54768425.399,H4,world_partner,SVK
705,0,2013,M,8486,599541.0,H4,world_partner,SVN
705,0,2013,X,8486,737716.0,H4,world_partner,SVN
724,0,2013,M,8486,8111912.153,H4,world_partner,ESP
724,0,2013,X,8486,2332662.843,H4,world_partner,ESP
752,0,2013,M,8486,36631053.786,H4,world_partner,SWE
752,0,2013,X,8486,17690992.055,H4,world_partner,SWE
757,0,2013,M,8486,100955234.398,H4,world_partner,CHE
757,0,2013,X,8486,337791899.181,H4,world_partner,CHE
792,0,2013,M,8486,33977480.0,H4,world_partner,TUR
792,0,2013,X,8486,2037622.0,H4,world_partner,TUR
826,0,2013,M,8486,136852345.0,H4,world_partner,GBR
826,0,2013,X,8486,288212357.0,H4,world_partner,GBR
842,0,2013,M,8486,5934822595.0,H4,world_partner,USA
842,0,2013,X,8486,9108209156.0,H4,world_partner,USA
36,0,2014,M,8542,453166770.0,H4,world_partner,AUS
36,0,2014,X,8542,52621534.0,H4,world_partner,AUS
40,0,2014,M,8542,842415706.515,H4,world_partner,AUT
40,0,2014,X,8542,862032965.876,H4,world_partner,AUT
56,0,2014,M,8542,814035278.556,H4,world_partner,BEL
56,0,2014,X,8542,463251706.774,H4,world_partner,BEL
124,0,2014,M,8542,2557058709.0,H4,world_partner,CAN
124,0,2014,X,8542,1503696608.0,H4,world_partner,CAN
152,0,2014,M,8542,33647157.509,H4,world_partner,CHL
152,0,2014,X,8542,1685218.451,H4,world_partner,CHL
156,0,2014,M,8542,218520292429.0,H4,world_partner,CHN
156,0,2014,X,8542,61213334520.0,H4,world_partner,CHN
170,0,2014,M,8542,57517132.0,H4,world_partner,COL
170,0,2014,X,8542,2092072.0,H4,world_partner,COL
188,0,2014,M,8542,954295959.0,H4,world_partner,CRI
188,0,2014,X,8542,1656141232.0,H4,world_partner,CRI
203,0,2014,M,8542,3043119785.0,H4,world_partner,CZE
203,0,2014,X,8542,1084055949.0,H4,world_partner,CZE
208,0,2014,M,8542,217789645.0,H4,world_partner,DNK
208,0,2014,X,8542,241643499.0,H4,world_partner,DNK
233,0,2014,M,8542,434698626.0,H4,world_partner,EST
233,0,2014,X,8542,47834217.0,H4,world_partner,EST
246,0,2014,M,8542,546276312.0,H4,world_partner,FIN
246,0,2014,X,8542,305407089.0,H4,world_partner,FIN
251,0,2014,M,8542,4800967182.0,H4,world_partner,FRA
251,0,2014,X,8542,7296038384.0,H4,world_partner,FRA
276,0,2014,M,8542,13836556631.998,H4,world_partner,DEU
276,0,2014,X,8542,13850567023.134,H4,world_partner,DEU
300,0,2014,M,8542,46699986.0,H4,world_partner,GRC
300,0,2014,X,8542,7852692.0,H4,world_partner,GRC
348,0,2014,M,8542,2228485781.0,H4,world_partner,HUN
348,0,2014,X,8542,493044959.0,H4,world_partner,HUN
352,0,2014,M,8542,3300495.0,H4,world_partner,ISL
352,0,2014,X,8542,38395.0,H4,world_partner,ISL
372,0,2014,M,8542,518948665.682,H4,world_partner,IRL
372,0,2014,X,8542,722829680.823,H4,world_partner,IRL
376,0,2014,M,8542,1735409000.0,H4,world_partner,ISR
376,0,2014,X,8542,3910199000.0,H4,world_partner,ISR
380,0,2014,M,8542,1292864072.0,H4,world_partner,ITA
380,0,2014,X,8542,1332286356.0,H4,world_partner,ITA
392,0,2014,M,8542,16780904361.0,H4,world_partner,JPN
392,0,2014,X,8542,25477741996.0,H4,world_partner,JPN
410,0,2014,M,8542,29927287952.0,H4,world_partner,KOR
410,0,2014,X,8542,51543873494.0,H4,world_partner,KOR
428,0,2014,M,8542,49889861.035,H4,world_partner,LVA
428,0,2014,X,8542,25569551.076,H4,world_partner,LVA
440,0,2014,M,8542,62892021.0,H4,world_partner,LTU
440,0,2014,X,8542,19502295.0,H4,world_partner,LTU
442,0,2014,M,8542,43706994.0,H4,world_partner,LUX
442,0,2014,X,8542,7987584.0,H4,world_partner,LUX
484,0,2014,M,8542,13927436272.0,H4,world_partner,MEX
484,0,2014,X,8542,1716437026.0,H4,world_partner,MEX
528,0,2014,M,8542,3858995244.921,H4,world_partner,NLD
528,0,2014,X,8542,4118616723.25,H4,world_partner,NLD
554,0,2014,M,8542,58523993.983,H4,world_partner,NZL
554,0,2014,X,8542,7163049.57,H4,world_partner,NZL
579,0,2014,M,8542,120366219.0,H4,world_partner,NOR
579,0,2014,X,8542,37744872.0,H4,world_partner,NOR
616,0,2014,M,8542,2176228230.0,H4,world_partner,POL
616,0,2014,X,8542,214153403.0,H4,world_partner,POL
620,0,2014,M,8542,367795205.0,H4,world_partner,PRT
620,0,2014,X,8542,105907624.0,H4,world_partner,PRT
703,0,2014,M,8542,653747838.726,H4,world_partner,SVK
703,0,2014,X,8542,100637018.259,H4,world_partner,SVK
705,0,2014,M,8542,54346652.0,H4,world_partner,SVN
705,0,2014,X,8542,16324860.0,H4,world_partner,SVN
724,0,2014,M,8542,640898637.828,H4,world_partner,ESP
724,0,2014,X,8542,301414245.922,H4,world_partner,ESP
752,0,2014,M,8542,524277358.328,H4,world_partner,SWE
752,0,2014,X,8542,172533630.743,H4,world_partner,SWE
757,0,2014,M,8542,728400550.736,H4,world_partner,CHE
757,0,2014,X,8542,523066481.341,H4,world_partner,CHE
792,0,2014,M,8542,539318074.0,H4,world_partner,TUR
792,0,2014,X,8542,17561102.0,H4,world_partner,TUR
826,0,2014,M,8542,1947693055.0,H4,world_partner,GBR
826,0,2014,X,8542,1677458326.0,H4,world_partner,GBR
842,0,2014,M,8542,29718167622.0,H4,world_partner,USA
842,0,2014,X,8542,34475973514.0,H4,world_partner,USA
36,0,2014,X,TOTAL,240444683866.0,H4,world_partner,AUS
40,0,2014,X,TOTAL,169712859499.776,H4,world_partner,AUT
56,0,2014,X,TOTAL,319214138235.333,H4,world_partner,BEL
124,0,2014,X,TOTAL,475177176344.0,H4,world_partner,CAN
152,0,2014,X,TOTAL,75343198548.585,H4,world_partner,CHL
156,0,2014,X,TOTAL,2342292696320.0,H4,world_partner,CHN
170,0,2014,X,TOTAL,54794812015.0,H4,world_partner,COL
188,0,2014,X,TOTAL,11242661045.0,H4,world_partner,CRI
203,0,2014,X,TOTAL,174279451675.0,H4,world_partner,CZE
208,0,2014,X,TOTAL,110748921250.0,H4,world_partner,DNK
233,0,2014,X,TOTAL,17465559809.0,H4,world_partner,EST
246,0,2014,X,TOTAL,74338833529.0,H4,world_partner,FIN
251,0,2014,X,TOTAL,566656165381.0,H4,world_partner,FRA
276,0,2014,X,TOTAL,1498238432429.606,H4,world_partner,DEU
300,0,2014,X,TOTAL,35755371471.0,H4,world_partner,GRC
348,0,2014,X,TOTAL,112536243771.0,H4,world_partner,HUN
352,0,2014,X,TOTAL,5051299749.0,H4,world_partner,ISL
372,0,2014,X,TOTAL,123039871722.412,H4,world_partner,IRL
376,0,2014,X,TOTAL,68965008000.0,H4,world_partner,ISR
380,0,2014,X,TOTAL,529528733451.0,H4,world_partner,ITA
392,0,2014,X,TOTAL,690217466341.0,H4,world_partner,JPN
410,0,2014,X,TOTAL,573074773090.0,H4,world_partner,KOR
428,0,2014,X,TOTAL,13782781935.396,H4,world_partner,LVA
440,0,2014,X,TOTAL,32394296287.0,H4,world_partner,LTU
442,0,2014,X,TOTAL,14790882956.0,H4,world_partner,LUX
484,0,2014,X,TOTAL,396890473226.0,H4,world_partner,MEX
528,0,2014,X,TOTAL,575677265459.16,H4,world_partner,NLD
554,0,2014,X,TOTAL,41619847774.67,H4,world_partner,NZL
579,0,2014,X,TOTAL,144611289843.0,H4,world_partner,NOR
616,0,2014,X,TOTAL,214476794173.0,H4,world_partner,POL
620,0,2014,X,TOTAL,63834385666.0,H4,world_partner,PRT
703,0,2014,X,TOTAL,85774098879.736,H4,world_partner,SVK
705,0,2014,X,TOTAL,30522102229.0,H4,world_partner,SVN
724,0,2014,X,TOTAL,319651825040.681,H4,world_partner,ESP
752,0,2014,X,TOTAL,164677597202.065,H4,world_partner,SWE
757,0,2014,X,TOTAL,311292919173.075,H4,world_partner,CHE
792,0,2014,X,TOTAL,166504861795.0,H4,world_partner,TUR
826,0,2014,X,TOTAL,511145442935.0,H4,world_partner,GBR
842,0,2014,X,TOTAL,1619742863865.0,H4,world_partner,USA
36,0,2014,M,8486,11601007.0,H4,world_partner,AUS
36,0,2014,X,8486,33548571.0,H4,world_partner,AUS
40,0,2014,M,8486,293770546.698,H4,world_partner,AUT
40,0,2014,X,8486,498159240.335,H4,world_partner,AUT
56,0,2014,M,8486,166183307.062,H4,world_partner,BEL
56,0,2014,X,8486,27968328.093,H4,world_partner,BEL
124,0,2014,M,8486,32186913.0,H4,world_partner,CAN
124,0,2014,X,8486,17172942.0,H4,world_partner,CAN
152,0,2014,M,8486,324729.581,H4,world_partner,CHL
152,0,2014,X,8486,102577.351,H4,world_partner,CHL
156,0,2014,M,8486,11150467731.0,H4,world_partner,CHN
156,0,2014,X,8486,1508568642.0,H4,world_partner,CHN
170,0,2014,M,8486,348924.0,H4,world_partner,COL
170,0,2014,X,8486,3464.0,H4,world_partner,COL
188,0,2014,M,8486,28244212.0,H4,world_partner,CRI
188,0,2014,X,8486,30060619.0,H4,world_partner,CRI
203,0,2014,M,8486,29687990.0,H4,world_partner,CZE
203,0,2014,X,8486,8960733.0,H4,world_partner,CZE
208,0,2014,M,8486,113578229.0,H4,world_partner,DNK
208,0,2014,X,8486,42241525.0,H4,world_partner,DNK
233,0,2014,M,8486,7604107.0,H4,world_partner,EST
233,0,2014,X,8486,8828542.0,H4,world_partner,EST
246,0,2014,M,8486,26622691.0,H4,world_partner,FIN
246,0,2014,X,8486,4726656.0,H4,world_partner,FIN
251,0,2014,M,8486,284177519.0,H4,world_partner,FRA
251,0,2014,X,8486,156474735.0,H4,world_partner,FRA
276,0,2014,M,8486,1069634457.648,H4,world_partner,DEU
276,0,2014,X,8486,1566176589.548,H4,world_partner,DEU
300,0,2014,M,8486,1863083.0,H4,world_partner,GRC
300,0,2014,X,8486,115726.0,H4,world_partner,GRC
348,0,2014,M,8486,32680158.0,H4,world_partner,HUN
348,0,2014,X,8486,14269535.0,H4,world_partner,HUN
352,0,2014,M,8486,83239.0,H4,world_partner,ISL
352,0,2014,X,8486,1880.0,H4,world_partner,ISL
372,0,2014,M,8486,1716522008.924,H4,world_partner,IRL
372,0,2014,X,8486,75451409.223,H4,world_partner,IRL
376,0,2014,M,8486,153389000.0,H4,world_partner,ISR
376,0,2014,X,8486,59486000.0,H4,world_partner,ISR
380,0,2014,M,8486,148086708.0,H4,world_partner,ITA
380,0,2014,X,8486,160901343.0,H4,world_partner,ITA
392,0,2014,M,8486,2636025476.0,H4,world_partner,JPN
392,0,2014,X,8486,13021266566.0,H4,world_partner,JPN
410,0,2014,M,8486,7735628828.0,H4,world_partner,KOR
410,0,2014,X,8486,3760385326.0,H4,world_partner,KOR
428,0,2014,M,8486,911160.235,H4,world_partner,LVA
428,0,2014,X,8486,1020548.692,H4,world_partner,LVA
440,0,2014,M,8486,101048694.0,H4,world_partner,LTU
440,0,2014,X,8486,102242857.0,H4,world_partner,LTU
442,0,2014,M,8486,2911634.0,H4,world_partner,LUX
442,0,2014,X,8486,1137656.0,H4,world_partner,LUX
484,0,2014,M,8486,174987095.0,H4,world_partner,MEX
484,0,2014,X,8486,84377154.0,H4,world_partner,MEX
528,0,2014,M,8486,1935894422.999,H4,world_partner,NLD
528,0,2014,X,8486,7920388091.261,H4,world_partner,NLD
554,0,2014,M,8486,835202.997,H4,world_partner,NZL
554,0,2014,X,8486,1132802.296,H4,world_partner,NZL
579,0,2014,M,8486,8826816.0,H4,world_partner,NOR
579,0,2014,X,8486,1031149.0,H4,world_partner,NOR
616,0,2014,M,8486,14174678.0,H4,world_partner,POL
616,0,2014,X,8486,81014012.0,H4,world_partner,POL
620,0,2014,M,8486,8114714.0,H4,world_partner,PRT
620,0,2014,X,8486,3745800.0,H4,world_partner,PRT
703,0,2014,M,8486,31999825.447,H4,world_partner,SVK
703,0,2014,X,8486,54047883.115,H4,world_partner,SVK
705,0,2014,M,8486,977594.0,H4,world_partner,SVN
705,0,2014,X,8486,1341695.0,H4,world_partner,SVN
724,0,2014,M,8486,9429891.805,H4,world_partner,ESP
724,0,2014,X,8486,6405625.656,H4,world_partner,ESP
752,0,2014,M,8486,37455425.263,H4,world_partner,SWE
752,0,2014,X,8486,70985943.253,H4,world_partner,SWE
757,0,2014,M,8486,116644845.621,H4,world_partner,CHE
757,0,2014,X,8486,356721113.169,H4,world_partner,CHE
792,0,2014,M,8486,25518631.0,H4,world_partner,TUR
792,0,2014,X,8486,2097429.0,H4,world_partner,TUR
826,0,2014,M,8486,184093540.0,H4,world_partner,GBR
826,0,2014,X,8486,381153665.0,H4,world_partner,GBR
842,0,2014,M,8486,8168086909.0,H4,world_partner,USA
842,0,2014,X,8486,10474855646.0,H4,world_partner,USA
36,0,2015,M,8542,404103394.0,H4,world_partner,AUS
36,0,2015,X,8542,63821137.0,H4,world_partner,AUS
40,0,2015,M,8542,694978547.45,H4,world_partner,AUT
40,0,2015,X,8542,790007676.82,H4,world_partner,AUT
56,0,2015,M,8542,787538546.565,H4,world_partner,BEL
56,0,2015,X,8542,513721239.827,H4,world_partner,BEL
124,0,2015,M,8542,1963870737.504,H4,world_partner,CAN
124,0,2015,X,8542,1089199632.558,H4,world_partner,CAN
152,0,2015,M,8542,37976313.054,H4,world_partner,CHL
152,0,2015,X,8542,2108400.222,H4,world_partner,CHL
156,0,2015,M,8542,230657123275.0,H4,world_partner,CHN
156,0,2015,X,8542,69361768277.0,H4,world_partner,CHN
170,0,2015,M,8542,54602166.0,H4,world_partner,COL
170,0,2015,X,8542,2557944.0,H4,world_partner,COL
188,0,2015,M,8542,149385509.0,H4,world_partner,CRI
188,0,2015,X,8542,32078441.0,H4,world_partner,CRI
203,0,2015,M,8542,2322465596.0,H4,world_partner,CZE
203,0,2015,X,8542,1234730903.0,H4,world_partner,CZE
208,0,2015,M,8542,201203266.0,H4,world_partner,DNK
208,0,2015,X,8542,208848555.0,H4,world_partner,DNK
233,0,2015,M,8542,279692036.0,H4,world_partner,EST
233,0,2015,X,8542,39802727.0,H4,world_partner,EST
246,0,2015,M,8542,361149967.0,H4,world_partner,FIN
246,0,2015,X,8542,240417669.0,H4,world_partner,FIN
251,0,2015,M,8542,4607064522.0,H4,world_partner,FRA
251,0,2015,X,8542,6841832186.0,H4,world_partner,FRA
276,0,2015,M,8542,13517251949.431,H4,world_partner,DEU
276,0,2015,X,8542,12045248813.167,H4,world_partner,DEU
300,0,2015,M,8542,34181793.0,H4,world_partner,GRC
300,0,2015,X,8542,8273521.0,H4,world_partner,GRC
348,0,2015,M,8542,2122433523.0,H4,world_partner,HUN
348,0,2015,X,8542,323180678.0,H4,world_partner,HUN
352,0,2015,M,8542,2957796.0,H4,world_partner,ISL
352,0,2015,X,8542,53824.0,H4,world_partner,ISL
372,0,2015,M,8542,520204760.68,H4,world_partner,IRL
372,0,2015,X,8542,1521977760.77,H4,world_partner,IRL
376,0,2015,M,8542,2531282000.0,H4,world_partner,ISR
376,0,2015,X,8542,5578568000.0,H4,world_partner,ISR
380,0,2015,M,8542,1157076209.186,H4,world_partner,ITA
380,0,2015,X,8542,1080610616.576,H4,world_partner,ITA
392,0,2015,M,8542,16927967287.0,H4,world_partner,JPN
392,0,2015,X,8542,23641511571.0,H4,world_partner,JPN
410,0,2015,M,8542,31608455116.0,H4,world_partner,KOR
410,0,2015,X,8542,52173406254.0,H4,world_partner,KOR
428,0,2015,M,8542,71453694.181,H4,world_partner,LVA
428,0,2015,X,8542,41903089.948,H4,world_partner,LVA
440,0,2015,M,8542,45294774.0,H4,world_partner,LTU
440,0,2015,X,8542,11888778.0,H4,world_partner,LTU
442,0,2015,M,8542,35619758.0,H4,world_partner,LUX
442,0,2015,X,8542,4625782.0,H4,world_partner,LUX
484,0,2015,M,8542,14790262093.0,H4,world_partner,MEX
484,0,2015,X,8542,1853771913.0,H4,world_partner,MEX
528,0,2015,M,8542,2970526650.571,H4,world_partner,NLD
528,0,2015,X,8542,3928008112.905,H4,world_partner,NLD
554,0,2015,M,8542,58269523.799,H4,world_partner,NZL
554,0,2015,X,8542,8508922.202,H4,world_partner,NZL
579,0,2015,M,8542,106227411.388,H4,world_partner,NOR
579,0,2015,X,8542,37985292.118,H4,world_partner,NOR
616,0,2015,M,8542,2110140573.0,H4,world_partner,POL
616,0,2015,X,8542,259327304.0,H4,world_partner,POL
620,0,2015,M,8542,332279876.654,H4,world_partner,PRT
620,0,2015,X,8542,78032538.215,H4,world_partner,PRT
703,0,2015,M,8542,568114415.193,H4,world_partner,SVK
703,0,2015,X,8542,108256842.132,H4,world_partner,SVK
705,0,2015,M,8542,52700404.0,H4,world_partner,SVN
705,0,2015,X,8542,14323734.0,H4,world_partner,SVN
724,0,2015,M,8542,623837582.632,H4,world_partner,ESP
724,0,2015,X,8542,296660401.717,H4,world_partner,ESP
752,0,2015,M,8542,562099271.206,H4,world_partner,SWE
752,0,2015,X,8542,179515428.9,H4,world_partner,SWE
757,0,2015,M,8542,671460497.164,H4,world_partner,CHE
757,0,2015,X,8542,504293043.62,H4,world_partner,CHE
792,0,2015,M,8542,468485321.0,H4,world_partner,TUR
792,0,2015,X,8542,21724548.0,H4,world_partner,TUR
826,0,2015,M,8542,1895997869.0,H4,world_partner,GBR
826,0,2015,X,8542,1544012991.0,H4,world_partner,GBR
842,0,2015,M,8542,28828596724.0,H4,world_partner,USA
842,0,2015,X,8542,33477720332.0,H4,world_partner,USA
36,0,2015,X,TOTAL,187792151470.0,H4,world_partner,AUS
40,0,2015,X,TOTAL,145275530315.015,H4,world_partner,AUT
56,0,2015,X,TOTAL,253410705992.653,H4,world_partner,BEL
124,0,2015,X,TOTAL,408697323603.511,H4,world_partner,CAN
152,0,2015,X,TOTAL,62118220376.333,H4,world_partner,CHL
156,0,2015,X,TOTAL,2273468224113.0,H4,world_partner,CHN
170,0,2015,X,TOTAL,35690766593.0,H4,world_partner,COL
188,0,2015,X,TOTAL,9578337782.0,H4,world_partner,CRI
203,0,2015,X,TOTAL,157194122601.0,H4,world_partner,CZE
208,0,2015,X,TOTAL,94618816682.0,H4,world_partner,DNK
233,0,2015,X,TOTAL,13907609950.0,H4,world_partner,EST
246,0,2015,X,TOTAL,59682311206.0,H4,world_partner,FIN
251,0,2015,X,TOTAL,493941214224.0,H4,world_partner,FRA
276,0,2015,X,TOTAL,1328500248528.884,H4,world_partner,DEU
300,0,2015,X,TOTAL,28289236579.0,H4,world_partner,GRC
348,0,2015,X,TOTAL,100296847323.0,H4,world_partner,HUN
352,0,2015,X,TOTAL,4721984946.0,H4,world_partner,ISL
372,0,2015,X,TOTAL,124717363772.617,H4,world_partner,IRL
376,0,2015,X,TOTAL,64062217000.0,H4,world_partner,ISR
380,0,2015,X,TOTAL,456988625514.476,H4,world_partner,ITA
392,0,2015,X,TOTAL,624873508116.0,H4,world_partner,JPN
410,0,2015,X,TOTAL,526753006361.0,H4,world_partner,KOR
428,0,2015,X,TOTAL,11425789786.287,H4,world_partner,LVA
440,0,2015,X,TOTAL,25411022244.0,H4,world_partner,LTU
442,0,2015,X,TOTAL,12625702669.0,H4,world_partner,LUX
484,0,2015,X,TOTAL,380556088682.0,H4,world_partner,MEX
528,0,2015,X,TOTAL,464697216473.282,H4,world_partner,NLD
554,0,2015,X,TOTAL,34357335123.238,H4,world_partner,NZL
579,0,2015,X,TOTAL,103785482320.364,H4,world_partner,NOR
616,0,2015,X,TOTAL,194461157270.0,H4,world_partner,POL
620,0,2015,X,TOTAL,55045025717.804,H4,world_partner,PRT
703,0,2015,X,TOTAL,75010058852.796,H4,world_partner,SVK
705,0,2015,X,TOTAL,26586979271.0,H4,world_partner,SVN
724,0,2015,X,TOTAL,276958511714.4,H4,world_partner,ESP
752,0,2015,X,TOTAL,140006470767.691,H4,world_partner,SWE
757,0,2015,X,TOTAL,289629055115.219,H4,world_partner,CHE
792,0,2015,X,TOTAL,150982113766.0,H4,world_partner,TUR
826,0,2015,X,TOTAL,466295682754.0,H4,world_partner,GBR
842,0,2015,X,TOTAL,1501845863839.0,H4,world_partner,USA
36,0,2015,M,8486,3410042.0,H4,world_partner,AUS
36,0,2015,X,8486,20495765.0,H4,world_partner,AUS
40,0,2015,M,8486,316000985.006,H4,world_partner,AUT
40,0,2015,X,8486,582224264.726,H4,world_partner,AUT
56,0,2015,M,8486,117965711.444,H4,world_partner,BEL
56,0,2015,X,8486,21815901.814,H4,world_partner,BEL
124,0,2015,M,8486,34510515.718,H4,world_partner,CAN
124,0,2015,X,8486,12901273.991,H4,world_partner,CAN
152,0,2015,M,8486,484626.757,H4,world_partner,CHL
152,0,2015,X,8486,256690.19,H4,world_partner,CHL
156,0,2015,M,8486,12491141730.0,H4,world_partner,CHN
156,0,2015,X,8486,1522970567.0,H4,world_partner,CHN
170,0,2015,M,8486,927781.0,H4,world_partner,COL
170,0,2015,X,8486,3744.0,H4,world_partner,COL
188,0,2015,M,8486,2836169.0,H4,world_partner,CRI
188,0,2015,X,8486,305556.0,H4,world_partner,CRI
203,0,2015,M,8486,16861131.0,H4,world_partner,CZE
203,0,2015,X,8486,30451934.0,H4,world_partner,CZE
208,0,2015,M,8486,86497609.0,H4,world_partner,DNK
208,0,2015,X,8486,44038595.0,H4,world_partner,DNK
233,0,2015,M,8486,3528165.0,H4,world_partner,EST
233,0,2015,X,8486,7685369.0,H4,world_partner,EST
246,0,2015,M,8486,28726070.0,H4,world_partner,FIN
246,0,2015,X,8486,4976362.0,H4,world_partner,FIN
251,0,2015,M,8486,218720873.0,H4,world_partner,FRA
251,0,2015,X,8486,217925992.0,H4,world_partner,FRA
276,0,2015,M,8486,918529093.631,H4,world_partner,DEU
276,0,2015,X,8486,1635802538.842,H4,world_partner,DEU
300,0,2015,M,8486,771011.0,H4,world_partner,GRC
300,0,2015,X,8486,98884.0,H4,world_partner,GRC
348,0,2015,M,8486,40653555.0,H4,world_partner,HUN
348,0,2015,X,8486,14761646.0,H4,world_partner,HUN
352,0,2015,M,8486,29326.0,H4,world_partner,ISL
372,0,2015,M,8486,1300661533.953,H4,world_partner,IRL
372,0,2015,X,8486,75287739.893,H4,world_partner,IRL
376,0,2015,M,8486,244135000.0,H4,world_partner,ISR
376,0,2015,X,8486,50855000.0,H4,world_partner,ISR
380,0,2015,M,8486,155993049.714,H4,world_partner,ITA
380,0,2015,X,8486,129639070.973,H4,world_partner,ITA
392,0,2015,M,8486,3710835049.0,H4,world_partner,JPN
392,0,2015,X,8486,13137534158.0,H4,world_partner,JPN
410,0,2015,M,8486,7692094679.0,H4,world_partner,KOR
410,0,2015,X,8486,4556492431.0,H4,world_partner,KOR
428,0,2015,M,8486,2447975.445,H4,world_partner,LVA
428,0,2015,X,8486,435984.966,H4,world_partner,LVA
440,0,2015,M,8486,15033146.0,H4,world_partner,LTU
440,0,2015,X,8486,7729997.0,H4,world_partner,LTU
442,0,2015,M,8486,2561585.0,H4,world_partner,LUX
442,0,2015,X,8486,736460.0,H4,world_partner,LUX
484,0,2015,M,8486,185195727.0,H4,world_partner,MEX
484,0,2015,X,8486,82281984.0,H4,world_partner,MEX
528,0,2015,M,8486,1943241683.36,H4,world_partner,NLD
528,0,2015,X,8486,6590641069.706,H4,world_partner,NLD
554,0,2015,M,8486,1034550.042,H4,world_partner,NZL
554,0,2015,X,8486,4681776.715,H4,world_partner,NZL
579,0,2015,M,8486,6495832.79,H4,world_partner,NOR
579,0,2015,X,8486,344790.772,H4,world_partner,NOR
616,0,2015,M,8486,14933081.0,H4,world_partner,POL
616,0,2015,X,8486,1622050.0,H4,world_partner,POL
620,0,2015,M,8486,12212710.326,H4,world_partner,PRT
620,0,2015,X,8486,5802539.035,H4,world_partner,PRT
703,0,2015,M,8486,13731007.801,H4,world_partner,SVK
703,0,2015,X,8486,42315574.289,H4,world_partner,SVK
705,0,2015,M,8486,483834.0,H4,world_partner,SVN
705,0,2015,X,8486,743848.0,H4,world_partner,SVN
724,0,2015,M,8486,8729146.426,H4,world_partner,ESP
724,0,2015,X,8486,5591916.95,H4,world_partner,ESP
752,0,2015,M,8486,42385970.405,H4,world_partner,SWE
752,0,2015,X,8486,96944242.5,H4,world_partner,SWE
757,0,2015,M,8486,107955329.192,H4,world_partner,CHE
757,0,2015,X,8486,302239323.025,H4,world_partner,CHE
792,0,2015,M,8486,13033765.0,H4,world_partner,TUR
792,0,2015,X,8486,3277878.0,H4,world_partner,TUR
826,0,2015,M,8486,175251123.0,H4,world_partner,GBR
826,0,2015,X,8486,451781894.0,H4,world_partner,GBR
842,0,2015,M,8486,5772887791.0,H4,world_partner,USA
842,0,2015,X,8486,11723717955.0,H4,world_partner,USA
36,0,2016,M,8542,417316224.0,H4,world_partner,AUS
36,0,2016,X,8542,59639573.0,H4,world_partner,AUS
40,0,2016,M,8542,766562476.587,H4,world_partner,AUT
40,0,2016,X,8542,778772537.798,H4,world_partner,AUT
56,0,2016,M,8542,771482272.934,H4,world_partner,BEL
56,0,2016,X,8542,617797997.833,H4,world_partner,BEL
124,0,2016,M,8542,1883141238.064,H4,world_partner,CAN
124,0,2016,X,8542,974533026.021,H4,world_partner,CAN
152,0,2016,M,8542,38207937.564,H4,world_partner,CHL
152,0,2016,X,8542,1813377.34,H4,world_partner,CHL
156,0,2016,M,8542,227616904239.0,H4,world_partner,CHN
156,0,2016,X,8542,61156504770.0,H4,world_partner,CHN
170,0,2016,M,8542,51154116.0,H4,world_partner,COL
170,0,2016,X,8542,2071809.0,H4,world_partner,COL
188,0,2016,M,8542,66039355.0,H4,world_partner,CRI
188,0,2016,X,8542,35060716.0,H4,world_partner,CRI
203,0,2016,M,8542,2556915868.0,H4,world_partner,CZE
203,0,2016,X,8542,1354150451.0,H4,world_partner,CZE
208,0,2016,M,8542,220170429.137,H4,world_partner,DNK
208,0,2016,X,8542,225838903.874,H4,world_partner,DNK
233,0,2016,M,8542,352408694.324,H4,world_partner,EST
233,0,2016,X,8542,63172112.985,H4,world_partner,EST
246,0,2016,M,8542,566187286.0,H4,world_partner,FIN
246,0,2016,X,8542,355999833.0,H4,world_partner,FIN
251,0,2016,M,8542,4480768871.0,H4,world_partner,FRA
251,0,2016,X,8542,6747403386.0,H4,world_partner,FRA
276,0,2016,M,8542,13701487803.531,H4,world_partner,DEU
276,0,2016,X,8542,12251176906.377,H4,world_partner,DEU
300,0,2016,M,8542,41220762.0,H4,world_partner,GRC
300,0,2016,X,8542,10912623.0,H4,world_partner,GRC
348,0,2016,M,8542,2338592426.0,H4,world_partner,HUN
348,0,2016,X,8542,293815097.0,H4,world_partner,HUN
352,0,2016,M,8542,4200571.0,H4,world_partner,ISL
352,0,2016,X,8542,20268.0,H4,world_partner,ISL
372,0,2016,M,8542,511052293.431,H4,world_partner,IRL
372,0,2016,X,8542,6177071757.594,H4,world_partner,IRL
376,0,2016,M,8542,2724392000.0,H4,world_partner,ISR
376,0,2016,X,8542,3452510000.0,H4,world_partner,ISR
380,0,2016,M,8542,1262366535.949,H4,world_partner,ITA
380,0,2016,X,8542,1125037104.382,H4,world_partner,ITA
392,0,2016,M,8542,16961044062.0,H4,world_partner,JPN
392,0,2016,X,8542,24064456047.0,H4,world_partner,JPN
410,0,2016,M,8542,29919072248.0,H4,world_partner,KOR
410,0,2016,X,8542,52280253446.0,H4,world_partner,KOR
428,0,2016,M,8542,77892943.428,H4,world_partner,LVA
428,0,2016,X,8542,32216380.822,H4,world_partner,LVA
440,0,2016,M,8542,58758083.0,H4,world_partner,LTU
440,0,2016,X,8542,15072926.0,H4,world_partner,LTU
442,0,2016,M,8542,47330675.0,H4,world_partner,LUX
442,0,2016,X,8542,6901600.0,H4,world_partner,LUX
484,0,2016,M,8542,15003473063.0,H4,world_partner,MEX
484,0,2016,X,8542,1838669009.0,H4,world_partner,MEX
528,0,2016,M,8542,3915850557.538,H4,world_partner,NLD
528,0,2016,X,8542,4237760441.648,H4,world_partner,NLD
554,0,2016,M,8542,57719403.915,H4,world_partner,NZL
554,0,2016,X,8542,7653270.17,H4,world_partner,NZL
579,0,2016,M,8542,104789368.0,H4,world_partner,NOR
579,0,2016,X,8542,38114656.0,H4,world_partner,NOR
616,0,2016,M,8542,2415985132.0,H4,world_partner,POL
616,0,2016,X,8542,577291617.0,H4,world_partner,POL
620,0,2016,M,8542,611599700.821,H4,world_partner,PRT
620,0,2016,X,8542,246603746.424,H4,world_partner,PRT
703,0,2016,M,8542,667436668.349,H4,world_partner,SVK
703,0,2016,X,8542,195786101.447,H4,world_partner,SVK
705,0,2016,M,8542,61642254.61,H4,world_partner,SVN
705,0,2016,X,8542,14022913.33,H4,world_partner,SVN
724,0,2016,M,8542,659388526.88,H4,world_partner,ESP
724,0,2016,X,8542,384482633.059,H4,world_partner,ESP
752,0,2016,M,8542,565347716.677,H4,world_partner,SWE
752,0,2016,X,8542,176834474.082,H4,world_partner,SWE
757,0,2016,M,8542,566179045.681,H4,world_partner,CHE
757,0,2016,X,8542,497610751.9,H4,world_partner,CHE
792,0,2016,M,8542,475286148.0,H4,world_partner,TUR
792,0,2016,X,8542,28105190.0,H4,world_partner,TUR
826,0,2016,M,8542,1886802080.0,H4,world_partner,GBR
826,0,2016,X,8542,1567424445.0,H4,world_partner,GBR
842,0,2016,M,8542,30743514615.0,H4,world_partner,USA
842,0,2016,X,8542,34772139022.0,H4,world_partner,USA
36,0,2016,X,TOTAL,189629974559.0,H4,world_partner,AUS
40,0,2016,X,TOTAL,144700690215.736,H4,world_partner,AUT
56,0,2016,X,TOTAL,271231916571.688,H4,world_partner,BEL
124,0,2016,X,TOTAL,388853141939.71,H4,world_partner,CAN
152,0,2016,X,TOTAL,60768690454.603,H4,world_partner,CHL
156,0,2016,X,TOTAL,2097637171895.0,H4,world_partner,CHN
170,0,2016,X,TOTAL,31044991243.0,H4,world_partner,COL
188,0,2016,X,TOTAL,9907873818.0,H4,world_partner,CRI
203,0,2016,X,TOTAL,162087332190.0,H4,world_partner,CZE
208,0,2016,X,TOTAL,94729013059.722,H4,world_partner,DNK
233,0,2016,X,TOTAL,13967429425.785,H4,world_partner,EST
246,0,2016,X,TOTAL,57325871718.0,H4,world_partner,FIN
251,0,2016,X,TOTAL,488885072443.0,H4,world_partner,FRA
276,0,2016,X,TOTAL,1337236557704.334,H4,world_partner,DEU
300,0,2016,X,TOTAL,27810924841.0,H4,world_partner,GRC
348,0,2016,X,TOTAL,103009508296.0,H4,world_partner,HUN
352,0,2016,X,TOTAL,4449729754.0,H4,world_partner,ISL
372,0,2016,X,TOTAL,132044712189.116,H4,world_partner,IRL
376,0,2016,X,TOTAL,60570596000.0,H4,world_partner,ISR
380,0,2016,X,TOTAL,461667625429.242,H4,world_partner,ITA
392,0,2016,X,TOTAL,644932439497.0,H4,world_partner,JPN
410,0,2016,X,TOTAL,495417715559.0,H4,world_partner,KOR
428,0,2016,X,TOTAL,11611420890.211,H4,world_partner,LVA
440,0,2016,X,TOTAL,25022652473.8,H4,world_partner,LTU
442,0,2016,X,TOTAL,12838381070.0,H4,world_partner,LUX
484,0,2016,X,TOTAL,373953613840.0,H4,world_partner,MEX
528,0,2016,X,TOTAL,468176328141.088,H4,world_partner,NLD
554,0,2016,X,TOTAL,33731328470.783,H4,world_partner,NZL
579,0,2016,X,TOTAL,89628326847.0,H4,world_partner,NOR
616,0,2016,X,TOTAL,196455269598.0,H4,world_partner,POL
620,0,2016,X,TOTAL,55371549249.577,H4,world_partner,PRT
703,0,2016,X,TOTAL,76990001036.061,H4,world_partner,SVK
705,0,2016,X,TOTAL,27657727689.77,H4,world_partner,SVN
724,0,2016,X,TOTAL,283761065862.3,H4,world_partner,ESP
752,0,2016,X,TOTAL,139390774149.229,H4,world_partner,SWE
757,0,2016,X,TOTAL,302499429349.082,H4,world_partner,CHE
792,0,2016,X,TOTAL,149246999263.0,H4,world_partner,TUR
826,0,2016,X,TOTAL,411463355625.0,H4,world_partner,GBR
842,0,2016,X,TOTAL,1450906272956.0,H4,world_partner,USA
36,0,2016,M,8486,7303488.0,H4,world_partner,AUS
36,0,2016,X,8486,24621797.0,H4,world_partner,AUS
40,0,2016,M,8486,308024143.197,H4,world_partner,AUT
40,0,2016,X,8486,490516584.504,H4,world_partner,AUT
56,0,2016,M,8486,100055833.68,H4,world_partner,BEL
56,0,2016,X,8486,24841040.301,H4,world_partner,BEL
124,0,2016,M,8486,30926077.817,H4,world_partner,CAN
124,0,2016,X,8486,16070877.696,H4,world_partner,CAN
152,0,2016,M,8486,986876.868,H4,world_partner,CHL
152,0,2016,X,8486,93568.524,H4,world_partner,CHL
156,0,2016,M,8486,14033544468.0,H4,world_partner,CHN
156,0,2016,X,8486,1890130952.0,H4,world_partner,CHN
170,0,2016,M,8486,743285.0,H4,world_partner,COL
170,0,2016,X,8486,4858.0,H4,world_partner,COL
188,0,2016,M,8486,3672832.0,H4,world_partner,CRI
188,0,2016,X,8486,282052.0,H4,world_partner,CRI
203,0,2016,M,8486,19426104.0,H4,world_partner,CZE
203,0,2016,X,8486,48557366.0,H4,world_partner,CZE
208,0,2016,M,8486,79035843.614,H4,world_partner,DNK
208,0,2016,X,8486,30789729.662,H4,world_partner,DNK
233,0,2016,M,8486,3273402.788,H4,world_partner,EST
233,0,2016,X,8486,2244586.472,H4,world_partner,EST
246,0,2016,M,8486,29543105.0,H4,world_partner,FIN
246,0,2016,X,8486,7803613.0,H4,world_partner,FIN
251,0,2016,M,8486,274461296.0,H4,world_partner,FRA
251,0,2016,X,8486,188793801.0,H4,world_partner,FRA
276,0,2016,M,8486,948257852.862,H4,world_partner,DEU
276,0,2016,X,8486,1740879946.007,H4,world_partner,DEU
300,0,2016,M,8486,993632.0,H4,world_partner,GRC
300,0,2016,X,8486,131324.0,H4,world_partner,GRC
348,0,2016,M,8486,25730256.0,H4,world_partner,HUN
348,0,2016,X,8486,11951991.0,H4,world_partner,HUN
352,0,2016,M,8486,79972.0,H4,world_partner,ISL
372,0,2016,M,8486,262990752.98,H4,world_partner,IRL
372,0,2016,X,8486,73619949.174,H4,world_partner,IRL
376,0,2016,M,8486,1764552000.0,H4,world_partner,ISR
376,0,2016,X,8486,64819000.0,H4,world_partner,ISR
380,0,2016,M,8486,150005256.54,H4,world_partner,ITA
380,0,2016,X,8486,221750611.027,H4,world_partner,ITA
392,0,2016,M,8486,2839876187.0,H4,world_partner,JPN
392,0,2016,X,8486,17822363332.0,H4,world_partner,JPN
410,0,2016,M,8486,9893583709.0,H4,world_partner,KOR
410,0,2016,X,8486,4190009677.0,H4,world_partner,KOR
428,0,2016,M,8486,630184.23,H4,world_partner,LVA
428,0,2016,X,8486,240159.209,H4,world_partner,LVA
440,0,2016,M,8486,7474221.0,H4,world_partner,LTU
440,0,2016,X,8486,7226299.0,H4,world_partner,LTU
442,0,2016,M,8486,1682907.0,H4,world_partner,LUX
442,0,2016,X,8486,648012.0,H4,world_partner,LUX
484,0,2016,M,8486,125863638.0,H4,world_partner,MEX
484,0,2016,X,8486,93109360.0,H4,world_partner,MEX
528,0,2016,M,8486,1970066861.927,H4,world_partner,NLD
528,0,2016,X,8486,6234186213.211,H4,world_partner,NLD
554,0,2016,M,8486,507731.649,H4,world_partner,NZL
554,0,2016,X,8486,35751630.928,H4,world_partner,NZL
579,0,2016,M,8486,20571563.0,H4,world_partner,NOR
579,0,2016,X,8486,1759696.0,H4,world_partner,NOR
616,0,2016,M,8486,17693612.0,H4,world_partner,POL
616,0,2016,X,8486,8349748.0,H4,world_partner,POL
620,0,2016,M,8486,19663098.937,H4,world_partner,PRT
620,0,2016,X,8486,3164184.567,H4,world_partner,PRT
703,0,2016,M,8486,16629781.922,H4,world_partner,SVK
703,0,2016,X,8486,37218419.027,H4,world_partner,SVK
705,0,2016,M,8486,227658.28,H4,world_partner,SVN
705,0,2016,X,8486,73579.64,H4,world_partner,SVN
724,0,2016,M,8486,10367451.847,H4,world_partner,ESP
724,0,2016,X,8486,6272711.503,H4,world_partner,ESP
752,0,2016,M,8486,34632656.663,H4,world_partner,SWE
752,0,2016,X,8486,145310106.453,H4,world_partner,SWE
757,0,2016,M,8486,94797008.393,H4,world_partner,CHE
757,0,2016,X,8486,339463852.016,H4,world_partner,CHE
792,0,2016,M,8486,16917328.0,H4,world_partner,TUR
792,0,2016,X,8486,1352662.0,H4,world_partner,TUR
826,0,2016,M,8486,161777480.0,H4,world_partner,GBR
826,0,2016,X,8486,411219484.0,H4,world_partner,GBR
842,0,2016,M,8486,5506722461.0,H4,world_partner,USA
842,0,2016,X,8486,12765886727.0,H4,world_partner,USA
36,0,2017,M,8542,430707886.656,H5,world_partner,AUS
36,0,2017,X,8542,57155817.97,H5,world_partner,AUS
40,0,2017,M,8542,837018166.955,H5,world_partner,AUT
40,0,2017,X,8542,752962146.913,H5,world_partner,AUT
56,0,2017,M,8542,734802848.301,H5,world_partner,BEL
56,0,2017,X,8542,773711692.825,H5,world_partner,BEL
124,0,2017,M,8542,1982890181.061,H5,world_partner,CAN
124,0,2017,X,8542,909736282.997,H5,world_partner,CAN
152,0,2017,M,8542,38369970.64,H5,world_partner,CHL
152,0,2017,X,8542,3802238.66,H5,world_partner,CHL
156,0,2017,M,8542,261161384489.0,H5,world_partner,CHN
156,0,2017,X,8542,67201901492.0,H5,world_partner,CHN
170,0,2017,M,8542,55310159.35,H5,world_partner,COL
170,0,2017,X,8542,1583000.71,H5,world_partner,COL
188,0,2017,M,8542,99176860.384,H5,world_partner,CRI
188,0,2017,X,8542,58290208.816,H5,world_partner,CRI
203,0,2017,M,8542,3308307135.0,H5,world_partner,CZE
203,0,2017,X,8542,877241998.0,H5,world_partner,CZE
208,0,2017,M,8542,248528589.405,H5,world_partner,DNK
208,0,2017,X,8542,240823816.018,H5,world_partner,DNK
233,0,2017,M,8542,360937611.421,H5,world_partner,EST
233,0,2017,X,8542,51072226.993,H5,world_partner,EST
246,0,2017,M,8542,605328128.407,H5,world_partner,FIN
246,0,2017,X,8542,466417953.399,H5,world_partner,FIN
251,0,2017,M,8542,4078118334.669,H5,world_partner,FRA
251,0,2017,X,8542,6683227695.743,H5,world_partner,FRA
276,0,2017,M,8542,17413854409.61,H5,world_partner,DEU
276,0,2017,X,8542,15177647839.784,H5,world_partner,DEU
300,0,2017,M,8542,35997065.551,H5,world_partner,GRC
300,0,2017,X,8542,18236315.221,H5,world_partner,GRC
348,0,2017,M,8542,2683017459.0,H5,world_partner,HUN
348,0,2017,X,8542,347613946.0,H5,world_partner,HUN
352,0,2017,M,8542,3251443.787,H5,world_partner,ISL
352,0,2017,X,8542,12738.842,H5,world_partner,ISL
372,0,2017,M,8542,400601586.063,H5,world_partner,IRL
372,0,2017,X,8542,5333781909.777,H5,world_partner,IRL
376,0,2017,M,8542,1044102000.0,H5,world_partner,ISR
376,0,2017,X,8542,2764903000.0,H5,world_partner,ISR
380,0,2017,M,8542,1479165500.247,H5,world_partner,ITA
380,0,2017,X,8542,1336736737.516,H5,world_partner,ITA
392,0,2017,M,8542,19451341082.514,H5,world_partner,JPN
392,0,2017,X,8542,26673541180.398,H5,world_partner,JPN
410,0,2017,M,8542,33386617494.0,H5,world_partner,KOR
410,0,2017,X,8542,86103151684.0,H5,world_partner,KOR
428,0,2017,M,8542,103692596.582,H5,world_partner,LVA
428,0,2017,X,8542,31115887.147,H5,world_partner,LVA
440,0,2017,M,8542,73956212.0,H5,world_partner,LTU
440,0,2017,X,8542,22724220.0,H5,world_partner,LTU
442,0,2017,M,8542,33005821.77,H5,world_partner,LUX
442,0,2017,X,8542,4815228.751,H5,world_partner,LUX
484,0,2017,M,8542,16387089163.0,H4,world_partner,MEX
484,0,2017,X,8542,2182795291.0,H4,world_partner,MEX
528,0,2017,M,8542,10625730746.822,H5,world_partner,NLD
528,0,2017,X,8542,9306187350.076,H5,world_partner,NLD
554,0,2017,M,8542,58118026.637,H5,world_partner,NZL
554,0,2017,X,8542,9249552.558,H5,world_partner,NZL
579,0,2017,M,8542,140367169.628,H5,world_partner,NOR
579,0,2017,X,8542,39957441.106,H5,world_partner,NOR
616,0,2017,M,8542,2212989789.0,H5,world_partner,POL
616,0,2017,X,8542,462713783.0,H5,world_partner,POL
620,0,2017,M,8542,759127088.403,H5,world_partner,PRT
620,0,2017,X,8542,322831737.976,H5,world_partner,PRT
703,0,2017,M,8542,707022688.388,H5,world_partner,SVK
703,0,2017,X,8542,157041646.246,H5,world_partner,SVK
705,0,2017,M,8542,70466818.83,H5,world_partner,SVN
705,0,2017,X,8542,18465496.31,H5,world_partner,SVN
724,0,2017,M,8542,648529616.24,H5,world_partner,ESP
724,0,2017,X,8542,307463124.835,H5,world_partner,ESP
752,0,2017,M,8542,518183082.979,H5,world_partner,SWE
752,0,2017,X,8542,182351569.755,H5,world_partner,SWE
757,0,2017,M,8542,617014356.782,H5,world_partner,CHE
757,0,2017,X,8542,537940099.74,H5,world_partner,CHE
792,0,2017,M,8542,601938551.0,H5,world_partner,TUR
792,0,2017,X,8542,34314859.0,H5,world_partner,TUR
826,0,2017,M,8542,1929538334.304,H5,world_partner,GBR
826,0,2017,X,8542,1540934820.964,H5,world_partner,GBR
842,0,2017,M,8542,33455738782.0,H5,world_partner,USA
842,0,2017,X,8542,37990061851.0,H5,world_partner,USA
36,0,2017,X,TOTAL,230536736593.854,H5,world_partner,AUS
40,0,2017,X,TOTAL,159970530802.934,H5,world_partner,AUT
56,0,2017,X,TOTAL,296556522030.368,H5,world_partner,BEL
124,0,2017,X,TOTAL,420074382189.806,H5,world_partner,CAN
152,0,2017,X,TOTAL,68903578704.28,H5,world_partner,CHL
156,0,2017,X,TOTAL,2263370504301.0,H5,world_partner,CHN
170,0,2017,X,TOTAL,37766321060.03,H5,world_partner,COL
188,0,2017,X,TOTAL,11296640428.739,H5,world_partner,CRI
203,0,2017,X,TOTAL,182231360523.0,H5,world_partner,CZE
208,0,2017,X,TOTAL,101348491314.473,H5,world_partner,DNK
233,0,2017,X,TOTAL,15387735462.712,H5,world_partner,EST
246,0,2017,X,TOTAL,67280640848.379,H5,world_partner,FIN
251,0,2017,X,TOTAL,523385133284.496,H5,world_partner,FRA
276,0,2017,X,TOTAL,1430536200992.758,H5,world_partner,DEU
300,0,2017,X,TOTAL,32154816405.638,H5,world_partner,GRC
348,0,2017,X,TOTAL,113496741513.0,H5,world_partner,HUN
352,0,2017,X,TOTAL,4882605885.029,H5,world_partner,ISL
372,0,2017,X,TOTAL,138707447691.473,H5,world_partner,IRL
376,0,2017,X,TOTAL,61150141000.0,H5,world_partner,ISR
380,0,2017,X,TOTAL,507361399840.262,H5,world_partner,ITA
392,0,2017,X,TOTAL,698131223694.097,H5,world_partner,JPN
410,0,2017,X,TOTAL,573627368937.0,H5,world_partner,KOR
428,0,2017,X,TOTAL,12976318798.656,H5,world_partner,LVA
440,0,2017,X,TOTAL,29888104257.8,H5,world_partner,LTU
442,0,2017,X,TOTAL,11532881148.218,H5,world_partner,LUX
484,0,2017,X,TOTAL,409396272990.0,H4,world_partner,MEX
528,0,2017,X,TOTAL,527907822349.286,H5,world_partner,NLD
554,0,2017,X,TOTAL,38050286199.784,H5,world_partner,NZL
579,0,2017,X,TOTAL,101976020159.699,H5,world_partner,NOR
616,0,2017,X,TOTAL,221307621302.0,H5,world_partner,POL
620,0,2017,X,TOTAL,62116840516.277,H5,world_partner,PRT
703,0,2017,X,TOTAL,83428380735.987,H5,world_partner,SVK
705,0,2017,X,TOTAL,31893789564.46,H5,world_partner,SVN
724,0,2017,X,TOTAL,311953394805.861,H5,world_partner,ESP
752,0,2017,X,TOTAL,153158564964.648,H5,world_partner,SWE
757,0,2017,X,TOTAL,299331427818.625,H5,world_partner,CHE
792,0,2017,X,TOTAL,164494619316.0,H5,world_partner,TUR
826,0,2017,X,TOTAL,441847324214.296,H5,world_partner,GBR
842,0,2017,X,TOTAL,1545809598154.0,H5,world_partner,USA
36,0,2017,M,8486,8135261.532,H5,world_partner,AUS
36,0,2017,X,8486,31483548.87,H5,world_partner,AUS
40,0,2017,M,8486,395407004.762,H5,world_partner,AUT
40,0,2017,X,8486,564621707.978,H5,world_partner,AUT
56,0,2017,M,8486,69180515.053,H5,world_partner,BEL
56,0,2017,X,8486,36680514.275,H5,world_partner,BEL
124,0,2017,M,8486,36463026.366,H5,world_partner,CAN
124,0,2017,X,8486,15616033.994,H5,world_partner,CAN
152,0,2017,M,8486,816850.352,H5,world_partner,CHL
152,0,2017,X,8486,194904.298,H5,world_partner,CHL
156,0,2017,M,8486,19667207026.0,H5,world_partner,CHN
156,0,2017,X,8486,2076126747.0,H5,world_partner,CHN
170,0,2017,M,8486,263656.96,H5,world_partner,COL
170,0,2017,X,8486,10130.6,H5,world_partner,COL
188,0,2017,M,8486,4083544.346,H5,world_partner,CRI
188,0,2017,X,8486,371053.415,H5,world_partner,CRI
203,0,2017,M,8486,36300224.0,H5,world_partner,CZE
203,0,2017,X,8486,44260316.0,H5,world_partner,CZE
208,0,2017,M,8486,85205810.021,H5,world_partner,DNK
208,0,2017,X,8486,24728505.391,H5,world_partner,DNK
233,0,2017,M,8486,4006418.274,H5,world_partner,EST
233,0,2017,X,8486,3046326.608,H5,world_partner,EST
246,0,2017,M,8486,33497278.307,H5,world_partner,FIN
246,0,2017,X,8486,9892162.746,H5,world_partner,FIN
251,0,2017,M,8486,411961307.807,H5,world_partner,FRA
251,0,2017,X,8486,240620394.426,H5,world_partner,FRA
276,0,2017,M,8486,1383791988.876,H5,world_partner,DEU
276,0,2017,X,8486,2183260658.579,H5,world_partner,DEU
300,0,2017,M,8486,737839.434,H5,world_partner,GRC
300,0,2017,X,8486,762484.043,H5,world_partner,GRC
348,0,2017,M,8486,28980820.0,H5,world_partner,HUN
348,0,2017,X,8486,10191855.0,H5,world_partner,HUN
352,0,2017,M,8486,584874.547,H5,world_partner,ISL
372,0,2017,M,8486,323175095.092,H5,world_partner,IRL
372,0,2017,X,8486,86208723.699,H5,world_partner,IRL
376,0,2017,M,8486,2165062000.0,H5,world_partner,ISR
376,0,2017,X,8486,74220000.0,H5,world_partner,ISR
380,0,2017,M,8486,281074205.717,H5,world_partner,ITA
380,0,2017,X,8486,129017865.448,H5,world_partner,ITA
392,0,2017,M,8486,4588187724.509,H5,world_partner,JPN
392,0,2017,X,8486,22741855602.704,H5,world_partner,JPN
410,0,2017,M,8486,20332066585.0,H5,world_partner,KOR
410,0,2017,X,8486,6871098909.0,H5,world_partner,KOR
428,0,2017,M,8486,1332294.936,H5,world_partner,LVA
428,0,2017,X,8486,48977.32,H5,world_partner,LVA
440,0,2017,M,8486,8625907.0,H5,world_partner,LTU
440,0,2017,X,8486,9054902.0,H5,world_partner,LTU
442,0,2017,M,8486,1339350.72,H5,world_partner,LUX
442,0,2017,X,8486,975369.4,H5,world_partner,LUX
484,0,2017,M,8486,198817420.0,H4,world_partner,MEX
484,0,2017,X,8486,125927755.0,H4,world_partner,MEX
528,0,2017,M,8486,2224079750.963,H5,world_partner,NLD
528,0,2017,X,8486,9687920718.939,H5,world_partner,NLD
554,0,2017,M,8486,777953.033,H5,world_partner,NZL
554,0,2017,X,8486,16990715.298,H5,world_partner,NZL
579,0,2017,M,8486,17579241.798,H5,world_partner,NOR
579,0,2017,X,8486,4575722.652,H5,world_partner,NOR
616,0,2017,M,8486,7515426.0,H5,world_partner,POL
616,0,2017,X,8486,7103262.0,H5,world_partner,POL
620,0,2017,M,8486,22868763.442,H5,world_partner,PRT
620,0,2017,X,8486,1097638.206,H5,world_partner,PRT
703,0,2017,M,8486,15132079.254,H5,world_partner,SVK
703,0,2017,X,8486,33940652.228,H5,world_partner,SVK
705,0,2017,M,8486,3018034.02,H5,world_partner,SVN
705,0,2017,X,8486,85908.01,H5,world_partner,SVN
724,0,2017,M,8486,6261178.204,H5,world_partner,ESP
724,0,2017,X,8486,7378832.484,H5,world_partner,ESP
752,0,2017,M,8486,32588795.418,H5,world_partner,SWE
752,0,2017,X,8486,146914859.726,H5,world_partner,SWE
757,0,2017,M,8486,106105362.283,H5,world_partner,CHE
757,0,2017,X,8486,372233349.741,H5,world_partner,CHE
792,0,2017,M,8486,32363012.0,H5,world_partner,TUR
792,0,2017,X,8486,376291.0,H5,world_partner,TUR
826,0,2017,M,8486,205874720.264,H5,world_partner,GBR
826,0,2017,X,8486,434787943.318,H5,world_partner,GBR
842,0,2017,M,8486,7855858475.0,H5,world_partner,USA
842,0,2017,X,8486,17548409383.0,H5,world_partner,USA
36,0,2018,M,8542,478553566.761,H5,world_partner,AUS
36,0,2018,X,8542,72060912.016,H5,world_partner,AUS
40,0,2018,M,8542,1008616544.502,H5,world_partner,AUT
40,0,2018,X,8542,838572579.364,H5,world_partner,AUT
56,0,2018,M,8542,536829793.411,H5,world_partner,BEL
56,0,2018,X,8542,699869416.021,H5,world_partner,BEL
124,0,2018,M,8542,2155688738.636,H5,world_partner,CAN
124,0,2018,X,8542,1021808801.536,H5,world_partner,CAN
152,0,2018,M,8542,45322656.829,H5,world_partner,CHL
152,0,2018,X,8542,1818760.702,H5,world_partner,CHL
156,0,2018,M,8542,312952465404.0,H5,world_partner,CHN
156,0,2018,X,8542,85037571985.0,H5,world_partner,CHN
170,0,2018,M,8542,58834396.72,H5,world_partner,COL
170,0,2018,X,8542,2022575.98,H5,world_partner,COL
188,0,2018,M,8542,125192897.23,H5,world_partner,CRI
188,0,2018,X,8542,74590288.14,H5,world_partner,CRI
203,0,2018,M,8542,3731406853.0,H5,world_partner,CZE
203,0,2018,X,8542,952840750.0,H5,world_partner,CZE
208,0,2018,M,8542,255895133.77,H5,world_partner,DNK
208,0,2018,X,8542,258901351.591,H5,world_partner,DNK
233,0,2018,M,8542,339697097.42,H5,world_partner,EST
233,0,2018,X,8542,66802739.933,H5,world_partner,EST
246,0,2018,M,8542,772788970.448,H5,world_partner,FIN
246,0,2018,X,8542,419636326.769,H5,world_partner,FIN
251,0,2018,M,8542,4124226422.255,H5,world_partner,FRA
251,0,2018,X,8542,7682030080.961,H5,world_partner,FRA
276,0,2018,M,8542,19531863713.427,H5,world_partner,DEU
276,0,2018,X,8542,16777816585.317,H5,world_partner,DEU
300,0,2018,M,8542,45439024.109,H5,world_partner,GRC
300,0,2018,X,8542,19458912.592,H5,world_partner,GRC
348,0,2018,M,8542,3057261298.0,H5,world_partner,HUN
348,0,2018,X,8542,398453366.0,H5,world_partner,HUN
352,0,2018,M,8542,5076479.571,H5,world_partner,ISL
352,0,2018,X,8542,36468.179,H5,world_partner,ISL
372,0,2018,M,8542,494342781.194,H5,world_partner,IRL
372,0,2018,X,8542,4156763091.504,H5,world_partner,IRL
376,0,2018,M,8542,1163384000.0,H5,world_partner,ISR
376,0,2018,X,8542,3259649000.0,H5,world_partner,ISR
380,0,2018,M,8542,1681788473.522,H5,world_partner,ITA
380,0,2018,X,8542,1550860249.872,H5,world_partner,ITA
392,0,2018,M,8542,20136906021.006,H5,world_partner,JPN
392,0,2018,X,8542,28035473943.137,H5,world_partner,JPN
410,0,2018,M,8542,34522861651.0,H5,world_partner,KOR
410,0,2018,X,8542,109776376332.0,H5,world_partner,KOR
428,0,2018,M,8542,114336352.561,H5,world_partner,LVA
428,0,2018,X,8542,25273811.488,H5,world_partner,LVA
440,0,2018,M,8542,87934345.0,H5,world_partner,LTU
440,0,2018,X,8542,26995229.99,H5,world_partner,LTU
442,0,2018,M,8542,14691764.316,H5,world_partner,LUX
442,0,2018,X,8542,5435887.588,H5,world_partner,LUX
484,0,2018,M,8542,19298862776.0,H4,world_partner,MEX
484,0,2018,X,8542,2102562024.0,H4,world_partner,MEX
528,0,2018,M,8542,12405313428.495,H5,world_partner,NLD
528,0,2018,X,8542,10604670134.937,H5,world_partner,NLD
554,0,2018,M,8542,58913101.523,H5,world_partner,NZL
554,0,2018,X,8542,8589434.971,H5,world_partner,NZL
579,0,2018,M,8542,137250600.207,H5,world_partner,NOR
579,0,2018,X,8542,53213481.324,H5,world_partner,NOR
616,0,2018,M,8542,2425686062.0,H5,world_partner,POL
616,0,2018,X,8542,434385923.0,H5,world_partner,POL
620,0,2018,M,8542,963963202.99,H5,world_partner,PRT
620,0,2018,X,8542,357022004.427,H5,world_partner,PRT
703,0,2018,M,8542,717331551.026,H5,world_partner,SVK
703,0,2018,X,8542,136511996.116,H5,world_partner,SVK
705,0,2018,M,8542,74922745.79,H5,world_partner,SVN
705,0,2018,X,8542,23843529.42,H5,world_partner,SVN
724,0,2018,M,8542,784593195.614,H5,world_partner,ESP
724,0,2018,X,8542,374583476.068,H5,world_partner,ESP
752,0,2018,M,8542,520435982.578,H5,world_partner,SWE
752,0,2018,X,8542,166960117.817,H5,world_partner,SWE
757,0,2018,M,8542,654317622.599,H5,world_partner,CHE
757,0,2018,X,8542,641531705.585,H5,world_partner,CHE
792,0,2018,M,8542,538407680.0,H5,world_partner,TUR
792,0,2018,X,8542,27430298.0,H5,world_partner,TUR
826,0,2018,M,8542,2118485639.016,H5,world_partner,GBR
826,0,2018,X,8542,1598431412.699,H5,world_partner,GBR
842,0,2018,M,8542,34796159683.0,H5,world_partner,USA
842,0,2018,X,8542,37691624085.0,H5,world_partner,USA
36,0,2018,X,TOTAL,256565262375.592,H5,world_partner,AUS
40,0,2018,X,TOTAL,176991970620.195,H5,world_partner,AUT
56,0,2018,X,TOTAL,323378438760.036,H5,world_partner,BEL
124,0,2018,X,TOTAL,450392396468.983,H5,world_partner,CAN
152,0,2018,X,TOTAL,74837981347.413,H5,world_partner,CHL
156,0,2018,X,TOTAL,2486439719803.0,H5,world_partner,CHN
170,0,2018,X,TOTAL,41831520220.79,H5,world_partner,COL
188,0,2018,X,TOTAL,11251781448.19,H5,world_partner,CRI
203,0,2018,X,TOTAL,202521577709.0,H5,world_partner,CZE
208,0,2018,X,TOTAL,108521449414.015,H5,world_partner,DNK
233,0,2018,X,TOTAL,17851477710.699,H5,world_partner,EST
246,0,2018,X,TOTAL,75258290459.809,H5,world_partner,FIN
251,0,2018,X,TOTAL,568535879844.931,H5,world_partner,FRA
276,0,2018,X,TOTAL,1562418816337.222,H5,world_partner,DEU
300,0,2018,X,TOTAL,39490521437.854,H5,world_partner,GRC
348,0,2018,X,TOTAL,123957885048.0,H5,world_partner,HUN
352,0,2018,X,TOTAL,5561475841.127,H5,world_partner,ISL
372,0,2018,X,TOTAL,166095221558.803,H5,world_partner,IRL
376,0,2018,X,TOTAL,61906412000.0,H5,world_partner,ISR
380,0,2018,X,TOTAL,549514772960.89,H5,world_partner,ITA
392,0,2018,X,TOTAL,738195054863.86,H5,world_partner,JPN
410,0,2018,X,TOTAL,604807317420.0,H5,world_partner,KOR
428,0,2018,X,TOTAL,14650353878.392,H5,world_partner,LVA
440,0,2018,X,TOTAL,33334576736.83,H5,world_partner,LTU
442,0,2018,X,TOTAL,15148367371.381,H5,world_partner,LUX
484,0,2018,X,TOTAL,450683646625.0,H4,world_partner,MEX
528,0,2018,X,TOTAL,587893084428.685,H5,world_partner,NLD
554,0,2018,X,TOTAL,39838898880.495,H5,world_partner,NZL
579,0,2018,X,TOTAL,123040316872.776,H5,world_partner,NOR
616,0,2018,X,TOTAL,261815268525.0,H5,world_partner,POL
620,0,2018,X,TOTAL,74135905807.867,H5,world_partner,PRT
703,0,2018,X,TOTAL,93432670639.504,H5,world_partner,SVK
705,0,2018,X,TOTAL,36471278939.42,H5,world_partner,SVN
724,0,2018,X,TOTAL,346064315051.142,H5,world_partner,ESP
752,0,2018,X,TOTAL,165966633517.936,H5,world_partner,SWE
757,0,2018,X,TOTAL,310523862211.195,H5,world_partner,CHE
792,0,2018,X,TOTAL,177168756288.0,H5,world_partner,TUR
826,0,2018,X,TOTAL,490840363553.577,H5,world_partner,GBR
842,0,2018,X,TOTAL,1665302936591.0,H5,world_partner,USA
36,0,2018,M,8486,26745733.19,H5,world_partner,AUS
36,0,2018,X,8486,10533518.304,H5,world_partner,AUS
40,0,2018,M,8486,466247144.798,H5,world_partner,AUT
40,0,2018,X,8486,760963081.862,H5,world_partner,AUT
56,0,2018,M,8486,194623500.1,H5,world_partner,BEL
56,0,2018,X,8486,30971793.438,H5,world_partner,BEL
124,0,2018,M,8486,45092168.982,H5,world_partner,CAN
124,0,2018,X,8486,16413563.389,H5,world_partner,CAN
152,0,2018,M,8486,379155.343,H5,world_partner,CHL
152,0,2018,X,8486,50015.054,H5,world_partner,CHL
156,0,2018,M,8486,30769938292.0,H5,world_partner,CHN
156,0,2018,X,8486,2513296804.0,H5,world_partner,CHN
170,0,2018,M,8486,499415.54,H5,world_partner,COL
170,0,2018,X,8486,296.38,H5,world_partner,COL
188,0,2018,M,8486,2471905.74,H5,world_partner,CRI
188,0,2018,X,8486,7866771.91,H5,world_partner,CRI
203,0,2018,M,8486,53484313.0,H5,world_partner,CZE
203,0,2018,X,8486,66191082.0,H5,world_partner,CZE
208,0,2018,M,8486,123277039.198,H5,world_partner,DNK
208,0,2018,X,8486,28067769.609,H5,world_partner,DNK
233,0,2018,M,8486,1382739.521,H5,world_partner,EST
233,0,2018,X,8486,1171898.063,H5,world_partner,EST
246,0,2018,M,8486,50760825.252,H5,world_partner,FIN
246,0,2018,X,8486,16517422.288,H5,world_partner,FIN
251,0,2018,M,8486,499923014.697,H5,world_partner,FRA
251,0,2018,X,8486,252677738.432,H5,world_partner,FRA
276,0,2018,M,8486,1281470009.273,H5,world_partner,DEU
276,0,2018,X,8486,2295574286.826,H5,world_partner,DEU
300,0,2018,M,8486,681258.704,H5,world_partner,GRC
300,0,2018,X,8486,88647.568,H5,world_partner,GRC
348,0,2018,M,8486,30614678.0,H5,world_partner,HUN
348,0,2018,X,8486,14028197.0,H5,world_partner,HUN
352,0,2018,M,8486,120231.536,H5,world_partner,ISL
352,0,2018,X,8486,15406.685,H5,world_partner,ISL
372,0,2018,M,8486,828962133.812,H5,world_partner,IRL
372,0,2018,X,8486,115884388.397,H5,world_partner,IRL
376,0,2018,M,8486,2306706000.0,H5,world_partner,ISR
376,0,2018,X,8486,173092000.0,H5,world_partner,ISR
380,0,2018,M,8486,305013408.601,H5,world_partner,ITA
380,0,2018,X,8486,156521963.843,H5,world_partner,ITA
392,0,2018,M,8486,6360090058.41,H5,world_partner,JPN
392,0,2018,X,8486,24720885640.032,H5,world_partner,JPN
410,0,2018,M,8486,16899428500.0,H5,world_partner,KOR
410,0,2018,X,8486,8663314535.0,H5,world_partner,KOR
428,0,2018,M,8486,2665406.092,H5,world_partner,LVA
428,0,2018,X,8486,1943764.074,H5,world_partner,LVA
440,0,2018,M,8486,8909821.0,H5,world_partner,LTU
440,0,2018,X,8486,5270505.0,H5,world_partner,LTU
442,0,2018,M,8486,508499.411,H5,world_partner,LUX
442,0,2018,X,8486,826475.269,H5,world_partner,LUX
484,0,2018,M,8486,185932942.0,H4,world_partner,MEX
484,0,2018,X,8486,148705945.0,H4,world_partner,MEX
528,0,2018,M,8486,3382556652.954,H5,world_partner,NLD
528,0,2018,X,8486,13477302115.403,H5,world_partner,NLD
554,0,2018,M,8486,2370323.197,H5,world_partner,NZL
554,0,2018,X,8486,39047948.859,H5,world_partner,NZL
579,0,2018,M,8486,11562256.191,H5,world_partner,NOR
579,0,2018,X,8486,5713976.86,H5,world_partner,NOR
616,0,2018,M,8486,7659663.0,H5,world_partner,POL
616,0,2018,X,8486,9037163.0,H5,world_partner,POL
620,0,2018,M,8486,19458146.364,H5,world_partner,PRT
620,0,2018,X,8486,1712806.692,H5,world_partner,PRT
703,0,2018,M,8486,37071755.046,H5,world_partner,SVK
703,0,2018,X,8486,61569642.543,H5,world_partner,SVK
705,0,2018,M,8486,1561011.25,H5,world_partner,SVN
705,0,2018,X,8486,2875042.79,H5,world_partner,SVN
724,0,2018,M,8486,8881931.869,H5,world_partner,ESP
724,0,2018,X,8486,8196692.121,H5,world_partner,ESP
752,0,2018,M,8486,42603602.907,H5,world_partner,SWE
752,0,2018,X,8486,216446335.146,H5,world_partner,SWE
757,0,2018,M,8486,114826454.781,H5,world_partner,CHE
757,0,2018,X,8486,330727914.615,H5,world_partner,CHE
792,0,2018,M,8486,34072109.0,H5,world_partner,TUR
792,0,2018,X,8486,780571.0,H5,world_partner,TUR
826,0,2018,M,8486,293075871.517,H5,world_partner,GBR
826,0,2018,X,8486,615556845.069,H5,world_partner,GBR
842,0,2018,M,8486,8622710596.0,H5,world_partner,USA
842,0,2018,X,8486,18220846510.0,H5,world_partner,USA
36,0,2019,M,8542,570210741.762,H5,world_partner,AUS
36,0,2019,X,8542,74881405.287,H5,world_partner,AUS
40,0,2019,M,8542,856513409.279,H5,world_partner,AUT
40,0,2019,X,8542,759141828.014,H5,world_partner,AUT
56,0,2019,M,8542,2468982265.686,H5,world_partner,BEL
56,0,2019,X,8542,1386414339.914,H5,world_partner,BEL
124,0,2019,M,8542,1759644366.943,H5,world_partner,CAN
124,0,2019,X,8542,1085326288.182,H5,world_partner,CAN
152,0,2019,M,8542,44025740.99,H5,world_partner,CHL
152,0,2019,X,8542,1584511.901,H5,world_partner,CHL
156,0,2019,M,8542,306396731089.0,H5,world_partner,CHN
156,0,2019,X,8542,102102959980.0,H5,world_partner,CHN
170,0,2019,M,8542,63081377.2,H5,world_partner,COL
170,0,2019,X,8542,1696878.37,H5,world_partner,COL
188,0,2019,M,8542,137065216.62,H5,world_partner,CRI
188,0,2019,X,8542,46785892.78,H5,world_partner,CRI
203,0,2019,M,8542,3077798553.0,H5,world_partner,CZE
203,0,2019,X,8542,1141073024.0,H5,world_partner,CZE
208,0,2019,M,8542,274170368.428,H5,world_partner,DNK
208,0,2019,X,8542,264019063.501,H5,world_partner,DNK
233,0,2019,M,8542,271761421.932,H5,world_partner,EST
233,0,2019,X,8542,63901506.553,H5,world_partner,EST
246,0,2019,M,8542,834419744.894,H5,world_partner,FIN
246,0,2019,X,8542,304871567.618,H5,world_partner,FIN
251,0,2019,M,8542,4441806450.908,H5,world_partner,FRA
251,0,2019,X,8542,7693480467.688,H5,world_partner,FRA
276,0,2019,M,8542,17006249401.53,H5,world_partner,DEU
276,0,2019,X,8542,14977836716.926,H5,world_partner,DEU
300,0,2019,M,8542,41710665.676,H5,world_partner,GRC
300,0,2019,X,8542,17844615.094,H5,world_partner,GRC
348,0,2019,M,8542,3436626695.0,H5,world_partner,HUN
348,0,2019,X,8542,538416313.0,H5,world_partner,HUN
352,0,2019,M,8542,3081298.07,H5,world_partner,ISL
352,0,2019,X,8542,86738.72,H5,world_partner,ISL
372,0,2019,M,8542,1035772446.452,H5,world_partner,IRL
372,0,2019,X,8542,7194209189.102,H5,world_partner,IRL
376,0,2019,M,8542,1022796000.0,H5,world_partner,ISR
376,0,2019,X,8542,2098975000.0,H5,world_partner,ISR
380,0,2019,M,8542,1483319035.563,H5,world_partner,ITA
380,0,2019,X,8542,1429659628.505,H5,world_partner,ITA
392,0,2019,M,8542,18511107876.736,H5,world_partner,JPN
392,0,2019,X,8542,27782032756.48,H5,world_partner,JPN
410,0,2019,M,8542,35703236563.0,H5,world_partner,KOR
410,0,2019,X,8542,79076531427.0,H5,world_partner,KOR
428,0,2019,M,8542,115507326.207,H5,world_partner,LVA
428,0,2019,X,8542,36094895.337,H5,world_partner,LVA
440,0,2019,M,8542,96262868.0,H5,world_partner,LTU
440,0,2019,X,8542,34880492.0,H5,world_partner,LTU
442,0,2019,M,8542,12385875.447,H5,world_partner,LUX
442,0,2019,X,8542,3479800.462,H5,world_partner,LUX
484,0,2019,M,8542,21357300045.0,H4,world_partner,MEX
484,0,2019,X,8542,2194865125.0,H4,world_partner,MEX
528,0,2019,M,8542,13395082476.076,H5,world_partner,NLD
528,0,2019,X,8542,11091161147.607,H5,world_partner,NLD
554,0,2019,M,8542,52128273.22,H5,world_partner,NZL
554,0,2019,X,8542,6238711.774,H5,world_partner,NZL
579,0,2019,M,8542,133483586.145,H5,world_partner,NOR
579,0,2019,X,8542,57761774.346,H5,world_partner,NOR
616,0,2019,M,8542,2277444552.0,H5,world_partner,POL
616,0,2019,X,8542,178117842.0,H5,world_partner,POL
620,0,2019,M,8542,995590225.227,H5,world_partner,PRT
620,0,2019,X,8542,345326036.057,H5,world_partner,PRT
703,0,2019,M,8542,568949949.719,H5,world_partner,SVK
703,0,2019,X,8542,108483076.39,H5,world_partner,SVK
705,0,2019,M,8542,71235710.43,H5,world_partner,SVN
705,0,2019,X,8542,26015463.27,H5,world_partner,SVN
724,0,2019,M,8542,714853925.179,H5,world_partner,ESP
724,0,2019,X,8542,347867990.154,H5,world_partner,ESP
752,0,2019,M,8542,531791027.896,H5,world_partner,SWE
752,0,2019,X,8542,184766289.293,H5,world_partner,SWE
757,0,2019,M,8542,595377061.55,H5,world_partner,CHE
757,0,2019,X,8542,687689372.501,H5,world_partner,CHE
792,0,2019,M,8542,494181035.0,H5,world_partner,TUR
792,0,2019,X,8542,18703278.0,H5,world_partner,TUR
826,0,2019,M,8542,1843542412.483,H5,world_partner,GBR
826,0,2019,X,8542,1529018800.241,H5,world_partner,GBR
842,0,2019,M,8542,33085045987.0,H5,world_partner,USA
842,0,2019,X,8542,40099507189.0,H5,world_partner,USA
36,0,2019,X,TOTAL,270260835869.77,H5,world_partner,AUS
40,0,2019,X,TOTAL,171532054962.314,H5,world_partner,AUT
56,0,2019,X,TOTAL,311796811947.95,H5,world_partner,BEL
124,0,2019,X,TOTAL,445513105927.581,H5,world_partner,CAN
152,0,2019,X,TOTAL,68792008183.082,H5,world_partner,CHL
156,0,2019,X,TOTAL,2499206993866.0,H5,world_partner,CHN
170,0,2019,X,TOTAL,39489359461.99,H5,world_partner,COL
188,0,2019,X,TOTAL,11451993076.87,H5,world_partner,CRI
203,0,2019,X,TOTAL,199469710335.0,H5,world_partner,CZE
208,0,2019,X,TOTAL,109879084449.464,H5,world_partner,DNK
233,0,2019,X,TOTAL,16807408470.226,H5,world_partner,EST
246,0,2019,X,TOTAL,72839176013.257,H5,world_partner,FIN
251,0,2019,X,TOTAL,556364114008.325,H5,world_partner,FRA
276,0,2019,X,TOTAL,1493267430847.512,H5,world_partner,DEU
300,0,2019,X,TOTAL,37885526504.371,H5,world_partner,GRC
348,0,2019,X,TOTAL,122180657695.0,H5,world_partner,HUN
352,0,2019,X,TOTAL,5228360516.509,H5,world_partner,ISL
372,0,2019,X,TOTAL,170757988841.469,H5,world_partner,IRL
376,0,2019,X,TOTAL,58488466000.0,H5,world_partner,ISR
380,0,2019,X,TOTAL,537748428817.915,H5,world_partner,ITA
392,0,2019,X,TOTAL,705671082765.821,H5,world_partner,JPN
410,0,2019,X,TOTAL,542171769089.0,H5,world_partner,KOR
428,0,2019,X,TOTAL,14501842329.043,H5,world_partner,LVA
440,0,2019,X,TOTAL,33150771896.81,H5,world_partner,LTU
442,0,2019,X,TOTAL,14667446910.457,H5,world_partner,LUX
484,0,2019,X,TOTAL,460603695808.0,H4,world_partner,MEX
528,0,2019,X,TOTAL,576784455411.276,H5,world_partner,NLD
554,0,2019,X,TOTAL,39539825796.012,H5,world_partner,NZL
579,0,2019,X,TOTAL,104029881468.011,H5,world_partner,NOR
616,0,2019,X,TOTAL,251864773270.0,H5,world_partner,POL
620,0,2019,X,TOTAL,67064074174.946,H5,world_partner,PRT
703,0,2019,X,TOTAL,89920373305.213,H5,world_partner,SVK
705,0,2019,X,TOTAL,37574594379.51,H5,world_partner,SVN
724,0,2019,X,TOTAL,337202601407.811,H5,world_partner,ESP
752,0,2019,X,TOTAL,160531242220.729,H5,world_partner,SWE
757,0,2019,X,TOTAL,313685932750.639,H5,world_partner,CHE
792,0,2019,X,TOTAL,180832721702.0,H5,world_partner,TUR
826,0,2019,X,TOTAL,468322416147.586,H5,world_partner,GBR
842,0,2019,X,TOTAL,1644276220783.0,H5,world_partner,USA
36,0,2019,M,8486,11710099.613,H5,world_partner,AUS
36,0,2019,X,8486,3962079.208,H5,world_partner,AUS
40,0,2019,M,8486,370807862.288,H5,world_partner,AUT
40,0,2019,X,8486,772158951.569,H5,world_partner,AUT
56,0,2019,M,8486,140216528.531,H5,world_partner,BEL
56,0,2019,X,8486,29502181.068,H5,world_partner,BEL
124,0,2019,M,8486,69528319.024,H5,world_partner,CAN
124,0,2019,X,8486,20946333.122,H5,world_partner,CAN
152,0,2019,M,8486,311352.57,H5,world_partner,CHL
152,0,2019,X,8486,45935.534,H5,world_partner,CHL
156,0,2019,M,8486,26433374333.0,H5,world_partner,CHN
156,0,2019,X,8486,2209608535.0,H5,world_partner,CHN
170,0,2019,M,8486,428050.74,H5,world_partner,COL
188,0,2019,M,8486,4087929.9,H5,world_partner,CRI
188,0,2019,X,8486,2596670.81,H5,world_partner,CRI
203,0,2019,M,8486,55345565.0,H5,world_partner,CZE
203,0,2019,X,8486,59979196.0,H5,world_partner,CZE
208,0,2019,M,8486,114513269.699,H5,world_partner,DNK
208,0,2019,X,8486,33994096.739,H5,world_partner,DNK
233,0,2019,M,8486,483098.801,H5,world_partner,EST
233,0,2019,X,8486,626963.877,H5,world_partner,EST
246,0,2019,M,8486,58683989.445,H5,world_partner,FIN
246,0,2019,X,8486,9048452.078,H5,world_partner,FIN
251,0,2019,M,8486,426951352.602,H5,world_partner,FRA
251,0,2019,X,8486,215483848.14,H5,world_partner,FRA
276,0,2019,M,8486,1171705690.454,H5,world_partner,DEU
276,0,2019,X,8486,2451244246.617,H5,world_partner,DEU
300,0,2019,M,8486,1018224.084,H5,world_partner,GRC
300,0,2019,X,8486,15240.533,H5,world_partner,GRC
348,0,2019,M,8486,23245302.0,H5,world_partner,HUN
348,0,2019,X,8486,12151492.0,H5,world_partner,HUN
352,0,2019,M,8486,97566.702,H5,world_partner,ISL
352,0,2019,X,8486,285.729,H5,world_partner,ISL
372,0,2019,M,8486,330211288.868,H5,world_partner,IRL
372,0,2019,X,8486,123543569.473,H5,world_partner,IRL
376,0,2019,M,8486,881384000.0,H5,world_partner,ISR
376,0,2019,X,8486,301926000.0,H5,world_partner,ISR
380,0,2019,M,8486,208789103.435,H5,world_partner,ITA
380,0,2019,X,8486,132613324.122,H5,world_partner,ITA
392,0,2019,M,8486,3710788620.988,H5,world_partner,JPN
392,0,2019,X,8486,22629440134.352,H5,world_partner,JPN
410,0,2019,M,8486,9039329912.0,H5,world_partner,KOR
410,0,2019,X,8486,7850709379.0,H5,world_partner,KOR
428,0,2019,M,8486,2779575.726,H5,world_partner,LVA
428,0,2019,X,8486,1016036.185,H5,world_partner,LVA
440,0,2019,M,8486,10486509.0,H5,world_partner,LTU
440,0,2019,X,8486,10161600.0,H5,world_partner,LTU
442,0,2019,M,8486,489989.704,H5,world_partner,LUX
442,0,2019,X,8486,605109.909,H5,world_partner,LUX
484,0,2019,M,8486,158144750.0,H4,world_partner,MEX
484,0,2019,X,8486,112561648.0,H4,world_partner,MEX
528,0,2019,M,8486,3662801688.146,H5,world_partner,NLD
528,0,2019,X,8486,13714655590.03,H5,world_partner,NLD
554,0,2019,M,8486,1445100.075,H5,world_partner,NZL
554,0,2019,X,8486,15600331.878,H5,world_partner,NZL
579,0,2019,M,8486,13538181.266,H5,world_partner,NOR
579,0,2019,X,8486,4349619.895,H5,world_partner,NOR
616,0,2019,M,8486,1410090.0,H5,world_partner,POL
616,0,2019,X,8486,2330610.0,H5,world_partner,POL
620,0,2019,M,8486,16904237.272,H5,world_partner,PRT
620,0,2019,X,8486,1598274.249,H5,world_partner,PRT
703,0,2019,M,8486,29295212.149,H5,world_partner,SVK
703,0,2019,X,8486,49422632.676,H5,world_partner,SVK
705,0,2019,M,8486,1811303.49,H5,world_partner,SVN
705,0,2019,X,8486,3680344.59,H5,world_partner,SVN
724,0,2019,M,8486,9254640.448,H5,world_partner,ESP
724,0,2019,X,8486,5058744.339,H5,world_partner,ESP
752,0,2019,M,8486,58720609.18,H5,world_partner,SWE
752,0,2019,X,8486,112861877.803,H5,world_partner,SWE
757,0,2019,M,8486,144380816.528,H5,world_partner,CHE
757,0,2019,X,8486,358013683.105,H5,world_partner,CHE
792,0,2019,M,8486,7862056.0,H5,world_partner,TUR
792,0,2019,X,8486,651494.0,H5,world_partner,TUR
826,0,2019,M,8486,227701750.181,H5,world_partner,GBR
826,0,2019,X,8486,512724962.628,H5,world_partner,GBR
842,0,2019,M,8486,10582535595.0,H5,world_partner,USA
842,0,2019,X,8486,15459666265.0,H5,world_partner,USA
36,0,2020,M,8542,463083411.385,H5,world_partner,AUS
36,0,2020,X,8542,59230158.008,H5,world_partner,AUS
40,0,2020,M,8542,786459938.623,H5,world_partner,AUT
40,0,2020,X,8542,634926947.107,H5,world_partner,AUT
56,0,2020,M,8542,2627580634.171,H5,world_partner,BEL
56,0,2020,X,8542,1704435863.524,H5,world_partner,BEL
124,0,2020,M,8542,1602015821.769,H5,world_partner,CAN
124,0,2020,X,8542,760874142.227,H5,world_partner,CAN
152,0,2020,M,8542,44211657.802,H5,world_partner,CHL
152,0,2020,X,8542,1386899.888,H5,world_partner,CHL
156,0,2020,M,8542,350770305463.0,H5,world_partner,CHN
156,0,2020,X,8542,116989221967.0,H5,world_partner,CHN
170,0,2020,M,8542,59431316.79,H5,world_partner,COL
170,0,2020,X,8542,3143050.97,H5,world_partner,COL
188,0,2020,M,8542,75889033.4,H5,world_partner,CRI
188,0,2020,X,8542,41305589.04,H5,world_partner,CRI
203,0,2020,M,8542,3736048541.0,H5,world_partner,CZE
203,0,2020,X,8542,1449192063.0,H5,world_partner,CZE
208,0,2020,M,8542,289394442.621,H5,world_partner,DNK
208,0,2020,X,8542,251258548.738,H5,world_partner,DNK
233,0,2020,M,8542,170220135.32,H5,world_partner,EST
233,0,2020,X,8542,65785605.61,H5,world_partner,EST
246,0,2020,M,8542,387493624.041,H5,world_partner,FIN
246,0,2020,X,8542,219504801.256,H5,world_partner,FIN
251,0,2020,M,8542,3716500783.152,H5,world_partner,FRA
251,0,2020,X,8542,6485064852.549,H5,world_partner,FRA
276,0,2020,M,8542,13314715164.002,H5,world_partner,DEU
276,0,2020,X,8542,12815712303.548,H5,world_partner,DEU
300,0,2020,M,8542,47740060.103,H5,world_partner,GRC
300,0,2020,X,8542,28878066.083,H5,world_partner,GRC
348,0,2020,M,8542,3134117652.0,H5,world_partner,HUN
348,0,2020,X,8542,423920948.0,H5,world_partner,HUN
352,0,2020,M,8542,2529947.302,H5,world_partner,ISL
352,0,2020,X,8542,35960.672,H5,world_partner,ISL
372,0,2020,M,8542,784956094.909,H5,world_partner,IRL
372,0,2020,X,8542,8205137600.93,H5,world_partner,IRL
376,0,2020,M,8542,1016117000.0,H5,world_partner,ISR
376,0,2020,X,8542,2925553000.0,H5,world_partner,ISR
380,0,2020,M,8542,1605393215.592,H5,world_partner,ITA
380,0,2020,X,8542,1236348904.446,H5,world_partner,ITA
392,0,2020,M,8542,18756811672.405,H5,world_partner,JPN
392,0,2020,X,8542,28880685724.671,H5,world_partner,JPN
410,0,2020,M,8542,40277147261.0,H5,world_partner,KOR
410,0,2020,X,8542,82884355424.0,H5,world_partner,KOR
428,0,2020,M,8542,141280224.172,H5,world_partner,LVA
428,0,2020,X,8542,42536343.351,H5,world_partner,LVA
440,0,2020,M,8542,105674230.0,H5,world_partner,LTU
440,0,2020,X,8542,36557905.0,H5,world_partner,LTU
442,0,2020,M,8542,9677471.828,H5,world_partner,LUX
442,0,2020,X,8542,3967922.976,H5,world_partner,LUX
484,0,2020,M,8542,18820458786.0,H4,world_partner,MEX
484,0,2020,X,8542,2728268976.0,H4,world_partner,MEX
528,0,2020,M,8542,13686864097.42,H5,world_partner,NLD
528,0,2020,X,8542,11541016420.851,H5,world_partner,NLD
554,0,2020,M,8542,60538731.364,H5,world_partner,NZL
554,0,2020,X,8542,5596301.924,H5,world_partner,NZL
579,0,2020,M,8542,134532554.888,H5,world_partner,NOR
579,0,2020,X,8542,53116127.338,H5,world_partner,NOR
616,0,2020,M,8542,3238010894.0,H5,world_partner,POL
616,0,2020,X,8542,220469133.0,H5,world_partner,POL
620,0,2020,M,8542,1077167623.548,H5,world_partner,PRT
620,0,2020,X,8542,412558122.693,H5,world_partner,PRT
703,0,2020,M,8542,464327720.118,H5,world_partner,SVK
703,0,2020,X,8542,122799075.232,H5,world_partner,SVK
705,0,2020,M,8542,67866375.4,H5,world_partner,SVN
705,0,2020,X,8542,22788505.38,H5,world_partner,SVN
724,0,2020,M,8542,686824161.106,H5,world_partner,ESP
724,0,2020,X,8542,309528807.099,H5,world_partner,ESP
752,0,2020,M,8542,498302327.332,H5,world_partner,SWE
752,0,2020,X,8542,219763547.66,H5,world_partner,SWE
757,0,2020,M,8542,648465111.6,H5,world_partner,CHE
757,0,2020,X,8542,666819162.558,H5,world_partner,CHE
792,0,2020,M,8542,527475777.0,H5,world_partner,TUR
792,0,2020,X,8542,16852523.0,H5,world_partner,TUR
826,0,2020,M,8542,1802298561.545,H5,world_partner,GBR
826,0,2020,X,8542,1421781915.378,H5,world_partner,GBR
842,0,2020,M,8542,31910037043.0,H5,world_partner,USA
842,0,2020,X,8542,44212664301.0,H5,world_partner,USA
36,0,2020,X,TOTAL,247159345941.573,H5,world_partner,AUS
40,0,2020,X,TOTAL,162145129017.335,H5,world_partner,AUT
56,0,2020,X,TOTAL,295143761843.513,H5,world_partner,BEL
124,0,2020,X,TOTAL,388173370601.212,H5,world_partner,CAN
152,0,2020,X,TOTAL,74019362854.55,H5,world_partner,CHL
156,0,2020,X,TOTAL,2589098353298.0,H5,world_partner,CHN
170,0,2020,X,TOTAL,31055810659.69,H5,world_partner,COL
188,0,2020,X,TOTAL,11622755153.42,H5,world_partner,CRI
203,0,2020,X,TOTAL,192307379805.0,H5,world_partner,CZE
208,0,2020,X,TOTAL,106871154269.253,H5,world_partner,DNK
233,0,2020,X,TOTAL,16901599064.09,H5,world_partner,EST
246,0,2020,X,TOTAL,65606975840.161,H5,world_partner,FIN
251,0,2020,X,TOTAL,489904375771.441,H5,world_partner,FRA
276,0,2020,X,TOTAL,1385852259832.315,H5,world_partner,DEU
300,0,2020,X,TOTAL,35070461605.836,H5,world_partner,GRC
348,0,2020,X,TOTAL,119970720482.0,H5,world_partner,HUN
352,0,2020,X,TOTAL,4580415490.226,H5,world_partner,ISL
372,0,2020,X,TOTAL,185185364985.075,H5,world_partner,IRL
376,0,2020,X,TOTAL,50153246000.0,H5,world_partner,ISR
380,0,2020,X,TOTAL,498803831970.624,H5,world_partner,ITA
392,0,2020,X,TOTAL,641282568357.232,H5,world_partner,JPN
410,0,2020,X,TOTAL,512419287526.0,H5,world_partner,KOR
428,0,2020,X,TOTAL,15196263887.423,H5,world_partner,LVA
440,0,2020,X,TOTAL,32790372365.0,H5,world_partner,LTU
442,0,2020,X,TOTAL,13506053445.568,H5,world_partner,LUX
484,0,2020,X,TOTAL,416982170486.0,H4,world_partner,MEX
528,0,2020,X,TOTAL,551352792281.894,H5,world_partner,NLD
554,0,2020,X,TOTAL,38290109708.16,H5,world_partner,NZL
579,0,2020,X,TOTAL,82748920957.746,H5,world_partner,NOR
616,0,2020,X,TOTAL,254169031902.0,H5,world_partner,POL
620,0,2020,X,TOTAL,61400262160.668,H5,world_partner,PRT
703,0,2020,X,TOTAL,87017178740.362,H5,world_partner,SVK
705,0,2020,X,TOTAL,37471094173.243,H5,world_partner,SVN
724,0,2020,X,TOTAL,312080513421.152,H5,world_partner,ESP
752,0,2020,X,TOTAL,154935587125.87,H5,world_partner,SWE
757,0,2020,X,TOTAL,318580420583.977,H5,world_partner,CHE
792,0,2020,X,TOTAL,169657939777.0,H5,world_partner,TUR
826,0,2020,X,TOTAL,395692086586.138,H5,world_partner,GBR
842,0,2020,X,TOTAL,1430253623489.0,H5,world_partner,USA
36,0,2020,M,8486,13336821.519,H5,world_partner,AUS
36,0,2020,X,8486,8018417.733,H5,world_partner,AUS
40,0,2020,M,8486,344688337.409,H5,world_partner,AUT
40,0,2020,X,8486,1014814156.349,H5,world_partner,AUT
56,0,2020,M,8486,100541728.063,H5,world_partner,BEL
56,0,2020,X,8486,25985532.257,H5,world_partner,BEL
124,0,2020,M,8486,42035985.708,H5,world_partner,CAN
124,0,2020,X,8486,36247306.238,H5,world_partner,CAN
152,0,2020,M,8486,519611.371,H5,world_partner,CHL
152,0,2020,X,8486,36925.548,H5,world_partner,CHL
156,0,2020,M,8486,31642114458.0,H5,world_partner,CHN
156,0,2020,X,8486,2580489390.0,H5,world_partner,CHN
170,0,2020,M,8486,346731.23,H5,world_partner,COL
170,0,2020,X,8486,28157.7,H5,world_partner,COL
188,0,2020,M,8486,4315825.17,H5,world_partner,CRI
188,0,2020,X,8486,89769.55,H5,world_partner,CRI
203,0,2020,M,8486,45106366.0,H5,world_partner,CZE
203,0,2020,X,8486,80924982.0,H5,world_partner,CZE
208,0,2020,M,8486,68366713.035,H5,world_partner,DNK
208,0,2020,X,8486,33727212.657,H5,world_partner,DNK
233,0,2020,M,8486,415045.73,H5,world_partner,EST
233,0,2020,X,8486,255692.13,H5,world_partner,EST
246,0,2020,M,8486,45486013.967,H5,world_partner,FIN
246,0,2020,X,8486,12509895.979,H5,world_partner,FIN
251,0,2020,M,8486,465013538.828,H5,world_partner,FRA
251,0,2020,X,8486,187741956.929,H5,world_partner,FRA
276,0,2020,M,8486,1281793444.151,H5,world_partner,DEU
276,0,2020,X,8486,2324480128.551,H5,world_partner,DEU
300,0,2020,M,8486,1241639.01,H5,world_partner,GRC
300,0,2020,X,8486,106266.489,H5,world_partner,GRC
348,0,2020,M,8486,31629079.0,H5,world_partner,HUN
348,0,2020,X,8486,14125010.0,H5,world_partner,HUN
352,0,2020,M,8486,127301.052,H5,world_partner,ISL
352,0,2020,X,8486,1742.815,H5,world_partner,ISL
372,0,2020,M,8486,423129601.267,H5,world_partner,IRL
372,0,2020,X,8486,115207513.875,H5,world_partner,IRL
376,0,2020,M,8486,885809000.0,H5,world_partner,ISR
376,0,2020,X,8486,100295000.0,H5,world_partner,ISR
380,0,2020,M,8486,220442022.188,H5,world_partner,ITA
380,0,2020,X,8486,159905666.17,H5,world_partner,ITA
392,0,2020,M,8486,4800880454.549,H5,world_partner,JPN
392,0,2020,X,8486,23597938040.109,H5,world_partner,JPN
410,0,2020,M,8486,15482529819.0,H5,world_partner,KOR
410,0,2020,X,8486,8412256874.0,H5,world_partner,KOR
428,0,2020,M,8486,1535272.608,H5,world_partner,LVA
428,0,2020,X,8486,254074.669,H5,world_partner,LVA
440,0,2020,M,8486,13195234.0,H5,world_partner,LTU
440,0,2020,X,8486,10289380.0,H5,world_partner,LTU
442,0,2020,M,8486,961012.418,H5,world_partner,LUX
442,0,2020,X,8486,854195.996,H5,world_partner,LUX
484,0,2020,M,8486,205597250.0,H4,world_partner,MEX
484,0,2020,X,8486,205654783.0,H4,world_partner,MEX
528,0,2020,M,8486,4540361232.66,H5,world_partner,NLD
528,0,2020,X,8486,15027997490.666,H5,world_partner,NLD
554,0,2020,M,8486,680911.337,H5,world_partner,NZL
554,0,2020,X,8486,20122124.69,H5,world_partner,NZL
579,0,2020,M,8486,11247390.138,H5,world_partner,NOR
579,0,2020,X,8486,1639720.648,H5,world_partner,NOR
616,0,2020,M,8486,10335755.0,H5,world_partner,POL
616,0,2020,X,8486,2472810.0,H5,world_partner,POL
620,0,2020,M,8486,18562247.524,H5,world_partner,PRT
620,0,2020,X,8486,3445058.452,H5,world_partner,PRT
703,0,2020,M,8486,29126608.088,H5,world_partner,SVK
703,0,2020,X,8486,56246102.339,H5,world_partner,SVK
705,0,2020,M,8486,2996493.056,H5,world_partner,SVN
705,0,2020,X,8486,6792801.46,H5,world_partner,SVN
724,0,2020,M,8486,11025467.456,H5,world_partner,ESP
724,0,2020,X,8486,5434540.629,H5,world_partner,ESP
752,0,2020,M,8486,33364355.904,H5,world_partner,SWE
752,0,2020,X,8486,124581933.412,H5,world_partner,SWE
757,0,2020,M,8486,125455943.423,H5,world_partner,CHE
757,0,2020,X,8486,328689315.78,H5,world_partner,CHE
792,0,2020,M,8486,116626256.0,H5,world_partner,TUR
792,0,2020,X,8486,647218.0,H5,world_partner,TUR
826,0,2020,M,8486,291254410.03,H5,world_partner,GBR
826,0,2020,X,8486,571276423.28,H5,world_partner,GBR
842,0,2020,M,8486,8108264429.0,H5,world_partner,USA
842,0,2020,X,8486,19614947232.0,H5,world_partner,USA
36,0,2021,M,8542,544271115.284,H5,world_partner,AUS
36,0,2021,X,8542,67881002.711,H5,world_partner,AUS
40,0,2021,M,8542,1168050143.117,H5,world_partner,AUT
40,0,2021,X,8542,799220359.874,H5,world_partner,AUT
56,0,2021,M,8542,3292056716.1,H5,world_partner,BEL
56,0,2021,X,8542,2070194123.808,H5,world_partner,BEL
124,0,2021,M,8542,2015950549.679,H5,world_partner,CAN
124,0,2021,X,8542,910999437.639,H5,world_partner,CAN
152,0,2021,M,8542,56773752.997,H5,world_partner,CHL
152,0,2021,X,8542,1564915.829,H5,world_partner,CHL
156,0,2021,M,8542,432633651677.0,H5,world_partner,CHN
156,0,2021,X,8542,154221191756.0,H5,world_partner,CHN
170,0,2021,M,8542,69370288.91,H5,world_partner,COL
170,0,2021,X,8542,2053651.34,H5,world_partner,COL
188,0,2021,M,8542,78033011.12,H5,world_partner,CRI
188,0,2021,X,8542,64519389.41,H5,world_partner,CRI
203,0,2021,M,8542,3619024053.0,H5,world_partner,CZE
203,0,2021,X,8542,1523387805.0,H5,world_partner,CZE
208,0,2021,M,8542,402682999.094,H5,world_partner,DNK
208,0,2021,X,8542,326403703.487,H5,world_partner,DNK
233,0,2021,M,8542,189298249.66,H5,world_partner,EST
233,0,2021,X,8542,43283838.44,H5,world_partner,EST
246,0,2021,M,8542,805779608.182,H5,world_partner,FIN
246,0,2021,X,8542,344651684.237,H5,world_partner,FIN
251,0,2021,M,8542,4771279444.061,H5,world_partner,FRA
251,0,2021,X,8542,7476483825.894,H5,world_partner,FRA
276,0,2021,M,8542,17243191492.237,H5,world_partner,DEU
276,0,2021,X,8542,16050929587.0,H5,world_partner,DEU
300,0,2021,M,8542,69871147.863,H5,world_partner,GRC
300,0,2021,X,8542,41063196.539,H5,world_partner,GRC
348,0,2021,M,8542,3534671337.0,H5,world_partner,HUN
348,0,2021,X,8542,595435994.0,H5,world_partner,HUN
352,0,2021,M,8542,3223240.603,H5,world_partner,ISL
352,0,2021,X,8542,43134.898,H5,world_partner,ISL
372,0,2021,M,8542,5775240581.902,H5,world_partner,IRL
372,0,2021,X,8542,11182166454.504,H5,world_partner,IRL
376,0,2021,M,8542,1700255000.0,H5,world_partner,ISR
376,0,2021,X,8542,3746309000.0,H5,world_partner,ISR
380,0,2021,M,8542,2160186396.179,H5,world_partner,ITA
380,0,2021,X,8542,1503466727.262,H5,world_partner,ITA
392,0,2021,M,8542,25389671079.991,H5,world_partner,JPN
392,0,2021,X,8542,34011057037.999,H5,world_partner,JPN
410,0,2021,M,8542,50339776096.0,H5,world_partner,KOR
410,0,2021,X,8542,109296681667.0,H5,world_partner,KOR
428,0,2021,M,8542,276537309.048,H5,world_partner,LVA
428,0,2021,X,8542,136055384.303,H5,world_partner,LVA
440,0,2021,M,8542,217712261.0,H5,world_partner,LTU
440,0,2021,X,8542,38832157.0,H5,world_partner,LTU
442,0,2021,M,8542,16283563.925,H5,world_partner,LUX
442,0,2021,X,8542,6296339.956,H5,world_partner,LUX
484,0,2021,M,8542,21865043446.0,H5,world_partner,MEX
484,0,2021,X,8542,3499667244.0,H5,world_partner,MEX
528,0,2021,M,8542,15004517919.92,H5,world_partner,NLD
528,0,2021,X,8542,13468102482.883,H5,world_partner,NLD
554,0,2021,M,8542,97614595.729,H5,world_partner,NZL
554,0,2021,X,8542,9255657.764,H5,world_partner,NZL
579,0,2021,M,8542,208852419.084,H5,world_partner,NOR
579,0,2021,X,8542,60751752.6,H5,world_partner,NOR
616,0,2021,M,8542,3793596206.0,H5,world_partner,POL
616,0,2021,X,8542,287079627.0,H5,world_partner,POL
620,0,2021,M,8542,1345208374.144,H5,world_partner,PRT
620,0,2021,X,8542,379695903.511,H5,world_partner,PRT
703,0,2021,M,8542,644080099.336,H5,world_partner,SVK
703,0,2021,X,8542,131148352.061,H5,world_partner,SVK
705,0,2021,M,8542,137168796.114,H5,world_partner,SVN
705,0,2021,X,8542,32879318.15,H5,world_partner,SVN
724,0,2021,M,8542,941237885.85,H5,world_partner,ESP
724,0,2021,X,8542,374449176.318,H5,world_partner,ESP
752,0,2021,M,8542,836580425.589,H5,world_partner,SWE
752,0,2021,X,8542,386691671.947,H5,world_partner,SWE
757,0,2021,M,8542,933111697.306,H5,world_partner,CHE
757,0,2021,X,8542,842326008.843,H5,world_partner,CHE
792,0,2021,M,8542,755203751.0,H5,world_partner,TUR
792,0,2021,X,8542,27966298.0,H5,world_partner,TUR
826,0,2021,M,8542,2810147451.23,H5,world_partner,GBR
826,0,2021,X,8542,1676360483.1,H5,world_partner,GBR
842,0,2021,M,8542,41251253003.0,H5,world_partner,USA
842,0,2021,X,8542,52816874085.0,H5,world_partner,USA
36,0,2021,X,TOTAL,342036103269.844,H5,world_partner,AUS
40,0,2021,X,TOTAL,194703245949.459,H5,world_partner,AUT
56,0,2021,X,TOTAL,385980404667.027,H5,world_partner,BEL
124,0,2021,X,TOTAL,501623466672.538,H5,world_partner,CAN
152,0,2021,X,TOTAL,94676809206.281,H5,world_partner,CHL
156,0,2021,X,TOTAL,3316022133985.0,H5,world_partner,CHN
170,0,2021,X,TOTAL,41389989047.75,H5,world_partner,COL
188,0,2021,X,TOTAL,14345395565.22,H5,world_partner,CRI
203,0,2021,X,TOTAL,227168411022.0,H5,world_partner,CZE
208,0,2021,X,TOTAL,124263690921.048,H5,world_partner,DNK
233,0,2021,X,TOTAL,22303230971.07,H5,world_partner,EST
246,0,2021,X,TOTAL,81500265209.305,H5,world_partner,FIN
251,0,2021,X,TOTAL,585177396978.298,H5,world_partner,FRA
276,0,2021,X,TOTAL,1635599573787.609,H5,world_partner,DEU
300,0,2021,X,TOTAL,47244277316.697,H5,world_partner,GRC
348,0,2021,X,TOTAL,141157091681.0,H5,world_partner,HUN
352,0,2021,X,TOTAL,5973742650.46,H5,world_partner,ISL
372,0,2021,X,TOTAL,195997875885.468,H5,world_partner,IRL
376,0,2021,X,TOTAL,60159734000.0,H5,world_partner,ISR
380,0,2021,X,TOTAL,615910260060.774,H5,world_partner,ITA
392,0,2021,X,TOTAL,757066261248.971,H5,world_partner,JPN
410,0,2021,X,TOTAL,644372936752.0,H5,world_partner,KOR
428,0,2021,X,TOTAL,19458821916.273,H5,world_partner,LVA
440,0,2021,X,TOTAL,40698383278.78,H5,world_partner,LTU
442,0,2021,X,TOTAL,16247126542.139,H5,world_partner,LUX
484,0,2021,X,TOTAL,494460765005.0,H5,world_partner,MEX
528,0,2021,X,TOTAL,696873257184.973,H5,world_partner,NLD
554,0,2021,X,TOTAL,44325287820.466,H5,world_partner,NZL
579,0,2021,X,TOTAL,173813766175.705,H5,world_partner,NOR
616,0,2021,X,TOTAL,317832124942.0,H5,world_partner,POL
620,0,2021,X,TOTAL,75242766894.064,H5,world_partner,PRT
703,0,2021,X,TOTAL,104733320881.922,H5,world_partner,SVK
705,0,2021,X,TOTAL,46692128069.11,H5,world_partner,SVN
724,0,2021,X,TOTAL,391558519476.67,H5,world_partner,ESP
752,0,2021,X,TOTAL,189635063199.877,H5,world_partner,SWE
757,0,2021,X,TOTAL,379770927042.891,H5,world_partner,CHE
792,0,2021,X,TOTAL,225214458038.0,H5,world_partner,TUR
826,0,2021,X,TOTAL,470547786029.463,H5,world_partner,GBR
842,0,2021,X,TOTAL,1753136708106.0,H5,world_partner,USA
36,0,2021,M,8486,25049247.645,H5,world_partner,AUS
36,0,2021,X,8486,5229953.494,H5,world_partner,AUS
40,0,2021,M,8486,876156216.675,H5,world_partner,AUT
40,0,2021,X,8486,1347738554.901,H5,world_partner,AUT
56,0,2021,M,8486,82896761.422,H5,world_partner,BEL
56,0,2021,X,8486,19805471.556,H5,world_partner,BEL
124,0,2021,M,8486,50797870.621,H5,world_partner,CAN
124,0,2021,X,8486,51284820.333,H5,world_partner,CAN
152,0,2021,M,8486,454623.218,H5,world_partner,CHL
152,0,2021,X,8486,20237.872,H5,world_partner,CHL
156,0,2021,M,8486,41000272171.0,H5,world_partner,CHN
156,0,2021,X,8486,3639169354.0,H5,world_partner,CHN
170,0,2021,M,8486,336330.17,H5,world_partner,COL
170,0,2021,X,8486,17871.58,H5,world_partner,COL
188,0,2021,M,8486,67971821.36,H5,world_partner,CRI
188,0,2021,X,8486,556651.42,H5,world_partner,CRI
203,0,2021,M,8486,41386729.0,H5,world_partner,CZE
203,0,2021,X,8486,130798738.0,H5,world_partner,CZE
208,0,2021,M,8486,56254389.653,H5,world_partner,DNK
208,0,2021,X,8486,28326973.875,H5,world_partner,DNK
233,0,2021,M,8486,897864.05,H5,world_partner,EST
233,0,2021,X,8486,1013465.41,H5,world_partner,EST
246,0,2021,M,8486,34120896.493,H5,world_partner,FIN
246,0,2021,X,8486,16960370.675,H5,world_partner,FIN
251,0,2021,M,8486,701503642.055,H5,world_partner,FRA
251,0,2021,X,8486,195828053.597,H5,world_partner,FRA
276,0,2021,M,8486,2046467806.07,H5,world_partner,DEU
276,0,2021,X,8486,2923201815.784,H5,world_partner,DEU
300,0,2021,M,8486,1339572.858,H5,world_partner,GRC
300,0,2021,X,8486,37535.446,H5,world_partner,GRC
348,0,2021,M,8486,33920054.0,H5,world_partner,HUN
348,0,2021,X,8486,16823062.0,H5,world_partner,HUN
352,0,2021,M,8486,208307.274,H5,world_partner,ISL
352,0,2021,X,8486,14121.274,H5,world_partner,ISL
372,0,2021,M,8486,517546764.482,H5,world_partner,IRL
372,0,2021,X,8486,125303312.134,H5,world_partner,IRL
376,0,2021,M,8486,1124889000.0,H5,world_partner,ISR
376,0,2021,X,8486,254658000.0,H5,world_partner,ISR
380,0,2021,M,8486,274589318.016,H5,world_partner,ITA
380,0,2021,X,8486,166329708.891,H5,world_partner,ITA
392,0,2021,M,8486,4668912678.92,H5,world_partner,JPN
392,0,2021,X,8486,30549286609.912,H5,world_partner,JPN
410,0,2021,M,8486,22214512449.0,H5,world_partner,KOR
410,0,2021,X,8486,9245895564.0,H5,world_partner,KOR
428,0,2021,M,8486,1967052.075,H5,world_partner,LVA
428,0,2021,X,8486,14147.94,H5,world_partner,LVA
440,0,2021,M,8486,2871041.0,H5,world_partner,LTU
440,0,2021,X,8486,3803392.0,H5,world_partner,LTU
442,0,2021,M,8486,657875.915,H5,world_partner,LUX
442,0,2021,X,8486,934664.102,H5,world_partner,LUX
484,0,2021,M,8486,272266175.0,H5,world_partner,MEX
484,0,2021,X,8486,224352873.0,H5,world_partner,MEX
528,0,2021,M,8486,5516505320.563,H5,world_partner,NLD
528,0,2021,X,8486,20056468351.327,H5,world_partner,NLD
554,0,2021,M,8486,694028.148,H5,world_partner,NZL
554,0,2021,X,8486,28225488.64,H5,world_partner,NZL
579,0,2021,M,8486,7087499.555,H5,world_partner,NOR
579,0,2021,X,8486,408262.845,H5,world_partner,NOR
616,0,2021,M,8486,20609891.0,H5,world_partner,POL
616,0,2021,X,8486,4493547.0,H5,world_partner,POL
620,0,2021,M,8486,18545670.842,H5,world_partner,PRT
620,0,2021,X,8486,3863755.938,H5,world_partner,PRT
703,0,2021,M,8486,14841686.562,H5,world_partner,SVK
703,0,2021,X,8486,21110818.133,H5,world_partner,SVK
705,0,2021,M,8486,1695529.07,H5,world_partner,SVN
705,0,2021,X,8486,851929.623,H5,world_partner,SVN
724,0,2021,M,8486,13807958.816,H5,world_partner,ESP
724,0,2021,X,8486,7639121.766,H5,world_partner,ESP
752,0,2021,M,8486,34000900.696,H5,world_partner,SWE
752,0,2021,X,8486,137173884.566,H5,world_partner,SWE
757,0,2021,M,8486,142458153.805,H5,world_partner,CHE
757,0,2021,X,8486,442278455.813,H5,world_partner,CHE
792,0,2021,M,8486,71606744.0,H5,world_partner,TUR
792,0,2021,X,8486,1170994.0,H5,world_partner,TUR
826,0,2021,M,8486,263908803.79,H5,world_partner,GBR
826,0,2021,X,8486,753655783.461,H5,world_partner,GBR
842,0,2021,M,8486,9042603570.0,H5,world_partner,USA
842,0,2021,X,8486,26279922796.0,H5,world_partner,USA
36,0,2022,M,8542,577181173.204,H6,world_partner,AUS
36,0,2022,X,8542,89513539.066,H6,world_partner,AUS
40,0,2022,M,8542,1432271234.765,H6,world_partner,AUT
40,0,2022,X,8542,902639811.326,H6,world_partner,AUT
56,0,2022,M,8542,4824212137.462,H6,world_partner,BEL
56,0,2022,X,8542,2459413150.252,H6,world_partner,BEL
124,0,2022,M,8542,2643783677.557,H6,world_partner,CAN
124,0,2022,X,8542,1156589804.785,H6,world_partner,CAN
152,0,2022,M,8542,41296304.754,H6,world_partner,CHL
152,0,2022,X,8542,1967871.238,H6,world_partner,CHL
156,0,2022,M,8542,416525198802.0,H6,world_partner,CHN
156,0,2022,X,8542,154524110996.0,H6,world_partner,CHN
170,0,2022,M,8542,81662724.8,H6,world_partner,COL
170,0,2022,X,8542,989794.74,H6,world_partner,COL
188,0,2022,M,8542,97563282.71,H6,world_partner,CRI
188,0,2022,X,8542,60320221.09,H6,world_partner,CRI
203,0,2022,M,8542,3593680147.0,H6,world_partner,CZE
203,0,2022,X,8542,1314967729.0,H6,world_partner,CZE
208,0,2022,M,8542,542911667.715,H6,world_partner,DNK
208,0,2022,X,8542,369965801.214,H6,world_partner,DNK
233,0,2022,M,8542,246851774.84,H6,world_partner,EST
233,0,2022,X,8542,60158647.59,H6,world_partner,EST
246,0,2022,M,8542,1152291797.58,H6,world_partner,FIN
246,0,2022,X,8542,816857792.816,H6,world_partner,FIN
251,0,2022,M,8542,6071237979.107,H6,world_partner,FRA
251,0,2022,X,8542,9923184040.837,H6,world_partner,FRA
276,0,2022,M,8542,23886749040.484,H6,world_partner,DEU
276,0,2022,X,8542,20196987611.405,H6,world_partner,DEU
300,0,2022,M,8542,77063454.017,H6,world_partner,GRC
300,0,2022,X,8542,36934381.235,H6,world_partner,GRC
348,0,2022,M,8542,3901358478.0,H6,world_partner,HUN
348,0,2022,X,8542,788392490.0,H6,world_partner,HUN
352,0,2022,M,8542,3294760.642,H6,world_partner,ISL
352,0,2022,X,8542,152488.742,H6,world_partner,ISL
372,0,2022,M,8542,6496446807.326,H6,world_partner,IRL
372,0,2022,X,8542,11936240338.116,H6,world_partner,IRL
376,0,2022,M,8542,2200469000.0,H6,world_partner,ISR
376,0,2022,X,8542,4940699000.0,H6,world_partner,ISR
380,0,2022,M,8542,2420075700.099,H6,world_partner,ITA
380,0,2022,X,8542,1824105935.497,H6,world_partner,ITA
392,0,2022,M,8542,31666849627.998,H6,world_partner,JPN
392,0,2022,X,8542,33627038485.197,H6,world_partner,JPN
410,0,2022,M,8542,62400258370.0,H6,world_partner,KOR
410,0,2022,X,8542,112847160489.0,H6,world_partner,KOR
428,0,2022,M,8542,250855143.807,H6,world_partner,LVA
428,0,2022,X,8542,114059422.801,H6,world_partner,LVA
440,0,2022,M,8542,293815415.0,H6,world_partner,LTU
440,0,2022,X,8542,37087546.0,H6,world_partner,LTU
442,0,2022,M,8542,18634719.208,H6,world_partner,LUX
442,0,2022,X,8542,8773927.514,H6,world_partner,LUX
484,0,2022,M,8542,26341937985.0,H6,world_partner,MEX
484,0,2022,X,8542,4188422877.0,H6,world_partner,MEX
528,0,2022,M,8542,5686629912.472,H6,world_partner,NLD
528,0,2022,X,8542,5232775519.889,H6,world_partner,NLD
554,0,2022,M,8542,105184446.975,H6,world_partner,NZL
554,0,2022,X,8542,14178563.276,H6,world_partner,NZL
579,0,2022,M,8542,261538320.458,H6,world_partner,NOR
579,0,2022,X,8542,57947574.403,H6,world_partner,NOR
616,0,2022,M,8542,3791829063.0,H6,world_partner,POL
616,0,2022,X,8542,422368742.0,H6,world_partner,POL
620,0,2022,M,8542,1642853367.196,H6,world_partner,PRT
620,0,2022,X,8542,483043517.004,H6,world_partner,PRT
703,0,2022,M,8542,771922427.069,H6,world_partner,SVK
703,0,2022,X,8542,94445062.067,H6,world_partner,SVK
705,0,2022,M,8542,184288351.731,H6,world_partner,SVN
705,0,2022,X,8542,41157619.781,H6,world_partner,SVN
724,0,2022,M,8542,1121330848.061,H6,world_partner,ESP
724,0,2022,X,8542,369889721.766,H6,world_partner,ESP
752,0,2022,M,8542,1250635489.744,H6,world_partner,SWE
752,0,2022,X,8542,505441450.683,H6,world_partner,SWE
757,0,2022,M,8542,1289136321.57,H6,world_partner,CHE
757,0,2022,X,8542,924598502.213,H6,world_partner,CHE
792,0,2022,M,8542,908280165.0,H6,world_partner,TUR
792,0,2022,X,8542,41648058.0,H6,world_partner,TUR
826,0,2022,M,8542,3229494103.57,H6,world_partner,GBR
826,0,2022,X,8542,2051074990.59,H6,world_partner,GBR
842,0,2022,M,8542,43684949147.0,H6,world_partner,USA
842,0,2022,X,8542,51623041691.0,H6,world_partner,USA
36,0,2022,X,TOTAL,410252834479.043,H6,world_partner,AUS
40,0,2022,X,TOTAL,203753247346.142,H6,world_partner,AUT
56,0,2022,X,TOTAL,455402707991.035,H6,world_partner,BEL
124,0,2022,X,TOTAL,599941807666.279,H6,world_partner,CAN
152,0,2022,X,TOTAL,98557005169.484,H6,world_partner,CHL
156,0,2022,X,TOTAL,3593601435602.0,H6,world_partner,CHN
170,0,2022,X,TOTAL,56910136647.72,H6,world_partner,COL
188,0,2022,X,TOTAL,15319695069.468,H6,world_partner,CRI
203,0,2022,X,TOTAL,241689131117.0,H6,world_partner,CZE
208,0,2022,X,TOTAL,129177354954.924,H6,world_partner,DNK
233,0,2022,X,TOTAL,23600194188.92,H6,world_partner,EST
246,0,2022,X,TOTAL,86228240180.829,H6,world_partner,FIN
251,0,2022,X,TOTAL,632759243092.236,H6,world_partner,FRA
276,0,2022,X,TOTAL,1695806689768.824,H6,world_partner,DEU
300,0,2022,X,TOTAL,57568024971.028,H6,world_partner,GRC
348,0,2022,X,TOTAL,149934114714.0,H6,world_partner,HUN
352,0,2022,X,TOTAL,7403797369.088,H6,world_partner,ISL
372,0,2022,X,TOTAL,219836715126.171,H6,world_partner,IRL
376,0,2022,X,TOTAL,72568881000.0,H6,world_partner,ISR
380,0,2022,X,TOTAL,659387209133.806,H6,world_partner,ITA
392,0,2022,X,TOTAL,746672096581.525,H6,world_partner,JPN
410,0,2022,X,TOTAL,683550925677.0,H6,world_partner,KOR
428,0,2022,X,TOTAL,22466234664.326,H6,world_partner,LVA
440,0,2022,X,TOTAL,46501899036.0,H6,world_partner,LTU
442,0,2022,X,TOTAL,16766113323.445,H6,world_partner,LUX
484,0,2022,X,TOTAL,579814827943.0,H6,world_partner,MEX
528,0,2022,X,TOTAL,768259269680.812,H6,world_partner,NLD
554,0,2022,X,TOTAL,45615082795.356,H6,world_partner,NZL
579,0,2022,X,TOTAL,269769592025.205,H6,world_partner,NOR
616,0,2022,X,TOTAL,365750693518.0,H6,world_partner,POL
620,0,2022,X,TOTAL,83016781174.499,H6,world_partner,PRT
703,0,2022,X,TOTAL,108238390513.634,H6,world_partner,SVK
705,0,2022,X,TOTAL,55306018472.303,H6,world_partner,SVN
724,0,2022,X,TOTAL,424286054809.902,H6,world_partner,ESP
752,0,2022,X,TOTAL,197527811301.403,H6,world_partner,SWE
757,0,2022,X,TOTAL,400057174592.488,H6,world_partner,CHE
792,0,2022,X,TOTAL,254169747663.0,H6,world_partner,TUR
826,0,2022,X,TOTAL,543186045500.722,H6,world_partner,GBR
842,0,2022,X,TOTAL,2062089832731.0,H6,world_partner,USA
36,0,2022,M,8486,12523198.0,H6,world_partner,AUS
36,0,2022,X,8486,6328028.644,H6,world_partner,AUS
40,0,2022,M,8486,1074204987.745,H6,world_partner,AUT
40,0,2022,X,8486,1509172300.259,H6,world_partner,AUT
56,0,2022,M,8486,98018887.505,H6,world_partner,BEL
56,0,2022,X,8486,34528671.852,H6,world_partner,BEL
124,0,2022,M,8486,59520193.991,H6,world_partner,CAN
124,0,2022,X,8486,90396222.888,H6,world_partner,CAN
152,0,2022,M,8486,395122.812,H6,world_partner,CHL
152,0,2022,X,8486,32262.537,H6,world_partner,CHL
156,0,2022,M,8486,34721757399.0,H6,world_partner,CHN
156,0,2022,X,8486,4123932564.0,H6,world_partner,CHN
170,0,2022,M,8486,264704.91,H6,world_partner,COL
170,0,2022,X,8486,15732.79,H6,world_partner,COL
188,0,2022,M,8486,82643553.41,H6,world_partner,CRI
188,0,2022,X,8486,1873172.4,H6,world_partner,CRI
203,0,2022,M,8486,86502066.0,H6,world_partner,CZE
203,0,2022,X,8486,156273604.0,H6,world_partner,CZE
208,0,2022,M,8486,45109766.868,H6,world_partner,DNK
208,0,2022,X,8486,24541052.428,H6,world_partner,DNK
233,0,2022,M,8486,333028.27,H6,world_partner,EST
233,0,2022,X,8486,305462.67,H6,world_partner,EST
246,0,2022,M,8486,45058250.204,H6,world_partner,FIN
246,0,2022,X,8486,27290295.46,H6,world_partner,FIN
251,0,2022,M,8486,1248063109.956,H6,world_partner,FRA
251,0,2022,X,8486,392140635.322,H6,world_partner,FRA
276,0,2022,M,8486,2195961481.165,H6,world_partner,DEU
276,0,2022,X,8486,3174256697.781,H6,world_partner,DEU
300,0,2022,M,8486,911958.015,H6,world_partner,GRC
300,0,2022,X,8486,131471.015,H6,world_partner,GRC
348,0,2022,M,8486,56663652.0,H6,world_partner,HUN
348,0,2022,X,8486,24305386.0,H6,world_partner,HUN
352,0,2022,M,8486,620969.396,H6,world_partner,ISL
352,0,2022,X,8486,4621.063,H6,world_partner,ISL
372,0,2022,M,8486,3572776614.443,H6,world_partner,IRL
372,0,2022,X,8486,146380741.282,H6,world_partner,IRL
376,0,2022,M,8486,610680000.0,H6,world_partner,ISR
376,0,2022,X,8486,228465000.0,H6,world_partner,ISR
380,0,2022,M,8486,647482400.485,H6,world_partner,ITA
380,0,2022,X,8486,181207363.547,H6,world_partner,ITA
392,0,2022,M,8486,5561153822.999,H6,world_partner,JPN
392,0,2022,X,8486,30929890655.392,H6,world_partner,JPN
410,0,2022,M,8486,20142343915.0,H6,world_partner,KOR
410,0,2022,X,8486,8112884431.0,H6,world_partner,KOR
428,0,2022,M,8486,1311186.653,H6,world_partner,LVA
428,0,2022,X,8486,181511.886,H6,world_partner,LVA
440,0,2022,M,8486,4547429.0,H6,world_partner,LTU
440,0,2022,X,8486,2549260.0,H6,world_partner,LTU
442,0,2022,M,8486,498102.996,H6,world_partner,LUX
442,0,2022,X,8486,790310.185,H6,world_partner,LUX
484,0,2022,M,8486,324624596.0,H6,world_partner,MEX
484,0,2022,X,8486,291266855.0,H6,world_partner,MEX
528,0,2022,M,8486,5689091567.39,H6,world_partner,NLD
528,0,2022,X,8486,21367931977.1,H6,world_partner,NLD
554,0,2022,M,8486,1159417.511,H6,world_partner,NZL
554,0,2022,X,8486,27784692.791,H6,world_partner,NZL
579,0,2022,M,8486,5649594.587,H6,world_partner,NOR
579,0,2022,X,8486,619099.478,H6,world_partner,NOR
616,0,2022,M,8486,23091864.0,H6,world_partner,POL
616,0,2022,X,8486,42460940.0,H6,world_partner,POL
620,0,2022,M,8486,12891179.881,H6,world_partner,PRT
620,0,2022,X,8486,6047278.635,H6,world_partner,PRT
703,0,2022,M,8486,10728130.891,H6,world_partner,SVK
703,0,2022,X,8486,22927269.626,H6,world_partner,SVK
705,0,2022,M,8486,1991767.953,H6,world_partner,SVN
705,0,2022,X,8486,9682412.85,H6,world_partner,SVN
724,0,2022,M,8486,16935492.865,H6,world_partner,ESP
724,0,2022,X,8486,6803235.859,H6,world_partner,ESP
752,0,2022,M,8486,41308048.942,H6,world_partner,SWE
752,0,2022,X,8486,84183391.306,H6,world_partner,SWE
757,0,2022,M,8486,170473344.711,H6,world_partner,CHE
757,0,2022,X,8486,492636597.368,H6,world_partner,CHE
792,0,2022,M,8486,75346553.0,H6,world_partner,TUR
792,0,2022,X,8486,1233088.0,H6,world_partner,TUR
826,0,2022,M,8486,377401853.102,H6,world_partner,GBR
826,0,2022,X,8486,811742114.831,H6,world_partner,GBR
842,0,2022,M,8486,11836177465.0,H6,world_partner,USA
842,0,2022,X,8486,26821527900.0,H6,world_partner,USA
36,0,2023,M,8542,483208416.562,H6,world_partner,AUS
36,0,2023,X,8542,83758151.268,H6,world_partner,AUS
40,0,2023,M,8542,1225584634.446,H6,world_partner,AUT
40,0,2023,X,8542,960412236.635,H6,world_partner,AUT
56,0,2023,M,8542,6085654323.054,H6,world_partner,BEL
56,0,2023,X,8542,2853391633.171,H6,world_partner,BEL
124,0,2023,M,8542,1907344160.939,H6,world_partner,CAN
124,0,2023,X,8542,837295175.253,H6,world_partner,CAN
152,0,2023,M,8542,48347206.732,H6,world_partner,CHL
152,0,2023,X,8542,2158644.45,H6,world_partner,CHL
156,0,2023,M,8542,350138570686.0,H6,world_partner,CHN
156,0,2023,X,8542,136335025390.0,H6,world_partner,CHN
170,0,2023,M,8542,83883086.79,H6,world_partner,COL
170,0,2023,X,8542,4404974.16,H6,world_partner,COL
188,0,2023,M,8542,140531047.27,H6,world_partner,CRI
188,0,2023,X,8542,74743333.41,H6,world_partner,CRI
203,0,2023,M,8542,3461734022.0,H6,world_partner,CZE
203,0,2023,X,8542,1208123387.0,H6,world_partner,CZE
208,0,2023,M,8542,490416210.79,H6,world_partner,DNK
208,0,2023,X,8542,276615694.465,H6,world_partner,DNK
233,0,2023,M,8542,210108177.64,H6,world_partner,EST
233,0,2023,X,8542,50867201.28,H6,world_partner,EST
246,0,2023,M,8542,1208251445.416,H6,world_partner,FIN
246,0,2023,X,8542,615174714.218,H6,world_partner,FIN
251,0,2023,M,8542,5226480695.809,H6,world_partner,FRA
251,0,2023,X,8542,9764663620.912,H6,world_partner,FRA
276,0,2023,M,8542,25189005638.771,H6,world_partner,DEU
276,0,2023,X,8542,21846740741.74,H6,world_partner,DEU
300,0,2023,M,8542,85451340.972,H6,world_partner,GRC
300,0,2023,X,8542,31233183.676,H6,world_partner,GRC
348,0,2023,M,8542,4313476701.217,H6,world_partner,HUN
348,0,2023,X,8542,618793391.991,H6,world_partner,HUN
352,0,2023,M,8542,4047100.172,H6,world_partner,ISL
352,0,2023,X,8542,136703.088,H6,world_partner,ISL
372,0,2023,M,8542,4684531051.32,H6,world_partner,IRL
372,0,2023,X,8542,5842335163.194,H6,world_partner,IRL
376,0,2023,M,8542,1808046000.0,H6,world_partner,ISR
376,0,2023,X,8542,4744453000.0,H6,world_partner,ISR
380,0,2023,M,8542,2321722050.638,H6,world_partner,ITA
380,0,2023,X,8542,2014212337.807,H6,world_partner,ITA
392,0,2023,M,8542,28685975906.283,H6,world_partner,JPN
392,0,2023,X,8542,30788027604.499,H6,world_partner,JPN
410,0,2023,M,8542,51685861319.0,H6,world_partner,KOR
410,0,2023,X,8542,86134555070.0,H6,world_partner,KOR
428,0,2023,M,8542,212576227.784,H6,world_partner,LVA
428,0,2023,X,8542,83197018.083,H6,world_partner,LVA
440,0,2023,M,8542,251002193.0,H6,world_partner,LTU
440,0,2023,X,8542,32286982.0,H6,world_partner,LTU
442,0,2023,M,8542,18947810.611,H6,world_partner,LUX
442,0,2023,X,8542,4294540.827,H6,world_partner,LUX
484,0,2023,M,8542,24053903034.0,H6,world_partner,MEX
484,0,2023,X,8542,3381525986.0,H6,world_partner,MEX
528,0,2023,M,8542,5353844212.792,H6,world_partner,NLD
528,0,2023,X,8542,4506254823.456,H6,world_partner,NLD
554,0,2023,M,8542,68891159.361,H6,world_partner,NZL
554,0,2023,X,8542,8651538.565,H6,world_partner,NZL
579,0,2023,M,8542,255759152.001,H6,world_partner,NOR
579,0,2023,X,8542,59600261.709,H6,world_partner,NOR
616,0,2023,M,8542,3841597350.0,H6,world_partner,POL
616,0,2023,X,8542,432670436.0,H6,world_partner,POL
620,0,2023,M,8542,1379410139.331,H6,world_partner,PRT
620,0,2023,X,8542,449240356.699,H6,world_partner,PRT
703,0,2023,M,8542,731436715.853,H6,world_partner,SVK
703,0,2023,X,8542,167031171.537,H6,world_partner,SVK
705,0,2023,M,8542,129215348.614,H6,world_partner,SVN
705,0,2023,X,8542,41557115.856,H6,world_partner,SVN
724,0,2023,M,8542,1226998664.586,H6,world_partner,ESP
724,0,2023,X,8542,391931787.111,H6,world_partner,ESP
752,0,2023,M,8542,1377736300.106,H6,world_partner,SWE
752,0,2023,X,8542,354045026.523,H6,world_partner,SWE
757,0,2023,M,8542,1092419030.391,H6,world_partner,CHE
757,0,2023,X,8542,919563762.719,H6,world_partner,CHE
792,0,2023,M,8542,1025666427.0,H6,world_partner,TUR
792,0,2023,X,8542,33969993.0,H6,world_partner,TUR
826,0,2023,M,8542,2797825666.478,H6,world_partner,GBR
826,0,2023,X,8542,1329924070.061,H6,world_partner,GBR
842,0,2023,M,8542,36062821301.0,H6,world_partner,USA
842,0,2023,X,8542,43556975377.0,H6,world_partner,USA
36,0,2023,X,TOTAL,369235124159.052,H6,world_partner,AUS
40,0,2023,X,TOTAL,216176589470.172,H6,world_partner,AUT
56,0,2023,X,TOTAL,397307958062.375,H6,world_partner,BEL
124,0,2023,X,TOTAL,567344538003.471,H6,world_partner,CAN
152,0,2023,X,TOTAL,92955275151.014,H6,world_partner,CHL
156,0,2023,X,TOTAL,3379747834884.0,H6,world_partner,CHN
170,0,2023,X,TOTAL,49769114432.38,H6,world_partner,COL
188,0,2023,X,TOTAL,18105904673.666,H6,world_partner,CRI
203,0,2023,X,TOTAL,253327521218.0,H6,world_partner,CZE
208,0,2023,X,TOTAL,128424381511.258,H6,world_partner,DNK
233,0,2023,X,TOTAL,20108196603.0,H6,world_partner,EST
246,0,2023,X,TOTAL,82567752672.758,H6,world_partner,FIN
251,0,2023,X,TOTAL,660448721960.556,H6,world_partner,FRA
276,0,2023,X,TOTAL,1711347832972.371,H6,world_partner,DEU
300,0,2023,X,TOTAL,55051586783.705,H6,world_partner,GRC
348,0,2023,X,TOTAL,158593089229.56,H6,world_partner,HUN
352,0,2023,X,TOTAL,6807539976.725,H6,world_partner,ISL
372,0,2023,X,TOTAL,212869514240.842,H6,world_partner,IRL
376,0,2023,X,TOTAL,58904608000.0,H6,world_partner,ISR
380,0,2023,X,TOTAL,676819818431.702,H6,world_partner,ITA
392,0,2023,X,TOTAL,717219220218.556,H6,world_partner,JPN
410,0,2023,X,TOTAL,631804230615.0,H6,world_partner,KOR
428,0,2023,X,TOTAL,20539978432.053,H6,world_partner,LVA
440,0,2023,X,TOTAL,42625691925.0,H6,world_partner,LTU
442,0,2023,X,TOTAL,16367613412.471,H6,world_partner,LUX
484,0,2023,X,TOTAL,595972772664.0,H6,world_partner,MEX
528,0,2023,X,TOTAL,717440099558.351,H6,world_partner,NLD
554,0,2023,X,TOTAL,42124240556.027,H6,world_partner,NZL
579,0,2023,X,TOTAL,177196076820.947,H6,world_partner,NOR
616,0,2023,X,TOTAL,381932840227.0,H6,world_partner,POL
620,0,2023,X,TOTAL,83624882357.911,H6,world_partner,PRT
703,0,2023,X,TOTAL,117250176700.994,H6,world_partner,SVK
705,0,2023,X,TOTAL,59506954977.681,H6,world_partner,SVN
724,0,2023,X,TOTAL,420169591002.546,H6,world_partner,ESP
752,0,2023,X,TOTAL,197533884155.232,H6,world_partner,SWE
757,0,2023,X,TOTAL,419922543423.509,H6,world_partner,CHE
792,0,2023,X,TOTAL,255627429011.0,H6,world_partner,TUR
826,0,2023,X,TOTAL,521207222955.329,H6,world_partner,GBR
842,0,2023,X,TOTAL,2018542583771.0,H6,world_partner,USA
36,0,2023,M,8486,20932427.491,H6,world_partner,AUS
36,0,2023,X,8486,5320792.277,H6,world_partner,AUS
40,0,2023,M,8486,956308599.481,H6,world_partner,AUT
40,0,2023,X,8486,1823465184.78,H6,world_partner,AUT
56,0,2023,M,8486,177125694.114,H6,world_partner,BEL
56,0,2023,X,8486,61997751.138,H6,world_partner,BEL
124,0,2023,M,8486,49782545.077,H6,world_partner,CAN
124,0,2023,X,8486,73291946.327,H6,world_partner,CAN
152,0,2023,M,8486,982926.381,H6,world_partner,CHL
152,0,2023,X,8486,142172.612,H6,world_partner,CHL
156,0,2023,M,8486,39612488192.0,H6,world_partner,CHN
156,0,2023,X,8486,4642328484.0,H6,world_partner,CHN
170,0,2023,M,8486,343430.83,H6,world_partner,COL
170,0,2023,X,8486,3320.57,H6,world_partner,COL
188,0,2023,M,8486,38572226.09,H6,world_partner,CRI
188,0,2023,X,8486,1939614.87,H6,world_partner,CRI
203,0,2023,M,8486,224065676.0,H6,world_partner,CZE
203,0,2023,X,8486,195854508.0,H6,world_partner,CZE
208,0,2023,M,8486,69193071.313,H6,world_partner,DNK
208,0,2023,X,8486,31774019.094,H6,world_partner,DNK
233,0,2023,M,8486,251988.67,H6,world_partner,EST
233,0,2023,X,8486,610467.12,H6,world_partner,EST
246,0,2023,M,8486,60234308.866,H6,world_partner,FIN
246,0,2023,X,8486,45602066.135,H6,world_partner,FIN
251,0,2023,M,8486,1692179977.729,H6,world_partner,FRA
251,0,2023,X,8486,373323661.103,H6,world_partner,FRA
276,0,2023,M,8486,2126249258.372,H6,world_partner,DEU
276,0,2023,X,8486,3903969297.77,H6,world_partner,DEU
300,0,2023,M,8486,5402489.459,H6,world_partner,GRC
300,0,2023,X,8486,194445.617,H6,world_partner,GRC
348,0,2023,M,8486,45462471.025,H6,world_partner,HUN
348,0,2023,X,8486,18871922.608,H6,world_partner,HUN
352,0,2023,M,8486,316160.815,H6,world_partner,ISL
352,0,2023,X,8486,12069.556,H6,world_partner,ISL
372,0,2023,M,8486,3230799985.838,H6,world_partner,IRL
372,0,2023,X,8486,196120760.719,H6,world_partner,IRL
376,0,2023,M,8486,418257000.0,H6,world_partner,ISR
376,0,2023,X,8486,128458000.0,H6,world_partner,ISR
380,0,2023,M,8486,818882179.99,H6,world_partner,ITA
380,0,2023,X,8486,303994467.459,H6,world_partner,ITA
392,0,2023,M,8486,5251354263.693,H6,world_partner,JPN
392,0,2023,X,8486,25201164365.814,H6,world_partner,JPN
410,0,2023,M,8486,17336366723.0,H6,world_partner,KOR
410,0,2023,X,8486,6595182354.0,H6,world_partner,KOR
428,0,2023,M,8486,774635.977,H6,world_partner,LVA
428,0,2023,X,8486,310010.526,H6,world_partner,LVA
440,0,2023,M,8486,2362096.0,H6,world_partner,LTU
440,0,2023,X,8486,3189968.0,H6,world_partner,LTU
442,0,2023,M,8486,2642012.207,H6,world_partner,LUX
442,0,2023,X,8486,41746.062,H6,world_partner,LUX
484,0,2023,M,8486,304172525.0,H6,world_partner,MEX
484,0,2023,X,8486,240776557.0,H6,world_partner,MEX
528,0,2023,M,8486,7058590183.804,H6,world_partner,NLD
528,0,2023,X,8486,24097584108.834,H6,world_partner,NLD
554,0,2023,M,8486,1147580.888,H6,world_partner,NZL
554,0,2023,X,8486,42738086.052,H6,world_partner,NZL
579,0,2023,M,8486,7310791.693,H6,world_partner,NOR
579,0,2023,X,8486,768174.601,H6,world_partner,NOR
616,0,2023,M,8486,22711663.0,H6,world_partner,POL
616,0,2023,X,8486,51108947.0,H6,world_partner,POL
620,0,2023,M,8486,34730824.914,H6,world_partner,PRT
620,0,2023,X,8486,6534359.288,H6,world_partner,PRT
703,0,2023,M,8486,20842286.309,H6,world_partner,SVK
703,0,2023,X,8486,27894302.948,H6,world_partner,SVK
705,0,2023,M,8486,970097.319,H6,world_partner,SVN
705,0,2023,X,8486,7295778.059,H6,world_partner,SVN
724,0,2023,M,8486,15665118.525,H6,world_partner,ESP
724,0,2023,X,8486,18135687.115,H6,world_partner,ESP
752,0,2023,M,8486,50568691.824,H6,world_partner,SWE
752,0,2023,X,8486,145880339.596,H6,world_partner,SWE
757,0,2023,M,8486,229866226.762,H6,world_partner,CHE
757,0,2023,X,8486,614036658.044,H6,world_partner,CHE
792,0,2023,M,8486,113792320.0,H6,world_partner,TUR
792,0,2023,X,8486,6810989.0,H6,world_partner,TUR
826,0,2023,M,8486,344333396.067,H6,world_partner,GBR
826,0,2023,X,8486,888175690.35,H6,world_partner,GBR
842,0,2023,M,8486,11021982892.0,H6,world_partner,USA
842,0,2023,X,8486,20078998538.0,H6,world_partner,USA
