reporter_code,partner_code,year,flow,cmd,value_usd,classification,note,country_iso3
156,0,2010,M,8542,158009698431.0,H3,china_partners,CHN
156,4,2010,M,8542,60114.0,H3,china_partners,CHN
156,32,2010,M,8542,453764.0,H3,china_partners,CHN
156,36,2010,M,8542,6569750.0,H3,china_partners,CHN
156,40,2010,M,8542,235691786.0,H3,china_partners,CHN
156,50,2010,M,8542,8577.0,H3,china_partners,CHN
156,51,2010,M,8542,8009.0,H3,china_partners,CHN
156,52,2010,M,8542,10934.0,H3,china_partners,CHN
156,56,2010,M,8542,5123035.0,H3,china_partners,CHN
156,76,2010,M,8542,1961205.0,H3,china_partners,CHN
156,96,2010,M,8542,1200.0,H3,china_partners,CHN
156,100,2010,M,8542,11515415.0,H3,china_partners,CHN
156,104,2010,M,8542,1875.0,H3,china_partners,CHN
156,112,2010,M,8542,5281454.0,H3,china_partners,CHN
156,116,2010,M,8542,13451.0,H3,china_partners,CHN
156,120,2010,M,8542,351.0,H3,china_partners,CHN
156,124,2010,M,8542,957775732.0,H3,china_partners,CHN
156,140,2010,M,8542,4568.0,H3,china_partners,CHN
156,144,2010,M,8542,4751.0,H3,china_partners,CHN
156,148,2010,M,8542,25085.0,H3,china_partners,CHN
156,152,2010,M,8542,5156.0,H3,china_partners,CHN
156,156,2010,M,8542,17677862668.0,H3,china_partners,CHN
156,170,2010,M,8542,71840.0,H3,china_partners,CHN
156,175,2010,M,8542,2450.0,H3,china_partners,CHN
156,178,2010,M,8542,2065.0,H3,china_partners,CHN
156,188,2010,M,8542,2978744531.0,H3,china_partners,CHN
156,191,2010,M,8542,1158892.0,H3,china_partners,CHN
156,192,2010,M,8542,840.0,H3,china_partners,CHN
156,196,2010,M,8542,640.0,H3,china_partners,CHN
156,203,2010,M,8542,6370307.0,H3,china_partners,CHN
156,208,2010,M,8542,8670535.0,H3,china_partners,CHN
156,212,2010,M,8542,118698.0,H3,china_partners,CHN
156,214,2010,M,8542,167761.0,H3,china_partners,CHN
156,218,2010,M,8542,47750.0,H3,china_partners,CHN
156,222,2010,M,8542,61049.0,H3,china_partners,CHN
156,233,2010,M,8542,733010.0,H3,china_partners,CHN
156,242,2010,M,8542,513.0,H3,china_partners,CHN
156,246,2010,M,8542,4003112.0,H3,china_partners,CHN
156,251,2010,M,8542,1032147543.0,H3,china_partners,CHN
156,268,2010,M,8542,8919.0,H3,china_partners,CHN
156,275,2010,M,8542,2785.0,H3,china_partners,CHN
156,276,2010,M,8542,981433650.0,H3,china_partners,CHN
156,288,2010,M,8542,3360.0,H3,china_partners,CHN
156,296,2010,M,8542,4000.0,H3,china_partners,CHN
156,300,2010,M,8542,26080.0,H3,china_partners,CHN
156,308,2010,M,8542,3024.0,H3,china_partners,CHN
156,328,2010,M,8542,6450.0,H3,china_partners,CHN
156,340,2010,M,8542,19259.0,H3,china_partners,CHN
156,344,2010,M,8542,1478286275.0,H3,china_partners,CHN
156,348,2010,M,8542,3058261.0,H3,china_partners,CHN
156,352,2010,M,8542,16856.0,H3,china_partners,CHN
156,360,2010,M,8542,203161046.0,H3,china_partners,CHN
156,364,2010,M,8542,11237.0,H3,china_partners,CHN
156,368,2010,M,8542,7714.0,H3,china_partners,CHN
156,372,2010,M,8542,1328733509.0,H3,china_partners,CHN
156,376,2010,M,8542,548954515.0,H3,china_partners,CHN
156,380,2010,M,8542,196160777.0,H3,china_partners,CHN
156,392,2010,M,8542,14069022279.0,H3,china_partners,CHN
156,398,2010,M,8542,165.0,H3,china_partners,CHN
156,400,2010,M,8542,696.0,H3,china_partners,CHN
156,404,2010,M,8542,6550.0,H3,china_partners,CHN
156,408,2010,M,8542,304158.0,H3,china_partners,CHN
156,410,2010,M,8542,31024627345.0,H3,china_partners,CHN
156,417,2010,M,8542,115853.0,H3,china_partners,CHN
156,418,2010,M,8542,242100.0,H3,china_partners,CHN
156,430,2010,M,8542,1109.0,H3,china_partners,CHN
156,434,2010,M,8542,3265.0,H3,china_partners,CHN
156,440,2010,M,8542,27350.0,H3,china_partners,CHN
156,446,2010,M,8542,114574.0,H3,china_partners,CHN
156,450,2010,M,8542,50.0,H3,china_partners,CHN
156,454,2010,M,8542,58988.0,H3,china_partners,CHN
156,458,2010,M,8542,23072215027.0,H3,china_partners,CHN
156,462,2010,M,8542,5660.0,H3,china_partners,CHN
156,466,2010,M,8542,6976.0,H3,china_partners,CHN
156,470,2010,M,8542,537641909.0,H3,china_partners,CHN
156,478,2010,M,8542,3850.0,H3,china_partners,CHN
156,480,2010,M,8542,2678.0,H3,china_partners,CHN
156,484,2010,M,8542,711284884.0,H3,china_partners,CHN
156,490,2010,M,8542,37114911013.0,H3,china_partners,CHN
156,496,2010,M,8542,3577.0,H3,china_partners,CHN
156,500,2010,M,8542,18852.0,H3,china_partners,CHN
156,504,2010,M,8542,157211488.0,H3,china_partners,CHN
156,508,2010,M,8542,130.0,H3,china_partners,CHN
156,512,2010,M,8542,11258.0,H3,china_partners,CHN
156,516,2010,M,8542,5867.0,H3,china_partners,CHN
156,524,2010,M,8542,2793.0,H3,china_partners,CHN
156,528,2010,M,8542,19973991.0,H3,china_partners,CHN
156,540,2010,M,8542,925.0,H3,china_partners,CHN
156,548,2010,M,8542,175502.0,H3,china_partners,CHN
156,554,2010,M,8542,401722.0,H3,china_partners,CHN
156,562,2010,M,8542,966.0,H3,china_partners,CHN
156,566,2010,M,8542,2174.0,H3,china_partners,CHN
156,579,2010,M,8542,6974334.0,H3,china_partners,CHN
156,584,2010,M,8542,214.0,H3,china_partners,CHN
156,585,2010,M,8542,31913.0,H3,china_partners,CHN
156,586,2010,M,8542,9451.0,H3,china_partners,CHN
156,591,2010,M,8542,348.0,H3,china_partners,CHN
156,598,2010,M,8542,2954.0,H3,china_partners,CHN
156,604,2010,M,8542,18900.0,H3,china_partners,CHN
156,608,2010,M,8542,5750570596.0,H3,china_partners,CHN
156,616,2010,M,8542,422055.0,H3,china_partners,CHN
156,620,2010,M,8542,16886904.0,H3,china_partners,CHN
156,626,2010,M,8542,7428.0,H3,china_partners,CHN
156,642,2010,M,8542,62708.0,H3,china_partners,CHN
156,643,2010,M,8542,16161241.0,H3,china_partners,CHN
156,646,2010,M,8542,140.0,H3,china_partners,CHN
156,682,2010,M,8542,1037.0,H3,china_partners,CHN
156,686,2010,M,8542,834.0,H3,china_partners,CHN
156,688,2010,M,8542,708.0,H3,china_partners,CHN
156,690,2010,M,8542,233.0,H3,china_partners,CHN
156,699,2010,M,8542,41106208.0,H3,china_partners,CHN
156,702,2010,M,8542,5649468525.0,H3,china_partners,CHN
156,703,2010,M,8542,1234339.0,H3,china_partners,CHN
156,704,2010,M,8542,184834345.0,H3,china_partners,CHN
156,705,2010,M,8542,479796.0,H3,china_partners,CHN
156,710,2010,M,8542,832021.0,H3,china_partners,CHN
156,716,2010,M,8542,934.0,H3,china_partners,CHN
156,724,2010,M,8542,5689715.0,H3,china_partners,CHN
156,748,2010,M,8542,3389.0,H3,china_partners,CHN
156,752,2010,M,8542,9452286.0,H3,china_partners,CHN
156,757,2010,M,8542,34312237.0,H3,china_partners,CHN
156,762,2010,M,8542,300516.0,H3,china_partners,CHN
156,764,2010,M,8542,3884955334.0,H3,china_partners,CHN
156,768,2010,M,8542,11.0,H3,china_partners,CHN
156,780,2010,M,8542,13000.0,H3,china_partners,CHN
156,784,2010,M,8542,232.0,H3,china_partners,CHN
156,788,2010,M,8542,255958.0,H3,china_partners,CHN
156,792,2010,M,8542,33283.0,H3,china_partners,CHN
156,795,2010,M,8542,2071.0,H3,china_partners,CHN
156,800,2010,M,8542,300.0,H3,china_partners,CHN
156,804,2010,M,8542,9889.0,H3,china_partners,CHN
156,807,2010,M,8542,39434.0,H3,china_partners,CHN
156,826,2010,M,8542,117056819.0,H3,china_partners,CHN
156,842,2010,M,8542,7903767147.0,H3,china_partners,CHN
156,858,2010,M,8542,640.0,H3,china_partners,CHN
156,862,2010,M,8542,154.0,H3,china_partners,CHN
156,882,2010,M,8542,116.0,H3,china_partners,CHN
156,887,2010,M,8542,6780.0,H3,china_partners,CHN
156,899,2010,M,8542,1707097.0,H3,china_partners,CHN
156,0,2010,M,8486,11454250064.0,H3,china_partners,CHN
156,20,2010,M,8486,90.0,H3,china_partners,CHN
156,36,2010,M,8486,22639.0,H3,china_partners,CHN
156,40,2010,M,8486,78402913.0,H3,china_partners,CHN
156,56,2010,M,8486,1193394.0,H3,china_partners,CHN
156,76,2010,M,8486,2344.0,H3,china_partners,CHN
156,100,2010,M,8486,58.0,H3,china_partners,CHN
156,112,2010,M,8486,915000.0,H3,china_partners,CHN
156,124,2010,M,8486,2032897.0,H3,china_partners,CHN
156,144,2010,M,8486,49904.0,H3,china_partners,CHN
156,156,2010,M,8486,25282267.0,H3,china_partners,CHN
156,188,2010,M,8486,63.0,H3,china_partners,CHN
156,203,2010,M,8486,2613302.0,H3,china_partners,CHN
156,208,2010,M,8486,321772.0,H3,china_partners,CHN
156,214,2010,M,8486,7168.0,H3,china_partners,CHN
156,218,2010,M,8486,85485.0,H3,china_partners,CHN
156,233,2010,M,8486,1245.0,H3,china_partners,CHN
156,246,2010,M,8486,2703596.0,H3,china_partners,CHN
156,251,2010,M,8486,15873687.0,H3,china_partners,CHN
156,276,2010,M,8486,1266251752.0,H3,china_partners,CHN
156,300,2010,M,8486,139.0,H3,china_partners,CHN
156,344,2010,M,8486,226500401.0,H3,china_partners,CHN
156,348,2010,M,8486,3642332.0,H3,china_partners,CHN
156,352,2010,M,8486,51843.0,H3,china_partners,CHN
156,360,2010,M,8486,11152.0,H3,china_partners,CHN
156,372,2010,M,8486,49019.0,H3,china_partners,CHN
156,376,2010,M,8486,7918038.0,H3,china_partners,CHN
156,380,2010,M,8486,371881038.0,H3,china_partners,CHN
156,392,2010,M,8486,3956286386.0,H3,china_partners,CHN
156,410,2010,M,8486,850831422.0,H3,china_partners,CHN
156,458,2010,M,8486,92376000.0,H3,china_partners,CHN
156,484,2010,M,8486,663928.0,H3,china_partners,CHN
156,490,2010,M,8486,659049030.0,H3,china_partners,CHN
156,504,2010,M,8486,43.0,H3,china_partners,CHN
156,528,2010,M,8486,483269271.0,H3,china_partners,CHN
156,554,2010,M,8486,81374.0,H3,china_partners,CHN
156,608,2010,M,8486,2697464.0,H3,china_partners,CHN
156,616,2010,M,8486,6503.0,H3,china_partners,CHN
156,620,2010,M,8486,156314.0,H3,china_partners,CHN
156,642,2010,M,8486,785.0,H3,china_partners,CHN
156,643,2010,M,8486,2749701.0,H3,china_partners,CHN
156,699,2010,M,8486,124756.0,H3,china_partners,CHN
156,702,2010,M,8486,441895162.0,H3,china_partners,CHN
156,703,2010,M,8486,15.0,H3,china_partners,CHN
156,704,2010,M,8486,789900.0,H3,china_partners,CHN
156,705,2010,M,8486,365039.0,H3,china_partners,CHN
156,724,2010,M,8486,4750811.0,H3,china_partners,CHN
156,748,2010,M,8486,26.0,H3,china_partners,CHN
156,752,2010,M,8486,2661538.0,H3,china_partners,CHN
156,757,2010,M,8486,872657101.0,H3,china_partners,CHN
156,764,2010,M,8486,1347712.0,H3,china_partners,CHN
156,792,2010,M,8486,1366.0,H3,china_partners,CHN
156,804,2010,M,8486,328200.0,H3,china_partners,CHN
156,826,2010,M,8486,70337396.0,H3,china_partners,CHN
156,842,2010,M,8486,2004922722.0,H3,china_partners,CHN
156,899,2010,M,8486,86561.0,H3,china_partners,CHN
156,0,2011,M,8542,171142150713.0,H3,china_partners,CHN
156,4,2011,M,8542,7006.0,H3,china_partners,CHN
156,8,2011,M,8542,65751.0,H3,china_partners,CHN
156,32,2011,M,8542,516637.0,H3,china_partners,CHN
156,36,2011,M,8542,8380889.0,H3,china_partners,CHN
156,40,2011,M,8542,246514810.0,H3,china_partners,CHN
156,50,2011,M,8542,641.0,H3,china_partners,CHN
156,52,2011,M,8542,28553.0,H3,china_partners,CHN
156,56,2011,M,8542,5408755.0,H3,china_partners,CHN
156,76,2011,M,8542,2123252.0,H3,china_partners,CHN
156,90,2011,M,8542,14075.0,H3,china_partners,CHN
156,96,2011,M,8542,4109.0,H3,china_partners,CHN
156,100,2011,M,8542,13767544.0,H3,china_partners,CHN
156,104,2011,M,8542,116843.0,H3,china_partners,CHN
156,108,2011,M,8542,1690.0,H3,china_partners,CHN
156,112,2011,M,8542,4056455.0,H3,china_partners,CHN
156,120,2011,M,8542,5025.0,H3,china_partners,CHN
156,124,2011,M,8542,1109427989.0,H3,china_partners,CHN
156,140,2011,M,8542,645.0,H3,china_partners,CHN
156,144,2011,M,8542,5244.0,H3,china_partners,CHN
156,152,2011,M,8542,1594.0,H3,china_partners,CHN
156,156,2011,M,8542,18118756221.0,H3,china_partners,CHN
156,170,2011,M,8542,70558.0,H3,china_partners,CHN
156,174,2011,M,8542,1821.0,H3,china_partners,CHN
156,178,2011,M,8542,180905.0,H3,china_partners,CHN
156,184,2011,M,8542,56.0,H3,china_partners,CHN
156,188,2011,M,8542,3709197002.0,H3,china_partners,CHN
156,191,2011,M,8542,905169.0,H3,china_partners,CHN
156,192,2011,M,8542,4440.0,H3,china_partners,CHN
156,203,2011,M,8542,2893642.0,H3,china_partners,CHN
156,208,2011,M,8542,8098959.0,H3,china_partners,CHN
156,212,2011,M,8542,842.0,H3,china_partners,CHN
156,214,2011,M,8542,14454.0,H3,china_partners,CHN
156,222,2011,M,8542,4629.0,H3,china_partners,CHN
156,231,2011,M,8542,575.0,H3,china_partners,CHN
156,233,2011,M,8542,517868.0,H3,china_partners,CHN
156,246,2011,M,8542,3557927.0,H3,china_partners,CHN
156,251,2011,M,8542,838101919.0,H3,china_partners,CHN
156,258,2011,M,8542,1950.0,H3,china_partners,CHN
156,266,2011,M,8542,246.0,H3,china_partners,CHN
156,268,2011,M,8542,112549.0,H3,china_partners,CHN
156,276,2011,M,8542,989780151.0,H3,china_partners,CHN
156,288,2011,M,8542,6387.0,H3,china_partners,CHN
156,300,2011,M,8542,27385.0,H3,china_partners,CHN
156,324,2011,M,8542,137.0,H3,china_partners,CHN
156,332,2011,M,8542,1010.0,H3,china_partners,CHN
156,336,2011,M,8542,7028.0,H3,china_partners,CHN
156,340,2011,M,8542,6087.0,H3,china_partners,CHN
156,344,2011,M,8542,1299973533.0,H3,china_partners,CHN
156,348,2011,M,8542,2791751.0,H3,china_partners,CHN
156,352,2011,M,8542,9360.0,H3,china_partners,CHN
156,360,2011,M,8542,180623138.0,H3,china_partners,CHN
156,364,2011,M,8542,75003.0,H3,china_partners,CHN
156,368,2011,M,8542,903.0,H3,china_partners,CHN
156,372,2011,M,8542,1201092510.0,H3,china_partners,CHN
156,376,2011,M,8542,212196236.0,H3,china_partners,CHN
156,380,2011,M,8542,292769827.0,H3,china_partners,CHN
156,388,2011,M,8542,62339.0,H3,china_partners,CHN
156,392,2011,M,8542,15450330935.0,H3,china_partners,CHN
156,398,2011,M,8542,8037.0,H3,china_partners,CHN
156,404,2011,M,8542,129319.0,H3,china_partners,CHN
156,408,2011,M,8542,1262320.0,H3,china_partners,CHN
156,410,2011,M,8542,33859629163.0,H3,china_partners,CHN
156,417,2011,M,8542,86613.0,H3,china_partners,CHN
156,428,2011,M,8542,192.0,H3,china_partners,CHN
156,440,2011,M,8542,520232.0,H3,china_partners,CHN
156,446,2011,M,8542,326683.0,H3,china_partners,CHN
156,450,2011,M,8542,13354.0,H3,china_partners,CHN
156,454,2011,M,8542,8708.0,H3,china_partners,CHN
156,458,2011,M,8542,28100356031.0,H3,china_partners,CHN
156,462,2011,M,8542,106065.0,H3,china_partners,CHN
156,466,2011,M,8542,4245.0,H3,china_partners,CHN
156,470,2011,M,8542,804778518.0,H3,china_partners,CHN
156,478,2011,M,8542,2172.0,H3,china_partners,CHN
156,480,2011,M,8542,4500.0,H3,china_partners,CHN
156,484,2011,M,8542,924606886.0,H3,china_partners,CHN
156,490,2011,M,8542,41060836356.0,H3,china_partners,CHN
156,499,2011,M,8542,6500.0,H3,china_partners,CHN
156,500,2011,M,8542,3433.0,H3,china_partners,CHN
156,504,2011,M,8542,168519280.0,H3,china_partners,CHN
156,508,2011,M,8542,1222.0,H3,china_partners,CHN
156,512,2011,M,8542,225.0,H3,china_partners,CHN
156,516,2011,M,8542,4402.0,H3,china_partners,CHN
156,527,2011,M,8542,5124.0,H3,china_partners,CHN
156,528,2011,M,8542,31288672.0,H3,china_partners,CHN
156,540,2011,M,8542,581.0,H3,china_partners,CHN
156,548,2011,M,8542,128.0,H3,china_partners,CHN
156,554,2011,M,8542,179499.0,H3,china_partners,CHN
156,562,2011,M,8542,34.0,H3,china_partners,CHN
156,579,2011,M,8542,3010670.0,H3,china_partners,CHN
156,585,2011,M,8542,3262.0,H3,china_partners,CHN
156,586,2011,M,8542,70671.0,H3,china_partners,CHN
156,591,2011,M,8542,47507.0,H3,china_partners,CHN
156,598,2011,M,8542,9.0,H3,china_partners,CHN
156,604,2011,M,8542,206570.0,H3,china_partners,CHN
156,608,2011,M,8542,5569848628.0,H3,china_partners,CHN
156,616,2011,M,8542,394116.0,H3,china_partners,CHN
156,620,2011,M,8542,61475819.0,H3,china_partners,CHN
156,626,2011,M,8542,141371.0,H3,china_partners,CHN
156,634,2011,M,8542,24578.0,H3,china_partners,CHN
156,642,2011,M,8542,138224.0,H3,china_partners,CHN
156,643,2011,M,8542,10257582.0,H3,china_partners,CHN
156,670,2011,M,8542,201.0,H3,china_partners,CHN
156,674,2011,M,8542,306.0,H3,china_partners,CHN
156,678,2011,M,8542,1446.0,H3,china_partners,CHN
156,682,2011,M,8542,250.0,H3,china_partners,CHN
156,686,2011,M,8542,24015.0,H3,china_partners,CHN
156,688,2011,M,8542,9966.0,H3,china_partners,CHN
156,690,2011,M,8542,4900.0,H3,china_partners,CHN
156,694,2011,M,8542,304.0,H3,china_partners,CHN
156,699,2011,M,8542,38185286.0,H3,china_partners,CHN
156,702,2011,M,8542,5439972251.0,H3,china_partners,CHN
156,703,2011,M,8542,1851473.0,H3,china_partners,CHN
156,704,2011,M,8542,1097504318.0,H3,china_partners,CHN
156,705,2011,M,8542,76429.0,H3,china_partners,CHN
156,710,2011,M,8542,239348.0,H3,china_partners,CHN
156,716,2011,M,8542,2397.0,H3,china_partners,CHN
156,724,2011,M,8542,4600643.0,H3,china_partners,CHN
156,748,2011,M,8542,94.0,H3,china_partners,CHN
156,752,2011,M,8542,7861313.0,H3,china_partners,CHN
156,757,2011,M,8542,30225143.0,H3,china_partners,CHN
156,760,2011,M,8542,4.0,H3,china_partners,CHN
156,762,2011,M,8542,417482.0,H3,china_partners,CHN
156,764,2011,M,8542,3755312133.0,H3,china_partners,CHN
156,768,2011,M,8542,8575.0,H3,china_partners,CHN
156,784,2011,M,8542,942.0,H3,china_partners,CHN
156,788,2011,M,8542,11405.0,H3,china_partners,CHN
156,792,2011,M,8542,55414.0,H3,china_partners,CHN
156,795,2011,M,8542,1637.0,H3,china_partners,CHN
156,804,2011,M,8542,381565.0,H3,china_partners,CHN
156,807,2011,M,8542,43495.0,H3,china_partners,CHN
156,818,2011,M,8542,443.0,H3,china_partners,CHN
156,826,2011,M,8542,95163950.0,H3,china_partners,CHN
156,842,2011,M,8542,6368050147.0,H3,china_partners,CHN
156,858,2011,M,8542,6420.0,H3,china_partners,CHN
156,862,2011,M,8542,164486.0,H3,china_partners,CHN
156,887,2011,M,8542,290399.0,H3,china_partners,CHN
156,899,2011,M,8542,751673.0,H3,china_partners,CHN
156,0,2011,M,8486,17382797844.0,H3,china_partners,CHN
156,20,2011,M,8486,560.0,H3,china_partners,CHN
156,36,2011,M,8486,422029.0,H3,china_partners,CHN
156,40,2011,M,8486,41925512.0,H3,china_partners,CHN
156,56,2011,M,8486,831681.0,H3,china_partners,CHN
156,76,2011,M,8486,394.0,H3,china_partners,CHN
156,124,2011,M,8486,1376190.0,H3,china_partners,CHN
156,144,2011,M,8486,54288.0,H3,china_partners,CHN
156,156,2011,M,8486,116177871.0,H3,china_partners,CHN
156,188,2011,M,8486,36.0,H3,china_partners,CHN
156,203,2011,M,8486,7347842.0,H3,china_partners,CHN
156,208,2011,M,8486,5826527.0,H3,china_partners,CHN
156,214,2011,M,8486,896.0,H3,china_partners,CHN
156,218,2011,M,8486,10000.0,H3,china_partners,CHN
156,233,2011,M,8486,267.0,H3,china_partners,CHN
156,246,2011,M,8486,4962109.0,H3,china_partners,CHN
156,251,2011,M,8486,22434352.0,H3,china_partners,CHN
156,276,2011,M,8486,2360719483.0,H3,china_partners,CHN
156,344,2011,M,8486,247567849.0,H3,china_partners,CHN
156,348,2011,M,8486,496297.0,H3,china_partners,CHN
156,360,2011,M,8486,992.0,H3,china_partners,CHN
156,364,2011,M,8486,452297.0,H3,china_partners,CHN
156,372,2011,M,8486,42428.0,H3,china_partners,CHN
156,376,2011,M,8486,8848222.0,H3,china_partners,CHN
156,380,2011,M,8486,682040914.0,H3,china_partners,CHN
156,392,2011,M,8486,5643746597.0,H3,china_partners,CHN
156,410,2011,M,8486,1533963941.0,H3,china_partners,CHN
156,458,2011,M,8486,81924039.0,H3,china_partners,CHN
156,484,2011,M,8486,313427.0,H3,china_partners,CHN
156,490,2011,M,8486,993154058.0,H3,china_partners,CHN
156,498,2011,M,8486,16199.0,H3,china_partners,CHN
156,504,2011,M,8486,110.0,H3,china_partners,CHN
156,528,2011,M,8486,1050774476.0,H3,china_partners,CHN
156,554,2011,M,8486,85252.0,H3,china_partners,CHN
156,608,2011,M,8486,4475924.0,H3,china_partners,CHN
156,616,2011,M,8486,2402.0,H3,china_partners,CHN
156,620,2011,M,8486,5220.0,H3,china_partners,CHN
156,642,2011,M,8486,3547.0,H3,china_partners,CHN
156,643,2011,M,8486,18379129.0,H3,china_partners,CHN
156,699,2011,M,8486,242622.0,H3,china_partners,CHN
156,702,2011,M,8486,701228485.0,H3,china_partners,CHN
156,703,2011,M,8486,10270.0,H3,china_partners,CHN
156,704,2011,M,8486,1479884.0,H3,china_partners,CHN
156,705,2011,M,8486,750891.0,H3,china_partners,CHN
156,724,2011,M,8486,21502834.0,H3,china_partners,CHN
156,748,2011,M,8486,336.0,H3,china_partners,CHN
156,752,2011,M,8486,1432494.0,H3,china_partners,CHN
156,757,2011,M,8486,1419350244.0,H3,china_partners,CHN
156,764,2011,M,8486,881321.0,H3,china_partners,CHN
156,788,2011,M,8486,185.0,H3,china_partners,CHN
156,792,2011,M,8486,109.0,H3,china_partners,CHN
156,804,2011,M,8486,9610587.0,H3,china_partners,CHN
156,826,2011,M,8486,154855651.0,H3,china_partners,CHN
156,842,2011,M,8486,2242941631.0,H3,china_partners,CHN
156,899,2011,M,8486,126943.0,H3,china_partners,CHN
156,0,2012,M,8542,192967176584.0,H4,china_partners,CHN
156,4,2012,M,8542,30502.0,H4,china_partners,CHN
156,8,2012,M,8542,16947.0,H4,china_partners,CHN
156,20,2012,M,8542,18962.0,H4,china_partners,CHN
156,32,2012,M,8542,226458.0,H4,china_partners,CHN
156,36,2012,M,8542,7933431.0,H4,china_partners,CHN
156,40,2012,M,8542,249456764.0,H4,china_partners,CHN
156,48,2012,M,8542,22021.0,H4,china_partners,CHN
156,50,2012,M,8542,119.0,H4,china_partners,CHN
156,51,2012,M,8542,8.0,H4,china_partners,CHN
156,52,2012,M,8542,7847.0,H4,china_partners,CHN
156,56,2012,M,8542,7123969.0,H4,china_partners,CHN
156,68,2012,M,8542,796.0,H4,china_partners,CHN
156,76,2012,M,8542,14047549.0,H4,china_partners,CHN
156,100,2012,M,8542,16834498.0,H4,china_partners,CHN
156,104,2012,M,8542,6211.0,H4,china_partners,CHN
156,112,2012,M,8542,5021507.0,H4,china_partners,CHN
156,116,2012,M,8542,490.0,H4,china_partners,CHN
156,120,2012,M,8542,87251.0,H4,china_partners,CHN
156,124,2012,M,8542,846353936.0,H4,china_partners,CHN
156,136,2012,M,8542,40902.0,H4,china_partners,CHN
156,144,2012,M,8542,12686.0,H4,china_partners,CHN
156,152,2012,M,8542,7630.0,H4,china_partners,CHN
156,156,2012,M,8542,23598290229.0,H4,china_partners,CHN
156,170,2012,M,8542,24067.0,H4,china_partners,CHN
156,175,2012,M,8542,73850.0,H4,china_partners,CHN
156,188,2012,M,8542,5114796815.0,H4,china_partners,CHN
156,191,2012,M,8542,149933.0,H4,china_partners,CHN
156,196,2012,M,8542,73.0,H4,china_partners,CHN
156,203,2012,M,8542,2359312.0,H4,china_partners,CHN
156,208,2012,M,8542,7244520.0,H4,china_partners,CHN
156,212,2012,M,8542,436.0,H4,china_partners,CHN
156,214,2012,M,8542,2134.0,H4,china_partners,CHN
156,218,2012,M,8542,1759.0,H4,china_partners,CHN
156,222,2012,M,8542,627.0,H4,china_partners,CHN
156,232,2012,M,8542,63264.0,H4,china_partners,CHN
156,233,2012,M,8542,164427.0,H4,china_partners,CHN
156,234,2012,M,8542,211.0,H4,china_partners,CHN
156,242,2012,M,8542,253.0,H4,china_partners,CHN
156,246,2012,M,8542,2700860.0,H4,china_partners,CHN
156,251,2012,M,8542,581260579.0,H4,china_partners,CHN
156,266,2012,M,8542,1016.0,H4,china_partners,CHN
156,268,2012,M,8542,2148.0,H4,china_partners,CHN
156,270,2012,M,8542,1064.0,H4,china_partners,CHN
156,276,2012,M,8542,2061113318.0,H4,china_partners,CHN
156,288,2012,M,8542,373.0,H4,china_partners,CHN
156,292,2012,M,8542,1600.0,H4,china_partners,CHN
156,300,2012,M,8542,29933.0,H4,china_partners,CHN
156,320,2012,M,8542,16.0,H4,china_partners,CHN
156,324,2012,M,8542,1498.0,H4,china_partners,CHN
156,340,2012,M,8542,3130.0,H4,china_partners,CHN
156,344,2012,M,8542,769949475.0,H4,china_partners,CHN
156,348,2012,M,8542,3180259.0,H4,china_partners,CHN
156,352,2012,M,8542,288.0,H4,china_partners,CHN
156,360,2012,M,8542,139747182.0,H4,china_partners,CHN
156,364,2012,M,8542,71218.0,H4,china_partners,CHN
156,368,2012,M,8542,19315.0,H4,china_partners,CHN
156,372,2012,M,8542,1003538004.0,H4,china_partners,CHN
156,376,2012,M,8542,370296443.0,H4,china_partners,CHN
156,380,2012,M,8542,510124090.0,H4,china_partners,CHN
156,388,2012,M,8542,900.0,H4,china_partners,CHN
156,392,2012,M,8542,14600405017.0,H4,china_partners,CHN
156,404,2012,M,8542,381187.0,H4,china_partners,CHN
156,408,2012,M,8542,3530725.0,H4,china_partners,CHN
156,410,2012,M,8542,39650227125.0,H4,china_partners,CHN
156,414,2012,M,8542,5400.0,H4,china_partners,CHN
156,417,2012,M,8542,44372.0,H4,china_partners,CHN
156,422,2012,M,8542,2000.0,H4,china_partners,CHN
156,428,2012,M,8542,38823.0,H4,china_partners,CHN
156,430,2012,M,8542,13455.0,H4,china_partners,CHN
156,440,2012,M,8542,837557.0,H4,china_partners,CHN
156,446,2012,M,8542,480353.0,H4,china_partners,CHN
156,454,2012,M,8542,4690.0,H4,china_partners,CHN
156,458,2012,M,8542,27004132579.0,H4,china_partners,CHN
156,462,2012,M,8542,964.0,H4,china_partners,CHN
156,466,2012,M,8542,28827.0,H4,china_partners,CHN
156,470,2012,M,8542,822121344.0,H4,china_partners,CHN
156,478,2012,M,8542,4357.0,H4,china_partners,CHN
156,480,2012,M,8542,4896.0,H4,china_partners,CHN
156,484,2012,M,8542,906395662.0,H4,china_partners,CHN
156,490,2012,M,8542,50099962276.0,H4,china_partners,CHN
156,500,2012,M,8542,21556.0,H4,china_partners,CHN
156,504,2012,M,8542,144068403.0,H4,china_partners,CHN
156,508,2012,M,8542,3577.0,H4,china_partners,CHN
156,512,2012,M,8542,10865.0,H4,china_partners,CHN
156,516,2012,M,8542,306123.0,H4,china_partners,CHN
156,520,2012,M,8542,160.0,H4,china_partners,CHN
156,527,2012,M,8542,16815.0,H4,china_partners,CHN
156,528,2012,M,8542,14586613.0,H4,china_partners,CHN
156,531,2012,M,8542,1125.0,H4,china_partners,CHN
156,533,2012,M,8542,9075.0,H4,china_partners,CHN
156,540,2012,M,8542,1279.0,H4,china_partners,CHN
156,554,2012,M,8542,124638.0,H4,china_partners,CHN
156,562,2012,M,8542,11.0,H4,china_partners,CHN
156,566,2012,M,8542,1291.0,H4,china_partners,CHN
156,579,2012,M,8542,5424269.0,H4,china_partners,CHN
156,586,2012,M,8542,2964.0,H4,china_partners,CHN
156,591,2012,M,8542,8957.0,H4,china_partners,CHN
156,608,2012,M,8542,5507535873.0,H4,china_partners,CHN
156,616,2012,M,8542,161854.0,H4,china_partners,CHN
156,620,2012,M,8542,127631055.0,H4,china_partners,CHN
156,626,2012,M,8542,63633.0,H4,china_partners,CHN
156,634,2012,M,8542,13273.0,H4,china_partners,CHN
156,642,2012,M,8542,81361.0,H4,china_partners,CHN
156,643,2012,M,8542,5503477.0,H4,china_partners,CHN
156,674,2012,M,8542,12.0,H4,china_partners,CHN
156,682,2012,M,8542,401.0,H4,china_partners,CHN
156,686,2012,M,8542,5558.0,H4,china_partners,CHN
156,688,2012,M,8542,3518.0,H4,china_partners,CHN
156,690,2012,M,8542,7.0,H4,china_partners,CHN
156,699,2012,M,8542,45868351.0,H4,china_partners,CHN
156,702,2012,M,8542,5529427566.0,H4,china_partners,CHN
156,703,2012,M,8542,2458072.0,H4,china_partners,CHN
156,704,2012,M,8542,3140129617.0,H4,china_partners,CHN
156,705,2012,M,8542,472924.0,H4,china_partners,CHN
156,710,2012,M,8542,148245.0,H4,china_partners,CHN
156,724,2012,M,8542,2728112.0,H4,china_partners,CHN
156,729,2012,M,8542,3712.0,H4,china_partners,CHN
156,748,2012,M,8542,16396.0,H4,china_partners,CHN
156,752,2012,M,8542,7124372.0,H4,china_partners,CHN
156,757,2012,M,8542,53295027.0,H4,china_partners,CHN
156,760,2012,M,8542,435.0,H4,china_partners,CHN
156,762,2012,M,8542,27839.0,H4,china_partners,CHN
156,764,2012,M,8542,2868197154.0,H4,china_partners,CHN
156,784,2012,M,8542,11406.0,H4,china_partners,CHN
156,788,2012,M,8542,288773.0,H4,china_partners,CHN
156,792,2012,M,8542,241205.0,H4,china_partners,CHN
156,795,2012,M,8542,83037.0,H4,china_partners,CHN
156,804,2012,M,8542,119810.0,H4,china_partners,CHN
156,807,2012,M,8542,1378.0,H4,china_partners,CHN
156,826,2012,M,8542,107407125.0,H4,china_partners,CHN
156,842,2012,M,8542,7001486217.0,H4,china_partners,CHN
156,887,2012,M,8542,14383.0,H4,china_partners,CHN
156,899,2012,M,8542,950973.0,H4,china_partners,CHN
156,0,2012,M,8486,7164159184.0,H4,china_partners,CHN
156,4,2012,M,8486,85.0,H4,china_partners,CHN
156,36,2012,M,8486,240815.0,H4,china_partners,CHN
156,40,2012,M,8486,66254828.0,H4,china_partners,CHN
156,56,2012,M,8486,1576043.0,H4,china_partners,CHN
156,76,2012,M,8486,2881.0,H4,china_partners,CHN
156,100,2012,M,8486,194.0,H4,china_partners,CHN
156,112,2012,M,8486,8185.0,H4,china_partners,CHN
156,124,2012,M,8486,3339777.0,H4,china_partners,CHN
156,144,2012,M,8486,51928.0,H4,china_partners,CHN
156,156,2012,M,8486,101284119.0,H4,china_partners,CHN
156,188,2012,M,8486,22857.0,H4,china_partners,CHN
156,203,2012,M,8486,1908306.0,H4,china_partners,CHN
156,208,2012,M,8486,8954925.0,H4,china_partners,CHN
156,214,2012,M,8486,2186.0,H4,china_partners,CHN
156,246,2012,M,8486,6698891.0,H4,china_partners,CHN
156,251,2012,M,8486,23821731.0,H4,china_partners,CHN
156,268,2012,M,8486,100.0,H4,china_partners,CHN
156,276,2012,M,8486,517191445.0,H4,china_partners,CHN
156,344,2012,M,8486,166104333.0,H4,china_partners,CHN
156,348,2012,M,8486,4914817.0,H4,china_partners,CHN
156,360,2012,M,8486,1686.0,H4,china_partners,CHN
156,368,2012,M,8486,50.0,H4,china_partners,CHN
156,372,2012,M,8486,57849.0,H4,china_partners,CHN
156,376,2012,M,8486,6350439.0,H4,china_partners,CHN
156,380,2012,M,8486,62077393.0,H4,china_partners,CHN
156,392,2012,M,8486,2403689031.0,H4,china_partners,CHN
156,398,2012,M,8486,267538.0,H4,china_partners,CHN
156,408,2012,M,8486,1990.0,H4,china_partners,CHN
156,410,2012,M,8486,745459039.0,H4,china_partners,CHN
156,440,2012,M,8486,8979.0,H4,china_partners,CHN
156,458,2012,M,8486,56050706.0,H4,china_partners,CHN
156,484,2012,M,8486,200996.0,H4,china_partners,CHN
156,490,2012,M,8486,712631519.0,H4,china_partners,CHN
156,498,2012,M,8486,727.0,H4,china_partners,CHN
156,504,2012,M,8486,70795.0,H4,china_partners,CHN
156,528,2012,M,8486,346783244.0,H4,china_partners,CHN
156,554,2012,M,8486,59246.0,H4,china_partners,CHN
156,608,2012,M,8486,3067753.0,H4,china_partners,CHN
156,616,2012,M,8486,2906869.0,H4,china_partners,CHN
156,620,2012,M,8486,13935.0,H4,china_partners,CHN
156,642,2012,M,8486,348.0,H4,china_partners,CHN
156,643,2012,M,8486,10393824.0,H4,china_partners,CHN
156,699,2012,M,8486,16863.0,H4,china_partners,CHN
156,702,2012,M,8486,664294609.0,H4,china_partners,CHN
156,703,2012,M,8486,4001.0,H4,china_partners,CHN
156,704,2012,M,8486,814238.0,H4,china_partners,CHN
156,705,2012,M,8486,3485.0,H4,china_partners,CHN
156,724,2012,M,8486,2417343.0,H4,china_partners,CHN
156,748,2012,M,8486,3979.0,H4,china_partners,CHN
156,752,2012,M,8486,12395028.0,H4,china_partners,CHN
156,757,2012,M,8486,230225879.0,H4,china_partners,CHN
156,764,2012,M,8486,744657.0,H4,china_partners,CHN
156,784,2012,M,8486,10464.0,H4,china_partners,CHN
156,792,2012,M,8486,130.0,H4,china_partners,CHN
156,804,2012,M,8486,1915250.0,H4,china_partners,CHN
156,826,2012,M,8486,61227602.0,H4,china_partners,CHN
156,842,2012,M,8486,937480182.0,H4,china_partners,CHN
156,858,2012,M,8486,50429.0,H4,china_partners,CHN
156,899,2012,M,8486,82643.0,H4,china_partners,CHN
156,0,2013,M,8542,232078243157.0,H4,china_partners,CHN
156,4,2013,M,8542,198.0,H4,china_partners,CHN
156,8,2013,M,8542,11075.0,H4,china_partners,CHN
156,20,2013,M,8542,13395.0,H4,china_partners,CHN
156,28,2013,M,8542,4838.0,H4,china_partners,CHN
156,32,2013,M,8542,5064.0,H4,china_partners,CHN
156,36,2013,M,8542,9190902.0,H4,china_partners,CHN
156,40,2013,M,8542,285630174.0,H4,china_partners,CHN
156,48,2013,M,8542,1860.0,H4,china_partners,CHN
156,51,2013,M,8542,3602.0,H4,china_partners,CHN
156,52,2013,M,8542,9652.0,H4,china_partners,CHN
156,56,2013,M,8542,9353546.0,H4,china_partners,CHN
156,64,2013,M,8542,617.0,H4,china_partners,CHN
156,70,2013,M,8542,1.0,H4,china_partners,CHN
156,76,2013,M,8542,8888185.0,H4,china_partners,CHN
156,90,2013,M,8542,129.0,H4,china_partners,CHN
156,92,2013,M,8542,2904.0,H4,china_partners,CHN
156,100,2013,M,8542,16594261.0,H4,china_partners,CHN
156,104,2013,M,8542,354536.0,H4,china_partners,CHN
156,112,2013,M,8542,3539449.0,H4,china_partners,CHN
156,116,2013,M,8542,52.0,H4,china_partners,CHN
156,120,2013,M,8542,16662.0,H4,china_partners,CHN
156,124,2013,M,8542,792324700.0,H4,china_partners,CHN
156,136,2013,M,8542,3664.0,H4,china_partners,CHN
156,144,2013,M,8542,122499.0,H4,china_partners,CHN
156,152,2013,M,8542,28094.0,H4,china_partners,CHN
156,156,2013,M,8542,24842966036.0,H4,china_partners,CHN
156,170,2013,M,8542,2755972.0,H4,china_partners,CHN
156,175,2013,M,8542,532.0,H4,china_partners,CHN
156,178,2013,M,8542,3556.0,H4,china_partners,CHN
156,188,2013,M,8542,4492191875.0,H4,china_partners,CHN
156,191,2013,M,8542,265175.0,H4,china_partners,CHN
156,192,2013,M,8542,40083.0,H4,china_partners,CHN
156,196,2013,M,8542,101471.0,H4,china_partners,CHN
156,203,2013,M,8542,3423363.0,H4,china_partners,CHN
156,208,2013,M,8542,11683959.0,H4,china_partners,CHN
156,218,2013,M,8542,413.0,H4,china_partners,CHN
156,222,2013,M,8542,6762.0,H4,china_partners,CHN
156,231,2013,M,8542,2381.0,H4,china_partners,CHN
156,233,2013,M,8542,71806.0,H4,china_partners,CHN
156,234,2013,M,8542,71.0,H4,china_partners,CHN
156,246,2013,M,8542,2240427.0,H4,china_partners,CHN
156,251,2013,M,8542,329493302.0,H4,china_partners,CHN
156,268,2013,M,8542,34732.0,H4,china_partners,CHN
156,270,2013,M,8542,119.0,H4,china_partners,CHN
156,275,2013,M,8542,8774.0,H4,china_partners,CHN
156,276,2013,M,8542,2726054713.0,H4,china_partners,CHN
156,288,2013,M,8542,1644.0,H4,china_partners,CHN
156,296,2013,M,8542,5664.0,H4,china_partners,CHN
156,300,2013,M,8542,17022.0,H4,china_partners,CHN
156,320,2013,M,8542,738.0,H4,china_partners,CHN
156,324,2013,M,8542,600.0,H4,china_partners,CHN
156,332,2013,M,8542,8349.0,H4,china_partners,CHN
156,336,2013,M,8542,2616.0,H4,china_partners,CHN
156,340,2013,M,8542,20610.0,H4,china_partners,CHN
156,344,2013,M,8542,346466796.0,H4,china_partners,CHN
156,348,2013,M,8542,5828969.0,H4,china_partners,CHN
156,352,2013,M,8542,29309.0,H4,china_partners,CHN
156,360,2013,M,8542,112241304.0,H4,china_partners,CHN
156,364,2013,M,8542,1083417.0,H4,china_partners,CHN
156,368,2013,M,8542,112064.0,H4,china_partners,CHN
156,372,2013,M,8542,987085932.0,H4,china_partners,CHN
156,376,2013,M,8542,614889699.0,H4,china_partners,CHN
156,380,2013,M,8542,333603513.0,H4,china_partners,CHN
156,392,2013,M,8542,13006358603.0,H4,china_partners,CHN
156,398,2013,M,8542,4625.0,H4,china_partners,CHN
156,400,2013,M,8542,5054.0,H4,china_partners,CHN
156,404,2013,M,8542,363937.0,H4,china_partners,CHN
156,408,2013,M,8542,736056.0,H4,china_partners,CHN
156,410,2013,M,8542,47633334884.0,H4,china_partners,CHN
156,414,2013,M,8542,5723.0,H4,china_partners,CHN
156,417,2013,M,8542,92867.0,H4,china_partners,CHN
156,422,2013,M,8542,30444.0,H4,china_partners,CHN
156,428,2013,M,8542,28035.0,H4,china_partners,CHN
156,440,2013,M,8542,894145.0,H4,china_partners,CHN
156,442,2013,M,8542,458.0,H4,china_partners,CHN
156,446,2013,M,8542,562860.0,H4,china_partners,CHN
156,454,2013,M,8542,1556.0,H4,china_partners,CHN
156,458,2013,M,8542,29033524070.0,H4,china_partners,CHN
156,462,2013,M,8542,402076.0,H4,china_partners,CHN
156,466,2013,M,8542,22206.0,H4,china_partners,CHN
156,470,2013,M,8542,626442265.0,H4,china_partners,CHN
156,478,2013,M,8542,9842.0,H4,china_partners,CHN
156,480,2013,M,8542,19345.0,H4,china_partners,CHN
156,484,2013,M,8542,1178887185.0,H4,china_partners,CHN
156,490,2013,M,8542,72161625842.0,H4,china_partners,CHN
156,500,2013,M,8542,5558.0,H4,china_partners,CHN
156,504,2013,M,8542,144580297.0,H4,china_partners,CHN
156,508,2013,M,8542,2.0,H4,china_partners,CHN
156,512,2013,M,8542,16658.0,H4,china_partners,CHN
156,516,2013,M,8542,133025.0,H4,china_partners,CHN
156,520,2013,M,8542,5111.0,H4,china_partners,CHN
156,524,2013,M,8542,37749.0,H4,china_partners,CHN
156,527,2013,M,8542,3741.0,H4,china_partners,CHN
156,528,2013,M,8542,57192446.0,H4,china_partners,CHN
156,531,2013,M,8542,363.0,H4,china_partners,CHN
156,533,2013,M,8542,740.0,H4,china_partners,CHN
156,548,2013,M,8542,54.0,H4,china_partners,CHN
156,554,2013,M,8542,716742.0,H4,china_partners,CHN
156,558,2013,M,8542,63.0,H4,china_partners,CHN
156,562,2013,M,8542,17.0,H4,china_partners,CHN
156,577,2013,M,8542,134.0,H4,china_partners,CHN
156,579,2013,M,8542,3042971.0,H4,china_partners,CHN
156,586,2013,M,8542,12492.0,H4,china_partners,CHN
156,591,2013,M,8542,10282.0,H4,china_partners,CHN
156,598,2013,M,8542,2406.0,H4,china_partners,CHN
156,604,2013,M,8542,6954.0,H4,china_partners,CHN
156,608,2013,M,8542,5546863318.0,H4,china_partners,CHN
156,616,2013,M,8542,181815.0,H4,china_partners,CHN
156,620,2013,M,8542,152859186.0,H4,china_partners,CHN
156,626,2013,M,8542,135125.0,H4,china_partners,CHN
156,634,2013,M,8542,97539.0,H4,china_partners,CHN
156,642,2013,M,8542,18570.0,H4,china_partners,CHN
156,643,2013,M,8542,5010376.0,H4,china_partners,CHN
156,662,2013,M,8542,194.0,H4,china_partners,CHN
156,666,2013,M,8542,2640.0,H4,china_partners,CHN
156,674,2013,M,8542,299.0,H4,china_partners,CHN
156,678,2013,M,8542,2457.0,H4,china_partners,CHN
156,682,2013,M,8542,52126.0,H4,china_partners,CHN
156,686,2013,M,8542,11559.0,H4,china_partners,CHN
156,690,2013,M,8542,251.0,H4,china_partners,CHN
156,699,2013,M,8542,29608745.0,H4,china_partners,CHN
156,702,2013,M,8542,6393826221.0,H4,china_partners,CHN
156,703,2013,M,8542,2090902.0,H4,china_partners,CHN
156,704,2013,M,8542,2751428023.0,H4,china_partners,CHN
156,705,2013,M,8542,346396.0,H4,china_partners,CHN
156,710,2013,M,8542,145863.0,H4,china_partners,CHN
156,724,2013,M,8542,2702178.0,H4,china_partners,CHN
156,748,2013,M,8542,33577.0,H4,china_partners,CHN
156,752,2013,M,8542,22040972.0,H4,china_partners,CHN
156,757,2013,M,8542,61505119.0,H4,china_partners,CHN
156,760,2013,M,8542,48698.0,H4,china_partners,CHN
156,762,2013,M,8542,285973.0,H4,china_partners,CHN
156,764,2013,M,8542,3021759210.0,H4,china_partners,CHN
156,768,2013,M,8542,130.0,H4,china_partners,CHN
156,780,2013,M,8542,6106.0,H4,china_partners,CHN
156,784,2013,M,8542,15430.0,H4,china_partners,CHN
156,788,2013,M,8542,294889.0,H4,china_partners,CHN
156,792,2013,M,8542,623293.0,H4,china_partners,CHN
156,795,2013,M,8542,90421.0,H4,china_partners,CHN
156,798,2013,M,8542,71.0,H4,china_partners,CHN
156,804,2013,M,8542,158684.0,H4,china_partners,CHN
156,807,2013,M,8542,9687.0,H4,china_partners,CHN
156,818,2013,M,8542,3806.0,H4,china_partners,CHN
156,826,2013,M,8542,69546729.0,H4,china_partners,CHN
156,842,2013,M,8542,14203311548.0,H4,china_partners,CHN
156,887,2013,M,8542,151299.0,H4,china_partners,CHN
156,894,2013,M,8542,385.0,H4,china_partners,CHN
156,899,2013,M,8542,25009637.0,H4,china_partners,CHN
156,0,2013,M,8486,8386975606.0,H4,china_partners,CHN
156,36,2013,M,8486,126145.0,H4,china_partners,CHN
156,40,2013,M,8486,61790729.0,H4,china_partners,CHN
156,56,2013,M,8486,842167.0,H4,china_partners,CHN
156,76,2013,M,8486,1767.0,H4,china_partners,CHN
156,100,2013,M,8486,1042.0,H4,china_partners,CHN
156,124,2013,M,8486,3378729.0,H4,china_partners,CHN
156,144,2013,M,8486,79583.0,H4,china_partners,CHN
156,152,2013,M,8486,3509.0,H4,china_partners,CHN
156,156,2013,M,8486,68834364.0,H4,china_partners,CHN
156,188,2013,M,8486,1332.0,H4,china_partners,CHN
156,203,2013,M,8486,613344.0,H4,china_partners,CHN
156,208,2013,M,8486,2794678.0,H4,china_partners,CHN
156,212,2013,M,8486,892.0,H4,china_partners,CHN
156,214,2013,M,8486,8905.0,H4,china_partners,CHN
156,233,2013,M,8486,126.0,H4,china_partners,CHN
156,246,2013,M,8486,5962456.0,H4,china_partners,CHN
156,251,2013,M,8486,19199533.0,H4,china_partners,CHN
156,268,2013,M,8486,1252.0,H4,china_partners,CHN
156,276,2013,M,8486,313283609.0,H4,china_partners,CHN
156,344,2013,M,8486,183002891.0,H4,china_partners,CHN
156,348,2013,M,8486,4065342.0,H4,china_partners,CHN
156,360,2013,M,8486,14427.0,H4,china_partners,CHN
156,372,2013,M,8486,25806.0,H4,china_partners,CHN
156,376,2013,M,8486,7048894.0,H4,china_partners,CHN
156,380,2013,M,8486,21474719.0,H4,china_partners,CHN
156,392,2013,M,8486,2918002549.0,H4,china_partners,CHN
156,404,2013,M,8486,20560.0,H4,china_partners,CHN
156,410,2013,M,8486,1707136825.0,H4,china_partners,CHN
156,440,2013,M,8486,5382.0,H4,china_partners,CHN
156,458,2013,M,8486,96118743.0,H4,china_partners,CHN
156,470,2013,M,8486,7.0,H4,china_partners,CHN
156,484,2013,M,8486,499963.0,H4,china_partners,CHN
156,490,2013,M,8486,804592758.0,H4,china_partners,CHN
156,520,2013,M,8486,175.0,H4,china_partners,CHN
156,528,2013,M,8486,472509196.0,H4,china_partners,CHN
156,554,2013,M,8486,49611.0,H4,china_partners,CHN
156,579,2013,M,8486,90270.0,H4,china_partners,CHN
156,608,2013,M,8486,2287850.0,H4,china_partners,CHN
156,616,2013,M,8486,2320366.0,H4,china_partners,CHN
156,620,2013,M,8486,7563.0,H4,china_partners,CHN
156,642,2013,M,8486,4956.0,H4,china_partners,CHN
156,643,2013,M,8486,24334.0,H4,china_partners,CHN
156,699,2013,M,8486,415081.0,H4,china_partners,CHN
156,702,2013,M,8486,634366056.0,H4,china_partners,CHN
156,703,2013,M,8486,158806.0,H4,china_partners,CHN
156,704,2013,M,8486,1392750.0,H4,china_partners,CHN
156,705,2013,M,8486,10631.0,H4,china_partners,CHN
156,724,2013,M,8486,6977763.0,H4,china_partners,CHN
156,748,2013,M,8486,71.0,H4,china_partners,CHN
156,752,2013,M,8486,1073436.0,H4,china_partners,CHN
156,757,2013,M,8486,98470695.0,H4,china_partners,CHN
156,764,2013,M,8486,1027564.0,H4,china_partners,CHN
156,792,2013,M,8486,133.0,H4,china_partners,CHN
156,804,2013,M,8486,9706068.0,H4,china_partners,CHN
156,826,2013,M,8486,50138529.0,H4,china_partners,CHN
156,842,2013,M,8486,886972284.0,H4,china_partners,CHN
156,899,2013,M,8486,38390.0,H4,china_partners,CHN
156,0,2014,M,8542,218520292429.0,H4,china_partners,CHN
156,4,2014,M,8542,27620.0,H4,china_partners,CHN
156,8,2014,M,8542,77850.0,H4,china_partners,CHN
156,12,2014,M,8542,17.0,H4,china_partners,CHN
156,20,2014,M,8542,772.0,H4,china_partners,CHN
156,32,2014,M,8542,3131.0,H4,china_partners,CHN
156,36,2014,M,8542,6176351.0,H4,china_partners,CHN
156,40,2014,M,8542,319885061.0,H4,china_partners,CHN
156,44,2014,M,8542,3991.0,H4,china_partners,CHN
156,48,2014,M,8542,845.0,H4,china_partners,CHN
156,50,2014,M,8542,2499.0,H4,china_partners,CHN
156,52,2014,M,8542,638.0,H4,china_partners,CHN
156,56,2014,M,8542,8455370.0,H4,china_partners,CHN
156,60,2014,M,8542,9842.0,H4,china_partners,CHN
156,68,2014,M,8542,3163.0,H4,china_partners,CHN
156,70,2014,M,8542,4875.0,H4,china_partners,CHN
156,76,2014,M,8542,884748.0,H4,china_partners,CHN
156,96,2014,M,8542,2040.0,H4,china_partners,CHN
156,100,2014,M,8542,17098328.0,H4,china_partners,CHN
156,104,2014,M,8542,20648.0,H4,china_partners,CHN
156,108,2014,M,8542,46.0,H4,china_partners,CHN
156,112,2014,M,8542,4245722.0,H4,china_partners,CHN
156,116,2014,M,8542,2250.0,H4,china_partners,CHN
156,120,2014,M,8542,12273.0,H4,china_partners,CHN
156,124,2014,M,8542,517856548.0,H4,china_partners,CHN
156,136,2014,M,8542,810.0,H4,china_partners,CHN
156,144,2014,M,8542,5794.0,H4,china_partners,CHN
156,148,2014,M,8542,10433.0,H4,china_partners,CHN
156,152,2014,M,8542,5298.0,H4,china_partners,CHN
156,156,2014,M,8542,24296918194.0,H4,china_partners,CHN
156,170,2014,M,8542,11136.0,H4,china_partners,CHN
156,184,2014,M,8542,2665.0,H4,china_partners,CHN
156,188,2014,M,8542,3706141051.0,H4,china_partners,CHN
156,191,2014,M,8542,206383.0,H4,china_partners,CHN
156,196,2014,M,8542,1380.0,H4,china_partners,CHN
156,203,2014,M,8542,5915587.0,H4,china_partners,CHN
156,208,2014,M,8542,15250038.0,H4,china_partners,CHN
156,214,2014,M,8542,2524.0,H4,china_partners,CHN
156,218,2014,M,8542,876.0,H4,china_partners,CHN
156,222,2014,M,8542,860.0,H4,china_partners,CHN
156,226,2014,M,8542,217.0,H4,china_partners,CHN
156,233,2014,M,8542,36259.0,H4,china_partners,CHN
156,234,2014,M,8542,1024.0,H4,china_partners,CHN
156,246,2014,M,8542,3507766.0,H4,china_partners,CHN
156,251,2014,M,8542,275320396.0,H4,china_partners,CHN
156,258,2014,M,8542,3.0,H4,china_partners,CHN
156,266,2014,M,8542,443.0,H4,china_partners,CHN
156,268,2014,M,8542,89192.0,H4,china_partners,CHN
156,270,2014,M,8542,31597.0,H4,china_partners,CHN
156,276,2014,M,8542,2216721019.0,H4,china_partners,CHN
156,288,2014,M,8542,184670.0,H4,china_partners,CHN
156,300,2014,M,8542,95010.0,H4,china_partners,CHN
156,324,2014,M,8542,3430.0,H4,china_partners,CHN
156,332,2014,M,8542,11349.0,H4,china_partners,CHN
156,340,2014,M,8542,18603.0,H4,china_partners,CHN
156,344,2014,M,8542,442883250.0,H4,china_partners,CHN
156,348,2014,M,8542,10437408.0,H4,china_partners,CHN
156,352,2014,M,8542,89447.0,H4,china_partners,CHN
156,360,2014,M,8542,93565450.0,H4,china_partners,CHN
156,364,2014,M,8542,54416.0,H4,china_partners,CHN
156,368,2014,M,8542,4265.0,H4,china_partners,CHN
156,372,2014,M,8542,22525036.0,H4,china_partners,CHN
156,376,2014,M,8542,562637032.0,H4,china_partners,CHN
156,380,2014,M,8542,152202986.0,H4,china_partners,CHN
156,388,2014,M,8542,4765.0,H4,china_partners,CHN
156,392,2014,M,8542,12279437940.0,H4,china_partners,CHN
156,398,2014,M,8542,9576.0,H4,china_partners,CHN
156,400,2014,M,8542,9809.0,H4,china_partners,CHN
156,404,2014,M,8542,106871.0,H4,china_partners,CHN
156,408,2014,M,8542,417388.0,H4,china_partners,CHN
156,410,2014,M,8542,50095980228.0,H4,china_partners,CHN
156,417,2014,M,8542,9957.0,H4,china_partners,CHN
156,422,2014,M,8542,10085.0,H4,china_partners,CHN
156,428,2014,M,8542,1420.0,H4,china_partners,CHN
156,440,2014,M,8542,486944.0,H4,china_partners,CHN
156,446,2014,M,8542,266596.0,H4,china_partners,CHN
156,450,2014,M,8542,11586.0,H4,china_partners,CHN
156,454,2014,M,8542,15734.0,H4,china_partners,CHN
156,458,2014,M,8542,24925100328.0,H4,china_partners,CHN
156,462,2014,M,8542,262452.0,H4,china_partners,CHN
156,466,2014,M,8542,990401.0,H4,china_partners,CHN
156,470,2014,M,8542,436349828.0,H4,china_partners,CHN
156,478,2014,M,8542,34062.0,H4,china_partners,CHN
156,480,2014,M,8542,887.0,H4,china_partners,CHN
156,484,2014,M,8542,1736536223.0,H4,china_partners,CHN
156,490,2014,M,8542,66652059308.0,H4,china_partners,CHN
156,496,2014,M,8542,60000.0,H4,china_partners,CHN
156,498,2014,M,8542,665.0,H4,china_partners,CHN
156,500,2014,M,8542,5273.0,H4,china_partners,CHN
156,504,2014,M,8542,148066212.0,H4,china_partners,CHN
156,508,2014,M,8542,4734.0,H4,china_partners,CHN
156,512,2014,M,8542,2647.0,H4,china_partners,CHN
156,516,2014,M,8542,64982.0,H4,china_partners,CHN
156,520,2014,M,8542,357.0,H4,china_partners,CHN
156,528,2014,M,8542,70289999.0,H4,china_partners,CHN
156,533,2014,M,8542,4354.0,H4,china_partners,CHN
156,548,2014,M,8542,5693.0,H4,china_partners,CHN
156,554,2014,M,8542,192451.0,H4,china_partners,CHN
156,562,2014,M,8542,18.0,H4,china_partners,CHN
156,579,2014,M,8542,4139138.0,H4,china_partners,CHN
156,584,2014,M,8542,1710.0,H4,china_partners,CHN
156,586,2014,M,8542,2705.0,H4,china_partners,CHN
156,591,2014,M,8542,17528.0,H4,china_partners,CHN
156,598,2014,M,8542,40530.0,H4,china_partners,CHN
156,600,2014,M,8542,2258.0,H4,china_partners,CHN
156,604,2014,M,8542,1071.0,H4,china_partners,CHN
156,608,2014,M,8542,5988442149.0,H4,china_partners,CHN
156,616,2014,M,8542,217529.0,H4,china_partners,CHN
156,620,2014,M,8542,90565995.0,H4,china_partners,CHN
156,626,2014,M,8542,18469.0,H4,china_partners,CHN
156,634,2014,M,8542,93143.0,H4,china_partners,CHN
156,642,2014,M,8542,167812.0,H4,china_partners,CHN
156,643,2014,M,8542,3598157.0,H4,china_partners,CHN
156,646,2014,M,8542,205096.0,H4,china_partners,CHN
156,682,2014,M,8542,2332.0,H4,china_partners,CHN
156,686,2014,M,8542,53.0,H4,china_partners,CHN
156,688,2014,M,8542,6155.0,H4,china_partners,CHN
156,699,2014,M,8542,20292168.0,H4,china_partners,CHN
156,702,2014,M,8542,5614398232.0,H4,china_partners,CHN
156,703,2014,M,8542,1469995.0,H4,china_partners,CHN
156,704,2014,M,8542,3087497054.0,H4,china_partners,CHN
156,705,2014,M,8542,766728.0,H4,china_partners,CHN
156,710,2014,M,8542,510157.0,H4,china_partners,CHN
156,724,2014,M,8542,3773971.0,H4,china_partners,CHN
156,729,2014,M,8542,1494.0,H4,china_partners,CHN
156,740,2014,M,8542,830.0,H4,china_partners,CHN
156,748,2014,M,8542,3141.0,H4,china_partners,CHN
156,752,2014,M,8542,12634974.0,H4,china_partners,CHN
156,757,2014,M,8542,36674575.0,H4,china_partners,CHN
156,760,2014,M,8542,5774.0,H4,china_partners,CHN
156,762,2014,M,8542,12054.0,H4,china_partners,CHN
156,764,2014,M,8542,3475498860.0,H4,china_partners,CHN
156,768,2014,M,8542,10336.0,H4,china_partners,CHN
156,780,2014,M,8542,111.0,H4,china_partners,CHN
156,784,2014,M,8542,63987.0,H4,china_partners,CHN
156,788,2014,M,8542,166366.0,H4,china_partners,CHN
156,792,2014,M,8542,684760.0,H4,china_partners,CHN
156,795,2014,M,8542,3769.0,H4,china_partners,CHN
156,796,2014,M,8542,627.0,H4,china_partners,CHN
156,800,2014,M,8542,775.0,H4,china_partners,CHN
156,804,2014,M,8542,104692.0,H4,china_partners,CHN
156,807,2014,M,8542,11742.0,H4,china_partners,CHN
156,818,2014,M,8542,61548.0,H4,china_partners,CHN
156,826,2014,M,8542,37408975.0,H4,china_partners,CHN
156,834,2014,M,8542,3150.0,H4,china_partners,CHN
156,842,2014,M,8542,11113787226.0,H4,china_partners,CHN
156,862,2014,M,8542,17534.0,H4,china_partners,CHN
156,887,2014,M,8542,19967.0,H4,china_partners,CHN
156,894,2014,M,8542,267.0,H4,china_partners,CHN
156,899,2014,M,8542,417062.0,H4,china_partners,CHN
156,0,2014,M,8486,11150467731.0,H4,china_partners,CHN
156,36,2014,M,8486,40438805.0,H4,china_partners,CHN
156,40,2014,M,8486,48371667.0,H4,china_partners,CHN
156,56,2014,M,8486,799878.0,H4,china_partners,CHN
156,76,2014,M,8486,71.0,H4,china_partners,CHN
156,100,2014,M,8486,62.0,H4,china_partners,CHN
156,112,2014,M,8486,278576.0,H4,china_partners,CHN
156,124,2014,M,8486,3465760.0,H4,china_partners,CHN
156,144,2014,M,8486,62894.0,H4,china_partners,CHN
156,152,2014,M,8486,2367.0,H4,china_partners,CHN
156,156,2014,M,8486,73987923.0,H4,china_partners,CHN
156,188,2014,M,8486,101578.0,H4,china_partners,CHN
156,203,2014,M,8486,1792374.0,H4,china_partners,CHN
156,208,2014,M,8486,48584.0,H4,china_partners,CHN
156,214,2014,M,8486,23284.0,H4,china_partners,CHN
156,246,2014,M,8486,5833051.0,H4,china_partners,CHN
156,251,2014,M,8486,19593205.0,H4,china_partners,CHN
156,276,2014,M,8486,376573240.0,H4,china_partners,CHN
156,344,2014,M,8486,227280096.0,H4,china_partners,CHN
156,348,2014,M,8486,2661759.0,H4,china_partners,CHN
156,360,2014,M,8486,26777.0,H4,china_partners,CHN
156,372,2014,M,8486,21426.0,H4,china_partners,CHN
156,376,2014,M,8486,7827831.0,H4,china_partners,CHN
156,380,2014,M,8486,70164432.0,H4,china_partners,CHN
156,392,2014,M,8486,3290030587.0,H4,china_partners,CHN
156,400,2014,M,8486,1734.0,H4,china_partners,CHN
156,408,2014,M,8486,461.0,H4,china_partners,CHN
156,410,2014,M,8486,2338057155.0,H4,china_partners,CHN
156,440,2014,M,8486,13701.0,H4,china_partners,CHN
156,442,2014,M,8486,951855.0,H4,china_partners,CHN
156,458,2014,M,8486,126639027.0,H4,china_partners,CHN
156,470,2014,M,8486,7.0,H4,china_partners,CHN
156,484,2014,M,8486,341343.0,H4,china_partners,CHN
156,490,2014,M,8486,992456264.0,H4,china_partners,CHN
156,504,2014,M,8486,1909.0,H4,china_partners,CHN
156,528,2014,M,8486,717242171.0,H4,china_partners,CHN
156,554,2014,M,8486,511671.0,H4,china_partners,CHN
156,608,2014,M,8486,5136844.0,H4,china_partners,CHN
156,616,2014,M,8486,3924629.0,H4,china_partners,CHN
156,620,2014,M,8486,45553.0,H4,china_partners,CHN
156,642,2014,M,8486,3227.0,H4,china_partners,CHN
156,643,2014,M,8486,17377949.0,H4,china_partners,CHN
156,682,2014,M,8486,75.0,H4,china_partners,CHN
156,699,2014,M,8486,11751.0,H4,china_partners,CHN
156,702,2014,M,8486,815715750.0,H4,china_partners,CHN
156,703,2014,M,8486,3809.0,H4,china_partners,CHN
156,704,2014,M,8486,21191269.0,H4,china_partners,CHN
156,705,2014,M,8486,50000.0,H4,china_partners,CHN
156,724,2014,M,8486,51079.0,H4,china_partners,CHN
156,752,2014,M,8486,3142402.0,H4,china_partners,CHN
156,757,2014,M,8486,96578530.0,H4,china_partners,CHN
156,764,2014,M,8486,11023210.0,H4,china_partners,CHN
156,788,2014,M,8486,55.0,H4,china_partners,CHN
156,792,2014,M,8486,1.0,H4,china_partners,CHN
156,804,2014,M,8486,1245380.0,H4,china_partners,CHN
156,826,2014,M,8486,55372712.0,H4,china_partners,CHN
156,842,2014,M,8486,1773900871.0,H4,china_partners,CHN
156,899,2014,M,8486,89110.0,H4,china_partners,CHN
156,0,2015,M,8542,230657123275.0,H4,china_partners,CHN
156,4,2015,M,8542,768.0,H4,china_partners,CHN
156,8,2015,M,8542,770.0,H4,china_partners,CHN
156,24,2015,M,8542,10757.0,H4,china_partners,CHN
156,32,2015,M,8542,72677.0,H4,china_partners,CHN
156,36,2015,M,8542,4785363.0,H4,china_partners,CHN
156,40,2015,M,8542,207245810.0,H4,china_partners,CHN
156,44,2015,M,8542,3698.0,H4,china_partners,CHN
156,48,2015,M,8542,53.0,H4,china_partners,CHN
156,51,2015,M,8542,18682.0,H4,china_partners,CHN
156,52,2015,M,8542,119825.0,H4,china_partners,CHN
156,56,2015,M,8542,23008364.0,H4,china_partners,CHN
156,76,2015,M,8542,4118174.0,H4,china_partners,CHN
156,84,2015,M,8542,50.0,H4,china_partners,CHN
156,100,2015,M,8542,5786255.0,H4,china_partners,CHN
156,104,2015,M,8542,14182.0,H4,china_partners,CHN
156,108,2015,M,8542,3640.0,H4,china_partners,CHN
156,112,2015,M,8542,4997939.0,H4,china_partners,CHN
156,116,2015,M,8542,4630.0,H4,china_partners,CHN
156,120,2015,M,8542,13782.0,H4,china_partners,CHN
156,124,2015,M,8542,363036575.0,H4,china_partners,CHN
156,144,2015,M,8542,220988.0,H4,china_partners,CHN
156,152,2015,M,8542,84065.0,H4,china_partners,CHN
156,156,2015,M,8542,28105473445.0,H4,china_partners,CHN
156,170,2015,M,8542,4661.0,H4,china_partners,CHN
156,174,2015,M,8542,995.0,H4,china_partners,CHN
156,180,2015,M,8542,22590.0,H4,china_partners,CHN
156,188,2015,M,8542,216151793.0,H4,china_partners,CHN
156,191,2015,M,8542,165121.0,H4,china_partners,CHN
156,196,2015,M,8542,1503.0,H4,china_partners,CHN
156,203,2015,M,8542,4679074.0,H4,china_partners,CHN
156,208,2015,M,8542,19611703.0,H4,china_partners,CHN
156,214,2015,M,8542,90.0,H4,china_partners,CHN
156,222,2015,M,8542,59725.0,H4,china_partners,CHN
156,226,2015,M,8542,59.0,H4,china_partners,CHN
156,233,2015,M,8542,153187.0,H4,china_partners,CHN
156,234,2015,M,8542,1227.0,H4,china_partners,CHN
156,246,2015,M,8542,4743406.0,H4,china_partners,CHN
156,251,2015,M,8542,269889742.0,H4,china_partners,CHN
156,266,2015,M,8542,1776.0,H4,china_partners,CHN
156,268,2015,M,8542,779939.0,H4,china_partners,CHN
156,270,2015,M,8542,26628.0,H4,china_partners,CHN
156,275,2015,M,8542,351.0,H4,china_partners,CHN
156,276,2015,M,8542,2603103420.0,H4,china_partners,CHN
156,288,2015,M,8542,247.0,H4,china_partners,CHN
156,300,2015,M,8542,95420.0,H4,china_partners,CHN
156,304,2015,M,8542,9846.0,H4,china_partners,CHN
156,324,2015,M,8542,2.0,H4,china_partners,CHN
156,332,2015,M,8542,5788.0,H4,china_partners,CHN
156,340,2015,M,8542,831.0,H4,china_partners,CHN
156,344,2015,M,8542,277691302.0,H4,china_partners,CHN
156,348,2015,M,8542,18151849.0,H4,china_partners,CHN
156,352,2015,M,8542,13385.0,H4,china_partners,CHN
156,360,2015,M,8542,99680953.0,H4,china_partners,CHN
156,364,2015,M,8542,52896.0,H4,china_partners,CHN
156,368,2015,M,8542,818.0,H4,china_partners,CHN
156,372,2015,M,8542,257955519.0,H4,china_partners,CHN
156,376,2015,M,8542,433259686.0,H4,china_partners,CHN
156,380,2015,M,8542,62650486.0,H4,china_partners,CHN
156,384,2015,M,8542,51492.0,H4,china_partners,CHN
156,388,2015,M,8542,5873.0,H4,china_partners,CHN
156,392,2015,M,8542,12750852609.0,H4,china_partners,CHN
156,400,2015,M,8542,23149.0,H4,china_partners,CHN
156,404,2015,M,8542,99.0,H4,china_partners,CHN
156,408,2015,M,8542,6308449.0,H4,china_partners,CHN
156,410,2015,M,8542,56867860439.0,H4,china_partners,CHN
156,417,2015,M,8542,10133.0,H4,china_partners,CHN
156,422,2015,M,8542,9955.0,H4,china_partners,CHN
156,428,2015,M,8542,84035.0,H4,china_partners,CHN
156,430,2015,M,8542,8379.0,H4,china_partners,CHN
156,440,2015,M,8542,611184.0,H4,china_partners,CHN
156,442,2015,M,8542,8990.0,H4,china_partners,CHN
156,446,2015,M,8542,46174.0,H4,china_partners,CHN
156,450,2015,M,8542,552.0,H4,china_partners,CHN
156,454,2015,M,8542,5815.0,H4,china_partners,CHN
156,458,2015,M,8542,25816503983.0,H4,china_partners,CHN
156,462,2015,M,8542,2146.0,H4,china_partners,CHN
156,466,2015,M,8542,29881.0,H4,china_partners,CHN
156,470,2015,M,8542,298195727.0,H4,china_partners,CHN
156,478,2015,M,8542,95904.0,H4,china_partners,CHN
156,480,2015,M,8542,3233.0,H4,china_partners,CHN
156,484,2015,M,8542,2131549326.0,H4,china_partners,CHN
156,490,2015,M,8542,68585248108.0,H4,china_partners,CHN
156,500,2015,M,8542,1956.0,H4,china_partners,CHN
156,504,2015,M,8542,146827686.0,H4,china_partners,CHN
156,516,2015,M,8542,50737.0,H4,china_partners,CHN
156,528,2015,M,8542,41097044.0,H4,china_partners,CHN
156,531,2015,M,8542,223.0,H4,china_partners,CHN
156,533,2015,M,8542,2967.0,H4,china_partners,CHN
156,554,2015,M,8542,188033.0,H4,china_partners,CHN
156,562,2015,M,8542,2910.0,H4,china_partners,CHN
156,579,2015,M,8542,2858509.0,H4,china_partners,CHN
156,584,2015,M,8542,88.0,H4,china_partners,CHN
156,586,2015,M,8542,713.0,H4,china_partners,CHN
156,591,2015,M,8542,115.0,H4,china_partners,CHN
156,598,2015,M,8542,53215.0,H4,china_partners,CHN
156,600,2015,M,8542,10095.0,H4,china_partners,CHN
156,604,2015,M,8542,564.0,H4,china_partners,CHN
156,608,2015,M,8542,5986241987.0,H4,china_partners,CHN
156,616,2015,M,8542,207033.0,H4,china_partners,CHN
156,620,2015,M,8542,25644625.0,H4,china_partners,CHN
156,626,2015,M,8542,613836.0,H4,china_partners,CHN
156,634,2015,M,8542,14940.0,H4,china_partners,CHN
156,642,2015,M,8542,89227.0,H4,china_partners,CHN
156,643,2015,M,8542,2996143.0,H4,china_partners,CHN
156,646,2015,M,8542,134740.0,H4,china_partners,CHN
156,674,2015,M,8542,904.0,H4,china_partners,CHN
156,682,2015,M,8542,6073.0,H4,china_partners,CHN
156,686,2015,M,8542,66007.0,H4,china_partners,CHN
156,688,2015,M,8542,2002.0,H4,china_partners,CHN
156,699,2015,M,8542,12009984.0,H4,china_partners,CHN
156,702,2015,M,8542,5650669593.0,H4,china_partners,CHN
156,703,2015,M,8542,3610161.0,H4,china_partners,CHN
156,704,2015,M,8542,4251155720.0,H4,china_partners,CHN
156,705,2015,M,8542,839033.0,H4,china_partners,CHN
156,710,2015,M,8542,620678.0,H4,china_partners,CHN
156,724,2015,M,8542,2113835.0,H4,china_partners,CHN
156,748,2015,M,8542,14099.0,H4,china_partners,CHN
156,752,2015,M,8542,10805622.0,H4,china_partners,CHN
156,757,2015,M,8542,37604692.0,H4,china_partners,CHN
156,760,2015,M,8542,9951.0,H4,china_partners,CHN
156,762,2015,M,8542,51010.0,H4,china_partners,CHN
156,764,2015,M,8542,3402079930.0,H4,china_partners,CHN
156,768,2015,M,8542,846.0,H4,china_partners,CHN
156,784,2015,M,8542,5655.0,H4,china_partners,CHN
156,788,2015,M,8542,83412.0,H4,china_partners,CHN
156,792,2015,M,8542,235316.0,H4,china_partners,CHN
156,795,2015,M,8542,34421.0,H4,china_partners,CHN
156,796,2015,M,8542,1344.0,H4,china_partners,CHN
156,804,2015,M,8542,94567.0,H4,china_partners,CHN
156,807,2015,M,8542,4380.0,H4,china_partners,CHN
156,818,2015,M,8542,63804.0,H4,china_partners,CHN
156,826,2015,M,8542,262502808.0,H4,china_partners,CHN
156,834,2015,M,8542,5760.0,H4,china_partners,CHN
156,842,2015,M,8542,11369627279.0,H4,china_partners,CHN
156,858,2015,M,8542,220.0,H4,china_partners,CHN
156,862,2015,M,8542,133.0,H4,china_partners,CHN
156,882,2015,M,8542,7066.0,H4,china_partners,CHN
156,887,2015,M,8542,9777.0,H4,china_partners,CHN
156,899,2015,M,8542,247662.0,H4,china_partners,CHN
156,0,2015,M,8486,12491141730.0,H4,china_partners,CHN
156,36,2015,M,8486,60926.0,H4,china_partners,CHN
156,40,2015,M,8486,49344225.0,H4,china_partners,CHN
156,48,2015,M,8486,61.0,H4,china_partners,CHN
156,56,2015,M,8486,3241023.0,H4,china_partners,CHN
156,76,2015,M,8486,34975.0,H4,china_partners,CHN
156,100,2015,M,8486,8.0,H4,china_partners,CHN
156,112,2015,M,8486,16349.0,H4,china_partners,CHN
156,124,2015,M,8486,3305869.0,H4,china_partners,CHN
156,144,2015,M,8486,30942.0,H4,china_partners,CHN
156,156,2015,M,8486,77015086.0,H4,china_partners,CHN
156,188,2015,M,8486,3705.0,H4,china_partners,CHN
156,191,2015,M,8486,1807.0,H4,china_partners,CHN
156,203,2015,M,8486,1336413.0,H4,china_partners,CHN
156,208,2015,M,8486,323034.0,H4,china_partners,CHN
156,214,2015,M,8486,26785.0,H4,china_partners,CHN
156,246,2015,M,8486,2114012.0,H4,china_partners,CHN
156,251,2015,M,8486,17012357.0,H4,china_partners,CHN
156,276,2015,M,8486,284956826.0,H4,china_partners,CHN
156,344,2015,M,8486,180863955.0,H4,china_partners,CHN
156,348,2015,M,8486,3055690.0,H4,china_partners,CHN
156,360,2015,M,8486,34466.0,H4,china_partners,CHN
156,364,2015,M,8486,2185.0,H4,china_partners,CHN
156,372,2015,M,8486,18790.0,H4,china_partners,CHN
156,376,2015,M,8486,7239018.0,H4,china_partners,CHN
156,380,2015,M,8486,41542121.0,H4,china_partners,CHN
156,392,2015,M,8486,3987912235.0,H4,china_partners,CHN
156,400,2015,M,8486,3695.0,H4,china_partners,CHN
156,410,2015,M,8486,2861445245.0,H4,china_partners,CHN
156,458,2015,M,8486,81913515.0,H4,china_partners,CHN
156,484,2015,M,8486,701053.0,H4,china_partners,CHN
156,490,2015,M,8486,1058555102.0,H4,china_partners,CHN
156,528,2015,M,8486,721055769.0,H4,china_partners,CHN
156,554,2015,M,8486,153283.0,H4,china_partners,CHN
156,608,2015,M,8486,1551521.0,H4,china_partners,CHN
156,616,2015,M,8486,7383412.0,H4,china_partners,CHN
156,620,2015,M,8486,18710.0,H4,china_partners,CHN
156,642,2015,M,8486,1168.0,H4,china_partners,CHN
156,643,2015,M,8486,2319711.0,H4,china_partners,CHN
156,699,2015,M,8486,148348.0,H4,china_partners,CHN
156,702,2015,M,8486,905120220.0,H4,china_partners,CHN
156,703,2015,M,8486,901182.0,H4,china_partners,CHN
156,704,2015,M,8486,21534250.0,H4,china_partners,CHN
156,705,2015,M,8486,305345.0,H4,china_partners,CHN
156,724,2015,M,8486,6114.0,H4,china_partners,CHN
156,752,2015,M,8486,3871338.0,H4,china_partners,CHN
156,757,2015,M,8486,54874186.0,H4,china_partners,CHN
156,764,2015,M,8486,26772340.0,H4,china_partners,CHN
156,792,2015,M,8486,18980.0,H4,china_partners,CHN
156,804,2015,M,8486,452286.0,H4,china_partners,CHN
156,826,2015,M,8486,52394926.0,H4,china_partners,CHN
156,842,2015,M,8486,2030098114.0,H4,china_partners,CHN
156,899,2015,M,8486,49054.0,H4,china_partners,CHN
156,0,2016,M,8542,227616904239.0,H4,china_partners,CHN
156,4,2016,M,8542,34027.0,H4,china_partners,CHN
156,20,2016,M,8542,3122.0,H4,china_partners,CHN
156,24,2016,M,8542,7064.0,H4,china_partners,CHN
156,28,2016,M,8542,141.0,H4,china_partners,CHN
156,32,2016,M,8542,860.0,H4,china_partners,CHN
156,36,2016,M,8542,3337860.0,H4,china_partners,CHN
156,40,2016,M,8542,166215367.0,H4,china_partners,CHN
156,44,2016,M,8542,4770.0,H4,china_partners,CHN
156,48,2016,M,8542,332.0,H4,china_partners,CHN
156,50,2016,M,8542,66454.0,H4,china_partners,CHN
156,51,2016,M,8542,49826.0,H4,china_partners,CHN
156,52,2016,M,8542,22537.0,H4,china_partners,CHN
156,56,2016,M,8542,16012339.0,H4,china_partners,CHN
156,60,2016,M,8542,64.0,H4,china_partners,CHN
156,70,2016,M,8542,76.0,H4,china_partners,CHN
156,76,2016,M,8542,1982059.0,H4,china_partners,CHN
156,84,2016,M,8542,578.0,H4,china_partners,CHN
156,90,2016,M,8542,844.0,H4,china_partners,CHN
156,92,2016,M,8542,984.0,H4,china_partners,CHN
156,96,2016,M,8542,25981.0,H4,china_partners,CHN
156,100,2016,M,8542,2616401.0,H4,china_partners,CHN
156,104,2016,M,8542,336248.0,H4,china_partners,CHN
156,112,2016,M,8542,5467041.0,H4,china_partners,CHN
156,120,2016,M,8542,48358.0,H4,china_partners,CHN
156,124,2016,M,8542,411239554.0,H4,china_partners,CHN
156,132,2016,M,8542,1.0,H4,china_partners,CHN
156,144,2016,M,8542,122956.0,H4,china_partners,CHN
156,148,2016,M,8542,20.0,H4,china_partners,CHN
156,152,2016,M,8542,5599.0,H4,china_partners,CHN
156,156,2016,M,8542,26965271084.0,H4,china_partners,CHN
156,170,2016,M,8542,11109.0,H4,china_partners,CHN
156,180,2016,M,8542,198.0,H4,china_partners,CHN
156,184,2016,M,8542,4267.0,H4,china_partners,CHN
156,188,2016,M,8542,64787845.0,H4,china_partners,CHN
156,191,2016,M,8542,63377.0,H4,china_partners,CHN
156,196,2016,M,8542,3.0,H4,china_partners,CHN
156,203,2016,M,8542,3802629.0,H4,china_partners,CHN
156,208,2016,M,8542,13489263.0,H4,china_partners,CHN
156,214,2016,M,8542,24135.0,H4,china_partners,CHN
156,218,2016,M,8542,35.0,H4,china_partners,CHN
156,222,2016,M,8542,121248.0,H4,china_partners,CHN
156,231,2016,M,8542,170.0,H4,china_partners,CHN
156,232,2016,M,8542,291.0,H4,china_partners,CHN
156,233,2016,M,8542,33014.0,H4,china_partners,CHN
156,242,2016,M,8542,101.0,H4,china_partners,CHN
156,246,2016,M,8542,6716361.0,H4,china_partners,CHN
156,251,2016,M,8542,209735077.0,H4,china_partners,CHN
156,258,2016,M,8542,29.0,H4,china_partners,CHN
156,266,2016,M,8542,2784.0,H4,china_partners,CHN
156,268,2016,M,8542,14309.0,H4,china_partners,CHN
156,270,2016,M,8542,50947.0,H4,china_partners,CHN
156,275,2016,M,8542,1471.0,H4,china_partners,CHN
156,276,2016,M,8542,1614975143.0,H4,china_partners,CHN
156,288,2016,M,8542,19095.0,H4,china_partners,CHN
156,300,2016,M,8542,88533.0,H4,china_partners,CHN
156,320,2016,M,8542,35.0,H4,china_partners,CHN
156,324,2016,M,8542,625.0,H4,china_partners,CHN
156,328,2016,M,8542,481.0,H4,china_partners,CHN
156,332,2016,M,8542,14494.0,H4,china_partners,CHN
156,336,2016,M,8542,580.0,H4,china_partners,CHN
156,340,2016,M,8542,6149.0,H4,china_partners,CHN
156,344,2016,M,8542,189013286.0,H4,china_partners,CHN
156,348,2016,M,8542,3164424.0,H4,china_partners,CHN
156,352,2016,M,8542,1896.0,H4,china_partners,CHN
156,360,2016,M,8542,118222633.0,H4,china_partners,CHN
156,364,2016,M,8542,15714.0,H4,china_partners,CHN
156,372,2016,M,8542,1364804416.0,H4,china_partners,CHN
156,376,2016,M,8542,702294487.0,H4,china_partners,CHN
156,380,2016,M,8542,34568485.0,H4,china_partners,CHN
156,392,2016,M,8542,13656450680.0,H4,china_partners,CHN
156,398,2016,M,8542,120.0,H4,china_partners,CHN
156,400,2016,M,8542,7252.0,H4,china_partners,CHN
156,408,2016,M,8542,615125.0,H4,china_partners,CHN
156,410,2016,M,8542,52364793445.0,H4,china_partners,CHN
156,414,2016,M,8542,1980.0,H4,china_partners,CHN
156,422,2016,M,8542,9859.0,H4,china_partners,CHN
156,428,2016,M,8542,72163.0,H4,china_partners,CHN
156,440,2016,M,8542,753941.0,H4,china_partners,CHN
156,446,2016,M,8542,52364.0,H4,china_partners,CHN
156,450,2016,M,8542,82.0,H4,china_partners,CHN
156,454,2016,M,8542,196.0,H4,china_partners,CHN
156,458,2016,M,8542,25086854727.0,H4,china_partners,CHN
156,462,2016,M,8542,4278.0,H4,china_partners,CHN
156,466,2016,M,8542,39300.0,H4,china_partners,CHN
156,470,2016,M,8542,243313382.0,H4,china_partners,CHN
156,478,2016,M,8542,3356.0,H4,china_partners,CHN
156,480,2016,M,8542,4655.0,H4,china_partners,CHN
156,484,2016,M,8542,2372852344.0,H4,china_partners,CHN
156,490,2016,M,8542,72999992849.0,H4,china_partners,CHN
156,496,2016,M,8542,773.0,H4,china_partners,CHN
156,499,2016,M,8542,1714.0,H4,china_partners,CHN
156,500,2016,M,8542,8.0,H4,china_partners,CHN
156,504,2016,M,8542,137753094.0,H4,china_partners,CHN
156,508,2016,M,8542,946.0,H4,china_partners,CHN
156,512,2016,M,8542,12171.0,H4,china_partners,CHN
156,516,2016,M,8542,32689.0,H4,china_partners,CHN
156,528,2016,M,8542,35556342.0,H4,china_partners,CHN
156,531,2016,M,8542,77691.0,H4,china_partners,CHN
156,554,2016,M,8542,632157.0,H4,china_partners,CHN
156,562,2016,M,8542,20.0,H4,china_partners,CHN
156,579,2016,M,8542,2144447.0,H4,china_partners,CHN
156,585,2016,M,8542,6967.0,H4,china_partners,CHN
156,586,2016,M,8542,1408.0,H4,china_partners,CHN
156,598,2016,M,8542,173.0,H4,china_partners,CHN
156,604,2016,M,8542,33519.0,H4,china_partners,CHN
156,608,2016,M,8542,6222741531.0,H4,china_partners,CHN
156,616,2016,M,8542,73604.0,H4,china_partners,CHN
156,620,2016,M,8542,268202801.0,H4,china_partners,CHN
156,626,2016,M,8542,22448.0,H4,china_partners,CHN
156,634,2016,M,8542,8128.0,H4,china_partners,CHN
156,642,2016,M,8542,375046.0,H4,china_partners,CHN
156,643,2016,M,8542,7367298.0,H4,china_partners,CHN
156,646,2016,M,8542,125.0,H4,china_partners,CHN
156,674,2016,M,8542,5101.0,H4,china_partners,CHN
156,678,2016,M,8542,11073.0,H4,china_partners,CHN
156,682,2016,M,8542,67050.0,H4,china_partners,CHN
156,686,2016,M,8542,363822.0,H4,china_partners,CHN
156,688,2016,M,8542,99.0,H4,china_partners,CHN
156,694,2016,M,8542,9210.0,H4,china_partners,CHN
156,699,2016,M,8542,11064345.0,H4,china_partners,CHN
156,702,2016,M,8542,5196687694.0,H4,china_partners,CHN
156,703,2016,M,8542,6642796.0,H4,china_partners,CHN
156,704,2016,M,8542,4826816396.0,H4,china_partners,CHN
156,705,2016,M,8542,1046569.0,H4,china_partners,CHN
156,706,2016,M,8542,115.0,H4,china_partners,CHN
156,710,2016,M,8542,462820.0,H4,china_partners,CHN
156,724,2016,M,8542,1736460.0,H4,china_partners,CHN
156,729,2016,M,8542,667.0,H4,china_partners,CHN
156,748,2016,M,8542,7619.0,H4,china_partners,CHN
156,752,2016,M,8542,7593583.0,H4,china_partners,CHN
156,757,2016,M,8542,40606994.0,H4,china_partners,CHN
156,760,2016,M,8542,5117.0,H4,china_partners,CHN
156,762,2016,M,8542,34545.0,H4,china_partners,CHN
156,764,2016,M,8542,3482645944.0,H4,china_partners,CHN
156,768,2016,M,8542,329.0,H4,china_partners,CHN
156,780,2016,M,8542,212.0,H4,china_partners,CHN
156,784,2016,M,8542,4000.0,H4,china_partners,CHN
156,788,2016,M,8542,329197.0,H4,china_partners,CHN
156,792,2016,M,8542,684386.0,H4,china_partners,CHN
156,795,2016,M,8542,3696.0,H4,china_partners,CHN
156,800,2016,M,8542,1.0,H4,china_partners,CHN
156,804,2016,M,8542,56998.0,H4,china_partners,CHN
156,807,2016,M,8542,32035.0,H4,china_partners,CHN
156,818,2016,M,8542,38354.0,H4,china_partners,CHN
156,826,2016,M,8542,43981562.0,H4,china_partners,CHN
156,842,2016,M,8542,8696121253.0,H4,china_partners,CHN
156,858,2016,M,8542,1740.0,H4,china_partners,CHN
156,862,2016,M,8542,2800.0,H4,china_partners,CHN
156,876,2016,M,8542,435.0,H4,china_partners,CHN
156,887,2016,M,8542,5555.0,H4,china_partners,CHN
156,899,2016,M,8542,44783.0,H4,china_partners,CHN
156,0,2016,M,8486,14033544468.0,H4,china_partners,CHN
156,32,2016,M,8486,344.0,H4,china_partners,CHN
156,36,2016,M,8486,40965722.0,H4,china_partners,CHN
156,40,2016,M,8486,122988949.0,H4,china_partners,CHN
156,56,2016,M,8486,3206334.0,H4,china_partners,CHN
156,76,2016,M,8486,1964.0,H4,china_partners,CHN
156,100,2016,M,8486,133135.0,H4,china_partners,CHN
156,124,2016,M,8486,3794900.0,H4,china_partners,CHN
156,144,2016,M,8486,47420.0,H4,china_partners,CHN
156,152,2016,M,8486,2432.0,H4,china_partners,CHN
156,156,2016,M,8486,158079725.0,H4,china_partners,CHN
156,188,2016,M,8486,431.0,H4,china_partners,CHN
156,203,2016,M,8486,293008.0,H4,china_partners,CHN
156,208,2016,M,8486,141539.0,H4,china_partners,CHN
156,212,2016,M,8486,306.0,H4,china_partners,CHN
156,214,2016,M,8486,6241.0,H4,china_partners,CHN
156,246,2016,M,8486,5230341.0,H4,china_partners,CHN
156,251,2016,M,8486,32674718.0,H4,china_partners,CHN
156,268,2016,M,8486,2860.0,H4,china_partners,CHN
156,276,2016,M,8486,427189192.0,H4,china_partners,CHN
156,344,2016,M,8486,151763200.0,H4,china_partners,CHN
156,348,2016,M,8486,4357905.0,H4,china_partners,CHN
156,360,2016,M,8486,103734.0,H4,china_partners,CHN
156,372,2016,M,8486,1200.0,H4,china_partners,CHN
156,376,2016,M,8486,10387204.0,H4,china_partners,CHN
156,380,2016,M,8486,101552967.0,H4,china_partners,CHN
156,392,2016,M,8486,4817082168.0,H4,china_partners,CHN
156,400,2016,M,8486,3314.0,H4,china_partners,CHN
156,410,2016,M,8486,2322491818.0,H4,china_partners,CHN
156,417,2016,M,8486,11028.0,H4,china_partners,CHN
156,458,2016,M,8486,118157433.0,H4,china_partners,CHN
156,484,2016,M,8486,597949.0,H4,china_partners,CHN
156,490,2016,M,8486,1041838842.0,H4,china_partners,CHN
156,528,2016,M,8486,893851322.0,H4,china_partners,CHN
156,533,2016,M,8486,2768.0,H4,china_partners,CHN
156,554,2016,M,8486,169241.0,H4,china_partners,CHN
156,584,2016,M,8486,57284.0,H4,china_partners,CHN
156,608,2016,M,8486,1325182.0,H4,china_partners,CHN
156,616,2016,M,8486,53612.0,H4,china_partners,CHN
156,620,2016,M,8486,3885.0,H4,china_partners,CHN
156,642,2016,M,8486,1937.0,H4,china_partners,CHN
156,699,2016,M,8486,742965.0,H4,china_partners,CHN
156,702,2016,M,8486,1264648402.0,H4,china_partners,CHN
156,703,2016,M,8486,658430.0,H4,china_partners,CHN
156,704,2016,M,8486,42369830.0,H4,china_partners,CHN
156,705,2016,M,8486,25221.0,H4,china_partners,CHN
156,724,2016,M,8486,8888.0,H4,china_partners,CHN
156,748,2016,M,8486,13113.0,H4,china_partners,CHN
156,752,2016,M,8486,3727403.0,H4,china_partners,CHN
156,757,2016,M,8486,99462245.0,H4,china_partners,CHN
156,764,2016,M,8486,28780151.0,H4,china_partners,CHN
156,792,2016,M,8486,100.0,H4,china_partners,CHN
156,804,2016,M,8486,51236.0,H4,china_partners,CHN
156,826,2016,M,8486,59627675.0,H4,china_partners,CHN
156,842,2016,M,8486,2273811763.0,H4,china_partners,CHN
156,899,2016,M,8486,1043492.0,H4,china_partners,CHN
156,0,2017,M,8542,261161384489.0,H5,china_partners,CHN
156,4,2017,M,8542,19488.0,H5,china_partners,CHN
156,20,2017,M,8542,23520.0,H5,china_partners,CHN
156,28,2017,M,8542,2685.0,H5,china_partners,CHN
156,31,2017,M,8542,7738.0,H5,china_partners,CHN
156,32,2017,M,8542,1134.0,H5,china_partners,CHN
156,36,2017,M,8542,4085568.0,H5,china_partners,CHN
156,40,2017,M,8542,164012265.0,H5,china_partners,CHN
156,48,2017,M,8542,7466.0,H5,china_partners,CHN
156,50,2017,M,8542,98460.0,H5,china_partners,CHN
156,51,2017,M,8542,12650.0,H5,china_partners,CHN
156,52,2017,M,8542,8117.0,H5,china_partners,CHN
156,56,2017,M,8542,5871253.0,H5,china_partners,CHN
156,64,2017,M,8542,344.0,H5,china_partners,CHN
156,72,2017,M,8542,356.0,H5,china_partners,CHN
156,76,2017,M,8542,4734692.0,H5,china_partners,CHN
156,92,2017,M,8542,98363.0,H5,china_partners,CHN
156,96,2017,M,8542,25.0,H5,china_partners,CHN
156,100,2017,M,8542,2366182.0,H5,china_partners,CHN
156,104,2017,M,8542,53473.0,H5,china_partners,CHN
156,108,2017,M,8542,527.0,H5,china_partners,CHN
156,112,2017,M,8542,3736489.0,H5,china_partners,CHN
156,116,2017,M,8542,11782.0,H5,china_partners,CHN
156,120,2017,M,8542,14947.0,H5,china_partners,CHN
156,124,2017,M,8542,282068123.0,H5,china_partners,CHN
156,132,2017,M,8542,35.0,H5,china_partners,CHN
156,136,2017,M,8542,1584.0,H5,china_partners,CHN
156,144,2017,M,8542,81125.0,H5,china_partners,CHN
156,148,2017,M,8542,10711.0,H5,china_partners,CHN
156,152,2017,M,8542,42359.0,H5,china_partners,CHN
156,156,2017,M,8542,32200119923.0,H5,china_partners,CHN
156,170,2017,M,8542,2712.0,H5,china_partners,CHN
156,174,2017,M,8542,3559.0,H5,china_partners,CHN
156,184,2017,M,8542,44958.0,H5,china_partners,CHN
156,188,2017,M,8542,23585721.0,H5,china_partners,CHN
156,191,2017,M,8542,91844.0,H5,china_partners,CHN
156,196,2017,M,8542,3657.0,H5,china_partners,CHN
156,203,2017,M,8542,8105925.0,H5,china_partners,CHN
156,208,2017,M,8542,6332567.0,H5,china_partners,CHN
156,218,2017,M,8542,16069.0,H5,china_partners,CHN
156,222,2017,M,8542,82381.0,H5,china_partners,CHN
156,231,2017,M,8542,13.0,H5,china_partners,CHN
156,233,2017,M,8542,189143.0,H5,china_partners,CHN
156,234,2017,M,8542,97.0,H5,china_partners,CHN
156,246,2017,M,8542,11477746.0,H5,china_partners,CHN
156,251,2017,M,8542,216059384.0,H5,china_partners,CHN
156,262,2017,M,8542,753.0,H5,china_partners,CHN
156,266,2017,M,8542,329.0,H5,china_partners,CHN
156,268,2017,M,8542,12004.0,H5,china_partners,CHN
156,270,2017,M,8542,17704.0,H5,china_partners,CHN
156,276,2017,M,8542,1691567353.0,H5,china_partners,CHN
156,288,2017,M,8542,16909.0,H5,china_partners,CHN
156,300,2017,M,8542,30382.0,H5,china_partners,CHN
156,320,2017,M,8542,162.0,H5,china_partners,CHN
156,324,2017,M,8542,1258.0,H5,china_partners,CHN
156,332,2017,M,8542,9761.0,H5,china_partners,CHN
156,340,2017,M,8542,1736.0,H5,china_partners,CHN
156,344,2017,M,8542,203746490.0,H5,china_partners,CHN
156,348,2017,M,8542,40575257.0,H5,china_partners,CHN
156,352,2017,M,8542,360.0,H5,china_partners,CHN
156,360,2017,M,8542,145771423.0,H5,china_partners,CHN
156,364,2017,M,8542,30739.0,H5,china_partners,CHN
156,372,2017,M,8542,3168530164.0,H5,china_partners,CHN
156,376,2017,M,8542,1477965426.0,H5,china_partners,CHN
156,380,2017,M,8542,27932651.0,H5,china_partners,CHN
156,388,2017,M,8542,4325.0,H5,china_partners,CHN
156,392,2017,M,8542,13878633851.0,H5,china_partners,CHN
156,404,2017,M,8542,69109.0,H5,china_partners,CHN
156,408,2017,M,8542,454366.0,H5,china_partners,CHN
156,410,2017,M,8542,65783907208.0,H5,china_partners,CHN
156,414,2017,M,8542,170.0,H5,china_partners,CHN
156,417,2017,M,8542,39548.0,H5,china_partners,CHN
156,422,2017,M,8542,5860.0,H5,china_partners,CHN
156,428,2017,M,8542,50783.0,H5,china_partners,CHN
156,430,2017,M,8542,4526.0,H5,china_partners,CHN
156,440,2017,M,8542,543723.0,H5,china_partners,CHN
156,446,2017,M,8542,39464.0,H5,china_partners,CHN
156,450,2017,M,8542,839.0,H5,china_partners,CHN
156,454,2017,M,8542,3777.0,H5,china_partners,CHN
156,458,2017,M,8542,23887201340.0,H5,china_partners,CHN
156,462,2017,M,8542,3771.0,H5,china_partners,CHN
156,466,2017,M,8542,23945.0,H5,china_partners,CHN
156,470,2017,M,8542,220585124.0,H5,china_partners,CHN
156,478,2017,M,8542,120277.0,H5,china_partners,CHN
156,480,2017,M,8542,5934.0,H5,china_partners,CHN
156,484,2017,M,8542,2543104761.0,H5,china_partners,CHN
156,490,2017,M,8542,81248576979.0,H5,china_partners,CHN
156,496,2017,M,8542,9519.0,H5,china_partners,CHN
156,499,2017,M,8542,6874.0,H5,china_partners,CHN
156,500,2017,M,8542,49995.0,H5,china_partners,CHN
156,504,2017,M,8542,142270580.0,H5,china_partners,CHN
156,508,2017,M,8542,1477.0,H5,china_partners,CHN
156,512,2017,M,8542,121905.0,H5,china_partners,CHN
156,516,2017,M,8542,21556.0,H5,china_partners,CHN
156,520,2017,M,8542,2460.0,H5,china_partners,CHN
156,524,2017,M,8542,615.0,H5,china_partners,CHN
156,528,2017,M,8542,41583091.0,H5,china_partners,CHN
156,531,2017,M,8542,33089.0,H5,china_partners,CHN
156,533,2017,M,8542,2231.0,H5,china_partners,CHN
156,540,2017,M,8542,1032.0,H5,china_partners,CHN
156,548,2017,M,8542,27.0,H5,china_partners,CHN
156,554,2017,M,8542,1897544.0,H5,china_partners,CHN
156,558,2017,M,8542,16243.0,H5,china_partners,CHN
156,579,2017,M,8542,11390799.0,H5,china_partners,CHN
156,585,2017,M,8542,23.0,H5,china_partners,CHN
156,586,2017,M,8542,1291.0,H5,china_partners,CHN
156,591,2017,M,8542,17.0,H5,china_partners,CHN
156,600,2017,M,8542,18859.0,H5,china_partners,CHN
156,604,2017,M,8542,11695.0,H5,china_partners,CHN
156,608,2017,M,8542,6869577499.0,H5,china_partners,CHN
156,616,2017,M,8542,326402.0,H5,china_partners,CHN
156,620,2017,M,8542,290960634.0,H5,china_partners,CHN
156,626,2017,M,8542,41830.0,H5,china_partners,CHN
156,634,2017,M,8542,32943.0,H5,china_partners,CHN
156,642,2017,M,8542,193649.0,H5,china_partners,CHN
156,643,2017,M,8542,6030801.0,H5,china_partners,CHN
156,646,2017,M,8542,12.0,H5,china_partners,CHN
156,666,2017,M,8542,32262.0,H5,china_partners,CHN
156,674,2017,M,8542,1462.0,H5,china_partners,CHN
156,678,2017,M,8542,266.0,H5,china_partners,CHN
156,686,2017,M,8542,73461.0,H5,china_partners,CHN
156,688,2017,M,8542,4740.0,H5,china_partners,CHN
156,694,2017,M,8542,18241.0,H5,china_partners,CHN
156,699,2017,M,8542,25944989.0,H5,china_partners,CHN
156,702,2017,M,8542,6626511296.0,H5,china_partners,CHN
156,703,2017,M,8542,3983604.0,H5,china_partners,CHN
156,704,2017,M,8542,5960681996.0,H5,china_partners,CHN
156,705,2017,M,8542,844211.0,H5,china_partners,CHN
156,710,2017,M,8542,261601.0,H5,china_partners,CHN
156,724,2017,M,8542,1213487.0,H5,china_partners,CHN
156,729,2017,M,8542,3535.0,H5,china_partners,CHN
156,748,2017,M,8542,16513.0,H5,china_partners,CHN
156,752,2017,M,8542,12918498.0,H5,china_partners,CHN
156,757,2017,M,8542,48051583.0,H5,china_partners,CHN
156,760,2017,M,8542,11844.0,H5,china_partners,CHN
156,762,2017,M,8542,770.0,H5,china_partners,CHN
156,764,2017,M,8542,3610559792.0,H5,china_partners,CHN
156,768,2017,M,8542,1875.0,H5,china_partners,CHN
156,780,2017,M,8542,2600.0,H5,china_partners,CHN
156,784,2017,M,8542,127122.0,H5,china_partners,CHN
156,788,2017,M,8542,567721.0,H5,china_partners,CHN
156,792,2017,M,8542,128857.0,H5,china_partners,CHN
156,795,2017,M,8542,14249.0,H5,china_partners,CHN
156,804,2017,M,8542,76799.0,H5,china_partners,CHN
156,807,2017,M,8542,5517.0,H5,china_partners,CHN
156,818,2017,M,8542,224219.0,H5,china_partners,CHN
156,826,2017,M,8542,39695832.0,H5,china_partners,CHN
156,834,2017,M,8542,10301.0,H5,china_partners,CHN
156,842,2017,M,8542,10211618367.0,H5,china_partners,CHN
156,862,2017,M,8542,77.0,H5,china_partners,CHN
156,876,2017,M,8542,215.0,H5,china_partners,CHN
156,882,2017,M,8542,25666.0,H5,china_partners,CHN
156,887,2017,M,8542,4645.0,H5,china_partners,CHN
156,894,2017,M,8542,105.0,H5,china_partners,CHN
156,899,2017,M,8542,63778.0,H5,china_partners,CHN
156,0,2017,M,8486,19667207026.0,H5,china_partners,CHN
156,4,2017,M,8486,526.0,H5,china_partners,CHN
156,36,2017,M,8486,19765810.0,H5,china_partners,CHN
156,40,2017,M,8486,120202877.0,H5,china_partners,CHN
156,56,2017,M,8486,9829350.0,H5,china_partners,CHN
156,100,2017,M,8486,1155283.0,H5,china_partners,CHN
156,112,2017,M,8486,905535.0,H5,china_partners,CHN
156,124,2017,M,8486,7750801.0,H5,china_partners,CHN
156,144,2017,M,8486,63129.0,H5,china_partners,CHN
156,156,2017,M,8486,321026322.0,H5,china_partners,CHN
156,170,2017,M,8486,540531.0,H5,china_partners,CHN
156,180,2017,M,8486,2006.0,H5,china_partners,CHN
156,188,2017,M,8486,717.0,H5,china_partners,CHN
156,191,2017,M,8486,4671.0,H5,china_partners,CHN
156,203,2017,M,8486,3301642.0,H5,china_partners,CHN
156,208,2017,M,8486,188881.0,H5,china_partners,CHN
156,214,2017,M,8486,24.0,H5,china_partners,CHN
156,246,2017,M,8486,9974693.0,H5,china_partners,CHN
156,251,2017,M,8486,49606370.0,H5,china_partners,CHN
156,268,2017,M,8486,905.0,H5,china_partners,CHN
156,276,2017,M,8486,739739981.0,H5,china_partners,CHN
156,344,2017,M,8486,40422576.0,H5,china_partners,CHN
156,348,2017,M,8486,9626932.0,H5,china_partners,CHN
156,360,2017,M,8486,5745.0,H5,china_partners,CHN
156,364,2017,M,8486,10600.0,H5,china_partners,CHN
156,372,2017,M,8486,541764.0,H5,china_partners,CHN
156,376,2017,M,8486,16718357.0,H5,china_partners,CHN
156,380,2017,M,8486,102413193.0,H5,china_partners,CHN
156,392,2017,M,8486,6931332470.0,H5,china_partners,CHN
156,400,2017,M,8486,841.0,H5,china_partners,CHN
156,410,2017,M,8486,3717126922.0,H5,china_partners,CHN
156,442,2017,M,8486,84218.0,H5,china_partners,CHN
156,458,2017,M,8486,148645393.0,H5,china_partners,CHN
156,466,2017,M,8486,541.0,H5,china_partners,CHN
156,470,2017,M,8486,7.0,H5,china_partners,CHN
156,484,2017,M,8486,2715263.0,H5,china_partners,CHN
156,490,2017,M,8486,2120611100.0,H5,china_partners,CHN
156,504,2017,M,8486,5473.0,H5,china_partners,CHN
156,528,2017,M,8486,1065742678.0,H5,china_partners,CHN
156,554,2017,M,8486,345947.0,H5,china_partners,CHN
156,608,2017,M,8486,1861550.0,H5,china_partners,CHN
156,616,2017,M,8486,33652.0,H5,china_partners,CHN
156,642,2017,M,8486,2926.0,H5,china_partners,CHN
156,688,2017,M,8486,25.0,H5,china_partners,CHN
156,699,2017,M,8486,1013599.0,H5,china_partners,CHN
156,702,2017,M,8486,1323882857.0,H5,china_partners,CHN
156,703,2017,M,8486,229076.0,H5,china_partners,CHN
156,704,2017,M,8486,53254506.0,H5,china_partners,CHN
156,705,2017,M,8486,99851.0,H5,china_partners,CHN
156,724,2017,M,8486,4692108.0,H5,china_partners,CHN
156,748,2017,M,8486,27956.0,H5,china_partners,CHN
156,752,2017,M,8486,47637583.0,H5,china_partners,CHN
156,757,2017,M,8486,84359566.0,H5,china_partners,CHN
156,764,2017,M,8486,44326373.0,H5,china_partners,CHN
156,792,2017,M,8486,101862.0,H5,china_partners,CHN
156,804,2017,M,8486,8480.0,H5,china_partners,CHN
156,826,2017,M,8486,60643324.0,H5,china_partners,CHN
156,842,2017,M,8486,2604239884.0,H5,china_partners,CHN
156,899,2017,M,8486,381774.0,H5,china_partners,CHN
156,0,2018,M,8542,312952465404.0,H5,china_partners,CHN
156,4,2018,M,8542,9636.0,H5,china_partners,CHN
156,12,2018,M,8542,10166.0,H5,china_partners,CHN
156,20,2018,M,8542,95486.0,H5,china_partners,CHN
156,24,2018,M,8542,14.0,H5,china_partners,CHN
156,31,2018,M,8542,9271.0,H5,china_partners,CHN
156,32,2018,M,8542,1814.0,H5,china_partners,CHN
156,36,2018,M,8542,2869300.0,H5,china_partners,CHN
156,40,2018,M,8542,143212252.0,H5,china_partners,CHN
156,48,2018,M,8542,424.0,H5,china_partners,CHN
156,50,2018,M,8542,48090.0,H5,china_partners,CHN
156,56,2018,M,8542,4829880.0,H5,china_partners,CHN
156,76,2018,M,8542,4893226.0,H5,china_partners,CHN
156,84,2018,M,8542,44.0,H5,china_partners,CHN
156,96,2018,M,8542,3797.0,H5,china_partners,CHN
156,100,2018,M,8542,2441161.0,H5,china_partners,CHN
156,104,2018,M,8542,201804.0,H5,china_partners,CHN
156,112,2018,M,8542,4921466.0,H5,china_partners,CHN
156,116,2018,M,8542,408386.0,H5,china_partners,CHN
156,120,2018,M,8542,33862.0,H5,china_partners,CHN
156,124,2018,M,8542,271287063.0,H5,china_partners,CHN
156,132,2018,M,8542,64140.0,H5,china_partners,CHN
156,136,2018,M,8542,34319.0,H5,china_partners,CHN
156,144,2018,M,8542,219074.0,H5,china_partners,CHN
156,148,2018,M,8542,2780.0,H5,china_partners,CHN
156,152,2018,M,8542,8748.0,H5,china_partners,CHN
156,156,2018,M,8542,42383614199.0,H5,china_partners,CHN
156,170,2018,M,8542,3536.0,H5,china_partners,CHN
156,188,2018,M,8542,8602768.0,H5,china_partners,CHN
156,191,2018,M,8542,48316.0,H5,china_partners,CHN
156,192,2018,M,8542,410.0,H5,china_partners,CHN
156,196,2018,M,8542,4035.0,H5,china_partners,CHN
156,203,2018,M,8542,9124172.0,H5,china_partners,CHN
156,208,2018,M,8542,6657825.0,H5,china_partners,CHN
156,212,2018,M,8542,17765.0,H5,china_partners,CHN
156,214,2018,M,8542,122.0,H5,china_partners,CHN
156,218,2018,M,8542,7296.0,H5,china_partners,CHN
156,222,2018,M,8542,102878.0,H5,china_partners,CHN
156,233,2018,M,8542,337282.0,H5,china_partners,CHN
156,246,2018,M,8542,24765373.0,H5,china_partners,CHN
156,251,2018,M,8542,374595306.0,H5,china_partners,CHN
156,258,2018,M,8542,15399.0,H5,china_partners,CHN
156,266,2018,M,8542,297.0,H5,china_partners,CHN
156,268,2018,M,8542,29934.0,H5,china_partners,CHN
156,275,2018,M,8542,4815.0,H5,china_partners,CHN
156,276,2018,M,8542,1554369835.0,H5,china_partners,CHN
156,288,2018,M,8542,1050.0,H5,china_partners,CHN
156,300,2018,M,8542,55211.0,H5,china_partners,CHN
156,308,2018,M,8542,60.0,H5,china_partners,CHN
156,324,2018,M,8542,454.0,H5,china_partners,CHN
156,332,2018,M,8542,2631.0,H5,china_partners,CHN
156,336,2018,M,8542,4.0,H5,china_partners,CHN
156,340,2018,M,8542,2175.0,H5,china_partners,CHN
156,344,2018,M,8542,98498749.0,H5,china_partners,CHN
156,348,2018,M,8542,58736455.0,H5,china_partners,CHN
156,352,2018,M,8542,21155.0,H5,china_partners,CHN
156,360,2018,M,8542,153487927.0,H5,china_partners,CHN
156,364,2018,M,8542,56832.0,H5,china_partners,CHN
156,368,2018,M,8542,842.0,H5,china_partners,CHN
156,372,2018,M,8542,4473076908.0,H5,china_partners,CHN
156,376,2018,M,8542,1334379748.0,H5,china_partners,CHN
156,380,2018,M,8542,30823177.0,H5,china_partners,CHN
156,392,2018,M,8542,15781882498.0,H5,china_partners,CHN
156,398,2018,M,8542,5576.0,H5,china_partners,CHN
156,404,2018,M,8542,3870.0,H5,china_partners,CHN
156,410,2018,M,8542,82322410253.0,H5,china_partners,CHN
156,417,2018,M,8542,540.0,H5,china_partners,CHN
156,418,2018,M,8542,1073.0,H5,china_partners,CHN
156,422,2018,M,8542,6561.0,H5,china_partners,CHN
156,428,2018,M,8542,56017.0,H5,china_partners,CHN
156,430,2018,M,8542,920.0,H5,china_partners,CHN
156,440,2018,M,8542,673379.0,H5,china_partners,CHN
156,442,2018,M,8542,2806.0,H5,china_partners,CHN
156,446,2018,M,8542,23543.0,H5,china_partners,CHN
156,454,2018,M,8542,17403.0,H5,china_partners,CHN
156,458,2018,M,8542,25652675226.0,H5,china_partners,CHN
156,462,2018,M,8542,16184.0,H5,china_partners,CHN
156,466,2018,M,8542,12403.0,H5,china_partners,CHN
156,470,2018,M,8542,223937000.0,H5,china_partners,CHN
156,473,2018,M,8542,50.0,H5,china_partners,CHN
156,478,2018,M,8542,4281.0,H5,china_partners,CHN
156,480,2018,M,8542,6434.0,H5,china_partners,CHN
156,484,2018,M,8542,2616993505.0,H5,china_partners,CHN
156,490,2018,M,8542,97560858947.0,H5,china_partners,CHN
156,496,2018,M,8542,107.0,H5,china_partners,CHN
156,498,2018,M,8542,1425.0,H5,china_partners,CHN
156,499,2018,M,8542,4233.0,H5,china_partners,CHN
156,500,2018,M,8542,73.0,H5,china_partners,CHN
156,504,2018,M,8542,150367155.0,H5,china_partners,CHN
156,512,2018,M,8542,156599.0,H5,china_partners,CHN
156,516,2018,M,8542,90687.0,H5,china_partners,CHN
156,520,2018,M,8542,7138.0,H5,china_partners,CHN
156,528,2018,M,8542,59194253.0,H5,china_partners,CHN
156,531,2018,M,8542,173.0,H5,china_partners,CHN
156,533,2018,M,8542,12380.0,H5,china_partners,CHN
156,540,2018,M,8542,18860.0,H5,china_partners,CHN
156,554,2018,M,8542,2726472.0,H5,china_partners,CHN
156,566,2018,M,8542,125.0,H5,china_partners,CHN
156,577,2018,M,8542,7317.0,H5,china_partners,CHN
156,579,2018,M,8542,15049817.0,H5,china_partners,CHN
156,591,2018,M,8542,2186.0,H5,china_partners,CHN
156,598,2018,M,8542,16630.0,H5,china_partners,CHN
156,600,2018,M,8542,46.0,H5,china_partners,CHN
156,604,2018,M,8542,491.0,H5,china_partners,CHN
156,608,2018,M,8542,7259252298.0,H5,china_partners,CHN
156,616,2018,M,8542,942798.0,H5,china_partners,CHN
156,620,2018,M,8542,245158711.0,H5,china_partners,CHN
156,626,2018,M,8542,106782.0,H5,china_partners,CHN
156,634,2018,M,8542,1215.0,H5,china_partners,CHN
156,642,2018,M,8542,58726.0,H5,china_partners,CHN
156,643,2018,M,8542,6228786.0,H5,china_partners,CHN
156,646,2018,M,8542,5753.0,H5,china_partners,CHN
156,674,2018,M,8542,3959.0,H5,china_partners,CHN
156,682,2018,M,8542,5281.0,H5,china_partners,CHN
156,686,2018,M,8542,16029.0,H5,china_partners,CHN
156,690,2018,M,8542,522.0,H5,china_partners,CHN
156,694,2018,M,8542,21358.0,H5,china_partners,CHN
156,699,2018,M,8542,19155317.0,H5,china_partners,CHN
156,702,2018,M,8542,6693218033.0,H5,china_partners,CHN
156,703,2018,M,8542,2385248.0,H5,china_partners,CHN
156,704,2018,M,8542,7291343315.0,H5,china_partners,CHN
156,705,2018,M,8542,1061272.0,H5,china_partners,CHN
156,710,2018,M,8542,440379.0,H5,china_partners,CHN
156,724,2018,M,8542,2987157.0,H5,china_partners,CHN
156,748,2018,M,8542,1012.0,H5,china_partners,CHN
156,752,2018,M,8542,6687712.0,H5,china_partners,CHN
156,757,2018,M,8542,72588219.0,H5,china_partners,CHN
156,762,2018,M,8542,5282.0,H5,china_partners,CHN
156,764,2018,M,8542,3956128800.0,H5,china_partners,CHN
156,780,2018,M,8542,7037.0,H5,china_partners,CHN
156,784,2018,M,8542,5200.0,H5,china_partners,CHN
156,788,2018,M,8542,142496.0,H5,china_partners,CHN
156,792,2018,M,8542,265004.0,H5,china_partners,CHN
156,795,2018,M,8542,13923.0,H5,china_partners,CHN
156,804,2018,M,8542,92538.0,H5,china_partners,CHN
156,807,2018,M,8542,51195.0,H5,china_partners,CHN
156,818,2018,M,8542,47050.0,H5,china_partners,CHN
156,826,2018,M,8542,37208495.0,H5,china_partners,CHN
156,834,2018,M,8542,7216.0,H5,china_partners,CHN
156,842,2018,M,8542,12018316937.0,H5,china_partners,CHN
156,862,2018,M,8542,20116.0,H5,china_partners,CHN
156,876,2018,M,8542,3538.0,H5,china_partners,CHN
156,887,2018,M,8542,13760.0,H5,china_partners,CHN
156,899,2018,M,8542,4171155.0,H5,china_partners,CHN
156,0,2018,M,8486,30769938292.0,H5,china_partners,CHN
156,4,2018,M,8486,6620.0,H5,china_partners,CHN
156,36,2018,M,8486,114450.0,H5,china_partners,CHN
156,40,2018,M,8486,267785974.0,H5,china_partners,CHN
156,51,2018,M,8486,56988.0,H5,china_partners,CHN
156,56,2018,M,8486,5467727.0,H5,china_partners,CHN
156,76,2018,M,8486,5240.0,H5,china_partners,CHN
156,100,2018,M,8486,3912391.0,H5,china_partners,CHN
156,116,2018,M,8486,100.0,H5,china_partners,CHN
156,124,2018,M,8486,8768506.0,H5,china_partners,CHN
156,144,2018,M,8486,118718.0,H5,china_partners,CHN
156,156,2018,M,8486,466028086.0,H5,china_partners,CHN
156,188,2018,M,8486,11694.0,H5,china_partners,CHN
156,191,2018,M,8486,6981.0,H5,china_partners,CHN
156,196,2018,M,8486,1021.0,H5,china_partners,CHN
156,203,2018,M,8486,524782.0,H5,china_partners,CHN
156,208,2018,M,8486,318374.0,H5,china_partners,CHN
156,214,2018,M,8486,101.0,H5,china_partners,CHN
156,246,2018,M,8486,8613976.0,H5,china_partners,CHN
156,251,2018,M,8486,40047969.0,H5,china_partners,CHN
156,276,2018,M,8486,774458486.0,H5,china_partners,CHN
156,300,2018,M,8486,10326.0,H5,china_partners,CHN
156,344,2018,M,8486,34830055.0,H5,china_partners,CHN
156,348,2018,M,8486,1291944.0,H5,china_partners,CHN
156,360,2018,M,8486,17158.0,H5,china_partners,CHN
156,364,2018,M,8486,21520.0,H5,china_partners,CHN
156,372,2018,M,8486,131376.0,H5,china_partners,CHN
156,376,2018,M,8486,11896295.0,H5,china_partners,CHN
156,380,2018,M,8486,69476848.0,H5,china_partners,CHN
156,392,2018,M,8486,10543987749.0,H5,china_partners,CHN
156,410,2018,M,8486,6513797241.0,H5,china_partners,CHN
156,440,2018,M,8486,691024.0,H5,china_partners,CHN
156,458,2018,M,8486,166207338.0,H5,china_partners,CHN
156,484,2018,M,8486,3239406.0,H5,china_partners,CHN
156,490,2018,M,8486,2660377409.0,H5,china_partners,CHN
156,528,2018,M,8486,2521268565.0,H5,china_partners,CHN
156,554,2018,M,8486,111758.0,H5,china_partners,CHN
156,579,2018,M,8486,37063.0,H5,china_partners,CHN
156,608,2018,M,8486,7876142.0,H5,china_partners,CHN
156,616,2018,M,8486,23238.0,H5,china_partners,CHN
156,620,2018,M,8486,449244.0,H5,china_partners,CHN
156,642,2018,M,8486,12383.0,H5,china_partners,CHN
156,643,2018,M,8486,1349219.0,H5,china_partners,CHN
156,699,2018,M,8486,364767.0,H5,china_partners,CHN
156,702,2018,M,8486,2131040696.0,H5,china_partners,CHN
156,703,2018,M,8486,232076.0,H5,china_partners,CHN
156,704,2018,M,8486,73875319.0,H5,china_partners,CHN
156,705,2018,M,8486,485199.0,H5,china_partners,CHN
156,724,2018,M,8486,17203557.0,H5,china_partners,CHN
156,748,2018,M,8486,39825.0,H5,china_partners,CHN
156,752,2018,M,8486,120722895.0,H5,china_partners,CHN
156,757,2018,M,8486,82706677.0,H5,china_partners,CHN
156,764,2018,M,8486,20841360.0,H5,china_partners,CHN
156,792,2018,M,8486,183597.0,H5,china_partners,CHN
156,826,2018,M,8486,170938475.0,H5,china_partners,CHN
156,842,2018,M,8486,4036130571.0,H5,china_partners,CHN
156,899,2018,M,8486,1821793.0,H5,china_partners,CHN
156,0,2019,M,8542,306396731089.0,H5,china_partners,CHN
156,4,2019,M,8542,84.0,H5,china_partners,CHN
156,12,2019,M,8542,77.0,H5,china_partners,CHN
156,20,2019,M,8542,8785.0,H5,china_partners,CHN
156,24,2019,M,8542,5.0,H5,china_partners,CHN
156,32,2019,M,8542,4021.0,H5,china_partners,CHN
156,36,2019,M,8542,2231225.0,H5,china_partners,CHN
156,40,2019,M,8542,123265103.0,H5,china_partners,CHN
156,48,2019,M,8542,1397.0,H5,china_partners,CHN
156,51,2019,M,8542,349.0,H5,china_partners,CHN
156,56,2019,M,8542,7213965.0,H5,china_partners,CHN
156,70,2019,M,8542,623.0,H5,china_partners,CHN
156,76,2019,M,8542,275216.0,H5,china_partners,CHN
156,100,2019,M,8542,1124284.0,H5,china_partners,CHN
156,104,2019,M,8542,73488.0,H5,china_partners,CHN
156,112,2019,M,8542,5289332.0,H5,china_partners,CHN
156,116,2019,M,8542,1305.0,H5,china_partners,CHN
156,120,2019,M,8542,10212.0,H5,china_partners,CHN
156,124,2019,M,8542,240484426.0,H5,china_partners,CHN
156,132,2019,M,8542,3588.0,H5,china_partners,CHN
156,136,2019,M,8542,24516.0,H5,china_partners,CHN
156,144,2019,M,8542,141812.0,H5,china_partners,CHN
156,148,2019,M,8542,9244.0,H5,china_partners,CHN
156,152,2019,M,8542,16009.0,H5,china_partners,CHN
156,156,2019,M,8542,37987274272.0,H5,china_partners,CHN
156,170,2019,M,8542,360740.0,H5,china_partners,CHN
156,184,2019,M,8542,2197.0,H5,china_partners,CHN
156,188,2019,M,8542,4723508.0,H5,china_partners,CHN
156,191,2019,M,8542,28584.0,H5,china_partners,CHN
156,196,2019,M,8542,7740.0,H5,china_partners,CHN
156,203,2019,M,8542,14516953.0,H5,china_partners,CHN
156,208,2019,M,8542,4745698.0,H5,china_partners,CHN
156,222,2019,M,8542,53095.0,H5,china_partners,CHN
156,233,2019,M,8542,251177.0,H5,china_partners,CHN
156,246,2019,M,8542,32232696.0,H5,china_partners,CHN
156,251,2019,M,8542,607891004.0,H5,china_partners,CHN
156,258,2019,M,8542,4195.0,H5,china_partners,CHN
156,268,2019,M,8542,10864.0,H5,china_partners,CHN
156,270,2019,M,8542,11151.0,H5,china_partners,CHN
156,276,2019,M,8542,1400147830.0,H5,china_partners,CHN
156,288,2019,M,8542,1274.0,H5,china_partners,CHN
156,300,2019,M,8542,231866.0,H5,china_partners,CHN
156,308,2019,M,8542,122.0,H5,china_partners,CHN
156,328,2019,M,8542,61.0,H5,china_partners,CHN
156,332,2019,M,8542,15308.0,H5,china_partners,CHN
156,344,2019,M,8542,71820964.0,H5,china_partners,CHN
156,348,2019,M,8542,68213541.0,H5,china_partners,CHN
156,352,2019,M,8542,188.0,H5,china_partners,CHN
156,360,2019,M,8542,127744372.0,H5,china_partners,CHN
156,364,2019,M,8542,14973.0,H5,china_partners,CHN
156,372,2019,M,8542,5439035288.0,H5,china_partners,CHN
156,376,2019,M,8542,1524141837.0,H5,china_partners,CHN
156,380,2019,M,8542,38142487.0,H5,china_partners,CHN
156,388,2019,M,8542,3499.0,H5,china_partners,CHN
156,392,2019,M,8542,17289459475.0,H5,china_partners,CHN
156,400,2019,M,8542,9859.0,H5,china_partners,CHN
156,404,2019,M,8542,4310.0,H5,china_partners,CHN
156,410,2019,M,8542,63517969063.0,H5,china_partners,CHN
156,414,2019,M,8542,405044.0,H5,china_partners,CHN
156,417,2019,M,8542,2589.0,H5,china_partners,CHN
156,428,2019,M,8542,139191.0,H5,china_partners,CHN
156,430,2019,M,8542,1638.0,H5,china_partners,CHN
156,440,2019,M,8542,497069.0,H5,china_partners,CHN
156,442,2019,M,8542,2939.0,H5,china_partners,CHN
156,446,2019,M,8542,115752.0,H5,china_partners,CHN
156,450,2019,M,8542,1550.0,H5,china_partners,CHN
156,454,2019,M,8542,45349.0,H5,china_partners,CHN
156,458,2019,M,8542,30719513402.0,H5,china_partners,CHN
156,462,2019,M,8542,9046.0,H5,china_partners,CHN
156,466,2019,M,8542,28191.0,H5,china_partners,CHN
156,470,2019,M,8542,210067786.0,H5,china_partners,CHN
156,473,2019,M,8542,1483.0,H5,china_partners,CHN
156,478,2019,M,8542,14564.0,H5,china_partners,CHN
156,480,2019,M,8542,2186.0,H5,china_partners,CHN
156,484,2019,M,8542,2463333128.0,H5,china_partners,CHN
156,490,2019,M,8542,99297226729.0,H5,china_partners,CHN
156,499,2019,M,8542,26807.0,H5,china_partners,CHN
156,500,2019,M,8542,573.0,H5,china_partners,CHN
156,504,2019,M,8542,138121424.0,H5,china_partners,CHN
156,508,2019,M,8542,1199.0,H5,china_partners,CHN
156,512,2019,M,8542,1405.0,H5,china_partners,CHN
156,516,2019,M,8542,197920.0,H5,china_partners,CHN
156,524,2019,M,8542,225.0,H5,china_partners,CHN
156,528,2019,M,8542,67850129.0,H5,china_partners,CHN
156,531,2019,M,8542,649.0,H5,china_partners,CHN
156,533,2019,M,8542,34609.0,H5,china_partners,CHN
156,548,2019,M,8542,2111.0,H5,china_partners,CHN
156,554,2019,M,8542,7369083.0,H5,china_partners,CHN
156,558,2019,M,8542,107.0,H5,china_partners,CHN
156,577,2019,M,8542,1603.0,H5,china_partners,CHN
156,579,2019,M,8542,23930022.0,H5,china_partners,CHN
156,584,2019,M,8542,29132.0,H5,china_partners,CHN
156,591,2019,M,8542,700.0,H5,china_partners,CHN
156,604,2019,M,8542,103.0,H5,china_partners,CHN
156,608,2019,M,8542,6754744752.0,H5,china_partners,CHN
156,616,2019,M,8542,684344.0,H5,china_partners,CHN
156,620,2019,M,8542,263653661.0,H5,china_partners,CHN
156,624,2019,M,8542,4036.0,H5,china_partners,CHN
156,626,2019,M,8542,11650.0,H5,china_partners,CHN
156,634,2019,M,8542,30.0,H5,china_partners,CHN
156,642,2019,M,8542,53776.0,H5,china_partners,CHN
156,643,2019,M,8542,7311823.0,H5,china_partners,CHN
156,646,2019,M,8542,1449.0,H5,china_partners,CHN
156,662,2019,M,8542,570.0,H5,china_partners,CHN
156,678,2019,M,8542,2440.0,H5,china_partners,CHN
156,682,2019,M,8542,2584.0,H5,china_partners,CHN
156,686,2019,M,8542,1319.0,H5,china_partners,CHN
156,699,2019,M,8542,9017644.0,H5,china_partners,CHN
156,702,2019,M,8542,6940558535.0,H5,china_partners,CHN
156,703,2019,M,8542,785879.0,H5,china_partners,CHN
156,704,2019,M,8542,13320925485.0,H5,china_partners,CHN
156,705,2019,M,8542,1489909.0,H5,china_partners,CHN
156,706,2019,M,8542,8532.0,H5,china_partners,CHN
156,710,2019,M,8542,463096.0,H5,china_partners,CHN
156,724,2019,M,8542,1078065.0,H5,china_partners,CHN
156,729,2019,M,8542,72.0,H5,china_partners,CHN
156,740,2019,M,8542,6567.0,H5,china_partners,CHN
156,748,2019,M,8542,198074.0,H5,china_partners,CHN
156,752,2019,M,8542,25178877.0,H5,china_partners,CHN
156,757,2019,M,8542,77000388.0,H5,china_partners,CHN
156,762,2019,M,8542,12862.0,H5,china_partners,CHN
156,764,2019,M,8542,3880592995.0,H5,china_partners,CHN
156,780,2019,M,8542,4831.0,H5,china_partners,CHN
156,784,2019,M,8542,29135.0,H5,china_partners,CHN
156,788,2019,M,8542,22971.0,H5,china_partners,CHN
156,792,2019,M,8542,432360.0,H5,china_partners,CHN
156,795,2019,M,8542,925.0,H5,china_partners,CHN
156,798,2019,M,8542,26098.0,H5,china_partners,CHN
156,804,2019,M,8542,92420.0,H5,china_partners,CHN
156,807,2019,M,8542,3526.0,H5,china_partners,CHN
156,826,2019,M,8542,39422783.0,H5,china_partners,CHN
156,834,2019,M,8542,3371.0,H5,china_partners,CHN
156,842,2019,M,8542,13571791401.0,H5,china_partners,CHN
156,858,2019,M,8542,4050.0,H5,china_partners,CHN
156,887,2019,M,8542,199288.0,H5,china_partners,CHN
156,894,2019,M,8542,419.0,H5,china_partners,CHN
156,899,2019,M,8542,62683403.0,H5,china_partners,CHN
156,0,2019,M,8486,26433374333.0,H5,china_partners,CHN
156,36,2019,M,8486,6623.0,H5,china_partners,CHN
156,40,2019,M,8486,238937866.0,H5,china_partners,CHN
156,52,2019,M,8486,951.0,H5,china_partners,CHN
156,56,2019,M,8486,4424309.0,H5,china_partners,CHN
156,76,2019,M,8486,2420.0,H5,china_partners,CHN
156,100,2019,M,8486,7414351.0,H5,china_partners,CHN
156,112,2019,M,8486,2065563.0,H5,china_partners,CHN
156,124,2019,M,8486,4250757.0,H5,china_partners,CHN
156,144,2019,M,8486,114073.0,H5,china_partners,CHN
156,156,2019,M,8486,259139160.0,H5,china_partners,CHN
156,188,2019,M,8486,48337.0,H5,china_partners,CHN
156,191,2019,M,8486,1019.0,H5,china_partners,CHN
156,203,2019,M,8486,1570750.0,H5,china_partners,CHN
156,208,2019,M,8486,217904.0,H5,china_partners,CHN
156,214,2019,M,8486,2441.0,H5,china_partners,CHN
156,246,2019,M,8486,16861953.0,H5,china_partners,CHN
156,251,2019,M,8486,34827741.0,H5,china_partners,CHN
156,276,2019,M,8486,870539078.0,H5,china_partners,CHN
156,288,2019,M,8486,50.0,H5,china_partners,CHN
156,344,2019,M,8486,48118828.0,H5,china_partners,CHN
156,348,2019,M,8486,1083187.0,H5,china_partners,CHN
156,352,2019,M,8486,2265.0,H5,china_partners,CHN
156,360,2019,M,8486,424057.0,H5,china_partners,CHN
156,372,2019,M,8486,7446.0,H5,china_partners,CHN
156,376,2019,M,8486,11926979.0,H5,china_partners,CHN
156,380,2019,M,8486,80822067.0,H5,china_partners,CHN
156,392,2019,M,8486,8915902170.0,H5,china_partners,CHN
156,404,2019,M,8486,44.0,H5,china_partners,CHN
156,410,2019,M,8486,5208331950.0,H5,china_partners,CHN
156,422,2019,M,8486,603.0,H5,china_partners,CHN
156,440,2019,M,8486,524008.0,H5,china_partners,CHN
156,458,2019,M,8486,240952693.0,H5,china_partners,CHN
156,473,2019,M,8486,729.0,H5,china_partners,CHN
156,484,2019,M,8486,3810887.0,H5,china_partners,CHN
156,490,2019,M,8486,2495407641.0,H5,china_partners,CHN
156,528,2019,M,8486,1682727530.0,H5,china_partners,CHN
156,554,2019,M,8486,411218.0,H5,china_partners,CHN
156,579,2019,M,8486,18312.0,H5,china_partners,CHN
156,608,2019,M,8486,7758852.0,H5,china_partners,CHN
156,616,2019,M,8486,1155753.0,H5,china_partners,CHN
156,642,2019,M,8486,12461.0,H5,china_partners,CHN
156,643,2019,M,8486,335747.0,H5,china_partners,CHN
156,682,2019,M,8486,151.0,H5,china_partners,CHN
156,699,2019,M,8486,514324.0,H5,china_partners,CHN
156,702,2019,M,8486,1800575309.0,H5,china_partners,CHN
156,703,2019,M,8486,16422081.0,H5,china_partners,CHN
156,704,2019,M,8486,53018461.0,H5,china_partners,CHN
156,705,2019,M,8486,252909.0,H5,china_partners,CHN
156,710,2019,M,8486,99.0,H5,china_partners,CHN
156,724,2019,M,8486,61926.0,H5,china_partners,CHN
156,748,2019,M,8486,101889.0,H5,china_partners,CHN
156,752,2019,M,8486,31974065.0,H5,china_partners,CHN
156,757,2019,M,8486,110538646.0,H5,china_partners,CHN
156,764,2019,M,8486,8692884.0,H5,china_partners,CHN
156,792,2019,M,8486,10.0,H5,china_partners,CHN
156,804,2019,M,8486,1387777.0,H5,china_partners,CHN
156,826,2019,M,8486,133612998.0,H5,china_partners,CHN
156,842,2019,M,8486,4135916466.0,H5,china_partners,CHN
156,899,2019,M,8486,143565.0,H5,china_partners,CHN
156,0,2020,M,8542,350770305463.0,H5,china_partners,CHN
156,8,2020,M,8542,3905.0,H5,china_partners,CHN
156,12,2020,M,8542,201.0,H5,china_partners,CHN
156,20,2020,M,8542,1698.0,H5,china_partners,CHN
156,32,2020,M,8542,56124.0,H5,china_partners,CHN
156,36,2020,M,8542,1583873.0,H5,china_partners,CHN
156,40,2020,M,8542,102954549.0,H5,china_partners,CHN
156,48,2020,M,8542,78.0,H5,china_partners,CHN
156,51,2020,M,8542,183.0,H5,china_partners,CHN
156,56,2020,M,8542,21891586.0,H5,china_partners,CHN
156,70,2020,M,8542,640.0,H5,china_partners,CHN
156,76,2020,M,8542,1727534.0,H5,china_partners,CHN
156,84,2020,M,8542,4.0,H5,china_partners,CHN
156,96,2020,M,8542,2402.0,H5,china_partners,CHN
156,100,2020,M,8542,1120088.0,H5,china_partners,CHN
156,104,2020,M,8542,82310.0,H5,china_partners,CHN
156,112,2020,M,8542,7665365.0,H5,china_partners,CHN
156,116,2020,M,8542,6369.0,H5,china_partners,CHN
156,120,2020,M,8542,41612.0,H5,china_partners,CHN
156,124,2020,M,8542,232397934.0,H5,china_partners,CHN
156,132,2020,M,8542,4606.0,H5,china_partners,CHN
156,136,2020,M,8542,7375.0,H5,china_partners,CHN
156,140,2020,M,8542,5992.0,H5,china_partners,CHN
156,144,2020,M,8542,132940.0,H5,china_partners,CHN
156,148,2020,M,8542,43520.0,H5,china_partners,CHN
156,152,2020,M,8542,39424.0,H5,china_partners,CHN
156,156,2020,M,8542,40751287451.0,H5,china_partners,CHN
156,170,2020,M,8542,568.0,H5,china_partners,CHN
156,178,2020,M,8542,5880.0,H5,china_partners,CHN
156,180,2020,M,8542,788.0,H5,china_partners,CHN
156,188,2020,M,8542,3786279.0,H5,china_partners,CHN
156,191,2020,M,8542,239843.0,H5,china_partners,CHN
156,196,2020,M,8542,12338.0,H5,china_partners,CHN
156,203,2020,M,8542,14161662.0,H5,china_partners,CHN
156,208,2020,M,8542,3293347.0,H5,china_partners,CHN
156,214,2020,M,8542,2021.0,H5,china_partners,CHN
156,222,2020,M,8542,62949.0,H5,china_partners,CHN
156,231,2020,M,8542,2075.0,H5,china_partners,CHN
156,233,2020,M,8542,395484.0,H5,china_partners,CHN
156,246,2020,M,8542,35182761.0,H5,china_partners,CHN
156,251,2020,M,8542,742442822.0,H5,china_partners,CHN
156,258,2020,M,8542,1830.0,H5,china_partners,CHN
156,266,2020,M,8542,8.0,H5,china_partners,CHN
156,268,2020,M,8542,27736.0,H5,china_partners,CHN
156,276,2020,M,8542,1264265438.0,H5,china_partners,CHN
156,300,2020,M,8542,346988.0,H5,china_partners,CHN
156,308,2020,M,8542,3692.0,H5,china_partners,CHN
156,320,2020,M,8542,392.0,H5,china_partners,CHN
156,332,2020,M,8542,82.0,H5,china_partners,CHN
156,340,2020,M,8542,1059.0,H5,china_partners,CHN
156,344,2020,M,8542,30503233.0,H5,china_partners,CHN
156,348,2020,M,8542,54483435.0,H5,china_partners,CHN
156,352,2020,M,8542,47.0,H5,china_partners,CHN
156,360,2020,M,8542,120378641.0,H5,china_partners,CHN
156,364,2020,M,8542,12258.0,H5,china_partners,CHN
156,372,2020,M,8542,6400241203.0,H5,china_partners,CHN
156,376,2020,M,8542,2849558985.0,H5,china_partners,CHN
156,380,2020,M,8542,42554391.0,H5,china_partners,CHN
156,388,2020,M,8542,568.0,H5,china_partners,CHN
156,392,2020,M,8542,18300432575.0,H5,china_partners,CHN
156,398,2020,M,8542,3885.0,H5,china_partners,CHN
156,400,2020,M,8542,2095.0,H5,china_partners,CHN
156,404,2020,M,8542,325.0,H5,china_partners,CHN
156,410,2020,M,8542,68751205369.0,H5,china_partners,CHN
156,414,2020,M,8542,778859.0,H5,china_partners,CHN
156,417,2020,M,8542,901.0,H5,china_partners,CHN
156,422,2020,M,8542,72167.0,H5,china_partners,CHN
156,428,2020,M,8542,114359.0,H5,china_partners,CHN
156,430,2020,M,8542,95.0,H5,china_partners,CHN
156,440,2020,M,8542,587194.0,H5,china_partners,CHN
156,446,2020,M,8542,117958.0,H5,china_partners,CHN
156,454,2020,M,8542,19670.0,H5,china_partners,CHN
156,458,2020,M,8542,30347354115.0,H5,china_partners,CHN
156,462,2020,M,8542,6512.0,H5,china_partners,CHN
156,466,2020,M,8542,59980.0,H5,china_partners,CHN
156,470,2020,M,8542,261465307.0,H5,china_partners,CHN
156,473,2020,M,8542,5047.0,H5,china_partners,CHN
156,478,2020,M,8542,4013.0,H5,china_partners,CHN
156,480,2020,M,8542,23354.0,H5,china_partners,CHN
156,484,2020,M,8542,2829615617.0,H5,china_partners,CHN
156,490,2020,M,8542,124037101292.0,H5,china_partners,CHN
156,498,2020,M,8542,12935.0,H5,china_partners,CHN
156,499,2020,M,8542,3648.0,H5,china_partners,CHN
156,500,2020,M,8542,79.0,H5,china_partners,CHN
156,504,2020,M,8542,140493294.0,H5,china_partners,CHN
156,508,2020,M,8542,988.0,H5,china_partners,CHN
156,516,2020,M,8542,2448543.0,H5,china_partners,CHN
156,528,2020,M,8542,68434377.0,H5,china_partners,CHN
156,554,2020,M,8542,6757804.0,H5,china_partners,CHN
156,579,2020,M,8542,12411047.0,H5,china_partners,CHN
156,586,2020,M,8542,2813.0,H5,china_partners,CHN
156,591,2020,M,8542,11467.0,H5,china_partners,CHN
156,598,2020,M,8542,2276.0,H5,china_partners,CHN
156,600,2020,M,8542,8650.0,H5,china_partners,CHN
156,604,2020,M,8542,31536.0,H5,china_partners,CHN
156,608,2020,M,8542,7127743122.0,H5,china_partners,CHN
156,616,2020,M,8542,232533.0,H5,china_partners,CHN
156,620,2020,M,8542,496756320.0,H5,china_partners,CHN
156,624,2020,M,8542,267.0,H5,china_partners,CHN
156,626,2020,M,8542,33244.0,H5,china_partners,CHN
156,642,2020,M,8542,74478.0,H5,china_partners,CHN
156,643,2020,M,8542,8654424.0,H5,china_partners,CHN
156,666,2020,M,8542,702.0,H5,china_partners,CHN
156,682,2020,M,8542,16500.0,H5,china_partners,CHN
156,686,2020,M,8542,32832.0,H5,china_partners,CHN
156,688,2020,M,8542,552.0,H5,china_partners,CHN
156,699,2020,M,8542,8120130.0,H5,china_partners,CHN
156,702,2020,M,8542,6571049764.0,H5,china_partners,CHN
156,703,2020,M,8542,761288.0,H5,china_partners,CHN
156,704,2020,M,8542,20253547925.0,H5,china_partners,CHN
156,705,2020,M,8542,1628532.0,H5,china_partners,CHN
156,706,2020,M,8542,293824.0,H5,china_partners,CHN
156,710,2020,M,8542,660488.0,H5,china_partners,CHN
156,724,2020,M,8542,1405401.0,H5,china_partners,CHN
156,729,2020,M,8542,160.0,H5,china_partners,CHN
156,748,2020,M,8542,42403.0,H5,china_partners,CHN
156,752,2020,M,8542,38138273.0,H5,china_partners,CHN
156,757,2020,M,8542,78036900.0,H5,china_partners,CHN
156,762,2020,M,8542,11196.0,H5,china_partners,CHN
156,764,2020,M,8542,4468833013.0,H5,china_partners,CHN
156,768,2020,M,8542,4090.0,H5,china_partners,CHN
156,780,2020,M,8542,4831.0,H5,china_partners,CHN
156,784,2020,M,8542,15577.0,H5,china_partners,CHN
156,788,2020,M,8542,20473.0,H5,china_partners,CHN
156,792,2020,M,8542,225041.0,H5,china_partners,CHN
156,795,2020,M,8542,171.0,H5,china_partners,CHN
156,796,2020,M,8542,40.0,H5,china_partners,CHN
156,804,2020,M,8542,40454.0,H5,china_partners,CHN
156,807,2020,M,8542,8540.0,H5,china_partners,CHN
156,818,2020,M,8542,28322.0,H5,china_partners,CHN
156,826,2020,M,8542,43463285.0,H5,china_partners,CHN
156,834,2020,M,8542,1419.0,H5,china_partners,CHN
156,842,2020,M,8542,14223455156.0,H5,china_partners,CHN
156,876,2020,M,8542,1056.0,H5,china_partners,CHN
156,882,2020,M,8542,74189.0,H5,china_partners,CHN
156,887,2020,M,8542,5031.0,H5,china_partners,CHN
156,899,2020,M,8542,4266805.0,H5,china_partners,CHN
156,0,2020,M,8486,31642114458.0,H5,china_partners,CHN
156,32,2020,M,8486,5817.0,H5,china_partners,CHN
156,36,2020,M,8486,70814.0,H5,china_partners,CHN
156,40,2020,M,8486,316797875.0,H5,china_partners,CHN
156,56,2020,M,8486,4416184.0,H5,china_partners,CHN
156,76,2020,M,8486,4562.0,H5,china_partners,CHN
156,100,2020,M,8486,3823738.0,H5,china_partners,CHN
156,112,2020,M,8486,138000.0,H5,china_partners,CHN
156,124,2020,M,8486,6891667.0,H5,china_partners,CHN
156,144,2020,M,8486,229115.0,H5,china_partners,CHN
156,156,2020,M,8486,392014058.0,H5,china_partners,CHN
156,184,2020,M,8486,326.0,H5,china_partners,CHN
156,188,2020,M,8486,1763.0,H5,china_partners,CHN
156,191,2020,M,8486,10260.0,H5,china_partners,CHN
156,203,2020,M,8486,5792149.0,H5,china_partners,CHN
156,208,2020,M,8486,2693606.0,H5,china_partners,CHN
156,214,2020,M,8486,766.0,H5,china_partners,CHN
156,246,2020,M,8486,19189085.0,H5,china_partners,CHN
156,251,2020,M,8486,53468996.0,H5,china_partners,CHN
156,268,2020,M,8486,544.0,H5,china_partners,CHN
156,276,2020,M,8486,696389145.0,H5,china_partners,CHN
156,344,2020,M,8486,62605502.0,H5,china_partners,CHN
156,348,2020,M,8486,666918.0,H5,china_partners,CHN
156,360,2020,M,8486,390612.0,H5,china_partners,CHN
156,372,2020,M,8486,68870.0,H5,china_partners,CHN
156,376,2020,M,8486,12896958.0,H5,china_partners,CHN
156,380,2020,M,8486,68966940.0,H5,china_partners,CHN
156,388,2020,M,8486,26558.0,H5,china_partners,CHN
156,392,2020,M,8486,9649562427.0,H5,china_partners,CHN
156,410,2020,M,8486,5972345256.0,H5,china_partners,CHN
156,440,2020,M,8486,640673.0,H5,china_partners,CHN
156,458,2020,M,8486,414046750.0,H5,china_partners,CHN
156,484,2020,M,8486,6537376.0,H5,china_partners,CHN
156,490,2020,M,8486,2501288582.0,H5,china_partners,CHN
156,528,2020,M,8486,2801696310.0,H5,china_partners,CHN
156,554,2020,M,8486,188291.0,H5,china_partners,CHN
156,579,2020,M,8486,3873.0,H5,china_partners,CHN
156,598,2020,M,8486,492.0,H5,china_partners,CHN
156,608,2020,M,8486,9353835.0,H5,china_partners,CHN
156,616,2020,M,8486,44451.0,H5,china_partners,CHN
156,620,2020,M,8486,655.0,H5,china_partners,CHN
156,642,2020,M,8486,33314.0,H5,china_partners,CHN
156,643,2020,M,8486,2406667.0,H5,china_partners,CHN
156,699,2020,M,8486,1029660.0,H5,china_partners,CHN
156,702,2020,M,8486,2840255327.0,H5,china_partners,CHN
156,703,2020,M,8486,358469.0,H5,china_partners,CHN
156,704,2020,M,8486,81831461.0,H5,china_partners,CHN
156,705,2020,M,8486,574750.0,H5,china_partners,CHN
156,724,2020,M,8486,5039.0,H5,china_partners,CHN
156,748,2020,M,8486,6173.0,H5,china_partners,CHN
156,752,2020,M,8486,32542822.0,H5,china_partners,CHN
156,757,2020,M,8486,105100250.0,H5,china_partners,CHN
156,764,2020,M,8486,23027497.0,H5,china_partners,CHN
156,788,2020,M,8486,5070.0,H5,china_partners,CHN
156,792,2020,M,8486,2.0,H5,china_partners,CHN
156,804,2020,M,8486,51700.0,H5,china_partners,CHN
156,826,2020,M,8486,214416647.0,H5,china_partners,CHN
156,842,2020,M,8486,5336447003.0,H5,china_partners,CHN
156,899,2020,M,8486,752808.0,H5,china_partners,CHN
156,0,2021,M,8542,432633651677.0,H5,china_partners,CHN
156,4,2021,M,8542,3868.0,H5,china_partners,CHN
156,12,2021,M,8542,9983.0,H5,china_partners,CHN
156,20,2021,M,8542,475324.0,H5,china_partners,CHN
156,24,2021,M,8542,352.0,H5,china_partners,CHN
156,32,2021,M,8542,92264.0,H5,china_partners,CHN
156,36,2021,M,8542,2598393.0,H5,china_partners,CHN
156,40,2021,M,8542,117158735.0,H5,china_partners,CHN
156,50,2021,M,8542,22434.0,H5,china_partners,CHN
156,51,2021,M,8542,49.0,H5,china_partners,CHN
156,56,2021,M,8542,14805669.0,H5,china_partners,CHN
156,76,2021,M,8542,10376488.0,H5,china_partners,CHN
156,100,2021,M,8542,868628.0,H5,china_partners,CHN
156,104,2021,M,8542,87941.0,H5,china_partners,CHN
156,112,2021,M,8542,8681416.0,H5,china_partners,CHN
156,116,2021,M,8542,2983.0,H5,china_partners,CHN
156,120,2021,M,8542,145273.0,H5,china_partners,CHN
156,124,2021,M,8542,294781914.0,H5,china_partners,CHN
156,132,2021,M,8542,2298.0,H5,china_partners,CHN
156,136,2021,M,8542,1269.0,H5,china_partners,CHN
156,144,2021,M,8542,133053.0,H5,china_partners,CHN
156,148,2021,M,8542,235.0,H5,china_partners,CHN
156,152,2021,M,8542,23636.0,H5,china_partners,CHN
156,156,2021,M,8542,58421424763.0,H5,china_partners,CHN
156,170,2021,M,8542,123025.0,H5,china_partners,CHN
156,184,2021,M,8542,27055.0,H5,china_partners,CHN
156,188,2021,M,8542,28665228.0,H5,china_partners,CHN
156,191,2021,M,8542,35074.0,H5,china_partners,CHN
156,192,2021,M,8542,32053.0,H5,china_partners,CHN
156,196,2021,M,8542,25784.0,H5,china_partners,CHN
156,203,2021,M,8542,21113939.0,H5,china_partners,CHN
156,208,2021,M,8542,3634581.0,H5,china_partners,CHN
156,222,2021,M,8542,179178.0,H5,china_partners,CHN
156,231,2021,M,8542,30.0,H5,china_partners,CHN
156,232,2021,M,8542,7051.0,H5,china_partners,CHN
156,233,2021,M,8542,389920.0,H5,china_partners,CHN
156,246,2021,M,8542,40377036.0,H5,china_partners,CHN
156,251,2021,M,8542,633140572.0,H5,china_partners,CHN
156,258,2021,M,8542,1111.0,H5,china_partners,CHN
156,266,2021,M,8542,660.0,H5,china_partners,CHN
156,268,2021,M,8542,780392.0,H5,china_partners,CHN
156,270,2021,M,8542,18121.0,H5,china_partners,CHN
156,275,2021,M,8542,12086.0,H5,china_partners,CHN
156,276,2021,M,8542,1738580107.0,H5,china_partners,CHN
156,288,2021,M,8542,80120.0,H5,china_partners,CHN
156,300,2021,M,8542,863713.0,H5,china_partners,CHN
156,324,2021,M,8542,44.0,H5,china_partners,CHN
156,328,2021,M,8542,8927.0,H5,china_partners,CHN
156,332,2021,M,8542,7152.0,H5,china_partners,CHN
156,340,2021,M,8542,81603.0,H5,china_partners,CHN
156,344,2021,M,8542,32818570.0,H5,china_partners,CHN
156,348,2021,M,8542,30012187.0,H5,china_partners,CHN
156,352,2021,M,8542,342.0,H5,china_partners,CHN
156,360,2021,M,8542,156668754.0,H5,china_partners,CHN
156,364,2021,M,8542,13359.0,H5,china_partners,CHN
156,372,2021,M,8542,7764846175.0,H5,china_partners,CHN
156,376,2021,M,8542,3267511371.0,H5,china_partners,CHN
156,380,2021,M,8542,57415240.0,H5,china_partners,CHN
156,388,2021,M,8542,3625.0,H5,china_partners,CHN
156,392,2021,M,8542,22070820595.0,H5,china_partners,CHN
156,400,2021,M,8542,4228.0,H5,china_partners,CHN
156,404,2021,M,8542,691.0,H5,china_partners,CHN
156,410,2021,M,8542,88276042107.0,H5,china_partners,CHN
156,414,2021,M,8542,82422.0,H5,china_partners,CHN
156,417,2021,M,8542,1579.0,H5,china_partners,CHN
156,418,2021,M,8542,3064.0,H5,china_partners,CHN
156,426,2021,M,8542,16454.0,H5,china_partners,CHN
156,428,2021,M,8542,221555.0,H5,china_partners,CHN
156,440,2021,M,8542,510584.0,H5,china_partners,CHN
156,442,2021,M,8542,5336.0,H5,china_partners,CHN
156,446,2021,M,8542,105396.0,H5,china_partners,CHN
156,450,2021,M,8542,591.0,H5,china_partners,CHN
156,454,2021,M,8542,10661.0,H5,china_partners,CHN
156,458,2021,M,8542,33699038999.0,H5,china_partners,CHN
156,462,2021,M,8542,96147.0,H5,china_partners,CHN
156,466,2021,M,8542,477680.0,H5,china_partners,CHN
156,470,2021,M,8542,448380370.0,H5,china_partners,CHN
156,473,2021,M,8542,1412.0,H5,china_partners,CHN
156,478,2021,M,8542,10758.0,H5,china_partners,CHN
156,480,2021,M,8542,2129.0,H5,china_partners,CHN
156,484,2021,M,8542,2948408248.0,H5,china_partners,CHN
156,490,2021,M,8542,154732807649.0,H5,china_partners,CHN
156,496,2021,M,8542,2822.0,H5,china_partners,CHN
156,498,2021,M,8542,703.0,H5,china_partners,CHN
156,499,2021,M,8542,5520.0,H5,china_partners,CHN
156,500,2021,M,8542,208.0,H5,china_partners,CHN
156,504,2021,M,8542,210650100.0,H5,china_partners,CHN
156,508,2021,M,8542,22824.0,H5,china_partners,CHN
156,512,2021,M,8542,640.0,H5,china_partners,CHN
156,516,2021,M,8542,201785.0,H5,china_partners,CHN
156,520,2021,M,8542,16830.0,H5,china_partners,CHN
156,528,2021,M,8542,85570025.0,H5,china_partners,CHN
156,533,2021,M,8542,123.0,H5,china_partners,CHN
156,540,2021,M,8542,2001.0,H5,china_partners,CHN
156,554,2021,M,8542,7776006.0,H5,china_partners,CHN
156,562,2021,M,8542,20117.0,H5,china_partners,CHN
156,577,2021,M,8542,657.0,H5,china_partners,CHN
156,579,2021,M,8542,7844186.0,H5,china_partners,CHN
156,583,2021,M,8542,1045.0,H5,china_partners,CHN
156,584,2021,M,8542,185.0,H5,china_partners,CHN
156,591,2021,M,8542,833961.0,H5,china_partners,CHN
156,598,2021,M,8542,1675.0,H5,china_partners,CHN
156,604,2021,M,8542,2222.0,H5,china_partners,CHN
156,608,2021,M,8542,8555803272.0,H5,china_partners,CHN
156,616,2021,M,8542,1009652.0,H5,china_partners,CHN
156,620,2021,M,8542,404482165.0,H5,china_partners,CHN
156,626,2021,M,8542,117840.0,H5,china_partners,CHN
156,634,2021,M,8542,12.0,H5,china_partners,CHN
156,642,2021,M,8542,311678.0,H5,china_partners,CHN
156,643,2021,M,8542,11390539.0,H5,china_partners,CHN
156,646,2021,M,8542,21509.0,H5,china_partners,CHN
156,670,2021,M,8542,110.0,H5,china_partners,CHN
156,678,2021,M,8542,61627.0,H5,china_partners,CHN
156,682,2021,M,8542,353.0,H5,china_partners,CHN
156,686,2021,M,8542,18541.0,H5,china_partners,CHN
156,688,2021,M,8542,37056.0,H5,china_partners,CHN
156,694,2021,M,8542,6812.0,H5,china_partners,CHN
156,699,2021,M,8542,11535035.0,H5,china_partners,CHN
156,702,2021,M,8542,7290769879.0,H5,china_partners,CHN
156,703,2021,M,8542,1464452.0,H5,china_partners,CHN
156,704,2021,M,8542,18603603842.0,H5,china_partners,CHN
156,705,2021,M,8542,2116840.0,H5,china_partners,CHN
156,706,2021,M,8542,352669.0,H5,china_partners,CHN
156,710,2021,M,8542,535341.0,H5,china_partners,CHN
156,724,2021,M,8542,2725916.0,H5,china_partners,CHN
156,728,2021,M,8542,324.0,H5,china_partners,CHN
156,740,2021,M,8542,131.0,H5,china_partners,CHN
156,748,2021,M,8542,79362.0,H5,china_partners,CHN
156,752,2021,M,8542,55341314.0,H5,china_partners,CHN
156,757,2021,M,8542,113602354.0,H5,china_partners,CHN
156,762,2021,M,8542,92000.0,H5,china_partners,CHN
156,764,2021,M,8542,6657697467.0,H5,china_partners,CHN
156,768,2021,M,8542,5350.0,H5,china_partners,CHN
156,780,2021,M,8542,6690.0,H5,china_partners,CHN
156,784,2021,M,8542,40246.0,H5,china_partners,CHN
156,788,2021,M,8542,56709.0,H5,china_partners,CHN
156,792,2021,M,8542,309183.0,H5,china_partners,CHN
156,795,2021,M,8542,13544.0,H5,china_partners,CHN
156,798,2021,M,8542,37139.0,H5,china_partners,CHN
156,800,2021,M,8542,9225.0,H5,china_partners,CHN
156,804,2021,M,8542,384243.0,H5,china_partners,CHN
156,807,2021,M,8542,2743.0,H5,china_partners,CHN
156,818,2021,M,8542,22980.0,H5,china_partners,CHN
156,826,2021,M,8542,44981616.0,H5,china_partners,CHN
156,834,2021,M,8542,306999.0,H5,china_partners,CHN
156,842,2021,M,8542,15734159486.0,H5,china_partners,CHN
156,862,2021,M,8542,233165.0,H5,china_partners,CHN
156,876,2021,M,8542,11975.0,H5,china_partners,CHN
156,882,2021,M,8542,36264.0,H5,china_partners,CHN
156,887,2021,M,8542,225.0,H5,china_partners,CHN
156,894,2021,M,8542,3477.0,H5,china_partners,CHN
156,899,2021,M,8542,678883.0,H5,china_partners,CHN
156,0,2021,M,8486,41000272171.0,H5,china_partners,CHN
156,32,2021,M,8486,2500.0,H5,china_partners,CHN
156,36,2021,M,8486,41695.0,H5,china_partners,CHN
156,40,2021,M,8486,430871942.0,H5,china_partners,CHN
156,56,2021,M,8486,7959730.0,H5,china_partners,CHN
156,100,2021,M,8486,6607935.0,H5,china_partners,CHN
156,112,2021,M,8486,2450000.0,H5,china_partners,CHN
156,116,2021,M,8486,95.0,H5,china_partners,CHN
156,124,2021,M,8486,10980936.0,H5,china_partners,CHN
156,144,2021,M,8486,657450.0,H5,china_partners,CHN
156,156,2021,M,8486,567115505.0,H5,china_partners,CHN
156,191,2021,M,8486,27237.0,H5,china_partners,CHN
156,192,2021,M,8486,2219.0,H5,china_partners,CHN
156,196,2021,M,8486,36.0,H5,china_partners,CHN
156,203,2021,M,8486,9418930.0,H5,china_partners,CHN
156,208,2021,M,8486,966631.0,H5,china_partners,CHN
156,246,2021,M,8486,28419613.0,H5,china_partners,CHN
156,251,2021,M,8486,63036285.0,H5,china_partners,CHN
156,276,2021,M,8486,1006655557.0,H5,china_partners,CHN
156,344,2021,M,8486,55139434.0,H5,china_partners,CHN
156,348,2021,M,8486,118909.0,H5,china_partners,CHN
156,360,2021,M,8486,38313.0,H5,china_partners,CHN
156,364,2021,M,8486,10560.0,H5,china_partners,CHN
156,372,2021,M,8486,53508.0,H5,china_partners,CHN
156,376,2021,M,8486,16892311.0,H5,china_partners,CHN
156,380,2021,M,8486,87800539.0,H5,china_partners,CHN
156,392,2021,M,8486,12923608302.0,H5,china_partners,CHN
156,410,2021,M,8486,5775313065.0,H5,china_partners,CHN
156,440,2021,M,8486,2586.0,H5,china_partners,CHN
156,458,2021,M,8486,833876862.0,H5,china_partners,CHN
156,462,2021,M,8486,3120.0,H5,china_partners,CHN
156,470,2021,M,8486,7007.0,H5,china_partners,CHN
156,484,2021,M,8486,5324383.0,H5,china_partners,CHN
156,490,2021,M,8486,3129226540.0,H5,china_partners,CHN
156,499,2021,M,8486,342.0,H5,china_partners,CHN
156,528,2021,M,8486,3431747333.0,H5,china_partners,CHN
156,554,2021,M,8486,629182.0,H5,china_partners,CHN
156,562,2021,M,8486,10083.0,H5,china_partners,CHN
156,579,2021,M,8486,4065.0,H5,china_partners,CHN
156,591,2021,M,8486,182.0,H5,china_partners,CHN
156,608,2021,M,8486,5534520.0,H5,china_partners,CHN
156,616,2021,M,8486,402841.0,H5,china_partners,CHN
156,642,2021,M,8486,63928.0,H5,china_partners,CHN
156,643,2021,M,8486,2109569.0,H5,china_partners,CHN
156,699,2021,M,8486,1597457.0,H5,china_partners,CHN
156,702,2021,M,8486,4925164545.0,H5,china_partners,CHN
156,703,2021,M,8486,14211.0,H5,china_partners,CHN
156,704,2021,M,8486,161541072.0,H5,china_partners,CHN
156,705,2021,M,8486,644924.0,H5,china_partners,CHN
156,724,2021,M,8486,806987.0,H5,china_partners,CHN
156,748,2021,M,8486,4321.0,H5,china_partners,CHN
156,752,2021,M,8486,55216400.0,H5,china_partners,CHN
156,757,2021,M,8486,166572407.0,H5,china_partners,CHN
156,764,2021,M,8486,73827411.0,H5,china_partners,CHN
156,788,2021,M,8486,1263.0,H5,china_partners,CHN
156,792,2021,M,8486,824.0,H5,china_partners,CHN
156,804,2021,M,8486,19600.0,H5,china_partners,CHN
156,826,2021,M,8486,271390265.0,H5,china_partners,CHN
156,842,2021,M,8486,6939915091.0,H5,china_partners,CHN
156,854,2021,M,8486,104.0,H5,china_partners,CHN
156,899,2021,M,8486,423509.0,H5,china_partners,CHN
156,0,2022,M,8542,416525198802.0,H6,china_partners,CHN
156,4,2022,M,8542,3612.0,H6,china_partners,CHN
156,12,2022,M,8542,472.0,H6,china_partners,CHN
156,20,2022,M,8542,16851.0,H6,china_partners,CHN
156,28,2022,M,8542,3223.0,H6,china_partners,CHN
156,32,2022,M,8542,14576.0,H6,china_partners,CHN
156,36,2022,M,8542,2747967.0,H6,china_partners,CHN
156,40,2022,M,8542,141579509.0,H6,china_partners,CHN
156,50,2022,M,8542,273.0,H6,china_partners,CHN
156,51,2022,M,8542,42385.0,H6,china_partners,CHN
156,56,2022,M,8542,15349679.0,H6,china_partners,CHN
156,76,2022,M,8542,1235739.0,H6,china_partners,CHN
156,100,2022,M,8542,919935.0,H6,china_partners,CHN
156,104,2022,M,8542,43529.0,H6,china_partners,CHN
156,112,2022,M,8542,9933982.0,H6,china_partners,CHN
156,116,2022,M,8542,529776.0,H6,china_partners,CHN
156,120,2022,M,8542,139847.0,H6,china_partners,CHN
156,124,2022,M,8542,231968852.0,H6,china_partners,CHN
156,132,2022,M,8542,142.0,H6,china_partners,CHN
156,140,2022,M,8542,2026.0,H6,china_partners,CHN
156,144,2022,M,8542,200233.0,H6,china_partners,CHN
156,148,2022,M,8542,6016.0,H6,china_partners,CHN
156,152,2022,M,8542,59172.0,H6,china_partners,CHN
156,156,2022,M,8542,50906504564.0,H6,china_partners,CHN
156,170,2022,M,8542,7801.0,H6,china_partners,CHN
156,188,2022,M,8542,1160660947.0,H6,china_partners,CHN
156,191,2022,M,8542,201781.0,H6,china_partners,CHN
156,196,2022,M,8542,132600.0,H6,china_partners,CHN
156,203,2022,M,8542,14585400.0,H6,china_partners,CHN
156,208,2022,M,8542,3925445.0,H6,china_partners,CHN
156,222,2022,M,8542,113773.0,H6,china_partners,CHN
156,231,2022,M,8542,283.0,H6,china_partners,CHN
156,233,2022,M,8542,661933.0,H6,china_partners,CHN
156,246,2022,M,8542,42873022.0,H6,china_partners,CHN
156,251,2022,M,8542,622112588.0,H6,china_partners,CHN
156,268,2022,M,8542,2039578.0,H6,china_partners,CHN
156,276,2022,M,8542,1963510087.0,H6,china_partners,CHN
156,300,2022,M,8542,43323.0,H6,china_partners,CHN
156,304,2022,M,8542,3184.0,H6,china_partners,CHN
156,328,2022,M,8542,796.0,H6,china_partners,CHN
156,332,2022,M,8542,6417.0,H6,china_partners,CHN
156,336,2022,M,8542,814.0,H6,china_partners,CHN
156,344,2022,M,8542,44340483.0,H6,china_partners,CHN
156,348,2022,M,8542,20736343.0,H6,china_partners,CHN
156,352,2022,M,8542,5011.0,H6,china_partners,CHN
156,360,2022,M,8542,186868507.0,H6,china_partners,CHN
156,364,2022,M,8542,2004.0,H6,china_partners,CHN
156,372,2022,M,8542,6955217109.0,H6,china_partners,CHN
156,376,2022,M,8542,4269954267.0,H6,china_partners,CHN
156,380,2022,M,8542,85758511.0,H6,china_partners,CHN
156,384,2022,M,8542,88.0,H6,china_partners,CHN
156,392,2022,M,8542,20086099466.0,H6,china_partners,CHN
156,400,2022,M,8542,718.0,H6,china_partners,CHN
156,404,2022,M,8542,33210.0,H6,china_partners,CHN
156,410,2022,M,8542,84622159197.0,H6,china_partners,CHN
156,414,2022,M,8542,3885.0,H6,china_partners,CHN
156,428,2022,M,8542,1671731.0,H6,china_partners,CHN
156,440,2022,M,8542,582770.0,H6,china_partners,CHN
156,446,2022,M,8542,58566.0,H6,china_partners,CHN
156,450,2022,M,8542,1184.0,H6,china_partners,CHN
156,454,2022,M,8542,30007.0,H6,china_partners,CHN
156,458,2022,M,8542,29555497541.0,H6,china_partners,CHN
156,462,2022,M,8542,3693.0,H6,china_partners,CHN
156,466,2022,M,8542,207655.0,H6,china_partners,CHN
156,470,2022,M,8542,492966342.0,H6,china_partners,CHN
156,478,2022,M,8542,101747.0,H6,china_partners,CHN
156,480,2022,M,8542,2372.0,H6,china_partners,CHN
156,484,2022,M,8542,2930320965.0,H6,china_partners,CHN
156,490,2022,M,8542,159008370388.0,H6,china_partners,CHN
156,499,2022,M,8542,3318.0,H6,china_partners,CHN
156,500,2022,M,8542,980.0,H6,china_partners,CHN
156,504,2022,M,8542,251781179.0,H6,china_partners,CHN
156,508,2022,M,8542,410.0,H6,china_partners,CHN
156,516,2022,M,8542,253899.0,H6,china_partners,CHN
156,520,2022,M,8542,1070.0,H6,china_partners,CHN
156,524,2022,M,8542,2516.0,H6,china_partners,CHN
156,528,2022,M,8542,84078994.0,H6,china_partners,CHN
156,531,2022,M,8542,618.0,H6,china_partners,CHN
156,554,2022,M,8542,4437590.0,H6,china_partners,CHN
156,562,2022,M,8542,40.0,H6,china_partners,CHN
156,566,2022,M,8542,32872.0,H6,china_partners,CHN
156,574,2022,M,8542,108.0,H6,china_partners,CHN
156,577,2022,M,8542,1586.0,H6,china_partners,CHN
156,579,2022,M,8542,104168845.0,H6,china_partners,CHN
156,586,2022,M,8542,1522.0,H6,china_partners,CHN
156,591,2022,M,8542,17542.0,H6,china_partners,CHN
156,598,2022,M,8542,1280.0,H6,china_partners,CHN
156,600,2022,M,8542,1884.0,H6,china_partners,CHN
156,604,2022,M,8542,140.0,H6,china_partners,CHN
156,608,2022,M,8542,9037509172.0,H6,china_partners,CHN
156,616,2022,M,8542,3099801.0,H6,china_partners,CHN
156,620,2022,M,8542,329181662.0,H6,china_partners,CHN
156,626,2022,M,8542,20663.0,H6,china_partners,CHN
156,634,2022,M,8542,907.0,H6,china_partners,CHN
156,642,2022,M,8542,766193.0,H6,china_partners,CHN
156,643,2022,M,8542,9559189.0,H6,china_partners,CHN
156,646,2022,M,8542,6159.0,H6,china_partners,CHN
156,670,2022,M,8542,284.0,H6,china_partners,CHN
156,678,2022,M,8542,554.0,H6,china_partners,CHN
156,686,2022,M,8542,2410.0,H6,china_partners,CHN
156,688,2022,M,8542,127.0,H6,china_partners,CHN
156,690,2022,M,8542,313.0,H6,china_partners,CHN
156,694,2022,M,8542,1404.0,H6,china_partners,CHN
156,699,2022,M,8542,11928213.0,H6,china_partners,CHN
156,702,2022,M,8542,7083840305.0,H6,china_partners,CHN
156,703,2022,M,8542,2688872.0,H6,china_partners,CHN
156,704,2022,M,8542,16258899856.0,H6,china_partners,CHN
156,705,2022,M,8542,1250887.0,H6,china_partners,CHN
156,706,2022,M,8542,5319.0,H6,china_partners,CHN
156,710,2022,M,8542,364281.0,H6,china_partners,CHN
156,724,2022,M,8542,2930259.0,H6,china_partners,CHN
156,748,2022,M,8542,30822.0,H6,china_partners,CHN
156,752,2022,M,8542,40522490.0,H6,china_partners,CHN
156,757,2022,M,8542,112950232.0,H6,china_partners,CHN
156,760,2022,M,8542,1963.0,H6,china_partners,CHN
156,762,2022,M,8542,10380.0,H6,china_partners,CHN
156,764,2022,M,8542,7574325384.0,H6,china_partners,CHN
156,784,2022,M,8542,230177.0,H6,china_partners,CHN
156,788,2022,M,8542,45143.0,H6,china_partners,CHN
156,792,2022,M,8542,617810.0,H6,china_partners,CHN
156,796,2022,M,8542,80110.0,H6,china_partners,CHN
156,798,2022,M,8542,7488.0,H6,china_partners,CHN
156,804,2022,M,8542,61342.0,H6,china_partners,CHN
156,807,2022,M,8542,31726.0,H6,china_partners,CHN
156,826,2022,M,8542,41009049.0,H6,china_partners,CHN
156,834,2022,M,8542,5589.0,H6,china_partners,CHN
156,842,2022,M,8542,12181956717.0,H6,china_partners,CHN
156,858,2022,M,8542,7103.0,H6,china_partners,CHN
156,860,2022,M,8542,33492.0,H6,china_partners,CHN
156,894,2022,M,8542,969.0,H6,china_partners,CHN
156,899,2022,M,8542,3251701.0,H6,china_partners,CHN
156,0,2022,M,8486,34721757399.0,H6,china_partners,CHN
156,32,2022,M,8486,1300.0,H6,china_partners,CHN
156,36,2022,M,8486,81530.0,H6,china_partners,CHN
156,40,2022,M,8486,489238176.0,H6,china_partners,CHN
156,56,2022,M,8486,9336719.0,H6,china_partners,CHN
156,70,2022,M,8486,1726.0,H6,china_partners,CHN
156,100,2022,M,8486,7447701.0,H6,china_partners,CHN
156,112,2022,M,8486,4300000.0,H6,china_partners,CHN
156,124,2022,M,8486,10648559.0,H6,china_partners,CHN
156,144,2022,M,8486,272786.0,H6,china_partners,CHN
156,156,2022,M,8486,446732489.0,H6,china_partners,CHN
156,188,2022,M,8486,27702.0,H6,china_partners,CHN
156,191,2022,M,8486,48270.0,H6,china_partners,CHN
156,203,2022,M,8486,1282389.0,H6,china_partners,CHN
156,208,2022,M,8486,108065.0,H6,china_partners,CHN
156,214,2022,M,8486,1381.0,H6,china_partners,CHN
156,246,2022,M,8486,29264597.0,H6,china_partners,CHN
156,251,2022,M,8486,80162716.0,H6,china_partners,CHN
156,276,2022,M,8486,844592333.0,H6,china_partners,CHN
156,344,2022,M,8486,37997847.0,H6,china_partners,CHN
156,348,2022,M,8486,122441.0,H6,china_partners,CHN
156,360,2022,M,8486,28254.0,H6,china_partners,CHN
156,372,2022,M,8486,310333.0,H6,china_partners,CHN
156,376,2022,M,8486,24581935.0,H6,china_partners,CHN
156,380,2022,M,8486,61781920.0,H6,china_partners,CHN
156,392,2022,M,8486,10744563471.0,H6,china_partners,CHN
156,410,2022,M,8486,4284955485.0,H6,china_partners,CHN
156,440,2022,M,8486,15810.0,H6,china_partners,CHN
156,458,2022,M,8486,1424951071.0,H6,china_partners,CHN
156,484,2022,M,8486,6592062.0,H6,china_partners,CHN
156,490,2022,M,8486,2874078238.0,H6,china_partners,CHN
156,504,2022,M,8486,3743.0,H6,china_partners,CHN
156,528,2022,M,8486,2741686445.0,H6,china_partners,CHN
156,554,2022,M,8486,509547.0,H6,china_partners,CHN
156,562,2022,M,8486,1523.0,H6,china_partners,CHN
156,579,2022,M,8486,3385.0,H6,china_partners,CHN
156,608,2022,M,8486,8505225.0,H6,china_partners,CHN
156,616,2022,M,8486,846159.0,H6,china_partners,CHN
156,626,2022,M,8486,3317.0,H6,china_partners,CHN
156,642,2022,M,8486,38589.0,H6,china_partners,CHN
156,643,2022,M,8486,648861.0,H6,china_partners,CHN
156,688,2022,M,8486,75511.0,H6,china_partners,CHN
156,699,2022,M,8486,2637397.0,H6,china_partners,CHN
156,702,2022,M,8486,4394706376.0,H6,china_partners,CHN
156,703,2022,M,8486,35246.0,H6,china_partners,CHN
156,704,2022,M,8486,198878687.0,H6,china_partners,CHN
156,705,2022,M,8486,1387234.0,H6,china_partners,CHN
156,724,2022,M,8486,885282.0,H6,china_partners,CHN
156,748,2022,M,8486,908.0,H6,china_partners,CHN
156,752,2022,M,8486,29163337.0,H6,china_partners,CHN
156,757,2022,M,8486,151550039.0,H6,china_partners,CHN
156,764,2022,M,8486,35552760.0,H6,china_partners,CHN
156,792,2022,M,8486,10.0,H6,china_partners,CHN
156,804,2022,M,8486,193303.0,H6,china_partners,CHN
156,818,2022,M,8486,195.0,H6,china_partners,CHN
156,826,2022,M,8486,323419740.0,H6,china_partners,CHN
156,842,2022,M,8486,5447319650.0,H6,china_partners,CHN
156,899,2022,M,8486,177624.0,H6,china_partners,CHN
156,0,2023,M,8542,350138570686.0,H6,china_partners,CHN
156,4,2023,M,8542,4057.0,H6,china_partners,CHN
156,8,2023,M,8542,302.0,H6,china_partners,CHN
156,12,2023,M,8542,1934.0,H6,china_partners,CHN
156,20,2023,M,8542,15155.0,H6,china_partners,CHN
156,32,2023,M,8542,4518.0,H6,china_partners,CHN
156,36,2023,M,8542,2425229.0,H6,china_partners,CHN
156,40,2023,M,8542,116529757.0,H6,china_partners,CHN
156,44,2023,M,8542,1207.0,H6,china_partners,CHN
156,48,2023,M,8542,3167855.0,H6,china_partners,CHN
156,52,2023,M,8542,19071.0,H6,china_partners,CHN
156,56,2023,M,8542,18116847.0,H6,china_partners,CHN
156,76,2023,M,8542,916808.0,H6,china_partners,CHN
156,100,2023,M,8542,2704309.0,H6,china_partners,CHN
156,104,2023,M,8542,30302.0,H6,china_partners,CHN
156,112,2023,M,8542,10083758.0,H6,china_partners,CHN
156,116,2023,M,8542,770543.0,H6,china_partners,CHN
156,120,2023,M,8542,21304.0,H6,china_partners,CHN
156,124,2023,M,8542,150831972.0,H6,china_partners,CHN
156,132,2023,M,8542,1379.0,H6,china_partners,CHN
156,144,2023,M,8542,138253.0,H6,china_partners,CHN
156,152,2023,M,8542,11260.0,H6,china_partners,CHN
156,156,2023,M,8542,46520587557.0,H6,china_partners,CHN
156,170,2023,M,8542,3674.0,H6,china_partners,CHN
156,178,2023,M,8542,294.0,H6,china_partners,CHN
156,188,2023,M,8542,2025344289.0,H6,china_partners,CHN
156,191,2023,M,8542,398667.0,H6,china_partners,CHN
156,196,2023,M,8542,2218.0,H6,china_partners,CHN
156,203,2023,M,8542,17811771.0,H6,china_partners,CHN
156,208,2023,M,8542,1928342.0,H6,china_partners,CHN
156,212,2023,M,8542,118.0,H6,china_partners,CHN
156,218,2023,M,8542,838.0,H6,china_partners,CHN
156,222,2023,M,8542,82048.0,H6,china_partners,CHN
156,231,2023,M,8542,306.0,H6,china_partners,CHN
156,233,2023,M,8542,76374.0,H6,china_partners,CHN
156,246,2023,M,8542,41485584.0,H6,china_partners,CHN
156,251,2023,M,8542,657370366.0,H6,china_partners,CHN
156,276,2023,M,8542,1562581475.0,H6,china_partners,CHN
156,300,2023,M,8542,51149.0,H6,china_partners,CHN
156,308,2023,M,8542,113.0,H6,china_partners,CHN
156,320,2023,M,8542,9095.0,H6,china_partners,CHN
156,332,2023,M,8542,3.0,H6,china_partners,CHN
156,336,2023,M,8542,523.0,H6,china_partners,CHN
156,344,2023,M,8542,20211431.0,H6,china_partners,CHN
156,348,2023,M,8542,10989921.0,H6,china_partners,CHN
156,360,2023,M,8542,210481712.0,H6,china_partners,CHN
156,364,2023,M,8542,7652.0,H6,china_partners,CHN
156,372,2023,M,8542,4943784748.0,H6,china_partners,CHN
156,376,2023,M,8542,3773107667.0,H6,china_partners,CHN
156,380,2023,M,8542,70654700.0,H6,china_partners,CHN
156,392,2023,M,8542,20757221255.0,H6,china_partners,CHN
156,398,2023,M,8542,58.0,H6,china_partners,CHN
156,400,2023,M,8542,16705.0,H6,china_partners,CHN
156,404,2023,M,8542,3160.0,H6,china_partners,CHN
156,410,2023,M,8542,65634823868.0,H6,china_partners,CHN
156,414,2023,M,8542,34.0,H6,china_partners,CHN
156,426,2023,M,8542,888.0,H6,china_partners,CHN
156,428,2023,M,8542,167206.0,H6,china_partners,CHN
156,440,2023,M,8542,319621.0,H6,china_partners,CHN
156,446,2023,M,8542,130844.0,H6,china_partners,CHN
156,450,2023,M,8542,1145.0,H6,china_partners,CHN
156,454,2023,M,8542,572.0,H6,china_partners,CHN
156,458,2023,M,8542,22624504611.0,H6,china_partners,CHN
156,462,2023,M,8542,5624.0,H6,china_partners,CHN
156,466,2023,M,8542,25134.0,H6,china_partners,CHN
156,470,2023,M,8542,538212201.0,H6,china_partners,CHN
156,478,2023,M,8542,1536.0,H6,china_partners,CHN
156,484,2023,M,8542,2734806724.0,H6,china_partners,CHN
156,490,2023,M,8542,134867574923.0,H6,china_partners,CHN
156,496,2023,M,8542,265.0,H6,china_partners,CHN
156,498,2023,M,8542,72878.0,H6,china_partners,CHN
156,504,2023,M,8542,227752026.0,H6,china_partners,CHN
156,512,2023,M,8542,248.0,H6,china_partners,CHN
156,516,2023,M,8542,22878.0,H6,china_partners,CHN
156,527,2023,M,8542,5940.0,H6,china_partners,CHN
156,528,2023,M,8542,72193537.0,H6,china_partners,CHN
156,540,2023,M,8542,9865.0,H6,china_partners,CHN
156,554,2023,M,8542,2879870.0,H6,china_partners,CHN
156,562,2023,M,8542,237.0,H6,china_partners,CHN
156,574,2023,M,8542,23.0,H6,china_partners,CHN
156,579,2023,M,8542,139714430.0,H6,china_partners,CHN
156,586,2023,M,8542,168.0,H6,china_partners,CHN
156,591,2023,M,8542,1054.0,H6,china_partners,CHN
156,598,2023,M,8542,120.0,H6,china_partners,CHN
156,604,2023,M,8542,1365.0,H6,china_partners,CHN
156,608,2023,M,8542,7036034301.0,H6,china_partners,CHN
156,616,2023,M,8542,3521909.0,H6,china_partners,CHN
156,620,2023,M,8542,244287076.0,H6,china_partners,CHN
156,626,2023,M,8542,962.0,H6,china_partners,CHN
156,634,2023,M,8542,104.0,H6,china_partners,CHN
156,636,2023,M,8542,1088.0,H6,china_partners,CHN
156,642,2023,M,8542,396614.0,H6,china_partners,CHN
156,643,2023,M,8542,8933514.0,H6,china_partners,CHN
156,662,2023,M,8542,2847.0,H6,china_partners,CHN
156,670,2023,M,8542,56.0,H6,china_partners,CHN
156,682,2023,M,8542,1075.0,H6,china_partners,CHN
156,686,2023,M,8542,330.0,H6,china_partners,CHN
156,688,2023,M,8542,67231.0,H6,china_partners,CHN
156,699,2023,M,8542,6268469.0,H6,china_partners,CHN
156,702,2023,M,8542,5580912766.0,H6,china_partners,CHN
156,703,2023,M,8542,1029031.0,H6,china_partners,CHN
156,704,2023,M,8542,15087012193.0,H6,china_partners,CHN
156,705,2023,M,8542,515416.0,H6,china_partners,CHN
156,710,2023,M,8542,398433.0,H6,china_partners,CHN
156,724,2023,M,8542,2336498.0,H6,china_partners,CHN
156,748,2023,M,8542,38575.0,H6,china_partners,CHN
156,752,2023,M,8542,34220568.0,H6,china_partners,CHN
156,757,2023,M,8542,103785309.0,H6,china_partners,CHN
156,764,2023,M,8542,5917600330.0,H6,china_partners,CHN
156,768,2023,M,8542,1001.0,H6,china_partners,CHN
156,784,2023,M,8542,21622.0,H6,china_partners,CHN
156,788,2023,M,8542,140697.0,H6,china_partners,CHN
156,792,2023,M,8542,214532.0,H6,china_partners,CHN
156,795,2023,M,8542,6379.0,H6,china_partners,CHN
156,804,2023,M,8542,26592.0,H6,china_partners,CHN
156,807,2023,M,8542,2386.0,H6,china_partners,CHN
156,818,2023,M,8542,8142.0,H6,china_partners,CHN
156,826,2023,M,8542,36055435.0,H6,china_partners,CHN
156,834,2023,M,8542,40135.0,H6,china_partners,CHN
156,842,2023,M,8542,8306920666.0,H6,china_partners,CHN
156,858,2023,M,8542,15617.0,H6,china_partners,CHN
156,860,2023,M,8542,4491.0,H6,china_partners,CHN
156,894,2023,M,8542,3025.0,H6,china_partners,CHN
156,899,2023,M,8542,4505803.0,H6,china_partners,CHN
156,0,2023,M,8486,39612488192.0,H6,china_partners,CHN
156,32,2023,M,8486,2150.0,H6,china_partners,CHN
156,36,2023,M,8486,106520.0,H6,china_partners,CHN
156,40,2023,M,8486,666077134.0,H6,china_partners,CHN
156,48,2023,M,8486,6872.0,H6,china_partners,CHN
156,56,2023,M,8486,27133061.0,H6,china_partners,CHN
156,100,2023,M,8486,4916241.0,H6,china_partners,CHN
156,124,2023,M,8486,13136471.0,H6,china_partners,CHN
156,144,2023,M,8486,111890.0,H6,china_partners,CHN
156,156,2023,M,8486,238662450.0,H6,china_partners,CHN
156,191,2023,M,8486,27150.0,H6,china_partners,CHN
156,203,2023,M,8486,3477735.0,H6,china_partners,CHN
156,208,2023,M,8486,26729.0,H6,china_partners,CHN
156,214,2023,M,8486,935.0,H6,china_partners,CHN
156,233,2023,M,8486,109619.0,H6,china_partners,CHN
156,246,2023,M,8486,37712488.0,H6,china_partners,CHN
156,251,2023,M,8486,104123484.0,H6,china_partners,CHN
156,276,2023,M,8486,1052011937.0,H6,china_partners,CHN
156,344,2023,M,8486,29405487.0,H6,china_partners,CHN
156,348,2023,M,8486,322038.0,H6,china_partners,CHN
156,360,2023,M,8486,9575.0,H6,china_partners,CHN
156,372,2023,M,8486,207384.0,H6,china_partners,CHN
156,376,2023,M,8486,27184000.0,H6,china_partners,CHN
156,380,2023,M,8486,142940372.0,H6,china_partners,CHN
156,392,2023,M,8486,11422588009.0,H6,china_partners,CHN
156,410,2023,M,8486,3224475644.0,H6,china_partners,CHN
156,417,2023,M,8486,1449.0,H6,china_partners,CHN
156,440,2023,M,8486,340768.0,H6,china_partners,CHN
156,458,2023,M,8486,1812471213.0,H6,china_partners,CHN
156,484,2023,M,8486,5974400.0,H6,china_partners,CHN
156,490,2023,M,8486,2257583720.0,H6,china_partners,CHN
156,504,2023,M,8486,10918.0,H6,china_partners,CHN
156,528,2023,M,8486,7514821605.0,H6,china_partners,CHN
156,554,2023,M,8486,1071353.0,H6,china_partners,CHN
156,579,2023,M,8486,1664.0,H6,china_partners,CHN
156,608,2023,M,8486,8115725.0,H6,china_partners,CHN
156,616,2023,M,8486,1466668.0,H6,china_partners,CHN
156,642,2023,M,8486,132982.0,H6,china_partners,CHN
156,643,2023,M,8486,251373.0,H6,china_partners,CHN
156,688,2023,M,8486,1480956.0,H6,china_partners,CHN
156,699,2023,M,8486,2802180.0,H6,china_partners,CHN
156,702,2023,M,8486,5696447292.0,H6,china_partners,CHN
156,703,2023,M,8486,42427.0,H6,china_partners,CHN
156,704,2023,M,8486,151971499.0,H6,china_partners,CHN
156,705,2023,M,8486,2364353.0,H6,china_partners,CHN
156,724,2023,M,8486,16830.0,H6,china_partners,CHN
156,748,2023,M,8486,640.0,H6,china_partners,CHN
156,752,2023,M,8486,81632248.0,H6,china_partners,CHN
156,757,2023,M,8486,200621529.0,H6,china_partners,CHN
156,764,2023,M,8486,27358256.0,H6,china_partners,CHN
156,788,2023,M,8486,64.0,H6,china_partners,CHN
156,792,2023,M,8486,52946.0,H6,china_partners,CHN
156,804,2023,M,8486,57433.0,H6,china_partners,CHN
156,826,2023,M,8486,285933853.0,H6,china_partners,CHN
156,842,2023,M,8486,4564684285.0,H6,china_partners,CHN
156,899,2023,M,8486,2188.0,H6,china_partners,CHN
