country_iso3,year,articles,gdp_deflator,gdppc_ppp,hitech_share,invest_share,mva_share,pat_nonres,pat_res,pop,rd_gdp,researchers_pm,trade_open,ctfp,emp,hc,labsh,pop_pwt,rgdpna,rnna,rtfpna,berd_pct_gdp,gerd_pct_gdp_oecd,gerd_usd_ppp_constant,gerd_usd_ppp_current,gdp_ppp,rd_ppp_constructed,rd_ppp,ln_gdppc,ln_pop,ln_rd_ppp,ln_pat_res,ln_articles,ln_researchers_pm,pat_tot,ln_pat_tot,articles_pm,pat_res_pm,researchers,ln_researchers,dln_tfp,lp,dln_lp,gap,rd_gdp_lag1,ln_rd_ppp_lag1,gap_lag1,rd_stock,ln_rd_stock,ln_rd_stock_lag1,rd_c,gap_c,rd_gap,is_chn,is_usa,period5
AUS,2000,23495.94,47.3381671518075,45099.0752097084,,25.8919654195344,11.4248399094364,20073.0,1928.0,19028802.0,1.57198,3470.70203,40.8631257691954,0.864831745624542,9.15580081939697,3.53863549232483,0.605064392089844,19.132471,919862.0,4319261.0,0.905627310276032,,1.4697558,,,858181372548.6495,13490439540.19026,13490439540.19026,10.71661701995256,16.761464284058956,23.325247089303193,7.564238475170491,10.064582919249046,8.152112166599201,22001.0,9.99884318585288,1234.7566599305621,101.32009361388069,66043.30172986805,11.098065892693882,,100467.67269677072,,0.1452203046993598,,,,43881993985.83992,24.50476991311315,,,,,0,0,other
AUS,2001,23969.95,49.5351649042863,45428.2000837579,,23.1582021660242,10.8051481170037,20548.0,2187.0,19274701.0,,,44.1337313971929,0.887340366840363,9.33692646026611,3.52751183509827,0.606984317302704,19.365433,956468.75,4429619.0,0.92472505569458,,,,,875614973582.6085,,,10.723888338416689,16.77430396497169,,7.690286020676768,10.084556241485496,,22735.0,10.031660866259111,1243.596463571601,113.4647951218543,,,2.0868592140658184,102439.35775550062,1.9434980796551926,0.11952664215970442,1.57198,23.325247089303193,0.1452203046993598,,,24.50476991311315,-0.20289921052631588,-0.05964654298301597,0.012102236481877906,0,0,2001-05
AUS,2002,24379.72,50.9421149766866,46688.3947760633,,24.2554623623273,10.4098668971934,20181.0,2364.0,19495210.0,1.74654,3755.80266,41.3813128146921,0.900502145290375,9.45518779754639,3.51642346382141,0.599807679653168,19.595355,986030.875,4563002.0,0.937351763248444,,1.642326874,,,910200060722.2571,15897008140.538507,15897008140.538507,10.751250906908407,16.785679352333634,23.48939676120519,7.768110378525988,10.101506918145686,8.23105729901178,22545.0,10.023268590855185,1250.5492374793603,121.26055579806527,73220.1615752586,11.201226093381143,1.356216989896121,104284.64205183464,1.785311149778579,0.10480273203650986,,,0.11952664215970442,43881993985.83992,24.50476991311315,,,-0.08534020552267134,,0,0,2001-05
AUS,2003,25663.77,52.4640926927986,47581.2285345879,,26.007030943111,10.7213180780763,19176.0,2418.0,19720737.0,,,40.1348011794482,0.89734011888504,9.67939853668213,3.50536966323853,0.599910080432892,19.819454,1027683.6875,4708955.5,0.948414981365204,,,,,938336894067.5034,,,10.770193603922682,16.797181279665555,,7.790696031174738,10.152835548656007,,21594.0,9.980170777307086,1301.359579005592,122.61205045227265,,,1.1733524388418453,106172.26717190898,1.7938833624940642,0.10832031500667116,1.74654,23.48939676120519,0.10480273203650986,,,24.50476991311315,-0.028339210526315828,-0.1000641156458659,0.002835738039417807,0,0,2001-05
AUS,2004,27795.58,54.159196452094,49061.2761503925,,26.5880659201753,10.760614740413,20274.0,2559.0,19932722.0,1.84802,4073.65927,36.9505159618289,0.888430297374725,9.86977863311768,3.49435067176819,0.601517617702484,20.046677,1060098.5,4858963.0,0.953947186470032,,1.722729872,,,977924778471.0039,18072245491.099846,18072245491.099846,10.800825329508264,16.80787326088613,23.617643200078053,7.847371836159788,10.232632294232276,8.312296958041216,22833.0,10.0359621369355,1394.4698571524755,128.3818637514736,81199.11775163293,11.30465966096307,0.5816159292388052,107408.53867207096,1.1576745414409118,0.11829908423998661,,,0.10832031500667116,43881993985.83992,24.50476991311315,,,-0.0965465326757046,,0,0,2001-05
AUS,2005,31769.37,56.2308075887598,49997.0664953941,,26.9676243082002,10.1686211472279,21302.0,2555.0,20176844.0,,,39.0978822564811,0.895052254199982,10.1498174667358,3.4833664894104,0.590798258781433,20.29449,1089307.875,5022133.5,0.947016716003418,,,,,1008783011135.1935,,,10.819719612597009,16.82004616819137,,7.845807502637805,10.366257897038615,,23857.0,10.079832954301699,1574.546048926185,126.63030947753772,,,-0.7291565256501826,107322.9029556453,-0.07976076564908396,0.11087317783060949,1.84802,23.617643200078053,0.11829908423998661,,,24.50476991311315,0.07314078947368419,-0.08656776344238915,-0.006331634561147478,0,0,2001-05
AUS,2006,33996.09,59.1051374906662,50693.7248649798,,27.7412866557676,9.67044139221759,23166.0,2837.0,20450966.0,2.17862,4269.01789,41.4878923489153,0.879733085632324,10.4159488677979,3.472416639328,0.586387455463409,20.590559,1130410.875,5187847.0,0.954572319984436,,1.995974542,,,1036735643627.0564,22586530079.187775,22586530079.187775,10.833557411997642,16.833540676501258,23.840619551342353,7.950502434808851,10.434000796985291,8.359139077426155,26003.0,10.165967194962711,1662.3219656225526,138.7220535206014,87305.53972178175,11.37716919596314,0.7946663131735927,108526.92244820776,1.115620064138767,0.12813672929965675,,,0.11087317783060949,73469954343.82503,25.02014237515231,,,-0.09399366985176627,,0,0,2006-10
AUS,2007,35801.05,62.05129575906,51663.2403953881,14.5386487572346,27.3471755803552,9.10310744819698,24122.0,2718.0,20827622.0,,,41.9297451276561,0.867502868175507,10.7361841201782,3.46150135993958,0.592022180557251,20.954549,1170950.625,5369089.5,0.955101728439331,,,,,1076022442250.2739,,,10.85250179010637,16.851790644454184,,7.907651594711089,10.485732501567625,,26840.0,10.197648591085619,1718.9216320518972,130.49977573051785,,,0.055444903688593034,109065.81071008724,0.49531926532626613,0.14213646091240165,2.17862,23.840619551342353,0.12813672929965675,,,25.02014237515231,0.4037407894736842,-0.07673011838271901,-0.03097907857224822,0,0,2006-10
AUS,2008,37194.51,64.8856168435935,52473.3819160773,15.3573763049257,28.1494081563949,9.00690047181701,23525.0,2821.0,21249199.0,2.39898,4379.63519,42.7522207880308,0.874323546886444,11.0429754257202,3.45062017440796,0.568356037139893,21.370589,1193111.375,5542700.0,0.941637814044952,,2.236172625,,,1115017334537.7278,26749042852.09318,26749042852.09318,10.868061308883778,16.87182975850661,24.009764528418103,7.944846711001996,10.523916448724982,8.384720709947352,26346.0,10.179071739789773,1750.3958619804916,132.75794537008196,93063.73969971281,11.44103991048969,-1.4197142242918577,108042.56362113454,-0.9426210929724732,0.13430478088477582,,,0.14213646091240165,87009866065.93344,25.18928735222806,,,-0.06273038676997411,,0,0,2006-10
AUS,2009,38978.93,68.1244388076992,52407.9115378584,16.6713030684396,27.5129887832226,8.33320821957859,21187.0,2494.0,21691653.0,,,45.5936120867789,0.876460731029511,11.1730194091797,3.43977355957031,0.575622022151947,21.783011,1219598.25,5712208.5,0.944998383522034,,,,,1136814231533.921,,,10.866812842459181,16.892438090134338,,7.821643126239982,10.570776522710448,,23681.0,10.072428317836021,1796.9552620079255,114.9751012520807,,,0.3562502442830309,109155.65482666071,1.0249632415129994,0.1318633776444415,2.39898,24.009764528418103,0.13430478088477582,,,25.18928735222806,0.6241007894736841,-0.07056206679759994,-0.044037841595276954,0,0,2006-10
AUS,2010,41460.13,68.9182164494048,52739.2681556133,16.5133012608061,26.9461352407809,7.8761687510269,22478.0,2409.0,22031750.0,2.3702,4568.56658,40.3905070860606,0.922896981239319,11.3007745742798,3.4289608001709,0.574317395687103,22.141581,1248954.875,5883105.0,0.955094218254089,,2.172599178,,,1161938371187.4333,27540263273.884544,27540263273.884544,10.873115583353155,16.907995152754747,24.038914889892023,7.786967002614872,10.632487521537195,8.426954776043763,24887.0,10.122100857763806,1881.835532810603,109.34219932597274,100653.51674891499,11.519439370834238,1.0626776538463125,110519.40438158826,1.2416221301805308,0.08023766366695899,,,0.1318633776444415,89583564994.50317,25.21843771370198,,,-0.07300347003793425,,0,0,2006-10
AUS,2011,44899.9,73.1903901704372,53257.0473237603,17.9516177655559,25.9432868336906,7.25000878456727,23143.0,2383.0,22340024.0,2.23459,,41.7219860149689,0.948427200317383,11.5834360122681,3.44216704368591,0.574950098991394,22.479775,1297872.875,6086152.0,0.958053410053253,,2.105158998,,,1189763715381.941,26586341007.55331,26586341007.55331,10.882885418923138,16.921890425910927,24.003663424893222,7.776115477098742,10.712190846556373,,25526.0,10.147452819542636,2009.8411711643641,106.66953625475067,,,0.30935345660975805,112045.58592333169,1.3714694854428444,0.05295024498559879,2.3702,24.038914889892023,0.08023766366695899,102732371252.88101,25.35539310628803,25.21843771370198,0.5953207894736843,-0.12462918401541677,-0.07419434421951898,0,0,2011-15
AUS,2012,46285.11,74.5058309694268,54403.8836902433,17.2855553325245,27.3175908517662,6.9087255284149,23731.0,2627.0,22733465.0,,,43.0198495527558,0.908781349658966,11.7063789367676,3.45542430877686,0.581968009471893,22.852644,1331646.0,6291468.5,0.959026873111725,,,,,1236788785736.217,,,10.904190821660558,16.939348625917663,,7.87359778968554,10.742575590078372,,26358.0,10.179527113203834,2035.9901141335033,115.55651547179455,,,0.10155684669943613,113753.87788084862,1.5131342851494978,0.09565075316798703,2.23459,24.003663424893222,0.05295024498559879,,,25.35539310628803,0.45971078947368404,-0.15191660269677698,-0.06983770135989534,0,0,2011-15
AUS,2013,50403.4,74.4080251953808,54895.0052588984,18.0075143774834,27.7286395572248,6.47475769538219,26656.0,3061.0,23128129.0,2.17733,,41.100511881056,0.842362225055695,11.8428659439087,3.4687328338623,0.581848323345184,23.23627,1366206.125,6480480.5,0.965567171573639,,2.083741877,,,1269618763083.4807,27643790214.24555,27643790214.24555,10.913177644468051,16.956560140317556,24.042666954311773,8.026496938945412,10.827813912101576,,29717.0,10.299474551610182,2179.311607955836,132.3496595855203,,,0.679657474418842,115361.10697112966,1.4030120777320576,0.17154516121945024,,,0.09565075316798703,89920319668.86049,25.222189778121734,,,-0.10921609451438873,,0,0,2011-15
AUS,2014,52133.71,75.4624096602889,55489.068844146,18.9961304703814,26.7582301625395,6.23700054223419,23968.0,1988.0,23475686.0,,,42.2993095385282,0.837970674037933,11.8968238830566,3.48209238052368,0.595910131931305,23.595601,1396128.25,6648222.5,0.970684289932251,,,,,1302643956617.5544,,,10.923941322572663,16.97147580520884,,7.59488438721652,10.861567043463076,,25956.0,10.164158075741058,2220.753421220577,84.68336132967531,,,0.5285605071119633,117353.02327105634,1.7119415532869553,0.17677217429386385,2.17733,24.042666954311773,0.17154516121945024,,,25.222189778121734,0.4024507894736842,-0.03332168646292552,-0.013410339023598951,0,0,2011-15
AUS,2015,53536.9,74.9889525144353,55879.9958817103,19.6921472541598,26.1113805788248,6.16187153809786,26314.0,2291.0,23815995.0,1.91969,,41.4947506939901,0.816249191761017,12.0478782653809,3.49550342559814,0.60457843542099,23.948002,1434652.875,6797224.0,0.981469571590424,,1.873241527,,,1330837702518.8333,25547958291.483788,25547958291.483788,10.930961739672082,16.98586797173483,23.96382324008938,7.736743682453495,10.888126414762997,,28605.0,10.261336806702628,2247.938832704659,96.19585492858896,,,1.10497349699278,119079.2970678014,1.4602948284943906,0.2030355885775706,,,0.17677217429386385,83102952187.54373,25.143346063899337,,,-0.028094673388511904,,0,0,2011-15
AUS,2016,54562.89,74.4839637881886,56529.951824687,20.6275044745549,25.2841043930064,5.93628731808457,25774.0,2620.0,24190907.0,,,40.813402217321,0.846972525119782,12.3064651489258,3.50896620750427,0.584962725639343,24.329963,1467357.125,6940895.0,0.983357310295105,,,,,1367510807305.4834,,,10.942525897461065,17.001487376715872,,7.8709295967551425,10.907109260322736,,28394.0,10.25393313422352,2255.512370825947,108.30515780164836,,,0.19215324290644542,119234.65489422702,0.13038082508760596,0.16608702273131165,1.91969,23.96382324008938,0.2030355885775706,,,25.143346063899337,0.1448107894736841,-0.0018312591048051663,-0.0002651860766977081,0,0,2016-19
AUS,2017,54671.54,77.199823087594,56881.8569859104,18.0967924595604,23.9744250133026,5.6370711506194,26403.0,2503.0,24592588.0,1.88102,,42.0354135251854,0.866683840751648,12.4996700286865,3.52248072624207,0.582688629627228,24.731038,1509594.5,7098245.0,0.991528213024139,,1.788170341,,,1398872073529.4163,26313063477.503025,26313063477.503025,10.948731711375824,17.017955654689374,23.993331362981685,7.8252452914317745,10.90909856050639,,28906.0,10.271804465008787,2223.0901440710513,101.77863346468456,,,0.8274858726286974,120770.74807058985,1.2800663087539021,0.14308102758511118,,,0.16608702273131165,85591702911.4477,25.172854186791643,,,-0.03877982495106411,,0,0,2016-19
AUS,2018,55784.76,78.6250673484219,57647.8455068105,18.1371018191307,24.3863880116543,5.58025754369151,27200.0,2757.0,24963258.0,,,43.5732253645218,0.874863684177399,12.8947973251343,3.53604745864868,0.574934184551239,25.119706,1542376.0,7245557.0,0.986533045768738,,,,,1439078040530.6514,,,10.962108153044138,17.032915621793506,,7.921898411023797,10.929255992786242,,29957.0,10.307518299106112,2234.6746566493844,110.44231486130536,,,-0.5050579552478143,119612.27160923493,-0.9638662762382566,0.13368719427251308,1.88102,23.993331362981685,0.14308102758511118,,,25.172854186791643,0.1061407894736841,-0.06178582009726458,-0.006557995723402679,0,0,2016-19
AUS,2019,57313.1,81.3585466868567,58048.6188420831,21.2199332352628,23.3219874334142,5.45170917330074,27121.0,2637.0,25334826.0,1.82826,,46.0016827052171,0.848566651344299,13.1821699142456,3.54966616630554,0.569040656089783,25.482714,1540531.375,7380284.0,0.96304589509964,,1.789939296,,,1470651657904.4968,26887336000.804752,26887336000.804752,10.969036194286282,17.04769052889935,24.014921232062978,7.877397186353287,10.956284497864415,,29758.0,10.300853282387642,2262.225917793949,104.08597240809942,,,-2.4095753767990487,116864.77909340184,-2.323790950386062,0.16420664542554733,,,0.13368719427251308,87459709015.96964,25.194444055872935,,,-0.07117965340986268,,0,0,2016-19
AUS,2020,57901.21,82.876562212235,57260.4650530108,21.4757898705835,22.7279354612304,5.50480994024151,26926.0,2368.0,25649248.0,,,44.499564103879,0.856350362300873,13.200291633606,3.56333756446838,0.560350656509399,25.743791,1573054.625,7524767.5,0.981769025325775,,,,,1468687868740.007,,,10.955365700397168,17.06002481141249,,7.769800996003896,10.966493561442897,,29294.0,10.285137995878252,2257.423297556326,92.32239479301694,,,1.9255003137475528,119168.17208759498,1.9518174111572861,0.1550756848281518,1.82826,24.014921232062978,0.16420664542554733,,,25.194444055872935,0.05338078947368419,-0.040660202256828426,-0.0021704736966291767,0,0,2020-23
AUS,2021,60308.46,85.4131401626059,58327.4146842325,22.3940766008599,22.5826306071239,5.43021286709902,29443.0,2966.0,25685412.0,1.85783,,40.2022359390595,0.858133256435394,13.3665046691895,3.5980269908905,0.547128617763519,25.956417,1639789.75,7691365.5,1.0,,1.658221012,,,1498163677059.3616,27833334241.51194,27833334241.51194,10.973827496533854,17.061433762245418,24.049500212764283,7.994969522697877,11.007227671381825,,32409.0,10.386191440985094,2347.9654521406937,115.47410646946213,,,1.8399206719402217,122679.02421639086,2.9035679032237027,0.15299588102284445,,,0.1550756848281518,90536872586.93083,25.22902303657424,,,-0.04979116285422397,,0,0,2020-23
AUS,2022,58183.41,91.5624970614141,60029.1329190733,25.8318704116272,23.1156890618434,5.28875408553718,,,26018721.0,,,45.6946418805752,0.877721846103668,13.7700872421265,3.62050604820251,0.546087741851807,26.200984,1696231.25,7862773.5,1.00551331043243,,,,,1561881261293.2837,,,11.002585272014857,17.07432687534397,,,10.971355541538223,,,,2236.213301952852,,,,0.5498167768442985,123182.31687093165,0.4094123584653886,0.13042553952215802,1.85783,24.049500212764283,0.15299588102284445,,,25.22902303657424,0.08295078947368428,-0.05187096665953131,-0.0043027376351712785,0,0,2020-23
AUS,2023,54589.08,97.4769226346552,60684.9596204883,25.2582777120781,23.1932473759349,5.26935642156248,,,26659922.0,1.682148487,,49.044339318428,0.846968114376068,13.7563667297363,3.60863065719605,0.546087741851807,26.451124,1720506.25,8045612.5,1.00107288360596,,1.682148487,,,1617856290055.3677,27214745105.000698,27214745105.000698,11.013451164144975,17.098671946979124,24.027024762814094,,10.907589141730329,,,,2047.6083913523828,,,,-0.4425859290771985,125069.81558443673,1.5206597154998391,0.16609223040342388,,,0.13042553952215802,88524712442.9101,25.20654758662405,,,-0.07444130816021774,,0,0,2020-23
AUT,2000,6614.6,69.989256400729,53534.2669894259,,25.706049968312,18.726691043317,340.0,1961.0,8011566.0,1.89667,,85.8426077336549,1.00545835494995,3.7340624332428,3.11702919006348,0.618841886520386,8.012928,420448.625,2171859.5,1.0033118724823,,,,4440.230317,428893313247.4069,8134690804.369593,8134690804.369593,10.888077232323903,15.896396805553787,22.81940356882743,7.581209826196346,8.797034606088857,,2301.0,7.741099090035366,825.6313434851563,244.7711221501514,,,,112598.17759256548,,-0.005443512117704858,,,,40163917567.42124,24.416234856561864,,,,,0,0,other
AUT,2001,7073.06,71.3451469170801,54032.075746659,,24.9279130602684,18.8665063718647,284.0,1815.0,8042293.0,2.00257,,87.9962567186047,1.00837230682373,3.76019597053528,3.13323092460632,0.611665308475494,8.042233,425985.875,2227135.25,0.99993622303009,,,,4759.61021,434541784552.82544,8702003414.919518,8702003414.919518,10.897333144509528,15.900224799498618,22.886819113674093,7.503840746698951,8.864048479963392,,2099.0,7.649216319820633,879.4830031683749,225.68190440214002,,,-0.337017931513746,113288.21112995317,0.6109581791935881,-0.008337453463183892,1.89667,22.81940356882743,-0.005443512117704858,42841333347.22757,24.480769205926485,24.416234856561864,0.12179078947368427,-0.21031035980008062,-0.025613864754546408,0,0,2001-05
AUT,2002,7506.29,72.1329509378888,54565.0004227482,,23.6230774906842,18.2889236424197,329.0,1932.0,8081957.0,2.0811,2992.22105,87.5844937054619,1.03446102142334,3.7565450668335,3.14951682090759,0.608660519123077,8.081636,432309.0625,2274174.0,1.00216901302338,,,,5205.964918,440991987121.63275,9177484243.9883,9177484243.9883,10.907147938294798,15.90514460414117,22.940018956525105,7.566311014772463,8.923496614706684,8.003771216712943,2261.0,7.72356247227797,928.7713359524186,239.05101202592394,24183.00186059485,10.09340526288984,0.22304431143147432,115081.55893479158,1.5705972546793845,-0.033880538830808465,2.00257,22.886819113674093,-0.008337453463183892,45592617589.13173,24.543011645385164,24.480769205926485,0.22769078947368415,-0.21320430114555966,-0.048544655647017584,0,0,2001-05
AUT,2003,7877.35,73.0468773689386,54919.7101911513,,24.1941212310447,17.9613432652269,213.0,2120.0,8121423.0,2.18701,,86.8822263228608,1.00063538551331,3.78339385986328,3.16588711738586,0.60524320602417,8.122602,437244.15625,2324961.5,0.997881770133972,,,,5676.42407,446026197499.75055,9754637541.939295,9754637541.939295,10.91362758294066,15.910015943089439,23.001008654199893,7.659171367666058,8.971746831876033,,2333.0,7.75491027202143,969.9470154429833,261.03799789765907,,,-0.42871405986132666,115569.29372026856,0.42292105738184205,-0.0006351837413989518,2.0811,22.940018956525105,-0.033880538830808465,48508362492.70126,24.605002042556716,24.543011645385164,0.30622078947368436,-0.23874738651318422,-0.07310941318284614,0,0,2001-05
AUT,2004,8025.15,74.3090996254643,55980.1531665622,,23.7682466626674,17.8020784726469,266.0,2248.0,8171966.0,2.18238,3186.95396,91.4742201880009,0.991814136505127,3.80705428123474,3.18234300613403,0.593671917915344,8.173491,448460.59375,2374753.75,1.00533711910248,,,,5977.817614,457467908351.93866,9983688138.291039,9983688138.291039,10.93275249916006,15.916220074362782,23.02421841193689,7.717796211013582,8.990335639412317,8.066820868125351,2514.0,7.829630389150193,982.0341885906035,275.0868028574764,26043.679404685357,10.16753038452386,0.7443403644046458,117797.2680769214,1.9094784054507485,0.008219551645815596,2.18701,23.001008654199893,-0.0006351837413989518,51215796257.08711,24.659313842055397,24.605002042556716,0.4121307894736841,-0.2055020314237747,-0.08469371444912611,0,0,2001-05
AUT,2005,8898.66,76.1905821350589,56890.1996184204,,23.2345864227667,17.8503433495394,235.0,2270.0,8227829.0,2.38942,3470.7262,94.6747547827805,0.993765890598297,3.85279417037964,3.19888401031494,0.581101596355438,8.229204,458866.5,2423009.75,1.01685702800751,,,,6836.98905,468082834236.22833,11184464857.807285,11184464857.807285,10.94887836658755,15.923032746845779,23.137791586113362,7.727535110475448,9.093655982586913,8.152119130583902,2505.0,7.826044013518965,1081.5319569718818,275.8929481883982,28556.5416794198,10.259641319465407,1.139359793098952,119099.66629615851,1.0995594726932012,0.006253622602275904,2.18238,23.02421841193689,0.008219551645815596,54717891676.33133,24.725456580211624,24.659313842055397,0.4075007894736844,-0.19664729603656017,-0.0801339283827636,0,0,2001-05
AUT,2006,9065.21,77.7483899999477,58460.1550504163,,22.8306808001519,18.278172325021,378.0,2271.0,8268641.0,2.376,3536.82275,98.7857253161241,0.989729821681976,3.91921520233154,3.21551084518433,0.574733138084412,8.269898,473868.40625,2471192.0,1.03241097927094,,,,7345.371116,483386034916.2293,11485252189.609608,11485252189.609608,10.97610069090969,15.927980724596765,23.16432963101876,7.7279755421055585,9.112199288943788,8.170984074859588,2649.0,7.88193748927207,1096.3361452020954,274.6521465861198,29244.71760038275,10.283454241492079,1.5180298425234562,120909.00391693108,1.507755445525305,0.010323280491443805,2.38942,23.137791586113362,0.006253622602275904,57995460114.49124,24.783630570541188,24.725456580211624,0.6145407894736841,-0.19861322508009985,-0.12205592814063906,0,0,2006-10
AUT,2007,9787.57,79.5049367407634,60470.825141587,12.9840241123201,23.1393973500284,18.5487211186086,287.0,2385.0,8295487.0,2.4336,3823.63127,101.36495843546,0.983575105667114,3.99066925048828,3.23222470283508,0.569526731967926,8.296952,491758.03125,2524512.5,1.04898631572723,,,,7912.110709,501634943841.30817,12207787993.322077,12207787993.322077,11.009916298644427,15.931222189949619,23.225339945128844,7.776954403322442,9.188868492253048,8.248955844312878,2672.0,7.890582534656536,1179.8668360278307,287.50572449815184,31718.883493078487,10.364667476298221,1.5927460752243445,123226.95778153771,1.898961139200317,0.016561278367551446,2.376,23.16432963101876,0.010323280491443805,61503929090.639626,24.84236689737083,24.783630570541188,0.6011207894736841,-0.19454356719093197,-0.11694418269683973,0,0,2006-10
AUT,2008,10193.32,81.0423958239972,61157.9014974191,12.6611194672378,23.5337970115719,17.8916492533569,329.0,2298.0,8321496.0,2.58632,4152.75477,102.7437043613,0.9538853764534,4.06640625,3.24902486801147,0.583829283714294,8.323253,498904.78125,2578275.5,1.04021906852722,,,,8834.096206,508925232679.16705,13162435077.827835,13162435077.827835,11.021214347770544,15.934352604326234,23.30063278203558,7.739794458408701,9.229487882769615,8.331527193006972,2627.0,7.87359778968554,1224.938400499141,276.1522687747492,34557.13220753591,10.450369239368932,-0.8392950478634954,122689.36023054755,-0.437220605559574,0.047211765220630426,2.4336,23.225339945128844,0.016561278367551446,65440774804.87151,24.904411369098554,24.84236689737083,0.6587207894736844,-0.1883055693148243,-0.12404079328135267,0,0,2006-10
AUT,2009,10723.83,82.4520414231565,58810.3596828696,13.4379155011383,22.6637107958545,16.8205431880351,292.0,2263.0,8343323.0,2.61279,4157.93027,87.6004931021953,0.919621765613556,4.04547452926636,3.26591277122498,0.600847065448761,8.345066,481012.6875,2617957.5,1.01182222366333,,,,8869.436613,490673826580.35864,12820276673.508951,12820276673.508951,10.982073303450766,15.936972136225297,23.274293869603014,7.724446645633537,9.28022364693628,8.33277269819557,2555.0,7.845807502637805,1285.3188112218597,271.2348545058126,34690.95525408721,10.454234276456592,-2.7678446668912815,118901.4252889712,-3.1360843353059664,0.0837928178069213,2.58632,23.30063278203558,0.047211765220630426,68444935257.649734,24.949295394090157,24.904411369098554,0.8114407894736844,-0.15765508246174534,-0.12792776457729746,0,0,2006-10
AUT,2010,10965.93,83.186968373104,59730.4673903053,13.7053738878044,21.8611554230227,17.0146236665127,249.0,2424.0,8363404.0,2.74321,4379.18237,99.6448825546716,0.881296217441559,4.07625865936279,3.28288817405701,0.597598016262054,8.365092,489714.15625,2652521.25,1.01781260967255,,,,9575.206994,499550029893.9489,13703706375.053797,13703706375.053797,10.997597510746887,15.939376079220304,23.34093217151669,7.793174347189205,9.30254847257685,8.38461731242884,2673.0,7.890956716138919,1311.1802323551512,289.83413930500075,36624.87134998748,10.508482833684871,0.590293712468563,120138.14558238882,1.034750291435671,0.12636148090711172,2.61279,23.274293869603014,0.0837928178069213,71881901344.05608,24.998290350154335,24.949295394090157,0.8379107894736841,-0.12107402987545446,-0.10144923595770246,0,0,2006-10
AUT,2011,11627.54,84.700919154098,61272.1724662899,13.2554242490317,22.7073592505649,17.1446473129533,276.0,2154.0,8391643.0,2.68567,4430.53569,105.775098372378,0.868710219860077,4.13998031616211,3.29365229606628,0.593102097511292,8.39327,504050.375,2694111.25,1.02433180809021,,,,9955.008575,514174197171.53436,13809022161.176746,13809022161.176746,11.023081062350611,15.94274688763862,23.348587995284078,7.675081857716334,9.36113170121274,8.396275778979119,2430.0,7.795646536334594,1385.609468848949,256.683941392645,37179.47380923867,10.523512108653465,0.6384681226989715,121751.87718459258,1.3342886366935147,0.1407456732406533,2.74321,23.34093217151669,0.12636148090711172,74908638303.6244,25.039535051975992,24.998290350154335,0.9683307894736841,-0.07850536677526404,-0.07601916378741255,0,0,2011-15
AUT,2012,11976.12,86.4725784355943,61376.6345930428,14.5446789024689,22.9527434287837,17.2564830895639,294.0,2258.0,8429991.0,2.93372,4720.81116,105.840791389706,0.86839497089386,4.18322658538818,3.30445194244385,0.601977705955505,8.431601,507217.0625,2735107.75,1.02321875095367,,,,11415.06403,517404477229.63947,15179198629.38138,15179198629.38138,11.024784497622708,15.94730626236181,23.443191816307042,7.722234744709607,9.390669946089345,8.459735919746265,2552.0,7.844632644464681,1420.6563209853962,267.8531922513322,39796.39559149956,10.591531624143801,-0.1087208558794097,121250.20056807014,-0.41289962119055446,0.14110863222708186,2.68567,23.348587995284078,0.1407456732406533,78851541187.46213,25.0908326959788,25.039535051975992,0.9107907894736842,-0.06412117444172247,-0.05840097509175623,0,0,2011-15
AUT,2013,12202.11,87.9501551699023,60862.9693673785,15.3690648693427,23.3121101516353,17.1063898788247,244.0,2162.0,8479823.0,2.97993,4782.1241,104.985374015367,0.837715744972229,4.20145893096924,3.31528687477112,0.60887610912323,8.481406,505945.3125,2775554.75,1.01338672637939,,,,12007.909,516107207489.7917,15379633508.150549,15379633508.150549,11.016380212391859,15.95320013490874,23.456309971621042,7.6787889981991535,9.409364166586752,8.47264009916627,2406.0,7.785720896534624,1438.958100894323,254.9581518387825,40551.5659320343,10.610329676110736,-0.965538104189977,120421.33954247241,-0.685942809122686,0.17707644252063787,2.93372,23.443191816307042,0.14110863222708186,82403443517.49335,25.13489306324949,25.0908326959788,1.1588407894736843,-0.06375821545529389,-0.07388562073364603,0,0,2011-15
AUT,2014,12373.89,89.7150897479378,60845.5743980711,15.4904490132481,22.9671788352856,17.1867790689422,271.0,2092.0,8546356.0,3.11263,5009.44199,104.49673998926,0.859169781208038,4.24325466156006,3.32615733146668,0.605553150177002,8.547817,509769.25,2813119.25,1.00937795639038,,,,12863.31135,520007939830.4013,16185923137.54302,16185923137.54302,11.016094366075935,15.961015551233999,23.507407759308723,7.645875825184813,9.42334388644418,8.519079808634265,2363.0,7.767687277186908,1447.8556708847607,244.78268866871448,42812.47460788844,10.66458480190399,-0.39636595116609613,120136.37894940296,-0.2369167184866683,0.15178872669330115,2.97993,23.456309971621042,0.17707644252063787,86228850127.41235,25.18027064687348,25.13489306324949,1.2050507894736842,-0.02779040516173789,-0.033488849679945795,0,0,2011-15
AUT,2015,12946.63,91.7719290280246,60951.6037273662,15.0327319949068,22.8959621968365,17.242928730216,236.0,2205.0,8642699.0,3.06917,5073.42857,103.11758174626,0.867447853088379,4.27408504486084,3.33706331253052,0.602150917053223,8.644039,516414.1875,2852331.75,1.01672267913818,,,,13143.4318,526786364582.9041,16167969065.86912,16167969065.86912,11.01783544674318,15.972225476257695,23.506297903752305,7.6984827878809465,9.468590801601318,8.531772114581887,2441.0,7.80016307039296,1497.9845994868037,255.1286351636219,43848.116028510434,10.688487032875308,0.7250138311613641,120824.49976537937,0.5711488854545976,0.1421998806815884,3.11263,23.507407759308723,0.15178872669330115,89462491674.16962,25.21708528694609,25.18027064687348,1.337750789473684,-0.053078120989074606,-0.07100529825691428,0,0,2011-15
AUT,2016,12789.07,93.4373608656494,61572.6257402404,14.4532591877111,23.3219102437796,17.6682251530651,237.0,2078.0,8736668.0,3.13356,5400.34772,101.573494597172,0.867824137210846,4.32182931900024,3.3480052947998,0.600066840648651,8.737915,527347.8125,2896182.75,1.01506304740906,,,,14344.92525,537939588980.7346,16856659784.464706,16856659784.464706,11.027972663418538,15.983039439244974,23.54801165509236,7.639161171659173,9.45634617887209,8.594218623071844,2315.0,7.747164966520335,1463.8383878155837,237.84811326240165,47181.04511419696,10.761747504352543,-0.1633668429251568,122019.58327729387,0.984247295352958,0.14176619174928462,3.06917,23.506297903752305,0.1421998806815884,92899777707.50888,25.254787089948582,25.21708528694609,1.2942907894736844,-0.06266696700078736,-0.0811092781933704,0,0,2016-19
AUT,2017,12859.58,94.3486721777502,62535.8105711345,12.8851997037889,23.8459451205616,17.4427051605451,232.0,2073.0,8797566.0,3.07376,5416.07999,105.556066755438,0.867948532104492,4.3961615562439,3.35898303985596,0.600424766540527,8.798778,539330.4375,2943963.0,1.01973009109497,,,,14567.29511,550162920863.0535,16910687796.320192,16910687796.320192,11.043494640778501,15.989985650281024,23.55121167296943,7.636752112435779,9.46184433784926,8.597127583685412,2305.0,7.742835955430749,1461.720207611969,235.63335586229192,47648.32117330434,10.77160267600216,0.4587249466875014,122682.12407571444,0.5415102530987426,0.14162286089028678,3.13356,23.54801165509236,0.14176619174928462,95875498847.70274,25.28631629972541,25.254787089948582,1.3586807894736843,-0.06310065593309114,-0.0857336490194796,0,0,2016-19
AUT,2018,12801.87,96.0568359813149,63777.9362157476,11.6500759838374,24.3135937640992,17.3211161045372,168.0,2039.0,8840521.0,3.10828,5682.44087,108.377969971828,0.870059967041016,4.47437429428101,3.36999678611755,0.599839925765991,8.84165,552728.625,2995897.5,1.02002668380737,,,,15563.0533,563830184451.9772,17525420857.283916,17525420857.283916,11.063162582181437,15.994856369528714,23.58691828425968,7.620214770574455,9.457346532987057,8.645136150041235,2207.0,7.699389406256737,1448.08999379109,230.64251529972043,50235.737842493276,10.824481961605676,0.02908118439801516,123532.04909711701,0.6903976212354834,0.13919314207555614,3.07376,23.55121167296943,0.14162286089028678,99019594877.83125,25.318583595554728,25.28631629972541,1.2988807894736842,-0.06324398679208898,-0.08214639949397179,0,0,2016-19
AUT,2019,13266.8,97.4724111917686,64609.2836396895,11.4825348767666,25.0801117201002,17.1022858668807,208.0,2066.0,8879920.0,3.14405,5958.85643,108.207284904426,0.899388074874878,4.52494764328003,3.38104629516602,0.6048424243927,8.880876,562428.875,3051706.75,1.01509654521942,,,,16850.45613,573725269977.7516,18038209350.7355,18038209350.7355,11.076113389038175,15.999303105918763,23.61575808671724,7.633369649679584,9.493019952805172,8.69263386748812,2274.0,7.729295674310482,1494.0224686708889,232.6597536914747,52914.1683898856,10.876426415442609,-0.4845061136401232,124295.11219544373,0.6158045839057991,0.10604066371177436,3.10828,23.58691828425968,0.13919314207555614,102204864996.89207,25.350245116292356,25.318583595554728,1.3334007894736843,-0.06567370560681962,-0.08756937090379562,0,0,2016-19
AUT,2020,13440.62,100.0,60276.3307697326,12.2718957660446,25.134256704245,16.5973264696294,173.0,2124.0,8916864.0,3.20758,5829.2859,99.9482141095975,0.888662934303284,4.45141696929932,3.39213252067566,0.598010241985321,8.921405,526893.1875,3094446.0,0.996166050434113,,,,16738.51678,537475843892.72095,17239967673.534138,17239967673.534138,11.006694781108969,16.003454873234418,23.570496227095173,7.66105638236183,9.506036743965522,8.670649784706871,2297.0,7.739359202689098,1507.3258939465713,238.20033590284655,51978.9495874176,10.858594099977013,-1.8825044403054505,118365.27360476325,-4.888329292747073,0.11803726687920779,3.14405,23.61575808671724,0.10604066371177436,104114102920.8924,25.368753278135863,25.350245116292356,1.3691707894736842,-0.0988261839706014,-0.13530992432769987,0,0,2020-23
AUT,2021,14370.95,101.801872992703,62968.8538770186,11.017122140568,25.8646541570211,16.9794494072387,175.0,1872.0,8955797.0,3.25565,6323.00331,111.032932124165,0.880548596382141,4.54677677154541,3.41118836402893,0.593212604522705,8.967057,552159.5,3146882.0,1.0,,,,18359.82243,563936272645.2416,18359791260.37481,18359791260.37481,11.050395500221683,16.007811590074983,23.633428852813495,7.534762657037537,9.57296408683919,8.751949581544164,2047.0,7.624130585661289,1604.6533881909115,209.02662264452843,56627.534074688076,10.944250613654871,0.38413179899977107,121439.76441850382,2.564299157232064,0.12721016076634256,3.20758,23.570496227095173,0.11803726687920779,106856778743.13333,25.394755258375724,25.368753278135863,1.4327007894736843,-0.08682958080316797,-0.1244008089663678,0,0,2020-23
AUT,2022,14103.32,106.915820412682,65694.4591501468,14.9141702472602,25.2127203813994,16.6515788411782,,,9041851.0,3.17775,6632.30683,123.579578652902,0.917000830173492,4.66247940063477,3.43048191070557,0.594138145446777,9.064677,581301.875,3198415.5,1.02490365505219,,,,20706.38211,593999511161.214,18875819465.925476,18875819465.925476,11.09276986530205,16.017374468045748,23.66114754655235,,9.554165509642578,8.799707960823342,,,1559.7823941137717,,59968.33014314233,11.001571870904817,2.459861310152377,124676.55619472744,2.630445962022776,0.08664690141147786,3.25565,23.633428852813495,0.12721016076634256,109704081397.5888,25.421052408618355,25.394755258375724,1.4807707894736843,-0.0776566869160332,-0.11499175359256521,0,0,2020-23
AUT,2023,13845.8,114.586723585234,64536.2076307547,15.9232697881169,24.6875584181551,15.9413915270403,,,9131761.0,3.25517,6633.64894,115.152914822732,0.892035782337189,4.69524145126343,3.45001626014709,0.607999980449677,9.130429,575750.625,3241278.0,1.00125813484192,,,,21861.46662,589329223930.4282,19183668098.616123,19183668098.616123,11.074981703897409,16.02726911458544,23.67732513413404,,9.535737216528707,8.799910299807106,,,1516.224526682203,,60576.896677983335,11.011668856428273,-2.3341269048034454,122624.28481608177,-1.659774778157086,0.11424903247891144,3.17775,23.66114754655235,0.08664690141147786,112432137286.5666,25.44561565245861,25.421052408618355,1.4028707894736843,-0.1182199462708979,-0.16584730935659106,0,0,2020-23
BEL,2000,9593.02,70.707905341972,50455.7338920674,,22.5070638327085,17.5359744500664,243.0,577.0,10251250.0,1.9362,2982.55342,142.230135067034,1.20071315765381,4.10910558700562,2.9736270904541,0.632380664348602,10.251717,473120.625,2397628.0,1.03988838195801,,,,,517234342061.05597,10014691330.986166,10014691330.986166,10.828851674270348,16.142910207332758,23.02731898491885,6.3578422665081,9.168791029669313,8.000535064960035,820.0,6.709304340258298,935.7902694793318,56.28581880258505,30574.900746775005,10.327934714328517,,115139.56382531695,,-0.18291567831364874,,,,62591820818.663536,24.859900448667158,,,,,0,0,other
BEL,2001,9951.02,72.1099144997902,50835.3969916063,,22.3902708268942,17.0405421304565,264.0,571.0,10286570.0,2.03279,3140.73254,139.576839834619,1.21113502979279,4.16534996032715,2.99241900444031,0.643422961235046,10.287004,478323.03125,2463592.0,1.02578663825989,,,,,522921869631.94763,10629903473.691269,10629903473.691269,10.836348182093666,16.146349718908994,23.086936948703183,6.3473892096560105,9.205430337461399,8.05221134468735,835.0,6.727431724850855,967.379797152987,55.50927082594101,32307.365123987798,10.383050505632072,-1.3653612142593223,114833.81607926938,-0.2658985368793054,-0.19155796107405604,1.9362,23.02731898491885,-0.18291567831364874,63832951169.555275,24.879535369981163,24.859900448667158,0.1613207894736841,-0.3877825259960245,-0.0625573832377781,0,0,2001-05
BEL,2002,10213.35,73.2925157149708,51471.8532550934,,20.696424121126,16.7945870519173,147.0,601.0,10332785.0,1.90325,2974.5959,136.085149488081,1.24791812896729,4.17475366592407,3.01132941246033,0.647515118122101,10.332973,486487.5,2516897.25,1.02155303955078,,,,,531847593236.4303,10122389318.27236,10122389318.27236,10.848790398509042,16.15083240785721,23.038015571582346,6.398594934535208,9.231450967038873,7.997863476820965,748.0,6.617402977974478,988.4411608293409,58.1643767870908,30735.859896581496,10.3331853267139,-0.4135713081053694,116530.82766796432,1.4669847516893597,-0.22147666600631402,2.03279,23.086936948703183,-0.19155796107405604,64380397812.39434,24.888075041928058,24.879535369981163,0.25791078947368407,-0.3964248087564318,-0.10224223539332555,0,0,2001-05
BEL,2003,10754.81,74.6485124728231,51788.8439641975,,20.4941888377035,16.2002374109264,188.0,519.0,10376133.0,1.8412,2985.44684,132.715552833888,1.17406392097473,4.17084836959839,3.03035950660706,0.640514731407166,10.37626,491537.0625,2566361.25,1.01768970489502,,,,,537367932888.7605,9894018380.347857,9894018380.347857,10.854930037566133,16.1550188229379,23.01519620747689,6.251903883165888,9.283108375344014,8.00150470976588,707.0,6.561030665896573,1036.4950025216524,50.01863410964374,30977.393476269717,10.341012974739508,-0.3788994015813382,117850.61909295208,1.1262029419622621,-0.16047116709128378,1.90325,23.038015571582346,-0.22147666600631402,64617356520.88304,24.891748888441676,24.888075041928058,0.1283707894736843,-0.4263435136886898,-0.054730053439201634,0,0,2001-05
BEL,2004,11404.57,76.078022984393,53406.6918625203,,21.4618504095247,16.0899360790406,122.0,514.0,10421137.0,1.8205,3116.44787,136.918405348432,1.13118517398834,4.21205711364746,3.04950976371765,0.625207781791687,10.421292,509090.875,2626834.25,1.03683698177338,,,,,556558452616.1093,10132146629.876268,10132146629.876268,10.885691332874455,16.159346705419193,23.038979040938905,6.2422232654551655,9.341769431245774,8.0444491290113,636.0,6.455198563340122,1094.369069325161,49.32283300756914,32476.93020662819,10.388285276466219,1.8639652014750046,120865.14053916739,2.525750043880848,-0.1232659096283299,1.8412,23.01519620747689,-0.16047116709128378,65056899672.626854,24.89852810349967,24.891748888441676,0.06632078947368414,-0.36533801477365957,-0.024229505564537582,0,0,2001-05
BEL,2005,12640.32,77.6627839983968,54346.8934219288,,22.1538935922611,15.8709459755849,105.0,517.0,10478617.0,1.7906,3173.07923,144.529050669983,1.10927700996399,4.27248096466064,3.06878113746643,0.615302741527557,10.478886,520910.625,2694271.75,1.03865361213684,,,,,569480281308.2113,10197113917.10483,10197113917.10483,10.903142732165572,16.164847262500082,23.045370567895482,6.248042874508429,9.444646983836089,8.062457761331329,622.0,6.432940092739179,1206.29659429293,49.33857206537848,33249.48196182491,10.411794465867137,0.17505555869092096,121922.28106073622,0.870841821555679,-0.10370846073385931,1.8205,23.038979040938905,-0.1232659096283299,65495478638.837654,24.905246948790353,24.89852810349967,0.0456207894736842,-0.3281327573107057,-0.014969675440691213,0,0,2001-05
BEL,2006,12855.64,79.4216256406949,55367.6227467909,,22.3254390645591,15.0185375125134,161.0,490.0,10547958.0,1.82269,3318.08595,149.567509299511,1.0412802696228,4.32073736190796,3.07356929779053,0.613067388534546,10.548442,534206.0,2761498.0,1.03899335861206,,,,,584015359292.995,10644789552.297491,10644789552.297491,10.921750274938143,16.17144284464989,23.088336365467264,6.194405391104672,9.461537904536161,8.107143374574015,651.0,6.478509642208569,1218.7799761811718,46.454489105853476,34999.0312409901,10.46307566125963,0.03270492851112361,123637.69311914488,1.3971657792485104,-0.04045098454245208,1.7906,23.045370567895482,-0.10370846073385931,66315946395.309494,24.917696224001173,24.905246948790353,0.01572078947368416,-0.30857530841623504,-0.004851047460388791,0,0,2006-10
BEL,2007,13465.32,80.9557959960184,56983.4612170064,8.4658386362656,23.2930144412895,15.0603182770214,163.0,454.0,10625700.0,1.84999,3431.0838,152.468446875303,1.02146351337433,4.39245843887329,3.07836484909058,0.607697367668152,10.625493,553848.375,2838901.5,1.05039525032043,,,,,605489163853.5449,11201488982.374195,11201488982.374195,10.950516350626238,16.17878615295755,23.139312551265913,6.118097198041348,9.507872770280798,8.140631466926253,617.0,6.424869023905388,1267.2407464919959,42.72659683597316,36457.66713366,10.503907061919529,1.0914202213984896,126090.74911180438,1.9646419712167074,-0.021236415963437377,1.82269,23.088336365467264,-0.04045098454245208,67570043418.38727,24.936430577079285,24.917696224001173,0.04781078947368411,-0.24531783222482784,-0.011728839230641804,0,0,2006-10
BEL,2008,14086.19,82.5011363918889,56787.7366257416,8.94694983794495,24.1181419052712,13.9927407246937,133.0,575.0,10709973.0,1.93684,3447.86531,161.088447790447,1.00614964962006,4.47060537338257,3.08316802978516,0.624550104141235,10.709708,556323.5625,2915968.25,1.03414726257324,,,,,608195125992.8036,11779766478.279015,11779766478.279015,10.947075676922136,16.18668592141235,23.189649191397727,6.354370040797351,9.552950163784597,8.145510567795538,708.0,6.56244409369372,1315.2404772635748,53.688277272034206,36926.54437773663,10.516685931243615,-1.5589335985427888,124440.31983057183,-1.3175636570613491,-0.006130817691904901,1.84999,23.139312551265913,-0.021236415963437377,69214303383.90819,24.96047337451055,24.936430577079285,0.07511078947368421,-0.22610326364581312,-0.016982794635013586,0,0,2006-10
BEL,2009,14617.7,83.1461477452248,55258.7071019668,11.3575445439539,22.5500517779492,12.8420817122469,148.0,669.0,10796493.0,1.99134,3554.67756,135.13840572229,1.00940072536469,4.47162389755249,3.08797860145569,0.636493384838104,10.812935,545717.5625,2975180.25,1.0133513212204,,,,,596600244415.4348,11880339307.14232,11880339307.14232,10.919781201569007,16.194731917138547,23.198150711680313,6.505784060128229,9.589988402186428,8.176019637701868,817.0,6.705639094860003,1353.9303920263737,61.96456571592275,38378.05139379708,10.555240996876144,-2.031420843221734,122040.13016360665,-1.9476315772005037,-0.009356813533524971,1.93684,23.189649191397727,-0.006130817691904901,70712497183.46428,24.98188815778488,24.96047337451055,0.16196078947368409,-0.21099766537428066,-0.034173348461122716,0,0,2006-10
BEL,2010,14844.6,84.5622134834913,56240.2030936241,9.26523010448885,21.9382428923496,13.1286435724464,140.0,620.0,10895586.0,2.0613,3755.63584,150.162563621427,0.954986453056335,4.51284980773926,3.09279680252075,0.621141374111176,10.936626,560508.25,3032534.75,1.02062141895294,,,,,612769969464.0474,12631027380.56241,12631027380.56241,10.937387137673333,16.203868311054865,23.25942211446311,6.429719478039138,9.605391441735474,8.231012881421188,760.0,6.633318433280377,1362.4416346215799,56.903777364521744,40919.85327940224,10.61937063451178,0.7148698259100854,124202.72640998663,1.7565194616654622,0.04605812388334346,1.99134,23.198150711680313,-0.009356813533524971,72736649986.50705,25.01011122081874,24.98188815778488,0.2164607894736843,-0.21422366121590072,-0.046371022830736956,0,0,2006-10
BEL,2011,15359.79,86.5008205972889,56585.302500068,8.67483840621061,22.7900061624511,12.9499394580106,127.0,636.0,11038264.0,2.15739,3880.19574,160.765516888126,0.932741522789002,4.5514497756958,3.09899544715881,0.620073974132538,11.038631,571332.5,3097750.75,1.01785659790039,,,,,624603507515.6106,13475133610.79103,13475133610.79103,10.94350455732669,16.216878340071904,23.324111869149906,6.455198563340122,9.639508334733202,8.263640879798446,763.0,6.637258031284457,1391.5041350705148,57.61775583551906,42830.62494979536,10.665008661906077,-0.27126343527632996,125527.58530937714,1.0610416650939314,0.06962715532849285,2.0613,23.25942211446311,0.04605812388334346,75301286099.32202,25.044763051278675,25.01011122081874,0.2864207894736843,-0.1588087237990323,-0.04548612004582711,0,0,2011-15
BEL,2012,16090.89,88.4088007042897,56356.8251292137,8.9420007987591,22.8236232419409,12.6215764552248,127.0,755.0,11106932.0,2.27079,4116.61624,160.383301425059,0.925726234912872,4.56256246566773,3.10520648956299,0.628418266773224,11.107518,572565.5,3162041.0,1.010373711586,,,,,625951424446.0677,14214042351.178862,14214042351.178862,10.939458632438928,16.22307997586528,23.377496210886488,6.626717749249025,9.686008552316213,8.322786803920277,882.0,6.782192056006791,1448.7249944449104,67.97556697024885,45722.976647775686,10.73035622182128,-0.7378767816057406,125492.09009376382,-0.02828082363883766,0.07717673068954602,2.15739,23.324111869149906,0.06962715532849285,78220135535.60257,25.08279293902097,25.044763051278675,0.3825107894736841,-0.1352396923538829,-0.05173064149046191,0,0,2011-15
BEL,2013,16396.54,89.6575658680975,56263.175267967,10.6406117548271,22.1558511394486,12.6643780300003,161.0,715.0,11159407.0,2.32047,4161.62059,157.573622782434,0.906607449054718,4.55216789245606,3.11142992973328,0.629071831703186,11.160276,574314.625,3219927.0,1.00736439228058,,,,,627863671927.5779,14569388147.977865,14569388147.977865,10.937795519625888,16.227793377304945,23.402188462310043,6.5722825426940075,9.70482561594405,8.333659842298449,876.0,6.775366090936392,1469.302087467551,64.07150487476619,46441.21794339013,10.74594266163912,-0.2982866340221099,126162.88295336497,0.5331064513871553,0.09804572403581646,2.27079,23.377496210886488,0.07717673068954602,81056503353.24005,25.11841232069063,25.08279293902097,0.49591078947368405,-0.12769011699282973,-0.06332290672590127,0,0,2011-15
BEL,2014,16668.98,90.4110442322977,57002.9092185206,11.9393517315379,22.8409196700006,12.5837894914118,137.0,889.0,11209057.0,2.35858,4544.86674,158.571610953523,0.91189169883728,4.56872320175171,3.11766600608826,0.620788991451263,11.210119,584454.375,3287282.0,1.01438879966736,,,,,638948858596.2229,15070119989.078794,15070119989.078794,10.95085758443566,16.232232670189696,23.4359798116685,6.790097235513905,9.721304786110345,8.421753686049723,1026.0,6.933423025730715,1487.0992269911733,79.31086441972772,50943.67034606418,10.838475798275145,0.6948855755615684,127925.1005567403,1.3871146792869382,0.09223404723420879,2.32047,23.402188462310043,0.09804572403581646,83968147839.33284,25.153703371489218,25.11841232069063,0.545590789473684,-0.1068211236465593,-0.0582806211827923,0,0,2011-15
BEL,2015,16490.59,91.4253101520778,57509.0245728704,12.3351739681226,23.1519860999475,12.5677314710087,148.0,949.0,11274196.0,2.43496,4731.81573,155.068682045926,0.915801405906677,4.60706520080566,3.12391448020935,0.610845565795898,11.275335,593070.1875,3358413.0,1.0154812335968,,,,,648368014803.3572,15787501813.255825,15787501813.255825,10.95969716356362,16.238027132606476,23.482484439476906,6.855408798609928,9.71054519417374,8.46206428308899,1097.0,7.00033446027523,1462.6843457395987,84.17451674602783,53347.41797590308,10.88458085773119,0.10763586012973153,128730.5826269372,0.6276772871165903,0.08795574359251403,2.35858,23.4359798116685,0.09223404723420879,87160427476.68874,25.19101625151618,25.153703371489218,0.5837007894736841,-0.11263280044816697,-0.06574385454222698,0,0,2011-15
BEL,2016,16559.77,93.158084122665,57901.497690315,13.3312451633933,23.5198221753782,12.2484083375363,119.0,1054.0,11331422.0,2.53291,4798.32663,159.057696611945,0.926135778427124,4.66482543945313,3.13017559051514,0.606113135814667,11.332701,600148.5,3434728.5,1.00793397426605,,,,,656106304760.9846,16618582203.921457,16618582203.921457,10.966498530071364,16.24309013263099,23.53378731611164,6.960347729101308,9.71473153895391,8.476022517364338,1173.0,7.067319848653476,1461.402637727198,93.01568682200698,54371.86393836785,10.903602092031052,-0.7459956120126926,128654.01027103749,-0.05950034327746323,0.07673442611395824,2.43496,23.482484439476906,0.08795574359251403,90704945559.10689,25.23087771914225,25.19101625151618,0.660080789473684,-0.11691110408986173,-0.07717077388587598,0,0,2016-19
BEL,2017,16085.55,95.0055611847091,58529.3302957537,11.4917903557909,23.5041514887444,12.4458285747277,216.0,1001.0,11375158.0,2.67654,4757.30821,166.904078237791,0.899227261543274,4.734450340271,3.13644909858704,0.605088174343109,11.376581,608997.5,3509448.25,1.0015641450882,,,,,665780379748.3851,17819878176.117428,17819878176.117428,10.977283280151699,16.24694241281471,23.60358042260866,6.90875477931522,9.685676632436387,8.467437285168005,1217.0,7.104144092987527,1414.0946437842883,87.99877768730772,54115.13254344719,10.898869140018443,-0.6339742696293719,128631.08834829199,-0.017818305785510802,0.10621948274970469,2.53291,23.53378731611164,0.07673442611395824,94919081901.35829,25.27629059612584,25.23087771914225,0.7580307894736844,-0.12813242156841753,-0.09712832067868249,0,0,2016-19
BEL,2018,16199.65,96.6370749338723,59357.6896884396,11.7058640594516,23.7749835796852,12.343919956787,218.0,892.0,11427054.0,2.86365,5040.00069,168.277692877218,0.869722306728363,4.80409526824951,3.14273524284363,0.602487564086914,11.428605,620434.25,3586937.5,0.998752653598785,,,,,678283525385.0425,19423666174.688766,19423666174.688766,10.991336956740847,16.251494259767462,23.68975806544686,6.79346613258001,9.692744916048813,8.525161497970167,1110.0,7.01211529430638,1417.657604488436,78.06036446489182,57592.36004466726,10.961145199773355,-0.2811048072610692,129146.9497077793,0.4002373918346791,0.13958130595328205,2.67654,23.60358042260866,0.10621948274970469,100104885790.8433,25.329484331175795,25.27629059612584,0.9016607894736843,-0.09864736493267107,-0.08894646094469083,0,0,2016-19
BEL,2019,16216.59,98.428958972066,60479.9769955469,14.1440138847213,24.2312098845978,12.413251241175,257.0,876.0,11488980.0,3.15154,5290.87935,165.46547893199,0.900100409984589,4.88003587722778,3.14903402328491,0.596357941627502,11.490618,635590.75,3670727.75,1.00136947631836,,,,,694853246102.2985,21898577992.212376,21898577992.212376,11.010067630488708,16.256898873038445,23.809687539798254,6.775366090936392,9.693790071288412,8.573739739771339,1133.0,7.0326242610280065,1411.4908373067062,76.246977538476,60786.807034563004,11.015128054845508,0.26166644261708905,130243.04861485207,0.8451408599748689,0.10524895523137881,2.86365,23.68975806544686,0.13958130595328205,106987730914.42918,25.39598000048273,25.329484331175795,1.088770789473684,-0.0652855417290937,-0.07108099080960249,0,0,2016-19
BEL,2020,16602.95,100.0,57333.5424137924,15.2618615789713,24.0338724949105,12.0120090332978,288.0,862.0,11538604.0,3.36823,5418.91258,156.950121282783,0.908985912799835,4.87474346160889,3.15534543991089,0.592523753643036,11.540107,605127.0625,3737975.75,0.993591070175171,,,,,661549041829.9546,22282493291.629078,22282493291.629078,10.956641113873024,16.26120884118944,23.827067152909034,6.759255270663693,9.717335669399306,8.597650443308291,1150.0,7.047517221357296,1438.9045676582714,74.70574429974371,62526.68637123832,11.043348726533457,-0.779809462806218,124135.1606019243,-4.803133281428984,0.09542568239467376,3.15154,23.809687539798254,0.10524895523137881,113222064568.89388,25.452616900408046,25.39598000048273,1.376660789473684,-0.09961789245099695,-0.137140046467294,0,0,2020-23
BEL,2021,17845.94,102.69731875411,60669.2137746534,21.3799638763737,23.9163856652107,10.744807994195,415.0,799.0,11586195.0,3.40589,5770.89032,177.381912201075,0.911163151264191,4.94972133636475,3.16043567657471,0.584589779376984,11.570844,642660.375,3814143.5,1.0,,,,,702925341289.8203,23940863906.45586,23940863906.45586,11.01319166180595,16.265324861154763,23.898852622743266,6.683360945766275,9.789531310356496,8.660581649158676,1214.0,7.101675971619444,1540.2761648668954,68.96138033236969,66862.66057113241,11.110395952349165,0.6429555187138649,129837.68808932434,4.491414036934849,0.09303330745595421,3.36823,23.827067152909034,0.09542568239467376,120179618790.01564,25.51225328385528,25.452616900408046,1.5933507894736842,-0.109441165287702,-0.17437816711207993,0,0,2020-23
BEL,2022,17124.05,109.577038066672,62602.9270469765,22.8179135173265,23.9161142447757,12.5247695210532,,,11680210.0,3.19592,5818.71223,191.053418131592,0.914893209934235,5.03521394729614,3.16554522514343,0.571623742580414,11.64182,669866.9375,3893210.75,1.00572609901428,,,,,731215334523.3655,23369057119.099144,23369057119.099144,11.044567313933994,16.27340651465478,23.874678638902314,,9.748239187139108,8.668834249919454,,,1466.0738120290644,,67963.7807759683,11.126730206609963,0.5709767224623505,133036.43986363517,2.4337957427462698,0.08894793097219882,3.40589,23.898852622743266,0.09303330745595421,125521733090.61243,25.555744752562457,25.51225328385528,1.631010789473684,-0.11183354022642154,-0.1824017107343328,0,0,2020-23
BEL,2023,16816.32,115.612315481099,63042.0099876309,18.6668227645892,24.1745802432932,11.9731867449011,,,11779946.0,3.27235,5990.12849,165.987440736442,0.916127026081085,5.06240177154541,3.17067384719849,0.586125731468201,11.712893,678251.6875,3976496.0,1.00189697742462,,,,,742631473385.7527,24301501019.338676,24301501019.338676,11.051556608345022,16.28190915213646,23.913803955728362,,9.730105122431393,8.697868141630684,,,1427.537953060226,,70563.39014526154,11.16426673580287,-0.3814586789471488,133978.24157543085,0.7054335831583103,0.0876002491614528,3.19592,23.874678638902314,0.08894793097219882,130994974146.35922,25.598424794116628,25.555744752562457,1.4210407894736843,-0.11591891671017694,-0.1647255089167641,0,0,2020-23
CAN,2000,34252.57,68.9919934810995,48399.2864445547,,19.5993356617119,17.3359926152489,35435.0,4187.0,30685730.0,1.85849,3510.48256,82.7653578503214,0.95366895198822,14.806040763855,3.50410676002502,0.653895318508148,30.891803,1415440.5,5549067.5,1.00530660152435,,1.858470207,,,1485167436030.2656,27601688281.878887,27601688281.878887,10.787240349714944,17.239308283647823,24.04114277743202,8.339739766019143,10.441516877371624,8.163508788491681,39622.0,10.587139798534272,1116.2377430812303,136.4477885975012,107721.7200058688,11.587306514175229,,95598.85202095489,,0.04743867825045269,,,,142987083298.13437,25.686020136540154,,,,,0,0,other
CAN,2001,33653.44,70.0777044542628,48774.1483226516,,20.1517646904638,16.3735490832522,35753.0,3963.0,31020855.0,2.02116,3688.26825,78.3442183943698,0.952276349067688,14.9712743759155,3.51891613006592,0.657381176948547,31.213577,1441981.375,5715992.0,1.00717604160309,,2.021156042,,,1513015782865.4685,30580469796.963703,30580469796.963703,10.794955703988817,17.250170278195487,24.14362740021237,8.284756593190435,10.423870558674015,8.212912317931574,39716.0,10.589509408153484,1084.8650045267934,127.75276503500629,114413.23458435376,11.647572038162787,0.18578452070984056,96316.54185162325,0.7479266376497762,0.04890000368049785,1.85849,24.04114277743202,0.04743867825045269,152119490600.37793,25.747932171331247,25.686020136540154,0.08361078947368417,-0.15742816943192306,-0.0131626935316,0,0,2001-05
CAN,2002,36419.65,70.9590669227928,49694.9870914363,,19.9748845804896,16.0168184510371,35782.0,3959.0,31359199.0,1.9717,3695.33994,75.7069052324349,0.955807089805603,15.3218393325806,3.53378772735596,0.657402634620667,31.535577,1485230.125,5878819.5,1.01476728916168,,1.971694588,,,1558394989502.782,30726874008.02635,30726874008.02635,10.813659343646288,17.26101821102844,24.14840348347672,8.28374674710613,10.502863743131083,8.214827829150561,39741.0,10.590138679352371,1161.3705439351306,126.24684705754123,115882.90055110806,11.660335482214727,0.7508898109565588,96935.49793605937,0.6405709368854318,0.045199175199129374,2.02116,24.14362740021237,0.04890000368049785,160028441018.3476,25.79861739274812,25.747932171331247,0.24628078947368426,-0.1559668440018779,-0.038411637472501446,0,0,2001-05
CAN,2003,38377.14,73.2650440182869,50139.7664579994,,20.012369056955,15.0118271137379,33299.0,3929.0,31642461.0,1.96782,3888.4744,69.8399832953973,0.948994040489197,15.6996545791626,3.54872250556946,0.645753741264343,31.836482,1512059.125,6055079.0,1.00789761543274,,1.967807056,,,1586545604696.3542,31220361718.335796,31220361718.335796,10.82256971390326,17.270010479128427,24.16433633807599,8.27614021955846,10.555217248806974,8.265772174597831,37228.0,10.524816445305602,1212.8367638661227,124.1685973793252,123040.8995514984,11.720272095761985,-0.6792721946007189,96311.6173910529,-0.6456838555685351,0.052352760171487676,1.9717,24.14840348347672,0.045199175199129374,167244536583.93124,25.842722869256363,25.79861739274812,0.1968207894736842,-0.15966767248324637,-0.031425917351578195,0,0,2001-05
CAN,2004,42306.26,75.6540607830062,51210.6593966138,,20.8745812199367,14.6551872578562,32970.0,5231.0,31938807.0,1.99735,4076.68444,70.1923674409029,0.944937348365784,15.9533767700195,3.56372046470642,0.639334261417389,32.132678,1558817.375,6256085.0,1.00824904441834,,1.997333295,,,1635607366811.1848,32668803741.003197,32668803741.003197,10.843702980698902,17.279332348769906,24.209686445451993,8.562357743370612,10.652690344628585,8.31303929977466,38201.0,10.5506169722625,1324.6036397038874,163.78194714661697,130204.43752906309,11.776861090580292,0.034861450920962295,97710.81053695285,1.4423254228574933,0.05663665171183091,1.96782,24.16433633807599,0.052352760171487676,174826659837.34476,25.88706080477038,25.842722869256363,0.1929407894736841,-0.15251408751088807,-0.02942618845020929,0,0,2001-05
CAN,2005,47389.28,78.0125244491875,52356.5371486354,,21.8372450469019,13.7300266955546,34705.0,5183.0,32242732.0,1.97127,4234.36344,69.7585441602155,0.967140316963196,16.1636619567871,3.57878160476685,0.629435360431671,32.440173,1608862.5,6484737.5,1.01540660858154,,1.971243467,,,1688117795731.4954,33277359671.91625,33277359671.91625,10.86583208240202,17.28880321146661,24.228143112970727,8.553139318189707,10.76615132176751,8.35098828646154,39888.0,10.59383080576334,1469.7662716670536,160.74940547841916,136527.44558651806,11.824280939963876,0.707392485460999,99535.76759407796,1.8504849622322794,0.033411688612810464,1.99735,24.209686445451993,0.05663665171183091,181880020533.6593,25.926613078799956,25.88706080477038,0.22247078947368415,-0.14823019597054485,-0.03297688872140603,0,0,2001-05
CAN,2006,50033.51,80.0185096230125,53195.7608573851,,22.8847443946428,12.9302741406544,36516.0,5522.0,32571193.0,1.94304,4315.13916,68.0508003453151,0.946260929107666,16.4316177368164,3.59390640258789,0.634261846542358,32.759171,1651303.5,6729171.0,1.01398301124573,,1.94299895,,,1732649393667.7356,33666070778.72157,33666070778.72157,10.881733989023008,17.298938805381106,24.239756365320986,8.6164953924901,10.820448259926557,8.369884853287186,42038.0,10.646329250119924,1536.1276450635382,169.5363138832526,140549.2304022179,11.85331310070402,-0.14029810297772494,100495.49146339486,0.9595812555280858,0.05523692438154709,1.97127,24.228143112970727,0.033411688612810464,188264088232.33197,25.96111153871375,25.926613078799956,0.19639078947368427,-0.1714551590695653,-0.03367221404900805,0,0,2006-10
CAN,2007,51356.88,82.6579001279841,53761.8407991685,14.7696951856267,23.3389957278501,12.216320373211,35133.0,4998.0,32888886.0,1.90358,4596.69506,66.2834197482347,0.930817544460297,16.8124904632568,3.60909533500671,0.639494955539703,33.092171,1685153.5,6974573.5,1.0032993555069,,1.903577511,,,1768167053194.0017,33658474391.19038,33658474391.19038,10.892319215666781,17.308645347114272,24.23953070059368,8.516793111394898,10.846554188855077,8.433092859039972,40131.0,10.599904381963697,1561.5268939179027,151.96622956460124,151180.17980510317,11.926227648189972,-1.0592226257150181,100232.23529451826,-0.2623018992613524,0.0716919989345837,1.94304,24.239756365320986,0.05523692438154709,193682949388.67255,25.989488377613263,25.96111153871375,0.1681607894736843,-0.14962992330082867,-0.025161886031154178,0,0,2006-10
CAN,2008,53099.7,85.9613788457203,53711.6580329654,15.1830451903737,23.468960389706,10.9155822054212,37028.0,5061.0,33247298.0,1.85578,4725.99112,67.023446571123,0.938175618648529,17.0522804260254,3.62434840202332,0.63119775056839,33.449085,1701927.625,7216122.5,0.988963186740875,,1.855777859,,,1785767500696.0945,33139916124.41798,33139916124.41798,10.891385352521068,17.319484058606214,24.224004317994673,8.529319371214077,10.879926557496557,8.460832578777673,42089.0,10.647541702869878,1597.1132451124297,152.2228964290572,157126.43511199375,11.964806079419613,-1.4392095337085866,99806.4530068657,-0.4257005824959137,0.06381812079645564,1.90358,24.23953070059368,0.0716919989345837,197770423104.78964,26.010372715656068,25.989488377613263,0.12870078947368424,-0.13317484874779206,-0.017139708171879327,0,0,2006-10
CAN,2009,55233.35,83.9628014231332,51552.4020321975,17.8727014855854,22.3069271582099,10.366522267343,32410.0,5067.0,33630069.0,1.91742,4466.14043,58.4742801830543,0.862010359764099,16.7656116485596,3.6396656036377,0.672544836997986,33.82637,1652315.0,7393991.0,0.971051096916199,,1.917415394,,,1733710837458.542,33242518339.597572,33242518339.597572,10.850354084522438,17.330931135453866,24.227095566386268,8.53050420547591,10.91932221649665,8.404279876151152,37477.0,10.531482690459336,1642.3799189945164,150.6687363620931,150196.61082458968,11.919700453640745,-1.8278018331525263,98553.81566958562,-1.2630089656891386,0.1484879901028451,1.85578,24.224004317994673,0.06381812079645564,201347377978.66876,26.028297501952324,26.010372715656068,0.08090078947368418,-0.14104872688592013,-0.011410953359329002,0,0,2006-10
CAN,2010,56042.72,86.3547436481875,52558.4200617806,15.5005412945327,23.4611524730321,10.3262683277593,30899.0,4550.0,34005902.0,1.82504,4664.07888,60.2079046752442,0.858002424240112,16.9990310668945,3.65504789352417,0.650951683521271,34.196899,1703384.875,7616430.5,0.973248600959778,,1.825037454,,,1787296481895.7449,32618875713.1901,32618875713.1901,10.86968059299932,17.342044655751035,24.208156967364747,8.422882511944996,10.93386953603253,8.447645640408753,35449.0,10.475850322817688,1648.0292156343921,133.80030325324117,158606.20931354974,11.974179738195515,0.22604591068863325,100204.82157464437,1.6613556042855748,0.1531483540434904,1.91742,24.227095566386268,0.1484879901028451,203764146995.05853,26.040229019761597,26.028297501952324,0.1425407894736841,-0.05637885757953065,-0.008036286869010697,0,0,2006-10
CAN,2011,57031.1,89.1566157755979,53681.1084809345,14.7126429740351,23.510376129041,10.272976519555,30357.0,4754.0,34339221.0,1.78714,4802.7188,62.4984217100546,0.879574477672577,17.2673625946045,3.66232514381409,0.639589190483093,34.555452,1756823.375,7854439.0,0.982724726200104,,1.787140592,,,1843367447651.784,32943557003.96409,32943557003.96409,10.890816421226221,17.351798728260746,24.218061540200083,8.46674164792014,10.951352012058557,8.476937453209278,35111.0,10.466269750670861,1660.8151943807925,138.44227858284845,164921.6222740548,12.01322562350575,0.9689497549417572,101742.4268109683,1.5228085175982287,0.1283170365563126,1.82504,24.208156967364747,0.1531483540434904,206143081949.76382,26.05183633720377,26.040229019761597,0.050160789473684186,-0.051718493638885366,-0.0025942404713162038,0,0,2011-15
CAN,2012,59027.18,90.2421354173179,54034.7821680318,15.6186928492244,24.4942803133541,10.3539408427549,30533.0,4709.0,34713395.0,1.77303,4652.42914,62.5957887432013,0.856394410133362,17.4798488616943,3.66961669921875,0.650561571121216,34.922516,1787667.25,8110618.5,0.976195514202118,,1.773039748,,,1875730737137.8442,33257268688.67512,33257268688.67512,10.897383232416692,17.36263619348411,24.227539187335406,8.457230850243555,10.985753294774442,8.445144757879195,35242.0,10.469993832128676,1700.4150703208372,135.65368642277716,161501.6104463303,11.992270393399034,-0.666615826605163,102270.1777426423,0.5173720614346067,0.1550242494558679,1.78714,24.218061540200083,0.1283170365563126,208478888345.97437,26.063103618123264,26.05183633720377,0.012260789473684142,-0.07654981112606316,-0.0009385611184669443,0,0,2011-15
CAN,2013,59395.91,91.812690498657,54712.1568593677,15.4941329115402,24.1873900963866,9.92464127723441,30174.0,4567.0,35080992.0,1.70624,4647.61399,62.2315329073432,0.824137032032013,17.7335376739502,3.67692279815674,0.649688482284546,35.293433,1829245.125,8366380.0,0.981455147266388,,1.706245298,,,1919356737086.2234,32748832390.859974,32748832390.859974,10.909841209774987,17.373170003289644,24.212133146204636,8.426611813185,10.991980647761252,8.444109246459956,34741.0,10.455675824642753,1693.1080512204444,130.18446000614804,163042.9092022781,12.001768691785326,0.5373426243214349,103151.73196869128,0.8582917362906173,0.1934184618894208,1.77303,24.227539187335406,0.1550242494558679,209955887484.9382,26.07016328600274,26.063103618123264,-0.0018492105263157033,-0.049842598226507856,9.216945729938273e-05,0,0,2011-15
CAN,2014,59960.13,93.5957401942571,55723.4615652506,14.6664530922053,24.3893049222041,9.75583225015402,31283.0,4198.0,35434066.0,1.71482,4564.22043,64.3785976132125,0.856982469558716,17.8370094299316,3.68424344062805,0.641806542873383,35.634264,1881807.875,8628899.0,0.997773766517639,,1.714824517,,,1974508814851.5532,33859272058.837402,33859272058.837402,10.928156550250732,17.38318423175861,24.245478714862635,8.342363500380579,11.001435120326258,8.42600300736169,35481.0,10.476752620919227,1692.1605891912036,118.47356157207587,161728.8879551684,11.993676681156025,1.6490249235093826,105500.18950162186,2.2511718984690177,0.15433781618433878,1.70624,24.212133146204636,0.1934184618894208,212321776421.03488,26.08136877421081,26.07016328600274,-0.06863921052631583,-0.011448385792954957,0.0007858081626291185,0,0,2011-15
CAN,2015,60588.44,92.7836557148371,55660.8455840759,14.8286795335378,23.8505579659614,10.3125232360217,32687.0,4277.0,35704498.0,1.6936,4545.96875,66.1648355844224,0.832989811897278,18.0122566223145,3.69157862663269,0.670259356498718,35.962234,1894039.125,8857728.0,0.987293541431427,,1.693594535,,,1987342549834.9468,33657633424.004658,33657633424.004658,10.92703222691698,17.390787233211,24.239505714978407,8.361007108226909,11.011859394784672,8.421996130213762,36964.0,10.517699745007931,1696.941376966006,119.78882884727857,162311.5321424375,11.997272805460486,-1.0559160809530872,105152.79482824868,-0.3298267901667984,0.1827338675056015,1.71482,24.245478714862635,0.15433781618433878,214131143381.8843,26.089854483812562,26.08136877421081,-0.0600592105263158,-0.050529031498036975,0.003034733740431445,0,0,2011-15
CAN,2016,60472.16,93.4488926316027,55606.1329948184,14.0996116936098,22.7723539706794,10.2468730483551,30667.0,4078.0,36110803.0,1.72903,4400.49278,65.3636199818813,0.837567687034607,18.1368522644043,3.69892859458923,0.661177635192871,36.353343,1913709.625,9056973.0,0.986912786960602,,1.729024677,,,2007982114167.6873,34718613148.59357,34718613148.59357,10.926048779817654,17.4021026306137,24.27054178206387,8.3133619511344,11.00993837282114,8.389471809089875,34745.0,10.455790955748428,1674.6279499794011,112.93019432439651,158905.3278815023,11.9760638817393,-0.03857291612027556,105514.98116108491,0.3438463124986413,0.17725319820887395,1.6936,24.239505714978407,0.1827338675056015,216730085023.19522,26.10191856844672,26.089854483812562,-0.08127921052631581,-0.02213298017677426,0.0017989511553628097,0,0,2016-19
CAN,2017,61097.54,95.8516065823406,56612.3062191777,14.3488055729531,22.6962795343088,10.0022142848467,30969.0,4053.0,36545075.0,1.68702,4429.05796,65.1009087910845,0.857621848583221,18.4826793670654,3.7062931060791,0.651702463626862,36.808497,1971768.25,9269414.0,0.997301816940308,,1.687018047,,,2068900976702.8154,34902773257.17184,34902773257.17184,10.943981664925118,17.414056988158855,24.275832125953993,8.307212626628308,11.020226882483362,8.395942190313074,35022.0,10.463731714431846,1671.8405968519698,110.90413687754096,161860.255327547,11.994488620507655,1.04717754781825,106681.94858768838,1.099902051162971,0.1535920125637877,1.72903,24.27054178206387,0.17725319820887395,219123345526.8878,26.112900629797128,26.10191856844672,-0.04584921052631574,-0.02761364947350181,0.0012660640281104724,0,0,2016-19
CAN,2018,62472.64,97.4340894997812,57337.4682870033,15.4222842964733,22.6760699457971,10.1847138715215,31812.0,4349.0,37072620.0,1.7372,4715.91861,66.59982627163,0.851869881153107,18.7060432434082,3.7136721611023,0.654160618782044,37.295005,2025853.25,9490253.0,0.999647378921509,,1.737193465,,,2125650173566.1243,36926794815.19071,36926794815.19071,10.956709585811806,17.42838924972679,24.332203271229034,8.37770121259764,11.042483979879611,8.458699003238616,36161.0,10.49573646899098,1685.1422963901662,117.31029530688686,174831.45857945818,12.071577695001132,0.23491464527237224,108299.39948491716,1.5047644195933074,0.16032148546724304,1.68702,24.275832125953993,0.1535920125637877,223181638513.04532,26.13125179934314,26.112900629797128,-0.08785921052631585,-0.05127483511858805,0.00450496653338616,0,0,2016-19
CAN,2019,63284.54,98.9406147654841,57583.8230739204,17.1309209127166,22.5799284914038,9.60892439729457,32250.0,4238.0,37618495.0,1.75578,4850.93689,66.1713422730605,0.823982775211334,19.0792541503906,3.72106599807739,0.658807039260864,37.782935,2064515.375,9710064.0,1.00013959407806,,1.755776696,,,2166216760387.1592,38034000635.52566,38034000635.52566,10.960996957827296,17.443006375720604,24.361746350185904,8.351846738828245,11.055396344495067,8.486927138471867,36488.0,10.504738718391536,1682.2719781851983,112.65735112475923,182484.94514178057,12.114422956228195,0.04922675996358045,108207.34179264205,-0.0850391052765076,0.19360565316089456,1.7372,24.332203271229034,0.16032148546724304,227738393371.61417,26.15146340964347,26.13125179934314,-0.03767921052631573,-0.04454536221513272,0.001678434080874976,0,0,2016-19
CAN,2020,64548.83,100.0,54092.8576890836,16.7587089775244,23.1842052051561,9.30201767236546,30113.0,4452.0,38028638.0,1.93413,5155.65021,61.1566883386797,0.844265520572662,18.0728626251221,3.72847461700439,0.652546226978302,38.171902,1960500.25,9905462.0,1.02430558204651,,1.934135455,,,2057077703443.6768,39786556985.61518,39786556985.61518,10.898457435584596,17.453850065431926,24.406794928001112,8.401108712395436,11.0751772706264,8.547848520407866,34565.0,10.450596888379366,1697.37422623445,117.06966733859888,196062.35549071396,12.186188027875518,2.3875317730515695,108477.57163133724,0.24942205206617274,0.16928823602679488,1.75578,24.361746350185904,0.19360565316089456,233364191351.4872,26.175866123226854,26.15146340964347,-0.019099210526315913,-0.011261194521481194,0.0002150799249435647,0,0,2020-23
CAN,2021,68647.82,107.784831962793,56995.0952020711,16.33762888714,23.7893330462459,9.52909382513616,32445.0,4710.0,38239864.0,1.87064,5507.58596,62.2468612630348,0.814531981945038,19.0036144256592,3.73541975021362,0.635081887245178,38.454057,2064151.0,10147049.0,1.0,,1.870638981,,,2179484689194.2512,40770312389.943344,40770312389.943344,10.950720494027781,17.459389089655794,24.431220015998484,8.457443187010464,11.1367446554115,8.613881686362232,37155.0,10.52285363059157,1795.1899619726685,123.1698941188703,210609.33807870944,12.257760218053754,-2.4014902066228987,108618.86343120741,0.13016502991280987,0.205141585971152,1.93413,24.406794928001112,0.16928823602679488,239129875038.70746,26.20027265148786,26.175866123226854,0.1592507894736841,-0.03557861165558088,-0.005665921994528873,0,0,2020-23
CAN,2022,66751.03,116.281053016744,58583.1299860138,15.1489765380468,23.0827054280969,9.32446695410476,,,38950132.0,1.81291,5624.26883,66.9531620692051,0.830101490020752,19.6082496643066,3.75202083587647,0.628219187259674,38.821259,2142998.75,10370393.0,1.00102639198303,,1.844834732,,,2281820645928.396,41367354672.10048,41367354672.10048,10.978202049920776,17.477792719235495,24.4457578722305,,11.108725006855055,8.634846232845959,,,1713.7561947158483,,219066.01333198557,12.29712839411718,0.1025865602929345,109290.67033968643,0.6165944420118308,0.18620730853329667,1.87064,24.431220015998484,0.205141585971152,244627748455.00183,26.223003497980226,26.20027265148786,0.09576078947368427,0.0002747382887762495,2.63091554318627e-05,0,0,2020-23
CAN,2023,63719.9,118.077325120345,58088.3778077995,16.3717954388263,23.0403942262261,,,,40049088.0,1.81048,,66.5745425015033,0.809336662292481,20.1884651184082,3.76877570152283,0.659301698207855,39.299105,2169763.25,10570840.0,0.982741117477417,,1.935484306,,,2326386554601.809,42118763293.75484,42118763293.75484,10.969720885098281,17.505616459683786,24.46375916228433,,11.062252194656777,,,,1591.0449696132907,,,,-1.8435418759540654,107475.39435385662,-1.6749101619536688,0.2115403022678496,1.81291,24.4457578722305,0.18620730853329667,250052349480.5064,26.244936130809997,26.223003497980226,0.03803078947368421,-0.018659539149079085,-0.0007096370050545954,0,0,2020-23
CHE,2000,12621.43,93.0052358209331,68834.8179906591,,27.5292029836456,17.7416316807995,468.0,2083.0,7184250.0,2.26386,3643.69175,97.3533027751465,0.914893984794617,3.94416260719299,3.52844762802124,0.654685854911804,7.184007,529301.6875,2352489.0,0.947008073329926,1.654801204,,,,494526541149.39264,11195388554.464642,11195388554.464642,11.139464971354071,15.787401687913247,23.13876779425232,7.641564441260972,9.443151441878713,8.200752663693148,2551.0,7.844240718141811,1756.8194313950657,289.939798865574,26177.1924549375,10.172643793642122,,134198.74893968867,,0.08894708403176299,,,,31817900056.349377,24.183294863220414,,,,,0,0,other
CHE,2001,12297.66,94.0206262337928,69489.6995050103,,26.9150763768149,18.4648980198787,594.0,1859.0,7229854.0,,,95.2126294750525,0.933409869670868,4.01356649398804,3.53894829750061,0.670151233673096,7.226391,537641.6875,2405543.0,0.951619505882263,,,,,502400381925.09674,,,11.148933812007906,15.793729400293433,,7.527793987721444,9.417164279359403,,2453.0,7.8050670442584895,1700.9555103049108,257.128290557458,,,0.4857657890109536,133956.09324159415,-0.18098182554115994,0.06891087163024442,2.26386,23.13876779425232,0.08894708403176299,,,24.183294863220414,0.4889807894736844,-0.11591976365061277,-0.056682537545479535,0,0,2001-05
CHE,2002,12349.83,93.5913526468611,69228.3683320733,,27.100715525146,18.8612715261369,466.0,1827.0,7284753.0,,,90.8996540981166,0.960230767726898,4.04264831542969,3.54948043823242,0.684948563575745,7.278752,537248.0625,2456137.25,0.942570447921753,,,,,504311563892.17596,,,11.145166004595728,15.801294091751814,,7.510430556378006,9.421397576779196,,2293.0,7.737616282857904,1695.2983855458106,250.79779643867127,,,-0.9554613869034563,132895.07782546163,-0.7952155526618654,0.0405816403587789,,,0.06891087163024442,,,,,-0.13595597605213133,,0,0,2001-05
CHE,2003,13010.86,94.6942559681656,68521.3420292943,,26.5696169267531,18.7019407966153,396.0,1831.0,7339001.0,,,89.7492121342442,0.929820954799652,4.02914571762085,3.56004357337952,0.677805244922638,7.333447,537074.0,2503626.5,0.929595649242401,,,,,502878197674.33295,,,11.13490053819626,15.808713287785537,,7.5126175446745105,9.473539672319538,,2227.0,7.708410667257367,1772.8380197795314,249.48899720820313,,,-1.3860956494703278,133297.2390775517,0.30215865186953295,0.07276323309032516,,,0.0405816403587789,,,,,-0.16428520732359686,,0,0,2001-05
CHE,2004,13974.28,95.1029081581182,69812.378758031,,27.3709525505218,18.666972883118,434.0,1742.0,7389625.0,2.60818,3451.74588,95.0327601603667,0.933693110942841,4.04122114181519,3.57063841819763,0.666346728801727,7.384194,551584.125,2557653.75,0.930697023868561,1.899303293,,,,515887299379.8148,13455269364.964453,13455269364.964453,11.153566619130098,15.815587547387867,23.322636640617528,7.462789157412448,9.54497377612362,8.1466354341981,2176.0,7.685243607975833,1891.0675440228702,235.73591352741175,25507.107648495,10.146712423621691,0.11840876124091376,136489.46831755058,2.36659415918421,0.06860746975355453,,,0.07276323309032516,31817900056.349377,24.183294863220414,,,-0.1321036145920506,,0,0,2001-05
CHE,2005,15283.36,96.0072335389315,71414.3495582368,,27.2645352912082,18.958652222549,455.0,1643.0,7437115.0,,,101.668892487876,0.910152435302734,4.07288026809692,3.58126473426819,0.661233961582184,7.431823,566751.0625,2617286.75,0.940775811672211,,,,,531116730314.80634,,,11.176254102340064,15.8219935627903,,7.404279118037268,9.634519933835044,,2098.0,7.6487397889562425,2055.011923306282,220.91899883220844,,,1.0771072979299494,139152.3995781045,1.932227590020652,0.09414318217801042,2.60818,23.322636640617528,0.06860746975355453,,,24.183294863220414,0.8333007894736841,-0.13625937792882123,-0.11354504720127982,0,0,2001-05
CHE,2006,16311.16,98.0486483779483,73901.6149628577,,27.0679970090631,19.2890205326338,362.0,1740.0,7483934.0,,,105.761916866753,0.895134449005127,4.16175031661987,3.59192276000977,0.644988536834717,7.478509,589838.375,2681803.25,0.95516437292099,,,,,553074808875.4395,,,11.210489960051472,15.828269147523763,,7.461640392208575,9.699604815097045,,2102.0,7.650644551436897,2179.490091708452,232.49804180528585,,,1.517857748054325,141728.43878800026,1.8343091356848973,0.11078134963743218,,,0.09414318217801042,,,,,-0.11072366550436534,,0,0,2006-10
CHE,2007,16591.72,100.47082616688,76161.5600232116,23.6373793222083,27.2312779251961,19.488349708293,342.0,1692.0,7551117.0,,,112.709971761703,0.925918757915497,4.26915550231934,3.60261249542236,0.639930009841919,7.545381,612938.6875,2749927.0,0.964894652366638,,,,,575104850637.7935,,,11.240612152753515,15.837206057301994,,7.433666540166168,9.716659054724214,,2034.0,7.617759576608505,2197.2537308056544,224.07280936052243,,,1.0135482935727218,143573.7553169482,1.2936053771566591,0.0769687826173567,,,0.11078134963743218,,,,,-0.09408549804494358,,0,0,2006-10
CHE,2008,16913.76,101.829547441849,77103.7188320632,24.704650878,26.8978554883082,19.6435012643819,439.0,1594.0,7647675.0,2.65296,3313.52642,116.342641744869,0.927132725715637,4.37521409988403,3.6133337020874,0.64592981338501,7.641728,630149.875,2815004.75,0.965215086936951,1.924615963,,,,589664182918.9989,15643554907.167873,15643554907.167873,11.252906792267105,15.849912238040572,23.47332484209051,7.374001859350161,9.735882770812621,8.105768284938474,2033.0,7.617267813628347,2211.6211789857703,208.42935924970664,25340.7731640735,10.14016996501477,0.0332037673021264,144027.2088665793,0.3153354695223598,0.07565854597845734,,,0.0769687826173567,44459829521.842186,24.517851911058607,,,-0.12789806506501905,,0,0,2006-10
CHE,2009,17533.1,102.313356335665,74672.9512725807,26.3823815882319,25.3721379252277,18.3208023264083,394.0,1684.0,7743831.0,,,109.062731270231,0.88079446554184,4.40106916427612,3.62408709526062,0.671875298023224,7.737645,615673.0,2862852.75,0.933072566986084,,,,,578254714926.0999,,,11.220873207456275,15.86240708435331,,7.428927194802272,9.771845801984348,,2078.0,7.639161171659173,2264.1377375100255,217.46342346572388,,,-3.3867988577792345,139891.68927347788,-2.9133757046839293,0.1269309770381852,2.65296,23.47332484209051,0.07565854597845734,,,24.517851911058607,0.8780807894736844,-0.12920830170391842,-0.11345532756673068,0,0,2006-10
CHE,2010,18178.37,102.774751647306,76308.8064520802,25.8090118685212,25.368277592592,18.3166240162527,533.0,1622.0,7824909.0,,,119.202460523177,0.904603838920593,4.42961978912354,3.63487243652344,0.653518199920654,7.825753,635641.6875,2912344.5,0.96581095457077,,,,,597109466386.1404,,,11.242543629381387,15.872822664929897,,7.3914152346753585,9.807987704745967,,2155.0,7.675546002537848,2323.1413937210004,207.28675566706272,,,3.448513991591351,143498.02415565113,2.5452791012089193,0.1002581781704888,,,0.1269309770381852,,,,,-0.07793587064419055,,0,0,2006-10
CHE,2011,19357.4,102.883893590977,76527.3361539945,25.2735394877831,25.6124135073323,18.708948073265,446.0,1597.0,7912398.0,,,125.047367558638,0.940546870231628,4.55474042892456,3.64234471321106,0.65764307975769,7.914372,647166.5625,2967042.0,0.957312941551209,,,,,605514741530.1938,,,11.245403291331892,15.883941454356219,,7.3758821482150125,9.870830054291188,,2043.0,7.622174594817622,2446.4643967606285,201.83514529981935,,,-0.8837775193753672,142086.37629275516,-0.9886109731230164,0.06129379604246882,,,0.1002581781704888,,,,,-0.10460866951188696,,0,0,2011-15
CHE,2012,20375.28,103.09208989467,76570.2378987121,26.0587678960902,26.1540283589316,18.3426070483841,1508.0,1480.0,7996861.0,2.87456,4497.48676,125.865940588688,0.980982720851898,4.63472509384155,3.64983224868774,0.657147645950317,7.998926,654798.375,3025920.0,0.954273760318756,1.958869025,,,,612321549212.9327,17601550325.05528,17601550325.05528,11.245963741046474,15.894559647644897,23.591252821761984,7.299797366758161,9.922077680345927,8.411274021962656,2988.0,8.002359546252707,2547.9097360826954,185.07261786843614,35965.77646906036,10.49032311164328,-0.31797498802379964,141280.95232014335,-0.5684678932688314,0.01920043338240051,,,0.06129379604246882,50024558446.97511,24.635779890730078,,,-0.14357305163990694,,0,0,2011-15
CHE,2013,21320.48,103.061357930943,77084.6656456739,26.7510678341774,26.152369655736,18.4192868942775,631.0,1525.0,8089346.0,,,132.800535321539,0.991228342056274,4.69017028808594,3.65733528137207,0.658707857131958,8.091202,666533.3125,3081607.0,0.964377164840698,,,,,623564531702.1696,,,11.25265965060918,15.906058445223021,,7.329749689041512,9.967423392097638,,2156.0,7.6760099320288875,2635.6246846160366,188.51956635307724,,,1.0531877142198456,142112.81713867417,0.5870751564886589,0.008810355395332044,2.87456,23.591252821761984,0.01920043338240051,,,24.635779890730078,1.099680789473684,-0.18566641429997524,-0.20417378905614486,0,0,2011-15
CHE,2014,21607.98,102.437842733836,78086.6805249841,26.6587283403628,26.3235666038831,18.2576883092773,568.0,1480.0,8188649.0,,,119.230530793932,0.962835192680359,4.77828788757324,3.66485381126404,0.655792117118835,8.190235,682196.0625,3142782.75,0.969626247882843,,,,,639424418394.2305,,,11.265574777429284,15.918259484957348,,7.299797366758161,9.980817969888905,,2048.0,7.6246189861593985,2638.7722809953143,180.7379947534691,,,0.5428217857871163,142769.9792375776,0.4613569319767308,0.03787302131045982,,,0.008810355395332044,,,,,-0.19605649228704372,,0,0,2011-15
CHE,2015,21749.37,101.060065148007,78325.7487417695,27.0515100038866,26.493978203581,17.8568423587127,446.0,1477.0,8282396.0,3.04577,5310.67497,116.370019931647,0.955652713775635,4.84704780578613,3.67238759994507,0.66509622335434,8.283934,693415.5625,3206557.5,0.961967527866364,2.054239341,,,,648724868075.8367,19758667414.39341,19758667414.39341,11.268631675197229,15.929642856482122,23.70685808844921,7.29776828253138,9.98734007058008,8.577474219152164,1923.0,7.56164174558878,2625.975623479003,178.33003879553695,43985.113128828125,10.691606517670012,-0.7929990505576641,143059.3611377713,0.20248586004996127,0.04536070203847432,,,0.03787302131045982,56155201936.88175,24.751385157417303,,,-0.16699382637191595,,0,0,2011-15
CHE,2016,22041.04,100.444278800262,78956.0667315042,27.335457169438,26.7341163724383,18.2447554804173,309.0,1462.0,8373338.0,,,122.941735178779,0.96303778886795,4.91531085968018,3.67993688583374,0.660728991031647,8.374901,707760.1875,3273300.25,0.962637484073639,,,,,661125833893.4398,,,11.276646859435836,15.940563168220848,,7.2875606403097235,10.000661449086431,,1771.0,7.479299637782834,2632.2883418775164,174.60181351809754,,,0.0696201277850958,143990.93113432324,0.6490662382971024,0.037662627177223205,3.04577,23.70685808844921,0.04536070203847432,,,24.751385157417303,1.2708907894736843,-0.15950614564390145,-0.20271489136328238,0,0,2016-19
CHE,2017,22610.58,100.10773985415,79333.7437810881,14.0238568621919,27.5154358532062,18.432255769318,291.0,1337.0,8451840.0,3.04671,5257.57173,122.948395589146,0.932458817958832,4.96051788330078,3.68750190734863,0.660808861255646,8.453628,717405.5625,3344311.25,0.966078341007233,2.029165294,,,,670516109038.7516,20428681345.69455,20428681345.69455,11.281418837683313,15.949894727108234,23.740205698695004,7.198183577101943,10.026173217309209,8.567424550850404,1628.0,7.395107546562485,2675.2257496592456,158.1904058761169,44436.1550504832,10.701808719994364,0.3568032718216041,144623.11786337738,0.4380852161004256,0.06993029148621145,,,0.037662627177223205,58059417784.21827,24.7847327676631,,,-0.16720422050515255,,0,0,2016-19
CHE,2018,22272.17,100.857772029829,81371.8944120855,13.3182169315591,26.9999346823656,18.5519498038638,332.0,1283.0,8514329.0,,,123.499829706856,0.940102458000183,5.01305246353149,3.69508242607117,0.647845923900604,8.516344,737926.5625,3412129.5,0.979909002780914,,,,,692827080377.7576,,,11.306785214875827,15.95726106685996,,7.1569563646156364,10.011093196007314,,1615.0,7.387090235656757,2615.845593939346,150.68715338578062,,,1.4214783772802528,147201.04524502842,1.766813559901692,0.061766411785388865,3.04671,23.740205698695004,0.06993029148621145,,,24.7847327676631,1.2718307894736842,-0.1349365561961643,-0.1716164667958278,0,0,2016-19
CHE,2019,22460.04,100.766660672356,81694.630652314,12.9094936723953,27.0018781573595,19.2121227464848,348.0,1369.0,8575280.0,3.14983,5561.84719,123.022509832864,0.970151364803314,5.04982423782349,3.70267844200134,0.660974562168121,8.577524,746353.5,3478718.5,0.977952718734741,2.116808027,,,,700554332340.1752,22066270526.35054,22066270526.35054,11.310743558398507,15.964394203544403,23.817316059082053,7.221835825288449,10.019493009234749,8.623685560486255,1717.0,7.448333860897476,2619.161123601795,159.64493287682737,47694.3969714632,10.772569206066382,-0.19983890340356697,147797.91629375276,0.40466031479624576,0.030303173469665153,,,0.061766411785388865,62713534845.89831,24.861843128050147,,,-0.1431004358969869,,0,0,2016-19
CHE,2020,23197.82,100.0,79270.8713687141,12.8450867094278,27.6333903524282,19.0466157972256,301.0,1384.0,8638167.0,,,121.451100609762,0.919532001018524,5.02357196807861,3.71028995513916,0.671818315982819,8.640582,730368.5625,3542198.5,0.974069237709045,,,,,684755025118.471,,,11.280626018185496,15.971700965494877,,7.232733136177615,10.051813587722124,,1685.0,7.429520842786462,2685.502607208219,160.2191761284541,,,-0.3978936954537098,145388.29485095397,-1.6437851496384326,0.08389043291309889,3.14983,23.817316059082053,0.030303173469665153,,,24.861843128050147,1.3749507894736843,-0.1745636742127106,-0.24001646167219348,0,0,2020-23
CHE,2021,24649.1,101.934798216661,83524.9832880195,14.2350632729725,26.7750190688452,20.6927435425858,267.0,1288.0,8704546.0,3.24862,6003.41115,128.004119652561,0.968987941741943,5.05702686309814,3.72179746627808,0.64603590965271,8.707023,770974.375,3608992.0,1.0,2.183586841,,,,727047059179.797,23618996173.92672,23618996173.92672,11.332901067141364,15.979355975889842,23.885317147825507,7.160845906664299,10.112495667648101,8.700083111661082,1555.0,7.349230824613334,2831.7502141984196,147.96865913512318,52256.9685120879,10.86392852958665,2.6272891922509913,152456.05686335426,4.746834403755251,0.03150311119156093,,,0.08389043291309889,67126465154.58394,24.9298442167936,,,-0.12097641476927687,,0,0,2020-23
CHE,2022,23935.67,105.045131988788,85762.2829174304,29.9881397976664,26.2561916474581,19.9238153481674,,,8777088.0,,,136.235871048363,1.01560342311859,5.13960933685303,3.73337984085083,0.640687942504883,8.792182,794443.3125,3673966.0,1.00999534130096,,,,,752743104247.1833,,,11.359334595789768,15.987655247728846,,,10.08312509391446,,,,2727.0627798194573,,,,0.9945718269223118,154572.70396088815,1.3788158642286774,-0.015482941380900214,3.24862,23.885317147825507,0.03150311119156093,,,24.9298442167936,1.473740789473684,-0.17336373649081482,-0.2554932098820812,0,0,2020-23
CHE,2023,22803.86,106.026219577388,85383.3564504008,29.3340286978728,26.8920870336547,19.3565839417811,,,8888822.0,3.22178,6107.95842,129.7371945484,0.985187411308289,5.22269582748413,3.74503779411316,0.653461694717407,8.870561,799871.8125,3737912.5,1.00189411640167,2.152753547,,,,758957457250.1646,24451939566.19435,24451939566.19435,11.354906471443696,16.000305090273624,23.919975377581714,,10.034685098858816,8.717347858849733,,,2565.453555038002,,54292.55517878124,10.902142391159083,-0.8053393444078476,153153.0533121844,-0.9226791627350295,0.014923390620589344,,,-0.015482941380900214,69493735346.13072,24.964502446549808,,,-0.22034978906327596,,0,0,2020-23
CHL,2000,1552.28,44.1516781939175,17529.4205997692,,22.0430828033045,15.1925274307283,2879.0,241.0,15503635.0,,,58.7119233335812,0.650134265422821,5.53660535812378,2.7866518497467,0.491676092147827,15.503635,242132.4375,624921.125,1.07545137405396,,,,,271769738740.30276,,,9.771635925444878,16.556585070523898,,5.484796933490655,7.347480096841943,,3120.0,8.045588280803528,100.12361617130435,15.544741604146383,,,,43733.01361360759,,0.43057637523453035,,,,,,,,,,0,0,other
CHL,2001,1646.31,46.0401103652359,17874.5313866938,,22.4880809449817,15.9367774372627,2504.0,246.0,15683849.0,,,62.144766332768,0.652697145938873,5.61942672729492,2.80529260635376,0.48680254817009,15.683849,249769.375,655362.125,1.07395660877228,,,,,280341451214.6662,,,9.791132151089542,16.568142014702005,,5.5053315359323625,7.406291698862582,,2750.0,7.919356190660617,104.96849338450019,15.68492530118085,,,-0.13908625394448426,44447.483190199724,1.62050620633174,0.42664204605027595,,,0.43057637523453035,,,,,0.2257095275521546,,0,0,2001-05
CHL,2002,2039.46,47.5781540876278,18244.5196827315,,22.2745053659544,15.7836746848203,2147.0,391.0,15857925.0,,,62.4838547414591,0.648774147033691,5.73602437973023,2.82405781745911,0.484493553638458,15.857925,257768.96875,686735.375,1.0639420747757,,,,,289320224789.77997,,,9.811620022556982,16.579179933329215,,5.968707559985366,7.6204403459151235,,2538.0,7.839131648274333,128.60825107950757,24.65644149534066,,,-0.9368645317736145,44938.61108068078,1.0989020983698694,0.43267062433353703,,,0.42664204605027595,,,,,0.2217751983679002,,0,0,2001-05
CHL,2003,2092.94,49.6241578683936,18907.3458745755,,22.0896291628009,15.193758641042,2076.0,329.0,16024752.0,,,65.6934161956491,0.656895816326141,5.89563751220703,2.84294891357422,0.499886482954025,16.024752,269944.03125,721246.0625,1.06942570209503,,,,,302985528618.29553,,,9.847305796147337,16.589645084832224,,5.796057750765372,7.646325055049905,,2405.0,7.785305182539862,130.60670143288334,20.530738946849226,,,0.5140828933114551,45787.08081883863,1.8704612939595577,0.4202298479179031,,,0.43267062433353703,,,,,0.22780377665116128,,0,0,2001-05
CHL,2004,2239.56,53.110136707574,19966.7093106095,,21.3985804067819,14.2216397565536,2485.0,382.0,16187322.0,,,69.8893603825954,0.69810825586319,6.01209306716919,2.8619658946991,0.459456533193588,16.187322,287960.8125,761100.5625,1.09067583084106,,,,,323207552891.234,,,9.901821631189886,16.599738901224576,,5.945420608606575,7.714034696983038,,2867.0,7.96102146588337,138.35271825691734,23.59871509320689,,,1.9675755027156183,47896.9319474602,4.504947802694836,0.35938109388578027,,,0.4202298479179031,,,,,0.21536300023552732,,0,0,2001-05
CHL,2005,2518.15,56.8917459252081,20923.479756183,,23.3687957260122,12.8191983284035,2646.0,361.0,16348778.0,,,72.062533372953,0.745528936386108,6.23042726516724,2.88111042976379,0.434962451457977,16.348778,304769.1875,813611.25,1.10056138038635,,,,,342073325521.32996,,,9.948627240684123,16.609663712453198,,5.8888779583328805,7.831279783918171,,3007.0,8.008698182988528,154.02680249251657,22.081161050691374,,,0.9022863030490602,48916.25799146846,2.1058364322410483,0.29366133079405304,,,0.35938109388578027,,,,,0.1545142462034045,,0,0,2001-05
CHL,2006,3102.29,63.9178173345423,21973.7382914389,,21.0647065041734,11.6836788192905,2924.0,291.0,16509195.0,,,73.7116341203328,0.844380021095276,6.45059299468994,2.90038323402405,0.388719290494919,16.509195,323207.71875,867475.6875,1.09664452075958,,,,,362768730332.33167,,,9.997603305270857,16.6194280563793,,5.673323267171493,8.039895827438958,,3215.0,8.07558263667172,187.91285704723944,17.626540845874075,,,-0.35653133589435976,50105.11731496022,2.4013329403187456,0.16915262376245152,,,0.29366133079405304,,,,,0.08879448311167729,,0,0,2006-10
CHL,2007,3236.19,67.1704397811562,22884.2997108846,7.82187491104015,21.9798430231851,10.6421644007916,3403.0,403.0,16671581.0,0.31143,334.61639,76.9770240591423,0.863990902900696,6.63119840621948,2.91978454589844,0.388664096593857,16.671581,339911.84375,925700.5,1.09316873550415,0.10815518,,,,381517456258.2892,1188159814.0251899,1188159814.0251899,10.038206352264925,16.629216091261643,20.895671572429606,5.998936561946683,8.082151990917055,5.8129847712143805,3806.0,8.244334047856094,194.11416349775106,24.172872386848013,5578.58424981259,8.626690304511751,-0.31745064693717434,51259.4893000325,2.2777613063015067,0.14619303928363261,,,0.16915262376245152,,,,,-0.03571422391992424,,0,0,2006-10
CHL,2008,3664.19,67.3794288488586,23515.3473178269,6.55905205616484,26.8810651175453,9.97400566946906,3421.0,531.0,16838988.0,0.37492,355.67666,80.676626653784,0.792180061340332,6.72141313552856,2.93931579589844,0.433321952819824,16.838988,352792.40625,998714.5,1.07661354541779,0.151540742,,,,395974651300.71936,1484588162.656657,1484588162.656657,10.065408564324374,16.6392074699608,21.11840323919323,6.274762021241939,8.206362580344747,5.874022059708458,3952.0,8.281977058867758,217.60155657810316,31.533961542106923,5989.235009620081,8.697718971704985,-1.5260066871633589,52487.83241505911,2.368062126071102,0.2329665628306594,0.31143,20.895671572429606,0.14619303928363261,,,,-1.4634492105263157,-0.058673808398743144,0.08586613857971297,0,0,2006-10
CHL,2009,3837.94,69.7901267133679,23019.0299454094,6.60527531133329,24.1203154623411,10.2611589858403,1374.0,343.0,17009731.0,0.35403,287.11073,66.6860312494996,0.778646647930145,6.74742460250855,2.95897746086121,0.440223604440689,17.009731,348848.09375,1055187.5,1.02858829498291,0.10381035,,,,391547507252.3585,1386195639.925525,1386195639.925525,10.044076541744595,16.649296150020074,21.049828882100204,5.8377304471659395,8.252691043303185,5.659867960166011,1717.0,7.448333860897476,225.63202204667436,20.16492794624442,4883.676284513629,8.49365355222181,-4.563323399571452,51700.925064106035,-1.51057049365253,0.2501979330264315,0.37492,21.11840323919323,0.2329665628306594,,,,-1.399959210526316,0.028099715148283633,-0.039338455035005514,0,0,2006-10
CHL,2010,4090.43,75.971746352399,24122.4787924386,6.23958186648753,23.0154603246023,9.88717359213424,748.0,328.0,17181464.0,0.33165,318.2091,69.7176802332624,0.824370443820953,6.8891978263855,2.97877097129822,0.440223604440689,17.181464,369261.40625,1117952.375,1.03552210330963,0.098233934,,,,414459500963.0473,1374554934.9439464,1374554934.9439464,10.090899414733146,16.659341686256464,21.041395831990947,5.793013608384144,8.316405377984934,5.762708713860569,1076.0,6.98100574072173,238.07226206102112,19.090340613582175,5467.2981961223995,8.60653984215276,0.6718472436243923,53600.05846192073,3.607448450658346,0.19313528235409114,0.35403,21.049828882100204,0.2501979330264315,,,,-1.4208492105263157,0.04533108534405575,-0.06440863682340266,0,0,2006-10
CHL,2011,4386.74,78.4488164363178,25372.2741480772,5.1208381746501,24.7203928977823,9.90905317308925,2453.0,339.0,17351816.0,0.35288,352.01898,72.481642209343,0.86536306142807,7.12135457992554,2.9968798160553,0.440223604440689,17.351816,392243.90625,1191439.875,1.03923416137695,0.120135828,,,,440255032518.9923,1553571958.7530203,1553571958.7530203,10.14141228783798,16.669207727467665,21.1638226061321,5.82600010738045,8.386341633396693,5.863685094598987,2792.0,7.934513463882263,252.81157891485248,19.536860003586945,6108.16856946768,8.717382264102378,0.3578311429986304,55079.957309765254,2.72357400177885,0.14460613591551721,0.33165,21.041395831990947,0.19313528235409114,,,,-1.4432292105263158,-0.011731565328284621,0.016931337766978114,0,0,2011-15
CHL,2012,4871.85,79.0477470111836,26676.8110154019,5.4362793557559,26.7526621551814,9.82773289412941,2683.0,336.0,17519119.0,0.36213,389.87508,68.1561435339271,0.88348001241684,7.37893438339233,3.01509833335876,0.440223604440689,17.519119,416387.84375,1275040.375,1.04053974151611,0.124676113,,,,467354226719.33673,1692429861.218734,1692429861.218734,10.19154996572677,16.67880335682004,21.249431120957727,5.817111159963204,8.491229020738427,5.965826380121919,3019.0,8.012680929706839,278.08761388058383,19.17904661758391,6830.26792165452,8.829119178977685,0.1255502157076864,56429.26500161847,2.4202008136770203,0.12388661066240267,0.35288,21.1638226061321,0.14460613591551721,,,,-1.4219992105263157,-0.060260711766858543,0.08569068455822672,0,0,2011-15
CHL,2013,4894.72,80.8348352428658,27297.8185145366,6.69462231509352,26.3486831942806,9.98503290205937,2732.0,340.0,17687006.0,0.39031,334.78846,65.1432877063737,0.856800973415375,7.54585838317871,3.03342795372009,0.440223604440689,17.687006,430164.0625,1356135.5,1.02323889732361,0.136607393,,,,482816679853.51996,1884481783.1362739,1884481783.1362739,10.214562070087814,16.688340803649076,21.356918703941947,5.8289456176102075,8.495912352102819,5.8134988696819665,3072.0,8.030084094267563,276.74101540984384,19.223151730711233,5921.4055007507595,8.68632911536677,-1.6766574828587129,57006.64399678177,1.0179915450656551,0.15454962374353032,0.36213,21.249431120957727,0.12388661066240267,,,,-1.4127492105263157,-0.08098023701997309,0.11440476591820091,0,0,2011-15
CHL,2014,5580.79,85.5660105453844,27511.5610030404,7.09179365119211,25.4735399676846,9.92046571303201,2653.0,452.0,17864195.0,0.37668,426.80476,65.6346274347707,0.870841562747955,7.62983417510986,3.05186891555786,0.440223604440689,17.864195,437875.40625,1428125.5,1.0088175535202,0.125721769,,,,491471890512.7093,1851276317.1832736,1851276317.1832736,10.222361595421855,16.698308988250883,21.339141139344374,6.113682179832232,8.627085622415203,6.056326672130168,3105.0,8.040768994367578,312.4008666497427,25.302007731106833,7624.5234595681995,8.939125102416776,-1.4194080013126977,57389.89815511884,0.6700475119613358,0.13829522137633316,0.39031,21.356918703941947,0.15454962374353032,,,,-1.3845692105263159,-0.05031722393884544,0.06966767902488308,0,0,2011-15
CHL,2015,5788.72,89.8052634772631,27817.9584848024,6.72253052606446,25.4703710962194,10.3988646679795,2831.0,443.0,18047625.0,0.38296,455.29183,59.3491105681231,0.838957250118256,7.76043510437012,3.07042193412781,0.440223604440689,18.047625,447298.21875,1498107.875,0.992441356182098,0.131365536,,,,502048082999.2819,1922643338.65405,1922643338.65405,10.233437079779824,16.708524655138525,21.376966815032375,6.093569770045136,8.663666475315543,6.12093859796713,3274.0,8.09376775793108,320.7469126824167,24.546166046779007,8216.93621340375,9.013952695141382,-1.636626105057029,57638.29124711239,0.4318827921670376,0.1755955271882401,0.37668,21.339141139344374,0.13829522137633316,,,,-1.398199210526316,-0.0665716263060426,0.0930803953445617,0,0,2011-15
CHL,2016,6371.23,93.9009726474457,27965.3473526831,8.42437955941115,24.1291975843452,9.70592438632348,2521.0,386.0,18267221.0,0.37103,495.36438,56.0578603070995,0.829077661037445,7.84431457519531,3.08908796310425,0.440223604440689,18.267221,455139.5,1562235.75,0.982088506221771,0.139841772,,,,510849180433.2271,1895403714.1614027,1895403714.1614027,10.23872142815774,16.72061880950501,21.362697694564453,5.955837369464831,8.759547822547892,6.20529361297648,2907.0,7.9748769005588755,348.77937919511675,21.130745612592087,9048.93060498798,9.110401864517216,-1.0486491016921462,58021.57672758398,0.6627828481324372,0.18744144785164996,0.38296,21.376966815032375,0.1755955271882401,,,,-1.3919192105263158,-0.029271320494135666,0.04074331331326009,0,0,2016-19
CHL,2017,6637.65,98.4346917898808,27899.5979777012,7.1060964752424,22.257664449869,9.16084501298879,2469.0,425.0,18558868.0,0.35679,494.62971,56.0261586393213,0.826909303665161,7.92806816101074,3.10786700248718,0.440223604440689,18.558868,461318.9375,1619323.75,0.971944212913513,0.122030036,,,,517784956121.2235,1847404944.9449134,1847404944.9449134,10.23636755830425,16.73645829208297,21.337047758824255,6.052089168924417,8.8005132641649,6.203809422025679,2894.0,7.970394907191429,357.6538181100269,22.90010360545697,9179.76749676828,9.124757156144373,-1.038302413710864,58188.06399378723,0.28652937755175856,0.1900602590594067,0.37103,21.362697694564453,0.18744144785164996,,,,-1.4038492105263158,-0.017425399830725802,0.024462633795469816,0,0,2016-19
CHL,2018,7148.06,100.0,28499.4064000406,6.91141099413123,23.0497925735582,9.6042139700833,2694.0,406.0,18893191.0,0.36916,523.65457,58.1770513035882,0.857908129692078,7.99383497238159,3.12676072120667,0.440223604440689,18.893191,479725.6875,1682605.375,0.984026730060577,0.123670314,,,,538444728502.5895,1987722559.7401593,1987722559.7401593,10.257638537971085,16.754312150568744,21.410255377966973,6.0063531596017325,8.874596270200442,6.260832249384357,3100.0,8.039157390473237,378.34053548709693,21.48922328684445,9893.505809032871,9.199633841988826,1.2354652687574845,60011.95785970499,3.0863592339731127,0.15325826017806465,0.35679,21.337047758824255,0.1900602590594067,,,,-1.4180892105263159,-0.014806588622969047,0.020997063570934105,0,0,2016-19
CHL,2019,7479.71,102.566359255182,28227.9790507594,7.63288202076965,24.5476232011073,8.97674256400038,2799.0,438.0,19197744.0,0.34243,507.31033,57.6069157856537,0.871779382228851,8.16564559936523,3.14576888084412,0.440223604440689,19.197744,482768.9375,1750039.125,0.962496101856232,0.115014909,,,,541913515453.842,1855674450.968591,1855674450.968591,10.248068929976453,16.770303330094343,21.34151405235246,6.082218910376446,8.919949300163468,6.229122907069842,3237.0,8.082402253926244,389.61400881270214,22.81518078374209,9739.21384389552,9.183915679199911,-2.2123045244769295,59121.955713768526,-1.4941483525102939,0.13721888911470473,0.36916,21.410255377966973,0.15325826017806465,,,,-1.4057192105263159,-0.051608587504311104,0.0725471828829385,0,0,2016-19
CHL,2020,8380.99,112.493412217237,26258.4038553242,15.9750583433893,22.5605419373273,9.01832546015944,2433.0,372.0,19370624.0,0.33525,515.32026,58.1687693933374,0.949677646160126,7.16843414306641,3.16489291191101,0.440223604440689,19.370624,453110.15625,1800015.25,0.963732302188873,0.119234257,,,,508641667921.63544,1705221191.7072828,1705221191.7072828,10.17574136365319,16.779268249629396,21.256960670474143,5.918893854273146,9.033721324923155,6.244788571464064,2805.0,7.9391588179567965,432.66494667389134,19.204337454487785,9982.074996042238,9.208546263129184,0.12835450871388418,63209.084049166566,6.684566927749458,0.05163267180099708,0.34243,21.34151405235246,0.13721888911470473,,,,-1.4324492105263158,-0.06764795856767103,0.09690226484397729,0,0,2020-23
CHL,2021,9319.43,120.236335723061,29106.6356522053,12.4417748590856,23.3121724606731,8.55784652499058,2680.0,402.0,19456334.0,0.36063,638.83802,64.8399924791736,0.927749991416931,7.56047296524048,3.18922209739685,0.440223604440689,19.456334,504465.4375,1868156.5,1.0,0.154445123,,,,566308424865.6141,2042278072.5928643,2042278072.5928643,10.278721456450263,16.78368323054147,21.437331724005777,5.996452088619021,9.139856747011079,6.459650932415702,3082.0,8.033334015880062,478.9920855593865,20.661651881592906,12429.44588901868,9.427823604992897,3.694171776075947,66724.05811373127,5.411755346927549,0.07499298829291917,0.33525,21.256960670474143,0.05163267180099708,,,,-1.4396292105263158,-0.15323417588137866,0.22060039564975978,0,0,2020-23
CHL,2022,8443.63,129.311197034701,29560.4513805785,6.93672684116693,25.6540546238166,9.50169647954698,,,19553036.0,0.39205,707.0557,75.2334197533759,0.891753673553467,8.07152366638184,3.21398735046387,0.440223604440689,19.553036,514851.0625,1939398.0,0.955251455307007,0.164775802,,,,577996570020.701,2266035552.7661586,2266035552.7661586,10.294192644924529,16.78864112645641,21.541297689087642,,9.041167589912481,6.561109446385953,,,431.8321717404908,,13825.0855561052,9.534240014878092,-4.578066917342306,63786.10579367704,-4.503019014317466,0.11456533526357297,0.36063,21.437331724005777,0.07499298829291917,,,,-1.4142492105263158,-0.1298738593894566,0.18367400310954474,0,0,2020-23
CHL,2023,8573.42,137.791840050804,29600.4188613168,10.7195633423709,24.397531470861,9.58046626138871,,,19658835.0,,,60.6766444736157,0.867329478263855,8.2648344039917,3.23919916152954,0.440223604440689,19.658835,515977.5,2005060.0,0.928955614566803,,,,,581909750325.5149,,,10.295543790932193,16.794037413552125,,,9.056421998497049,,,,436.11027815229136,,,,-2.79136497823314,62430.470446061976,-2.1481924483103043,0.14233635332573516,0.39205,21.541297689087642,0.11456533526357297,,,,-1.3828292105263158,-0.09030151241880278,0.12487156912742535,0,0,2020-23
CHN,2000,53284.78,51.7044059777808,4065.86707804429,,32.6471790154044,,26560.0,25346.0,1262645000.0,0.88409,549.57477,39.0109424774998,0.326036542654038,723.768676757813,2.31353735923767,0.590660214424133,1269.581175,5007389.5,15487957.0,0.512455761432648,0.530108994,,,33081.88371,5133746736757.232,45386941524.99702,45386941524.99702,8.310382302567918,20.95647456400401,24.538490269011813,10.14037620564201,10.88340601590486,6.309144833740884,51906.0,10.857189669408429,42.200919498354644,20.07373410578587,693917.83546665,13.45010883978062,,6918.494348817432,,1.1207458098667045,,,,137235209377.6414,25.64496214743175,,,,,1,0,other
CHN,2001,70675.54,52.842567183393,4372.43560608339,,33.4598817910203,,33412.0,30038.0,1271850000.0,0.92948,582.78825,38.0826469518334,0.338364511728287,731.01123046875,2.32968354225159,0.587249159812927,1278.725063,5424793.0,17124416.0,0.524456977844238,0.561737845,,,38519.51038,5561082225597.159,51689147070.48047,51689147070.48047,8.38307547975936,20.963738370382394,24.668513675156937,10.310218525765526,11.16585482314102,6.367823912827485,63450.0,11.058007473142533,55.56908440460746,23.617564964421906,741219.2357624999,13.516051725245607,2.3149011258586594,7420.943446411121,7.010803190350501,1.0836315275286872,0.88409,24.538490269011813,1.1207458098667045,168339075041.47565,25.849246086129238,25.64496214743175,-0.8907892105263158,0.9158789621843287,-0.8158550976618396,1,0,2001-05
CHN,2002,74939.98,53.1857599935978,4744.38182475307,,34.9878641071948,,40426.0,39806.0,1280400000.0,1.04418,631.73478,42.1944423387413,0.34209132194519,736.9638671875,2.34594249725342,0.603073537349701,1286.866839,5920274.0,19022494.0,0.540571391582489,0.638867782,,,48007.46162,6074706488413.831,63430870210.71955,63430870210.71955,8.464716423263598,20.970438366059984,24.87321649172749,10.591772933679167,11.224442805467472,6.448469654169623,80232.0,11.292677716768043,58.52856919712589,31.08872227428928,808873.2123120001,13.603397462265331,3.0263313301196693,8033.330077081989,7.929294827738964,1.0726775543323401,0.92948,24.668513675156937,1.0836315275286872,206519083995.97385,26.053658661522757,25.849246086129238,-0.8453992105263158,0.8787646798463115,-0.7429069665804824,1,0,2001-05
CHN,2003,87585.89,54.5934612843301,5191.78118308167,,38.0846809344133,,48548.0,56769.0,1288400000.0,1.10465,667.9285,51.0774801301803,0.350558489561081,741.641784667969,2.36231517791748,0.598181664943695,1294.517326,6514553.5,21374392.0,0.559177219867706,0.688950066,,,57030.47038,6689090876282.424,73891042364.85379,73891042364.85379,8.554832112480714,20.976666975421317,25.02585744462884,10.94674568107216,11.380375190891463,6.504181131879748,105317.0,11.564730128586245,67.9803554796647,44.06162682396771,860559.0794,13.665337549336792,3.3839740395614104,8783.962331513654,8.932844996532019,1.048227711790198,1.04418,24.87321649172749,1.0726775543323401,249432263761.43155,26.24245322734833,26.053658661522757,-0.7306992105263157,0.8678107066499644,-0.6341085982354131,1,0,2001-05
CHN,2004,120909.26,58.4048647111259,5684.3881718733,,39.3505370582361,31.5101594673259,64598.0,65786.0,1296075000.0,1.19732,713.42588,58.6403340408439,0.368637204170227,746.582580566406,2.37880182266235,0.57622367143631,1302.100316,7173414.0,24049898.0,0.580050408840179,0.800088901,,,69908.07145,7367393399860.6875,88211274655.21198,88211274655.21198,8.64547877891076,20.98260630357244,25.203000622347485,11.094162328718074,11.70279562589483,6.5700785492502565,130384.0,11.778239221560002,93.28878344231622,50.75786509268368,924653.447421,13.737174294858422,3.664855847082682,9608.332938276944,8.970313991974876,0.9979423051170717,1.10465,25.02585744462884,1.048227711790198,300228698852.4288,26.42781035068516,26.24245322734833,-0.6702292105263159,0.8433608641078222,-0.5652450861397772,1,0,2001-05
CHN,2005,165261.51,60.5968673141994,6298.29929808598,,39.2703289759488,31.6564574964127,79842.0,93485.0,1303720000.0,1.29008,856.65892,61.3600749408237,0.387925118207932,751.312194824219,2.39540362358093,0.56974869966507,1310.027136,7990793.5,27050484.0,0.592121064662933,0.8813832,,,86587.95473,8211218760900.653,105931290990.62714,105931290990.62714,8.748034923251074,20.98848755346801,25.386056522685568,11.445556274599374,12.015284407330702,6.753039846378713,173327.0,12.062935262760416,126.76150553799896,71.70634798883195,1116843.3671824,13.926016841882449,2.0596103539055277,10635.783040723263,10.159333822361738,0.9469429522941154,1.19732,25.203000622347485,0.9979423051170717,361125685015.1916,26.6124918926232,26.42781035068516,-0.5775592105263159,0.793075457434696,-0.45804803508377984,1,0,2001-05
CHN,2006,192021.09,63.032191980649,7057.11131595304,,38.5215726233992,31.9945213596647,88183.0,122318.0,1311020000.0,1.34923,931.20148,63.5695798621627,0.394405245780945,755.541564941406,2.40445852279663,0.561830699443817,1318.054036,9007300.0,30437274.0,0.633922159671783,0.959005681,,,105182.008,9252014077440.754,124830949537.05388,124830949537.05388,8.861791084711346,20.99407129714174,25.550226255221904,11.714379489913354,12.165360488727536,6.83647566632299,210501.0,12.257245682687113,146.46694177052981,93.29987338103156,1220823.7643096,14.015036405500455,6.82150552603189,11921.647223602498,11.413176739478459,0.9303763556804845,1.29008,25.386056522685568,0.9469429522941154,431787781799.96674,26.791200058656347,26.6124918926232,-0.4847992105263159,0.7420761046117397,-0.35975790966621524,1,0,2006-10
CHN,2007,212955.37,68.019876896713,8013.78375739131,30.2374939097036,37.6709873123357,31.9005932714931,92101.0,153060.0,1317885000.0,1.35321,1076.73747,61.2664640006176,0.41160449385643,759.478332519531,2.41354775428772,0.562760770320892,1325.813582,10289115.0,34227428.0,0.700974345207214,0.978169062,,,123682.3038,10561245407109.646,142915828973.54846,142915828973.54846,8.988918307726388,20.999294015805663,25.6855216853317,11.938585280363911,12.268837892220544,6.9816908869963,245161.0,12.409670416560186,161.58873498066978,116.14063442561377,1419016.16065095,14.165474344837687,10.054511858629928,13547.608350940547,12.785418429174733,0.8876923570633062,1.34923,25.550226255221904,0.9303763556804845,509935443503.5202,26.95754997328704,26.791200058656347,-0.4256492105263159,0.7255095079981088,-0.30881254930873087,1,0,2006-10
CHN,2008,246969.98,73.3649005771448,8743.7020031299,29.4319344493349,38.8030814219879,31.6169791482305,95259.0,194579.0,1324655000.0,1.4233,1197.58885,56.7111330003209,0.413073837757111,763.157104492188,2.4226713180542,0.56485378742218,1333.821016,11282083.0,38462012.0,0.73548686504364,1.042707986,,,145416.7767,11582388576956.037,164852136615.81528,164852136615.81528,9.07608894912123,21.004417885122038,25.828314767349617,12.178593529241878,12.41702206976218,7.088065522774836,289838.0,12.577077425186333,186.44098274645097,146.89032238582877,1586392.0580967502,14.2769728499326,4.806139239882884,14783.434411591052,8.729723109464338,0.884128918085521,1.35321,25.6855216853317,0.8876923570633062,598297263593.8075,27.117353563696316,26.95754997328704,-0.4216692105263158,0.6828255093809305,-0.2879264934678864,1,0,2006-10
CHN,2009,284471.05,73.3024872499616,9518.68128351945,31.9775769727453,43.4097668520056,31.0611528606438,85508.0,229096.0,1331260000.0,1.6366,861.24883,44.4197644331119,0.403140187263489,766.974548339844,2.43182945251465,0.564468741416931,1342.522716,12342457.0,43962712.0,0.753161013126373,1.198404554,,,184059.7903,12671839645498.104,207387327638.222,207387327638.222,9.161011597551829,21.009391699130887,26.057854029805767,12.341896408664548,12.558386769901636,6.758383463836379,314604.0,12.659069984083654,213.6855685591094,172.08959932695342,1146546.1174258,13.952264605002991,2.3746352453079433,16092.394495639895,8.483951142741653,0.9084709183098304,1.4233,25.828314767349617,0.884128918085521,715940001692.9583,27.29686220387772,27.117353563696316,-0.3515792105263158,0.6792620704031452,-0.23881442245280854,1,0,2006-10
CHN,2010,307848.3,78.3844659620355,10476.1525652407,32.1501169663397,43.5201821905755,31.0748956423241,98111.0,293066.0,1337705000.0,1.68456,898.85545,49.8540722338977,0.395049452781677,771.193298339844,2.44102191925049,0.558413088321686,1351.561514,13655183.0,50110612.0,0.75952422618866,1.236833437,,,212074.8694,14014001667285.31,236074266486.42145,236074266486.42145,9.25685676883205,21.01422129601767,26.187412280969767,12.588153118605582,12.637362408154221,6.8011222317771525,391177.0,12.876915421958364,230.13168075173525,219.0811875562998,1202403.42974225,13.999832969830548,0.8413185281519908,17706.563360179163,9.558861335261248,0.9287443250018569,1.6366,26.057854029805767,0.9084709183098304,844623267925.436,27.46215652811419,27.29686220387772,-0.13827921052631575,0.7036040706274547,-0.09729381540946655,1,0,2006-10
CHN,2011,320967.39,84.6672598000845,11404.9179835542,30.5004796644425,43.515390928039,31.5623565182378,110583.0,415829.0,1345035000.0,1.75244,972.01743,49.9458272253643,0.404167711734772,772.32763671875,2.47546982765198,0.560839235782623,1360.250664,14959365.0,56670656.0,0.788435995578766,1.32726099,,,246477.1995,15340013860009.824,268824538888.35614,268824538888.35614,9.341799943421627,21.019685871966473,26.31732473193596,12.93802939704372,12.679094808166615,6.879373736398426,526412.0,13.173839455085995,238.63125494875598,309.1584977342597,1307397.4639600501,14.083549050400624,3.7359011652571743,19369.19551856926,8.974856206033976,0.9059253591064331,1.68456,26.187412280969767,0.9287443250018569,986754316624.9768,27.61768692606807,27.46215652811419,-0.09031921052631575,0.7238774773194812,-0.06538004226927657,1,0,2011-15
CHN,2012,326400.8,86.7023402222195,12217.9343813101,30.8618085179503,43.8737076505916,31.0143036500115,117464.0,535313.0,1354190000.0,1.88095,1028.98334,47.4802130784317,0.414909303188324,772.423400878906,2.51040363311768,0.569530367851257,1369.520864,16135730.0,63722176.0,0.800227165222168,1.432345054,,,290892.7655,16545404559826.324,311210787068.0532,311210787068.0532,9.410660182538072,21.026469326554942,26.463736291464986,13.190606901533998,12.695881353049478,6.936326545226792,652777.0,13.388990849168206,241.03028378587936,395.3012501938428,1393438.9491946,14.147285313817457,1.4844413158673353,20889.74774927828,7.5574556089286204,0.8796953291703716,1.75244,26.31732473193596,0.9059253591064331,1149951956199.2834,27.770741280213,27.61768692606807,-0.02243921052631581,0.7010585114240574,-0.015731199529110004,1,0,2011-15
CHN,2013,351525.76,88.6949971691171,13080.8787864744,31.5855813292794,44.0755431365052,30.1275021518721,120200.0,704936.0,1363240000.0,1.96246,1079.63795,45.9160413795571,0.401730418205261,773.677185058594,2.54583048820496,0.578751623630524,1379.00804,17388854.0,71349296.0,0.811296701431274,1.503468722,,,327146.2769,17832377196873.363,349953269537.76105,349953269537.76105,9.47890680826462,21.033130056331842,26.58106546690947,13.465862297531796,12.77003827346507,6.9843810324341495,825136.0,13.623303500215648,257.8605087878877,517.1033713799478,1471805.638958,14.202000530801717,1.3738189723400822,22475.59361425795,7.317149190624583,0.9119740167963135,1.88095,26.463736291464986,0.8796953291703716,1327412432307.1519,27.914252623523033,27.770741280213,0.10607078947368409,0.6748284814879959,0.07157958979075914,1,0,2011-15
CHN,2014,379465.82,89.6634855698566,13968.5187785922,29.7037271802947,43.3803473680085,29.8300397890826,127042.0,801135.0,1371860000.0,1.98475,1101.80087,44.0684564812532,0.408635199069977,773.977111816406,2.57462215423584,0.580333232879639,1387.951972,18680110.0,79360160.0,0.82921838760376,1.534141207,,,352373.0969,19162852171599.496,380334708475.821,380334708475.821,9.544561417896006,21.03943332022726,26.66431751375826,13.593784751175182,12.846519805885494,7.004701274655295,928177.0,13.740977726339779,276.6068111906463,583.977227997026,1511516.5415182,14.22862403691828,2.1849721817819607,24135.222753759004,7.124230634891582,0.8949324547632201,1.96246,26.58106546690947,0.9119740167963135,1508635275936.9001,28.04222656731999,27.914252623523033,0.18758078947368428,0.7071071691139378,0.13263972102489444,1,0,2011-15
CHN,2015,401135.63,89.7841730948422,14857.1088234405,30.4312672747562,41.6166710438192,28.3889960582852,133612.0,968252.0,1379860000.0,2.01703,1162.7108,38.6971848362625,0.414834350347519,774.418212890625,2.59902787208557,0.581012785434723,1396.134174,19995438.0,87775192.0,0.851113080978394,1.548921229,,,374714.4954,20500730181112.61,413505877972.0957,413505877972.0957,9.606233738335606,21.045247881693836,26.747937566477432,13.783247662957102,12.902054878528462,7.058509454355943,1101864.0,13.912513849100892,290.7074848173003,701.7030713260766,1604378.124488,14.288246778085506,2.6061444432382035,25819.948016672042,6.747507355888693,0.8798759942244265,1.98475,26.66431751375826,0.8949324547632201,1695845862518.4607,28.159202766219135,28.04222656731999,0.2098707894736842,0.6900656070808444,0.14482461374669398,1,0,2011-15
CHN,2016,430349.69,91.1122745445833,15772.8372607502,30.2545232296357,41.0805800894123,27.5237594259275,133522.0,1204981.0,1387790000.0,2.0595,1208.86205,36.177170692978,0.420263558626175,772.982360839844,2.62366509437561,0.581159591674805,1404.052632,21364878.0,96755824.0,0.872795343399048,1.595385055,,,404635.427,21889385822096.52,450811901006.0778,450811901006.0778,9.666044578850414,21.050978390754533,26.834316018510854,14.001974357147727,12.972353389733454,7.097434741540497,1338503.0,14.107062383254938,310.097125645811,868.2732978332457,1677646.6643694998,14.332902574330756,2.5156099399426175,27639.54144669886,6.810003643609441,0.8668732439748943,2.01703,26.747937566477432,0.8798759942244265,1892280884146.7695,28.26880403439067,28.159202766219135,0.2421507894736843,0.6750091465420508,0.16345399773711544,1,0,2016-19
CHN,2017,464153.83,94.8898339756055,16758.0463976858,30.9118639785891,41.4184897995936,27.5998559245177,135885.0,1245709.0,1396215000.0,2.07771,1235.84935,36.95085261586,0.432371765375137,771.330383300781,2.64853596687317,0.579817354679108,1412.354727,22849138.0,106217664.0,0.898876547813416,1.612049073,,,435789.6306,23397835751144.88,486139173185.11237,486139173185.11237,9.726633803858133,21.05703084088936,26.909760784430816,14.035215403701581,13.047971306436821,7.119513745475773,1381594.0,14.13874846301421,332.43721776373985,892.2042808593233,1725511.40021025,14.361034028400862,2.944460410565,29623.023408232522,6.930446827658976,0.838469492816362,2.0595,26.834316018510854,0.8668732439748943,2094577924709.8665,28.370373181086343,28.26880403439067,0.2846207894736841,0.6620063962925186,0.1884207831494052,1,0,2016-19
CHN,2018,513575.22,98.1795156990859,17807.0490552244,31.5481478595353,42.3803760237203,27.34341880328,148187.0,1393815.0,1402760000.0,2.10232,1317.48914,36.8943843914718,0.439275443553925,769.240295410156,2.67364239692688,0.577055394649506,1419.008956,24391402.0,116379784.0,0.924569427967072,1.627517088,,,480642.3269,24979016132706.582,525138851961.11707,525138851961.11707,9.787349672225643,21.061707561423983,26.98692854449532,14.147555149874407,13.149151782530382,7.183483037497294,1542002.0,14.248592130121432,366.1176680258918,993.6232855228264,1848121.0660263998,14.429680040957003,2.8182442496320044,31708.429921751038,6.8030696829389115,0.8226286285978113,2.07771,26.909760784430816,0.838469492816362,2305530087964.5034,28.466331739023957,28.370373181086343,0.30283078947368436,0.6336026451339862,0.19187438923853972,1,0,2016-19
CHN,2019,608625.08,99.4721279847305,18820.5871645645,30.8186302968419,42.2503490502374,26.2594662949297,157093.0,1243568.0,1407745000.0,2.20144,1483.85803,35.4544350281407,0.448498338460922,765.730224609375,2.69898700714111,0.577753484249115,1423.520357,25842820.0,126968344.0,0.9467533826828,1.682299898,,,545460.7854,26494587477979.85,583262446575.2396,583262446575.2396,9.842706611619988,21.06525497032569,27.091903087654956,14.033495225089126,13.318957724928822,7.302400752035032,1400661.0,14.152454826018262,432.340430972939,883.3758954924366,2088893.72244235,14.552145164396448,2.371049385486913,33749.24897757993,6.237559089323241,0.8018503021480704,2.10232,26.98692854449532,0.8226286285978113,2542963021345.0674,28.564351060912063,28.466331739023957,0.3274407894736844,0.6177617809154355,0.20228040524961946,1,0,2016-19
CHN,2020,671731.01,100.0,19215.1012491012,31.2766154241293,41.8494114609444,25.5809804288007,152342.0,1344817.0,1411100000.0,2.35712,1600.30633,34.337778473884,0.45294800400734,762.124328613281,2.7245717048645,0.572499990463257,1426.106093,26421342.0,137695824.0,0.959374368190765,1.804458282,,,607601.4738,27114429372606.703,639119637627.5872,639119637627.5872,9.863451772259129,21.06763537902799,27.183357500133535,14.111768502281592,13.417613256632672,7.377950346152463,1497159.0,14.219079870186475,476.0335979023457,953.0274254127986,2258192.2622629995,14.630075167216178,1.3242732494492628,34668.02069955542,2.6859503796718087,0.7919779415277474,2.20144,27.091903087654956,0.8018503021480704,2800638205770.8945,28.660868437769928,28.564351060912063,0.42656078947368403,0.5969834544656947,0.25464973363961385,1,0,2020-23
CHN,2021,756203.38,104.473573585036,20843.2978347377,30.2190732796596,41.3521203793076,26.621932558827,159019.0,1426644.0,1412360000.0,2.38165,1685.97511,36.6428789643754,0.466502696275711,757.859619140625,2.73290514945984,0.561180591583252,1426.437267,28653542.0,148589856.0,1.0,1.831967792,,,701114.6371,29438240129870.137,701115846053.0521,701115846053.0521,9.944787728776689,21.068527901028403,27.275938968605605,14.17083539091319,13.536065640145987,7.430099375700754,1585663.0,14.276513174361883,535.4182927865418,1010.1135687784985,2381203.8063596,14.683116718764882,4.147390677016387,37808.50869517456,8.671650669926834,0.7624914789135615,2.35712,27.183357500133535,0.7919779415277474,3081658320958.3125,28.756488983915755,28.660868437769928,0.5822407894736843,0.5871110938453716,0.34184002678928754,1,0,2020-23
CHN,2022,885962.5,106.494724224688,21499.3125559757,27.7650612563156,41.2329317275585,25.9806695043084,,,1412175000.0,2.4945,1849.23669,37.512555678171,0.474106669425964,744.443420410156,2.74130630493164,0.561180591583252,1425.179569,29499014.0,159623808.0,0.995394468307495,1.935008317,,,811348.1998,30360791708734.984,757349949174.3942,757349949174.3942,9.975776239463904,21.068396906014875,27.353091267809646,,13.694429903635054,7.522528232929569,,,627.3744401366687,,2611445.8227007496,14.775414580980172,-0.4616169829006899,39625.595701749,4.694109051628281,0.7463229416219378,2.38165,27.275938968605605,0.7624914789135615,3376759521988.9595,28.847937644251218,28.756488983915755,0.6067707894736842,0.5576246312311858,0.33835033772211864,1,0,2020-23
CHN,2023,932711.93,105.955009582089,22687.2519534328,26.5682136542881,40.4544347218594,25.0144267929987,,,1410710000.0,2.57729,2107.27003,36.7391496938394,0.470938354730606,751.184936523438,2.74977564811707,0.561180591583252,1422.584933,31047584.0,171095104.0,1.01372635364532,2.002840061,,,915462.8102,32005133203227.184,824865097533.454,824865097533.454,10.029558457765413,21.067358960698986,27.438485691769277,,13.745851675455496,7.6531485641118095,,,661.1648956908224,,2972746.9040213004,14.90499696684652,1.824917037714133,41331.478428855946,4.214913364164374,0.753028075207469,2.4945,27.353091267809646,0.7463229416219378,3695110691224.0693,28.938031626909527,28.847937644251218,0.7196207894736841,0.5414560939395621,0.38964306178612496,1,0,2020-23
COL,2000,535.48,48.4386000792737,10813.4942250011,,14.1293141067755,13.9327006536198,1694.0,75.0,39089934.0,0.13106,,32.6670854693067,0.503958761692047,14.2371225357056,2.16298365592957,0.476693034172058,39.089934,398536.0,1412782.5,0.979115307331085,0.034840216,,,,422698775564.6742,553989015.255062,553989015.255062,9.288550098458048,17.481375549356354,20.132655416455524,4.31748811353631,6.283163540917697,,1769.0,7.478169694159785,13.698667283500658,1.9186525103879684,,,,27992.735119087625,,0.6852608362979634,,,,2195298930.9096694,21.509584061403494,,,,,0,0,other
COL,2001,533.64,51.5960451787335,10823.4504878807,,15.3995333206406,14.1371966473471,432.0,65.0,39709262.0,0.1329,,33.9011117949445,0.498717546463013,14.3336715698242,2.18431115150452,0.482329457998276,39.709262,405223.03125,1423465.625,0.982415735721588,0.035022883,,,,429791231167.28253,571192546.2213185,571192546.2213185,9.289470400627733,17.497095018195374,20.16323691957208,4.174387269895637,6.2797214543106055,,497.0,6.208590026096629,13.438678361738376,1.636897709154101,,,0.3365158575263455,28270.707144085205,0.9881168855663702,0.6957153826435367,0.13106,20.132655416455524,0.6852608362979634,2437196637.4945374,21.614114296678437,21.509584061403494,-1.6438192105263159,0.4803939886155877,-0.7896808671076633,0,0,2001-05
COL,2002,661.11,54.6753954825322,10925.1485602082,,16.725296853536,14.0329280173486,858.0,54.0,40324680.0,0.15559,,32.9826392144234,0.480880856513977,14.6815271377563,2.20584893226624,0.488565623760223,40.32468,415369.71875,1442765.875,0.9640012383461,0.03450992,,,,440553119642.8564,685456598.8523203,685456598.8523203,9.298822618059729,17.51247424642019,20.345595741836565,3.9889840465642745,6.493920240529775,,912.0,6.815639990074331,16.394674427670598,1.339130279521127,,,-1.8921995695396223,28291.996796559324,0.07527806132401338,0.7321357391141189,0.1329,20.16323691957208,0.6957153826435367,2757073740.722677,21.737435715356057,21.614114296678437,-1.6419792105263158,0.490848534961161,-0.8059630899235258,0,0,2001-05
COL,2003,704.63,58.409186355082,11183.2911819793,,18.1097505002846,14.2374561677284,1127.0,82.0,40937429.0,0.17398,,36.51618351723,0.477440595626831,15.246301651001,2.22759914398193,0.476767063140869,40.937429,431645.03125,1471821.375,0.969526171684265,0.035873809,,,,457815188748.6037,796506865.3848207,796506865.3848207,9.322176084602049,17.527555337007097,20.49574630671831,4.406719247264253,6.557672842349598,,1209.0,7.097548850614793,17.212365730148807,2.0030569091185475,,,0.5714890150000963,28311.458157569657,0.06876386536109891,0.7393155338647811,0.15559,20.345595741836565,0.7321357391141189,3140019544.999096,21.867494861369206,21.737435715356057,-1.6192892105263157,0.5272688914317432,-0.8538008269415931,0,0,2001-05
COL,2004,851.27,62.6631469099713,11607.9384935105,,18.8317596064491,14.4134103625529,1365.0,76.0,41543171.0,0.16964,,35.8634269337995,0.478063493967056,15.8290681838989,2.24956393241882,0.467858701944351,41.543171,454664.78125,1508649.5,0.986296474933624,0.036004386,,,,482230573793.3891,818055945.3831053,818055945.3831053,9.359444495920636,17.54224370956042,20.522441285117218,4.330733340286331,6.746729352048222,,1441.0,7.273092595999522,20.49121382669609,1.829422217191846,,,1.7149524571854375,28723.407844845755,1.4445790091556887,0.7380117227450825,0.17398,20.49574630671831,0.7393155338647811,3487072558.6323366,21.972328412749313,21.867494861369206,-1.6008992105263158,0.5344486861824054,-0.8555984797762395,0,0,2001-05
COL,2005,979.32,65.641649169763,11999.2549591305,,20.9561543150332,15.9910403067837,1662.0,99.0,42128977.0,0.16557,,37.422697494955,0.484558194875717,16.4764575958252,2.27174520492554,0.46635890007019,42.128977,476063.84375,1556119.125,0.986049354076386,0.031166023,,,,505516336190.3448,836983397.8303539,836983397.8303539,9.392599840103552,17.55624635167605,20.545314792928895,4.59511985013459,6.886858453269152,,1761.0,7.473637108496206,23.245757901978017,2.349926512575893,,,-0.025058572882744046,28893.579883980943,0.5907026405234106,0.7245177416017627,0.16964,20.522441285117218,0.7380117227450825,3800995072.66784,22.05852873062746,21.972328412749313,-1.6052392105263158,0.5331448750627068,-0.8558250583418108,0,0,2001-05
COL,2006,1427.44,69.4538935451873,12636.6246577724,,22.5775935262733,15.9786060942757,1861.0,142.0,42691084.0,0.16427,,39.6413559606293,0.499276548624039,17.0571823120117,2.29414510726929,0.468655347824097,42.691084,508040.375,1620708.875,0.995081961154938,0.027601406,,,,539471204741.43274,886189348.0287515,886189348.0287515,9.444354595471596,17.569500650775314,20.60244119682979,4.955827057601261,7.263637909123173,,2003.0,7.602401335665818,33.43648992375083,3.326221465821763,,,0.9118698592021582,29784.54270505375,3.037013667032795,0.6945951310864614,0.16557,20.545314792928895,0.7245177416017627,4117035159.7964153,22.138399119847435,22.05852873062746,-1.6093092105263158,0.519650893919387,-0.836278969842703,0,0,2006-10
COL,2007,1534.79,73.0669085713019,13318.3033138168,3.06529982090687,24.0773758127074,16.1542662179759,1862.0,128.0,43235374.0,0.18307,,37.0988970982903,0.510812699794769,17.972843170166,2.31676602363586,0.473968327045441,43.235374,542273.125,1702756.625,0.991531789302826,0.041404184,,,,575821824818.3087,1054157014.6948779,1054157014.6948779,9.496894557138424,17.582169560738237,20.776007246269355,4.852030263919617,7.336148842844665,,1990.0,7.595889917718538,35.49847863002179,2.9605387477392933,,,-0.3574097511911615,30171.805310144005,1.2918331537312255,0.671752292574542,0.16427,20.60244119682979,0.6945951310864614,4553636900.521831,22.239192069420138,22.138399119847435,-1.610609210526316,0.4897282834040857,-0.7887608839058623,0,0,2006-10
COL,2008,2284.87,78.6765349266072,13591.0609028567,4.01539209090487,21.9137810195697,15.3737037145843,1818.0,126.0,43758808.0,0.19541,,39.1676494164355,0.534460961818695,18.2545528411865,2.3396098613739,0.462066918611527,43.758808,560078.4375,1771569.0,0.978699862957001,0.058319412,,,,594728624564.413,1162159205.2613194,1162159205.2613194,9.51716756906198,17.59420347621888,20.873545495682485,4.836281906951478,7.734064408930856,,1944.0,7.572502985020384,52.21508776016019,2.879420298651645,,,-1.3025988868027492,30681.57529645609,1.6754431915240175,0.6264965880062547,0.18307,20.776007246269355,0.671752292574542,5032750570.704875,22.33923250474142,22.239192069420138,-1.5918092105263157,0.4668854448921663,-0.7431925514400269,0,0,2006-10
COL,2009,2642.71,81.8741266960053,13586.7518430982,5.55422595416521,22.6467081627038,14.7800723322979,1551.0,128.0,44271541.0,0.19351,,35.1561285074585,0.526802182197571,18.4297657012939,2.36267900466919,0.472745656967163,44.271541,566461.3125,1841114.875,0.965880930423737,0.041549998,,,,601506441278.5475,1163975114.5181172,1163975114.5181172,9.516850467768002,17.60585261322832,20.875106806747148,4.852030263919617,7.879560184785479,,1679.0,7.425953657077541,59.6932011018094,2.8912479012194314,,,-1.3184454221808177,30736.218879886816,0.17794060689286795,0.640930166757181,0.19541,20.873545495682485,0.6264965880062547,5441813099.617261,22.417378132656186,22.33923250474142,-1.5794692105263157,0.421629740323879,-0.6659511930837727,0,0,2006-10
COL,2010,3053.85,84.9893228316444,14037.0642668639,5.36253459586992,22.0429732014851,13.9670256956953,1739.0,133.0,44777319.0,0.19358,,34.2646031687681,0.545758366584778,18.8913440704346,2.38597559928894,0.468743205070496,44.777319,591921.8125,1916421.25,0.970189154148102,0.045139875,,,,628542104500.866,1216731805.8927765,1216731805.8927765,9.549456557914093,17.617212296864682,20.919434253529488,4.890349128221754,8.024158368658796,,1872.0,7.534762657037537,68.20082283175552,2.9702537572649224,,,0.44504905785471455,31332.96446738121,1.9228993926823534,0.6055789532348195,0.19351,20.875106806747148,0.640930166757181,5842272940.567449,22.488385760218996,22.417378132656186,-1.5813692105263157,0.4360633190748052,-0.6895771066248096,0,0,2006-10
COL,2011,3380.05,90.4174237688204,14852.3699513061,4.67963034404329,21.9158254216725,13.217602576964,1770.0,183.0,45259614.0,0.19842,,39.4704235545367,0.590604722499847,19.4976921081543,2.41068816184998,0.445209413766861,45.259614,633047.9375,2002981.125,0.990511417388916,0.049412613,,,,672212530981.3129,1333804103.9731212,1333804103.9731212,9.605914724177834,17.62792566963131,21.01130092506067,5.209486152841421,8.125645781267059,,1953.0,7.577121930876679,74.68137045976574,4.043339830516452,,,2.073033620362455,32467.839474972912,3.5579323572088484,0.5266083135988873,0.19358,20.919434253529488,0.6055789532348195,6299736103.455452,22.563773581126153,22.488385760218996,-1.5812992105263157,0.40071210555244374,-0.633645736158417,0,0,2011-15
COL,2012,3956.72,93.6875101031044,15279.4790008058,5.6774289147471,21.1252094876723,13.0892848837297,1848.0,213.0,45715810.0,0.22116,,38.835151018669,0.601872444152832,19.9761848449707,2.43565678596497,0.455729424953461,45.71581,657816.75,2086343.625,0.990017950534821,0.069100477,,,,698513758899.8279,1544833029.1828592,1544833029.1828592,9.634265965333299,17.637954747896842,21.158181669729647,5.3612921657094255,8.283170678204488,,2061.0,7.630946580890459,86.55036408629749,4.659219644144991,,,-0.04983181489743305,32930.04921135455,1.4135546023245738,0.5077097429138088,0.19842,21.01130092506067,0.5266083135988873,6899608717.119993,22.654730539277914,22.563773581126153,-1.5764592105263158,0.32174146591651154,-0.5072122973523233,0,0,2011-15
COL,2013,4325.67,95.4747646532672,15912.2471293239,7.76843663280142,21.3383970995375,12.6623563037307,1781.0,251.0,46151584.0,0.25761,58.0547,37.9866487978457,0.602393925189972,20.3189544677734,2.46088433265686,0.457877516746521,46.151584,691589.0625,2175999.5,1.00279486179352,0.065001881,,,,734375410017.7509,1891824493.746728,1891824493.746728,9.674844351416464,17.647441841184357,21.360807540983096,5.5254529391317835,8.372322320662953,4.061385669552053,2032.0,7.616775808698373,93.72744389445008,5.438599897242963,2679.3163636448,7.893316952772136,1.282316759372837,34036.64610779484,3.305218006753563,0.5068436868932965,0.22116,21.158181669729647,0.5077097429138088,7756491903.298722,22.771795994607963,22.654730539277914,-1.5537192105263158,0.30284289523143304,-0.4705328240924859,0,0,2011-15
COL,2014,4795.16,97.6092294031774,16480.3631474161,8.11983496308117,22.6705098813348,12.2693186420816,1898.0,260.0,46565429.0,0.30317,59.05478,37.4874656411103,0.606947779655457,20.3993816375732,2.48637270927429,0.469602674245834,46.565429,722703.875,2276362.5,1.01468193531036,0.131376209,,,,767415180035.221,2326572601.3127794,2326572601.3127794,9.709924838864863,17.65636895682362,21.567662035000104,5.560681631015528,8.475362354852598,4.0784654877160875,2158.0,7.67693714581808,102.9768242873914,5.583541386465053,2749.91116520062,7.919323886575435,1.1784235729474222,35427.73442058002,4.005720072717622,0.499312521845103,0.25761,21.360807540983096,0.5068436868932965,8919590719.116693,22.911515898978553,22.771795994607963,-1.5172692105263157,0.3019768392109208,-0.45818016042678594,0,0,2011-15
COL,2015,5115.5,100.0,16821.3801400631,9.8493456203733,23.3747819041323,12.4008937581087,1921.0,321.0,46969940.0,0.36542,70.66931,38.3607641184453,0.591379940509796,21.1043548583984,2.51212525367737,0.493319749832153,46.96994,744066.3125,2382179.25,0.99882847070694,0.174716109,,,,790099215895.9553,2887180554.727,2887180554.727,9.730405983672213,17.66501838059125,21.783546276276752,5.771441123130016,8.540030425318994,4.258011390964706,2242.0,7.715123603632105,108.91008163944855,6.834158187129896,3319.3332505414,8.10751921359168,-1.5747415228616404,35256.52963534688,-0.484422161898479,0.525296590790015,0.30317,21.567662035000104,0.499312521845103,10468832665.976189,23.071668362392032,22.911515898978553,-1.4717092105263159,0.29444567416272727,-0.4333384106649162,0,0,2011-15
COL,2016,5994.92,105.148334305146,17003.244366485,10.1857957756345,22.1296577145622,12.297778837716,1658.0,545.0,47437512.0,0.27051,91.2603,36.202652984202,0.596156001091003,21.1867866516113,2.53814482688904,0.494807720184326,47.437512,759597.75,2478521.5,0.993033587932587,0.107708979,,,,806591608674.0646,2181910960.624212,2181910960.624212,9.741159449917099,17.67492386608452,21.503466917211313,6.300785794663244,8.698667722918865,4.513715862804833,2203.0,7.697575346802343,126.37509319628737,11.488798147761207,4329.1615763736,8.373129170925077,-0.5818574733540457,35852.42833142094,1.6760550649046024,0.5172528993695189,0.36542,21.783546276276752,0.525296590790015,11080418726.703972,23.12844530877025,23.071668362392032,-1.4094592105263157,0.3204297431076393,-0.4516326527496434,0,0,2016-19
COL,2017,6280.16,110.546372091236,16986.0334182842,8.96236276389192,21.7227919184852,11.4095935667718,1777.0,595.0,48131078.0,0.26109,90.24729,35.2829149424588,0.586375296115875,21.2779293060303,2.5629780292511,0.497105717658997,48.131078,769923.4375,2574892.75,0.983790576457977,0.091621402,,,,817556099366.0436,2134557219.834803,2134557219.834803,9.740146721739656,17.689438638701436,21.481525070940396,6.38856140554563,8.7451507368447,4.502553569061319,2372.0,7.771488760117616,130.48035200873747,12.362075081717471,4343.69935427862,8.376481649798482,-0.9351442580534954,36184.13363568225,0.9209424759433205,0.5337952573396113,0.27051,21.503466917211313,0.5172528993695189,11552913137.533178,23.170203461812015,23.12844530877025,-1.5043692105263158,0.3123860516871432,-0.46994395795602045,0,0,2016-19
COL,2018,6922.39,115.665309926839,17104.1313545678,7.22139251354653,21.2278710779912,11.1518529729467,1808.0,415.0,49024465.0,0.31233,,36.5347527968973,0.584969580173492,21.398229598999,2.58082032203674,0.495853841304779,49.024465,789666.8125,2669737.0,0.982084095478058,0.131534146,,,,838520888947.4116,2618952292.4494505,2618952292.4494505,9.747075312992575,17.707830017187547,21.686040186364664,6.028278520230698,8.842516364705792,,2223.0,7.706612913964197,141.20276478284873,8.465161221035252,,,-0.1736103967256094,36903.371320819,1.968218518638487,0.5361954328057446,0.26109,21.481525070940396,0.5337952573396113,12438928459.352654,23.244096783839478,23.170203461812015,-1.5137892105263158,0.3289284096572356,-0.4979282775747032,0,0,2016-19
COL,2019,7968.21,120.294953383022,17336.7716030551,9.04845616228861,21.269107264817,10.926657535177,1735.0,422.0,49907985.0,0.32201,,37.558533980839,0.588321685791016,21.4365634918213,2.59878706932068,0.502067089080811,49.907985,814832.3125,2765520.0,0.990295648574829,0.153067695,,,,865243337113.6998,2786170069.8398247,2786170069.8398247,9.760585050939088,17.725691567959988,21.74793375489165,6.045005314036012,8.983215154338822,,2157.0,7.676473646389156,159.65801865172477,8.455560768482238,,,0.8326591839307302,38011.331098423645,2.9581391497254472,0.5304813960011756,0.31233,21.686040186364664,0.5361954328057446,13359259260.28958,23.3154755589287,23.244096783839478,-1.4625492105263158,0.3313285851233688,-0.4845843605969843,0,0,2016-19
COL,2020,8888.34,122.077393324367,15861.4999291295,9.91355157220335,18.3620756136132,10.7275023510948,1752.0,369.0,50629997.0,0.2894,,34.0555709680101,0.601228296756744,19.8541221618652,2.61687898635864,0.538307785987854,50.629997,756279.1875,2811806.5,1.0182021856308,0.149447785,,,,803067693827.3268,2324077905.9362836,2324077905.9362836,9.671650063802176,17.740054784692685,21.566589197722013,5.910796644040527,9.09249558441319,,2121.0,7.659642954564682,175.55481980376177,7.2881695015703825,,,2.7790254559106673,38091.79682356458,0.21146504046090087,0.508780555083954,0.32201,21.74793375489165,0.5304813960011756,13679448277.182425,23.339160417712193,23.3154755589287,-1.4528692105263157,0.3256145483187999,-0.47307535175181764,0,0,2020-23
COL,2021,9491.15,131.602009615523,17383.0901728295,8.20914960906244,18.9897319714179,11.1991608490115,1855.0,432.0,51188173.0,,,40.0591463936128,0.587187111377716,20.8645763397217,2.63825917243958,0.500458061695099,51.188173,837966.375,2882305.0,1.0,,,,,889808627041.3964,,,9.763253183522773,17.751019067232278,,6.068425588244111,9.158115064451922,,2287.0,7.734996194022781,185.41685400649092,8.43944947986325,,,-1.8038509047141695,40162.156247797415,5.292621288859145,0.5324117512113512,0.2894,21.566589197722013,0.508780555083954,,,23.339160417712193,-1.4854792105263157,0.3039137074015783,-0.45145749413902225,0,0,2020-23
COL,2022,9305.41,151.243657823175,18458.7209460704,8.40182637186439,19.070491795478,11.1476678003017,,,51737944.0,,,48.2826551123359,0.606426417827606,22.1632251739502,2.6601254940033,0.474141001701355,51.737944,899044.75,2970245.75,1.00089430809021,,,,,955016270619.4174,,,9.823292217794487,17.76170199678534,,,9.138351230437715,,,,179.85658649288422,,,,0.08939084349887026,40564.70766072,0.997325376216196,0.5001718805837639,,,0.5324117512113512,,,,,0.3275449035289755,,0,0,2020-23
COL,2023,9183.73,161.819985461486,18406.6242338491,8.59989159781141,16.424080141129,10.8850806451613,,,52321152.0,,,40.1333165322581,0.589360773563385,22.9331722259522,2.68249130249023,0.477649509906769,52.321152,906207.25,3038053.0,0.983163952827454,,,,,963055784346.1023,,,9.820465891517241,17.77291128321944,,,9.125188719172487,,,,175.5261428494541,,,,-1.7873292950250836,39515.128612451415,-2.6214817706442517,0.5287167640602779,,,0.5001718805837639,,,,,0.2953050329013882,,0,0,2020-23
CRI,2000,121.83,23.433402238027,14025.6899537485,,19.6895819485869,18.0880238934068,47.0,28.0,3937739.0,0.41135,,86.5249233826171,0.664872705936432,1.49447667598724,2.42416906356812,0.567329406738281,3.937739,55060.23046875,139432.9375,0.875980973243713,,,,,55229506332.78367,227186574.29990563,227186574.29990563,9.548645923744058,15.18611725868665,19.241282151075417,3.332204510175204,4.8026266303663165,,75.0,4.31748811353631,30.939074428244226,7.110679504152002,,,,36842.48229058351,,0.40815967629382455,,,,1276119238.690169,20.967089464752437,,,,,0,0,other
CRI,2001,169.1,25.7113490134415,14257.525071713,,19.8348161320968,17.1661989829056,191.0,21.0,4008947.0,,,80.8527575070405,0.669792413711548,1.52548813819885,2.44833302497864,0.578791975975037,4.008947,56982.4765625,147196.046875,0.876690983772278,,,,,57157662363.66862,,,9.565040121522081,15.204039171282828,,3.044522437723423,5.130490255904535,,212.0,5.356586274672012,42.180652425686844,5.23828326989606,,,0.08102036032038296,37353.60186397741,1.3777752950929312,0.40078744488571494,0.41135,19.241282151075417,0.40815967629382455,,,20.967089464752437,-1.3635292105263157,0.2032928286114488,-0.2771957101022304,0,0,2001-05
CRI,2002,158.82,28.2276895110321,14503.176481607,,19.7839963993644,17.138874024911,220.0,23.0,4075705.0,,,80.4139436754132,0.647791922092438,1.56531858444214,2.47273755073547,0.578185975551605,4.075705,58929.49609375,155432.171875,0.860611438751221,,,,,59110668901.96806,,,9.582122972113876,15.220554295828235,,3.1354942159291497,5.067771485467065,,243.0,5.493061443340548,38.96749151373811,5.6431954717036685,,,-1.8511462345818268,37646.96636164435,0.7823033898580078,0.43418574207807764,,,0.40078744488571494,,,,,0.19592059720333918,,0,0,2001-05
CRI,2003,153.49,31.2334403368535,14898.7197394794,,19.7901753815231,16.8593694630502,238.0,33.0,4138784.0,0.3619,133.40471,83.3277075502937,0.642691195011139,1.60537767410278,2.49738550186157,0.568065583705902,4.138784,61473.58984375,164266.359375,0.860459566116333,,,,,61662582878.24151,223156887.436356,223156887.436356,9.60903056471704,15.235912582850624,19.22338561316713,3.4965075614664802,5.033635418325317,4.8933874402045605,271.0,5.602118820879701,37.085772052854175,7.973356425462164,552.13327927264,6.31378946509091,-0.017648619360002837,38292.29148717706,1.6996233000746486,0.44209092669697014,,,0.43418574207807764,1276119238.690169,20.967089464752437,,,0.22931889439570188,,0,0,2001-05
CRI,2004,216.46,35.4032139171842,15330.8832332948,,19.8781559251673,16.6589944037511,294.0,26.0,4200078.0,0.37288,110.07807,85.2564775039755,0.637202262878418,1.65547633171082,2.52227926254272,0.551592171192169,4.200078,64193.55078125,172944.09375,0.8544682264328,,,,,64390905388.73036,240100808.01349777,240100808.01349777,9.63762458490253,15.25061365450972,19.296569426506508,3.258096538021482,5.377405772867,4.701189841327846,320.0,5.768320995793772,51.537138119815864,6.190361226624838,462.33648008946005,6.136292937873293,-0.6987307670379306,38776.483572501704,1.2565360111684853,0.45066814966815205,0.3619,19.22338561316713,0.44209092669697014,1324802160.9001415,21.004528972708176,20.967089464752437,-1.412979210526316,0.23722407901459439,-0.33519269188387396,0,0,2001-05
CRI,2005,218.98,40.0103492751263,15711.7451335337,,19.9518029727445,16.6444680476986,423.0,17.0,4261240.0,,124.52761,89.2226646399546,0.642628729343414,1.70238769054413,2.54742097854614,0.547377526760101,4.26124,66746.3125,182123.1875,0.851402759552002,,,,,66951516832.81914,,,9.662163809328117,15.26507075570225,,2.833213344056216,5.388980401445279,4.824527458386354,440.0,6.0867747269123065,51.38879762698182,3.9894490805493237,530.6420328364,6.27408765612433,-0.3594023470360447,39207.46893950228,1.1053293429968747,0.44218812532680635,0.37288,19.296569426506508,0.45066814966815205,,,21.004528972708176,-1.401999210526316,0.2458013019857763,-0.34461323133039895,0,0,2001-05
CRI,2006,223.94,45.2054175391961,16628.3723014013,,20.2930669265981,16.259530435741,571.0,22.0,4321340.0,0.42693,,89.814554322106,0.636960387229919,1.76370000839233,2.5419225692749,0.545718312263489,4.32134,71636.609375,192401.9375,0.871935606002808,,,,,71856850360.9375,306778451.24595046,306778451.24595046,9.718865690150821,15.279076097308,19.541636387852268,3.091042453358316,5.411378158832051,,593.0,6.385194398997726,51.821888580856864,5.091013435647276,,,2.3830280273020032,40617.23027392799,3.532510474468964,0.4510478117958778,,,0.44218812532680635,1723191103.4220567,21.267443701529288,,,0.2373212776444306,,0,0,2006-10
CRI,2007,229.25,49.9595744087798,17752.4161954513,45.4447177937153,22.3649994161949,15.8969644359264,647.0,20.0,4380248.0,0.35655,,86.4565956113537,0.63926762342453,1.84317672252655,2.53643584251404,0.54577249288559,4.380248,77521.65625,206142.234375,0.888255536556244,,,,,77759985535.29317,277253228.42608774,277253228.42608774,9.784276909326971,15.292615901754287,19.440441828585342,2.995732273553991,5.434813111136574,,667.0,6.502790045915623,52.33721926247098,4.565951516900413,,,1.854389313237978,42058.72139256215,3.4874402643497504,0.447432096282714,0.42693,19.541636387852268,0.4510478117958778,1741965666.334836,21.278280005845428,21.267443701529288,-1.3479492105263158,0.24618096411350202,-0.33183943622340234,0,0,2006-10
CRI,2008,241.93,55.6668490933072,18343.0996854851,39.5732947768777,23.7449713583673,14.9236422708464,774.0,24.0,4440056.0,0.38593,264.17779,86.4015124904847,0.638737738132477,1.8894704580307,2.53096103668213,0.549268007278442,4.440056,81194.7734375,221646.71875,0.888636887073517,,,,,81444389817.13623,314318333.6212739,314318333.6212739,9.817008743824204,15.306177546941482,19.565916831664644,3.1780538303479458,5.488648428115696,5.576622323452361,798.0,6.682108597449809,54.488051502053125,5.405337229980883,1172.9641815562402,7.067289312429569,0.04292331016291645,42972.2375877341,2.1487499479114547,0.44826133430996523,0.35655,19.440441828585342,0.447432096282714,1794989150.0058846,21.308264814303417,21.278280005845428,-1.4183292105263159,0.24256524860033826,-0.34403737754843733,0,0,2006-10
CRI,2009,250.78,61.0672742651324,17941.5019129465,44.260129285147,21.0035627921125,13.9259629601311,507.0,16.0,4499791.0,0.51718,343.38493,69.7593172897331,0.668192684650421,1.88155674934387,2.52549815177918,0.559508800506592,4.499791,80485.5703125,233213.875,0.875519692897797,,,,,80733008834.35945,417534975.0895402,417534975.0895402,9.794871850778948,15.319541509217528,19.849878871416006,2.772588722239781,5.524576060762392,5.838852062817828,523.0,6.259581464064923,55.73147730639045,3.5557206990280212,1545.16041754963,7.342883014071082,-1.4871056300635885,42776.052511074486,-0.457584445705983,0.4031786969637355,0.38593,19.565916831664644,0.44826133430996523,1943275752.5945423,21.38764091831899,21.308264814303417,-1.3889492105263157,0.24339448662758947,-0.3380625800478483,0,0,2006-10
CRI,2010,266.9,65.1153293573325,18670.1678827387,40.1473130677601,19.456409138575,14.3445701417815,606.0,8.0,4555962.0,0.4799,385.92478,67.5120894036891,0.656307518482208,1.94077551364899,2.5200469493866,0.565435588359833,4.555962,84799.875,245274.8125,0.911869406700134,,,,,85060575407.37798,408205701.3800069,408205701.3800069,9.83468222860775,15.331947262864734,19.827281775366455,2.0794415416798357,5.586874056410478,5.955642480008793,614.0,6.419994928147142,58.5825781690014,1.7559408967853551,1758.25863253836,7.472079184909253,4.067914062476227,43693.80920339505,2.1228001011488473,0.42112582170611224,0.51718,19.849878871416006,0.4031786969637355,2059990091.0853677,21.445967009583597,21.38764091831899,-1.2576992105263158,0.19831184928135973,-0.24941665627917986,0,0,2006-10
CRI,2011,261.64,68.1062231618565,19264.4566461776,40.9971303230342,19.432515640859,14.0694574833559,610.0,13.0,4609833.0,0.46235,410.68891,68.6391459050112,0.652741432189941,1.98042011260986,2.54592204093933,0.573375225067139,4.609833,88533.7421875,257818.4375,0.907329916954041,,,,,88805927974.61884,410594207.9906502,410594207.9906502,9.866017052467216,15.343702188720139,19.833115956240775,2.5649493574615367,5.566969513093012,6.0178360179195804,623.0,6.434546518787453,56.756936748034036,2.82005877436341,1893.2072900520302,7.546027648675445,-0.49906561738680827,44704.52588507973,2.286832047976972,0.42657419720341794,0.4799,19.827281775366455,0.42112582170611224,2161585785.413213,21.49410794919245,21.445967009583597,-1.2949792105263158,0.21625897402373648,-0.2800508754504893,0,0,2011-15
CRI,2012,307.76,71.3301216653021,19970.6856013628,39.7898301713494,20.028855798916,13.6641723349575,578.0,9.0,4663934.0,0.54713,340.94423,67.0485391393947,0.686037063598633,1.97120630741119,2.56810927391052,0.575477957725525,4.663934,92856.484375,272038.0625,0.940264642238617,,,,,93141959579.50641,509607603.4473534,509607603.4473534,9.902020757386035,15.355369855968943,20.04915158253351,2.1972245773362196,5.72932025844404,5.831718915520924,587.0,6.375024819828097,65.98721165436731,1.9297014065807963,1590.14138640082,7.371578213525594,3.5655240697689856,47106.42616446859,5.233468160910171,0.3768236241463065,0.46235,19.833115956240775,0.42657419720341794,2346955521.0485845,21.576384802229065,21.49410794919245,-1.3125292105263158,0.22170734952104218,-0.29099737243473545,0,0,2011-15
CRI,2013,267.38,74.6043251347898,20242.2938648319,43.4415513820508,19.8156100863487,12.6254397830172,580.0,18.0,4716147.0,0.54253,359.00481,64.0664108162845,0.672533750534058,2.03173851966858,2.5858325958252,0.587377548217773,4.716147,95173.0390625,286845.5,0.943430006504059,,,,,95465633483.74536,517929701.33936363,517929701.33936363,9.915529450222358,15.36650271063707,20.065350079314022,2.8903717578961645,5.588670867554977,5.883335786727213,598.0,6.393590753950631,56.69458564374689,3.8166749255271304,1693.1194576670703,7.434327939400009,0.3360807174304835,46843.15335913637,-0.5604569936551229,0.3967029820977074,0.54713,20.04915158253351,0.3768236241463065,2512841894.2306604,21.644680178379662,21.576384802229065,-1.2277492105263157,0.17195677646393073,-0.2111197965482411,0,0,2011-15
CRI,2014,355.37,79.2349562143915,20735.1927258406,36.5061833752317,19.8399496601011,12.0871511820747,529.0,15.0,4767119.0,0.55627,574.91761,65.1912422181011,0.703993856906891,2.0684666633606,2.60367846488953,0.587744116783142,4.767119,98544.171875,302080.9375,0.947829246520996,0.16686399,0.556213299,546.7577936,440.9054411,98847131212.01651,549856936.7930843,549856936.7930843,9.939587667348672,15.377252697164666,20.125168687433373,2.70805020110221,5.873159500227444,6.354226743574272,544.0,6.298949246855942,74.54607279574938,3.1465545542286653,2740.7006620655898,7.9159688827746635,0.4652189216516889,47641.16996446879,1.6892444241559446,0.35098564884669614,0.54253,20.065350079314022,0.3967029820977074,2685772546.8891454,21.711234250482352,21.644680178379662,-1.2323492105263159,0.19183613441533162,-0.23640910879715413,0,0,2011-15
CRI,2015,352.19,82.3688695919513,21265.3176336354,16.9840779616817,18.9889261567649,11.4331024534207,582.0,17.0,4818038.0,0.43665,500.97138,60.7535621474841,0.746133267879486,2.10685110092163,2.62164735794067,0.588890671730042,4.818038,102143.078125,317543.59375,0.942841529846191,0.152795327,0.485771196,494.9523599,414.0717763,102457108440.92545,447378964.0073009,447378964.0073009,9.964832744497665,15.38787734921593,19.918916587603107,2.833213344056216,5.864170802700472,6.216548973704624,599.0,6.395261598115449,73.09821964874499,3.5284072064188785,2413.69914575244,7.78891576495628,-0.5276146759871356,48481.39390596616,1.748279089982141,0.29285105146309665,0.55627,20.125168687433373,0.35098564884669614,2730285628.8630743,21.727672066627537,21.711234250482352,-1.2186092105263158,0.14611880116432038,-0.17806171692990416,0,0,2011-15
CRI,2016,421.06,83.9822819203426,21936.4660575366,18.4424705219172,18.8245431359704,11.4271629863872,497.0,9.0,4866998.0,0.44335,531.44617,62.178478293067,0.79375946521759,2.14619565010071,2.63974022865295,0.579786002635956,4.866998,106437.5078125,334284.59375,0.932762801647186,0.140543076,0.444107685,471.5260219,415.0401982,106764736429.09851,473341458.95840824,473341458.95840824,9.995905647817125,15.397987877884749,19.97532758655766,2.1972245773362196,6.042775341342409,6.275601913254968,506.0,6.226536669287466,86.51328806792196,1.849189171641328,2586.54744649766,7.8580792331754425,-1.074728293252323,49593.57167996564,2.2681128571663933,0.23097480416275618,0.43665,19.918916587603107,0.29285105146309665,2794084243.4920216,21.75077024889858,21.727672066627537,-1.3382292105263158,0.08798420378072089,-0.11774303156426061,0,0,2016-19
CRI,2017,476.71,86.383237598349,22633.7648663302,18.4952181840988,18.1777608217065,11.6822332281392,504.0,19.0,4913177.0,0.42587,385.02378,65.0719536997344,0.833687543869019,2.1925356388092,2.65795803070068,0.547652006149292,4.913177,110862.859375,350167.40625,0.943022668361664,0.129105134,0.430539241,476.1255579,433.6258047,111203692964.6616,473583167.22860444,473583167.22860444,10.027198090955984,15.407431337369328,19.9758380987331,2.9444389791664403,6.166908339544771,5.953305098614095,523.0,6.259581464064923,97.02683212919054,3.8671515396249716,1891.68998034906,7.545225878019149,1.0939384268560324,50563.76617677756,1.9374014215141955,0.1818965944604165,0.44335,19.97532758655766,0.23097480416275618,2848554774.1968226,21.770077605836875,21.75077024889858,-1.3315292105263157,0.026107956480380418,-0.034763506680776345,0,0,2016-19
CRI,2018,524.03,88.2820585607208,23069.8622241266,18.4668840173132,18.2905295719484,11.8774130343102,490.0,8.0,4957818.0,0.37144,349.49117,66.7874137887726,0.798825085163117,2.1961886882782,2.67630171775818,0.554892897605896,4.957818,113762.9296875,365779.0625,0.958362221717835,0.111408323,0.371299989,421.3552093,395.7439489,114376178192.29489,424838876.27746016,424838876.27746016,10.046282379070496,15.416476282553363,19.867220540365295,2.0794415416798357,6.2615489345906115,5.856478296690902,498.0,6.210600077024653,105.69770814499444,1.6136130854339552,1732.71361346706,7.457444021279992,1.61354876061321,51800.16193266596,2.4158039053492786,0.22461327437432324,0.42587,19.9758380987331,0.1818965944604165,2846110434.3447595,21.769219139214986,21.770077605836875,-1.3490092105263158,-0.022970253221959253,0.030987083164544814,0,0,2016-19
CRI,2019,613.85,90.5484689931872,23496.8294622995,17.5649349958823,16.469032995155,11.994505543311,483.0,16.0,4999553.0,,,65.4194732486775,0.794795453548431,2.25467610359192,2.6947717666626,0.557753920555115,4.999553,116513.15625,377905.40625,0.964836001396179,,,,,117473644228.72786,,,10.064620774532308,15.424859066401956,,2.772588722239781,6.419750598626849,,499.0,6.212606095751519,122.78097661930978,3.2002861055778387,,,0.6732331646464563,51676.22793552614,-0.23954074269205705,0.22967048856689665,0.37144,19.867220540365295,0.22461327437432324,,,21.769219139214986,-1.4034392105263158,0.019746426691947483,-0.027712909487262547,0,0,2016-19
CRI,2020,711.16,91.2471069157662,22368.1378072638,15.681961032421,16.251169086417,12.7319542759647,524.0,12.0,5034320.0,0.33002,371.97029,59.7463550719484,0.7715864777565,2.01944756507874,2.71336936950684,0.562917232513428,5.03432,111534.140625,388582.1875,1.00614309310913,0.099136972,0.33002157,367.1747593,367.1747593,112608363525.86429,371630121.3080573,371630121.3080573,10.01539280592585,15.431789020396428,19.73340962003671,2.4849066497880004,6.566897439648371,5.9188139854923225,536.0,6.284134161070802,141.2623750576046,2.383638703936182,1872.6174703528,7.535092447924476,4.19214400589935,55230.02555436551,6.650887865605881,0.25930652304386215,,,0.22967048856689665,2087466431.2334335,21.459216933713726,,,0.02480364088452089,,0,0,2020-23
CRI,2021,750.58,93.4551031044433,24083.5988182437,16.9670005542705,17.0714011536962,13.6661238824616,566.0,15.0,5059988.0,0.27385,406.58119,70.103693305909,0.760303497314453,2.1168475151062,2.70895266532898,0.543824434280396,5.059988,120385.2265625,401313.125,1.0,0.086763901,0.273848898,328.8568204,330.5233397,121862721017.1273,333721061.5054031,333721061.5054031,10.089286340840703,15.436874669719334,19.62581605681954,2.70805020110221,6.62084624099554,6.007783638441898,581.0,6.364750756851911,148.33632016518618,2.964433907748398,2057.2959424257197,7.6291477501969585,-0.6124301233547965,56870.05119802425,2.926211497955755,0.27403758684453766,0.33002,19.73340962003671,0.25930652304386215,2108067528.0538216,21.469037501293574,21.459216933713726,-1.4448592105263158,0.05443967536148639,-0.07865766636410615,0,0,2020-23
CRI,2022,725.44,100.0,25290.0087466975,21.9748960011818,17.3200978586908,14.1335020327695,,,5081765.0,0.33789,462.47421,79.0523903153884,0.749391436576843,2.23018026351929,2.70455527305603,0.517000079154968,5.081765,125864.5390625,413985.25,0.983364820480347,0.100463243,0.33789292,424.2337162,450.3293863,128517881298.66121,434249069.1200464,434249069.1200464,10.138164685519921,15.441169200155919,19.889128819433328,,6.586778367319164,6.136590793235551,,,142.75355117759284,,2350.18525378065,7.7622494354271945,-1.6775098001565447,56436.93522060053,-0.7645037620795492,0.2884938197270131,0.27385,19.62581605681954,0.27403758684453766,2226106467.9657946,21.52351991793082,21.469037501293574,-1.5010292105263159,0.0691707391621619,-0.1038272999961016,0,0,2020-23
CRI,2023,660.82,98.8829230669269,26378.5409941926,24.177789153066,16.6428398040927,13.7752823524539,,,5105525.0,0.33738,507.75814,71.4380310340536,0.763381540775299,2.15846085548401,2.70017671585083,0.530688881874085,5.105525,132298.65625,428689.46875,1.03082025051117,0.104751878,0.337383968,445.2485437,497.9599853,134676300509.37518,454370902.65853,454370902.65853,10.180306117470861,15.445833844645792,19.93442438867859,,6.493481488092577,6.2300052318435615,,,129.43233066139135,,2592.3718777235003,7.86032851852508,4.712994303653797,61293.05329483659,8.254268947306365,0.2699973192419787,0.33789,19.889128819433328,0.2884938197270131,2346561400.4294553,21.576216859670573,21.52351991793082,-1.4369892105263158,0.08362697204463734,-0.1201710565371297,0,0,2020-23
CZE,2000,5330.3,65.8549938733478,29427.4070011514,,31.1058465641539,23.2363628786932,4384.0,555.0,10255063.0,1.10377,1352.21409,97.4983956327874,0.531890630722046,4.86745357513428,3.57368922233582,0.506789147853851,10.236804,282969.84375,2235036.0,0.763404130935669,0.661828562,,,,301779912723.44867,3330956142.667609,3330956142.667609,10.289681730011534,16.14328209281446,21.926525229655066,6.318968113746434,8.581162800754175,7.209498594658494,4939.0,8.504918160540624,519.7725260195866,54.11960901654139,13867.04068243767,9.537270129508677,,58135.088374662846,,0.6313173921247726,,,,17661932814.242798,23.594677472013576,,,,,0,0,other
CZE,2001,5742.18,69.1046595716087,30399.8730764283,,31.0000794883727,23.5170981033148,4184.0,568.0,10216605.0,1.09343,1465.05243,98.5368737300189,0.580572664737701,4.87510442733765,3.58205246925354,0.502159893512726,10.231936,291224.6875,2262703.0,0.786402881145477,0.657974652,,,,310583495272.00275,3396013112.352659,3396013112.352659,10.322193712268106,16.1395248957711,21.94586796650486,6.342121418721152,8.655594208152054,7.289646309206683,4752.0,8.466320861042481,562.04384920431,55.59576787005077,14967.861981600148,9.613660647013507,2.968168101123825,59737.11780755456,2.718415373687222,0.543740309557997,1.10377,21.926525229655066,0.6313173921247726,18408656004.459038,23.636086825966434,23.594677472013576,-0.6711092105263159,0.42645054444239683,-0.28619488820925454,0,0,2001-05
CZE,2002,5903.09,71.0397812015527,30919.5496618702,,29.6344638830734,22.2337422618735,5031.0,526.0,10196916.0,1.09272,1463.13284,90.8792715456582,0.581778049468994,4.9205470085144,3.59043526649475,0.515706419944763,10.239468,295632.25,2287399.0,0.784886479377747,0.667462634,,,,315284050659.9188,3445171878.3710647,3445171878.3710647,10.339143937972725,16.137595879595455,21.96023963229259,6.26530121273771,8.6832312216093,7.288335196624668,5557.0,8.622813673279921,578.9093486697351,51.58422409285318,14919.44266632144,9.61042051825585,-0.19301374738460164,60081.17583033854,0.5743012322845686,0.5416662622869663,1.09343,21.94586796650486,0.543740309557997,19092529482.161247,23.672562968900625,23.636086825966434,-0.6814492105263159,0.3388734618756213,-0.23092505306346173,0,0,2001-05
CZE,2003,6304.97,72.0432046088171,31949.2963145034,,29.2515839879825,21.5573078751672,2954.0,625.0,10193998.0,1.13817,1543.13456,94.6468600665608,0.578673660755158,4.88556814193726,3.59883761405945,0.518571376800537,10.248912,305390.59375,2311265.0,0.806116282939911,0.694195148,,,,325691062731.455,3706917968.6906013,3706917968.6906013,10.371905434977952,16.137309673688264,22.03346663211122,6.437751649736401,8.74909349025923,7.3415710553009905,3579.0,8.182838710766026,618.4982575040725,61.310586876709216,15730.71061837088,9.663370171024981,2.668890867068252,62508.71646401893,3.960943210063128,0.5470165859445403,1.09272,21.96023963229259,0.5416662622869663,19935568028.52766,23.71577131140577,23.672562968900625,-0.6821592105263159,0.3367994146045906,-0.2297508227723929,0,0,2001-05
CZE,2004,6900.25,74.9660770997298,33452.3408000614,,28.5804641980298,22.6375803693078,629.0,623.0,10197101.0,1.13619,1589.73189,113.173975970415,0.578008770942688,4.87975406646729,3.60725975036621,0.517019748687744,10.26145,319854.9375,2336807.5,0.82997739315033,0.709273668,,,,341116897824.6469,3875736081.393856,3875736081.393856,10.417877042183033,16.13761402217129,22.07800143820101,6.434546518787453,8.83931292181305,7.371320658354372,1252.0,7.132497551660044,676.6874232195994,61.09579575606832,16210.65664525089,9.69342412256139,2.9170459513344986,65547.34790795713,4.7466739878613495,0.5481662357835646,1.13817,22.03346663211122,0.5470165859445403,20820968905.642365,23.759226436305084,23.71577131140577,-0.6367092105263159,0.34214973826216455,-0.21784988973068842,0,0,2001-05
CZE,2005,7781.87,75.0543880150086,35535.7479961511,,28.5248592592412,22.5500860120426,244.0,586.0,10211216.0,1.15998,2353.41029,121.191287316105,0.585444211959839,4.97032785415649,3.61570143699646,0.513573527336121,10.280153,340245.8125,2365882.75,0.864531517028809,0.674647893,,,,362863198510.26605,4209140530.0793843,4209140530.0793843,10.478294454600483,16.13899728197176,22.16052431417448,6.373319789577012,8.959551948187798,7.763620742417652,830.0,6.721425700790643,762.090430757708,57.38787623334968,24031.180807812638,10.087107466425138,4.078929815221286,68455.40625966269,4.340977944365854,0.5353843832170351,1.13619,22.07800143820101,0.5481662357835646,21906964099.875393,23.810070418647136,23.759226436305084,-0.6386892105263158,0.3432993881011889,-0.2192616151605156,0,0,2001-05
CZE,2006,8669.02,75.567189741234,37786.8781740905,,28.1510781666578,23.1974657899776,195.0,641.0,10238905.0,1.22564,2552.57872,127.051015055016,0.586567938327789,5.03326654434204,3.61983227729797,0.507731914520264,10.304588,362780.84375,2397803.25,0.905470669269562,0.71879232,,,,386896255871.0861,4741955270.45838,4741955270.45838,10.539717183089675,16.14170523826408,22.279715391912994,6.46302945692067,9.067511029937153,7.844859389915862,836.0,6.728628613084702,846.6745223244087,62.604350758210956,26135.6110191016,10.17105407021567,4.626712364430513,72076.6207300916,5.154720022333059,0.5334667807211543,1.15998,22.16052431417448,0.5353843832170351,23362874755.352463,23.874414050492,23.810070418647136,-0.6148992105263158,0.33051753553465935,-0.20323497166536555,0,0,2006-10
CZE,2007,9867.85,78.2580401790307,39629.0061324728,15.2861658593061,29.6665559482128,23.158566717203,192.0,716.0,10298828.0,1.2967,2701.68545,129.876739504889,0.614847421646118,5.12680101394653,3.62396788597107,0.50179398059845,10.337543,382693.25,2442907.0,0.931848287582398,0.747569213,,,,408132317969.2826,5292251767.107687,5292251767.107687,10.587316607204167,16.147540660317933,22.38950965710671,6.573680166960646,9.197037276885155,7.901631097975956,908.0,6.811244378601294,958.1527140758152,69.52247381935109,27824.1937596526,10.233661200329614,2.871513482333769,74645.62189149777,3.5022143804265937,0.486381136840607,1.22564,22.279715391912994,0.5334667807211543,25150695309.15728,23.94815137959737,23.874414050492,-0.5492392105263157,0.32859993303877855,-0.18047996780121894,0,0,2006-10
CZE,2008,10543.25,79.843807224608,40328.3426630095,15.789935033416,28.9056718357901,21.9248536989135,142.0,712.0,10384603.0,1.2352,2876.01839,123.904809929948,0.57761412858963,5.20516967773438,3.62810850143433,0.507628917694092,10.378292,392690.25,2483556.0,0.928857684135437,0.711527926,,,,418793828203.3164,5172941365.967364,5172941365.967364,10.604809792627021,16.155834786347864,22.366707293275166,6.568077911411976,9.263241123711635,7.96416211311813,854.0,6.74993119378857,1015.2771367379186,68.56304473074223,29866.309200849173,10.304486341501718,-0.32144853271335594,75442.35333571752,1.0616958846320301,0.5488492308480598,1.2967,22.38950965710671,0.486381136840607,26551032378.751053,24.002334468200456,23.94815137959737,-0.47817921052631585,0.2815142891582313,-0.13461428054156002,0,0,2006-10
CZE,2009,10863.36,81.9558242984015,38175.1422773334,17.4435406790909,27.1841500644404,20.3438089674199,92.0,789.0,10443936.0,1.28943,2765.27088,113.049254784875,0.576258897781372,5.10196542739868,3.63225340843201,0.509890377521515,10.420985,373847.65625,2505638.5,0.888323247432709,0.712849972,,,,398698742735.36426,5140941198.452608,5140941198.452608,10.549939857056533,16.161532080862045,22.360502012189848,6.670766320845874,9.293150937901203,7.924893876608209,881.0,6.78105762593618,1040.159572023421,75.54623084630163,28880.312093383684,10.270915399505979,-4.46198404110555,73275.22335654327,-2.9146297850671132,0.5511982439551346,1.2352,22.366707293275166,0.5488492308480598,27709318720.391,24.045034609463155,24.002334468200456,-0.5396792105263157,0.3439823831656841,-0.18564014098181703,0,0,2006-10
CZE,2010,12179.18,81.558235862026,39097.3886218756,17.8761073763384,26.5219620764145,20.6982379160476,114.0,868.0,10474410.0,1.31352,2799.12504,126.756480116798,0.572996079921722,5.05762910842896,3.63640332221985,0.508870661258698,10.464035,383996.40625,2527355.5,0.904031693935394,0.744201113,,,,409522078354.86005,5379154403.606757,5379154403.606757,10.573810956578788,16.16444569760385,22.40579702471618,6.7661917146603505,9.407483215516445,7.9370621616151755,982.0,6.889591308354466,1162.7557065266683,82.86862935477988,29319.1833102264,10.28599730125475,1.7528725307552535,75924.19254508757,3.551284118549347,0.5568764036141468,1.28943,22.360502012189848,0.5511982439551346,28932075315.939106,24.088216689135475,24.045034609463155,-0.48544921052631573,0.3463313962727589,-0.1681263029010874,0,0,2006-10
CZE,2011,13149.06,81.3778833490047,39708.1626280195,18.7153527152583,26.098348006461,21.8643072456478,97.0,783.0,10496088.0,1.5323,2925.87928,136.750855542438,0.573340237140656,5.05731868743897,3.65747833251953,0.513243913650513,10.495511,390802.28125,2548247.75,0.90850841999054,0.833823227,,,,416780369262.0039,6386325598.201686,6386325598.201686,10.589312053299581,16.166513174277203,22.577424916190687,6.663132695990803,9.484105552161154,7.981350323039269,880.0,6.779921907472252,1252.758170472656,74.59922211018048,30710.286400256642,10.332352939352196,0.4939736366433786,77274.60051521937,1.7629942380272823,0.5562759563908467,1.31352,22.40579702471618,0.5568764036141468,30978589616.749928,24.15656214529358,24.088216689135475,-0.4613592105263158,0.3520095559317711,-0.1624028508224009,0,0,2011-15
CZE,2012,13278.75,82.4711057782036,39347.0492956846,18.5892063440962,25.3751105408769,21.7136033387837,150.0,867.0,10510785.0,1.757,3162.1117,145.480195396935,0.573081433773041,5.08460140228272,3.67071223258972,0.521611392498016,10.507335,387790.5,2562194.5,0.900524437427521,0.928227508,,,,413568375531.3422,7266396358.085682,7266396358.085682,10.580176264901409,16.167912430834612,22.70652631895289,6.7650389767805414,9.493920292094224,8.058995342888679,1017.0,6.92461239604856,1263.3452211228753,82.48670294369069,33236.2762246845,10.411397215759017,-0.8826853938499344,76267.63030547534,-1.3116712471873626,0.5567274540876848,1.5323,22.577424916190687,0.5562759563908467,33598197532.32312,24.237738257605297,24.15656214529358,-0.2425792105263158,0.351409108708471,-0.08524454416225719,0,0,2011-15
CZE,2013,13416.35,83.5197982868971,39317.5535692377,17.334368506368,24.7753723844816,21.7617319791193,97.0,984.0,10514272.0,1.86743,3260.83143,145.502230624961,0.558613836765289,5.10739707946777,3.69198608398438,0.521222233772278,10.511163,387628.34375,2572485.25,0.895004570484161,0.995744646,,,,413395452601.536,7719870700.516863,7719870700.516863,10.57942635384218,16.168244130295115,22.767063452205125,6.891625897052253,9.504229391415585,8.089737481720913,1081.0,6.985641817639208,1276.0132132781043,93.58707859184165,34285.268601168966,10.442471054051754,-0.6148476920551982,75895.47820910644,-0.4891498892659385,0.5822968553423095,1.757,22.70652631895289,0.5567274540876848,36278338602.991516,24.31448666740144,24.237738257605297,-0.017879210526315914,0.35186060640530903,-0.006290989857837702,0,0,2011-15
CZE,2014,14570.1,85.7804419798355,40158.0164275735,17.3712318028821,24.7408229025596,23.4691665652122,62.0,910.0,10525347.0,1.94392,3428.30846,156.415122826886,0.57846200466156,5.13688278198242,3.70266890525818,0.509506940841675,10.517226,396331.4375,2585116.0,0.903590977191925,1.073106564,,,,422677057731.91144,8216503860.662173,8216503860.662173,10.600577361402111,16.16929690611039,22.829410634452504,6.813444599510896,9.58672676258368,8.139822258166571,972.0,6.879355804460439,1384.2869028451034,86.45795715808704,36084.13616453562,10.493608606312687,0.9547974195261322,77154.07462481521,1.6447284745606083,0.5473824135692248,1.86743,22.767063452205125,0.5822968553423095,39053091673.20496,24.388187882267296,24.31448666740144,0.09255078947368411,0.37743000765993373,0.03493144517998551,0,0,2011-15
CZE,2015,16003.41,86.8394328104214,42066.5759800801,17.7344072038512,25.6764620589865,23.7339506123741,72.0,880.0,10546059.0,1.906,3619.16017,154.018400997633,0.598225057125092,5.21015787124634,3.71070146560669,0.503146648406982,10.524416,415984.53125,2608011.0,0.937667191028595,1.035026666,,,,443636592213.9076,8455713447.597079,8455713447.597079,10.64700878463625,16.171262793595115,22.858108197475286,6.779921907472252,9.680557103514012,8.193997280666725,952.0,6.858565034791365,1517.4777611238474,83.44349296737293,38167.87668327003,10.549749516297569,3.701827989827304,79841.06077585917,3.4233526450831775,0.5137882461257812,1.94392,22.829410634452504,0.5473824135692248,41650841369.8213,24.45258740631132,24.388187882267296,0.16904078947368428,0.34251556588684906,0.05789910166453869,0,0,2011-15
CZE,2016,15999.74,88.1344118797827,43069.4659744727,16.8728021438796,24.3093476604522,23.7610958428917,47.0,792.0,10566332.0,1.65411,3546.92776,148.547004664435,0.602091610431671,5.2646598815918,3.72951197624207,0.510790586471558,10.531948,426720.5625,2623678.75,0.941122233867645,1.011355748,,,,455086276548.9821,7527627609.024368,7527627609.024368,10.67056957895742,16.173183277753544,22.741845770554338,6.674561391814426,9.680327751089886,8.173837088059315,839.0,6.732210706467206,1514.2189361454855,74.95505535885111,37478.01629217632,10.531509807848584,0.3677949948039515,81053.77595085565,1.507491683002904,0.5073456684542345,1.906,22.858108197475286,0.5137882461257812,42930842773.37247,24.482856350328937,24.45258740631132,0.1311207894736841,0.3089213984434055,0.040506017649213855,0,0,2016-19
CZE,2017,15989.25,89.6182609086851,45177.5226053634,17.8292568189487,23.7274064051355,23.1824532218752,66.0,794.0,10594438.0,1.74513,3718.34571,147.750834854762,0.610992014408112,5.33579540252686,3.74300670623779,0.520398259162903,10.541342,448797.21875,2641434.75,0.973580956459045,1.096859499,,,,478630462236.12103,8352723785.621219,8352723785.621219,10.71835495463993,16.175839704389034,22.845853524487715,6.677083461247136,9.67967190041276,8.221034146745202,860.0,6.756932389247553,1509.2117203385399,74.94498528378759,39393.783087160984,10.58136329316996,3.3907952569495885,84110.64984565641,3.7020357068993093,0.49267138960444207,1.65411,22.741845770554338,0.5073456684542345,44843940142.98781,24.526454302453793,24.482856350328937,-0.12076921052631584,0.3024788207718587,-0.036530128385548366,0,0,2016-19
CZE,2018,15425.94,92.1395450345647,46301.082036029,19.5549977904499,24.8456610600914,22.3060378872535,54.0,678.0,10629928.0,1.87652,3906.6782,145.141717890789,0.608225405216217,5.39432048797607,3.75383734703064,0.535867810249329,10.548937,461499.53125,2669390.75,0.982224941253662,1.162458831,,,,492177168365.08167,9235802999.80443,9235802999.80443,10.742920609909866,16.17918397701203,22.9463533986101,6.519147287940395,9.643805786949235,8.270442726676967,732.0,6.595780513961311,1451.1801020665428,63.78218177959437,41527.707985169596,10.634116145724724,0.8839364977217157,85552.85735778614,1.7001207552921116,0.49720973345668074,1.74513,22.845853524487715,0.49267138960444207,47353152121.34406,24.580899225035296,24.526454302453793,-0.02974921052631574,0.2878045419220663,-0.008561957908069413,0,0,2016-19
CZE,2019,15715.77,95.6789178699505,47763.6165520254,20.7104130233292,25.7720455320028,22.1266766165116,48.0,765.0,10671870.0,1.89547,4027.58714,138.154609993871,0.635433554649353,5.38132619857788,3.76469922065735,0.531808316707611,10.554875,477955.59375,2705569.0,1.00642061233521,1.168445814,,,,509727106573.0633,9661724386.960443,9661724386.960443,10.774019468650726,16.18312186565405,22.991437977207106,6.639875833826536,9.662419945804144,8.300922751067844,813.0,6.70073110954781,1472.6350677060348,71.68378175521254,42981.8863717518,10.668534058757624,2.4335020455298206,88817.4357236157,3.7448579325575437,0.4534477498388908,1.87652,22.9463533986101,0.49720973345668074,49911903690.1029,24.633525362159006,24.580899225035296,0.10164078947368416,0.292342885774305,0.02971396170711543,0,0,2016-19
CZE,2020,14605.57,100.0,45119.9387309139,22.58251525965,25.5353602874792,20.7968233716829,56.0,673.0,10697858.0,1.94537,4187.18471,128.780430305965,0.62599128484726,5.27822017669678,3.76918435096741,0.538415968418121,10.550129,452600.65625,2730506.25,0.99091100692749,1.185806017,,,,482686697512.0171,9390042207.389526,9390042207.389526,10.717079528256876,16.18555409247617,22.962915625086143,6.511745329644728,9.589158241790509,8.339783880164322,729.0,6.591673732008658,1365.2798532192146,62.909789978517196,44793.90744735119,10.709827414676221,-1.5530637978070183,85748.72610434507,-3.5161748953552063,0.46841882994818335,1.89547,22.991437977207106,0.4534477498388908,51815160343.97699,24.67094861412527,24.633525362159006,0.12059078947368418,0.24858090215651504,0.02997656723913479,0,0,2020-23
CZE,2021,14812.42,104.034426374972,47796.0337408466,20.3560909262553,26.2369575229222,19.640981617073,59.0,541.0,10505772.0,1.93302,4560.45106,137.378116302868,0.630007386207581,5.32157421112061,3.77368021011353,0.532007038593292,10.530683,470836.0,2765371.0,1.0,1.213663299,,,,502134232985.6415,9706355150.459045,9706355150.459045,10.774697938903921,16.167435378375917,22.9960466780759,6.293419278846481,9.60322129701902,8.425176814283168,600.0,6.396929655216146,1409.9316071203525,51.495501710869036,47911.05905351832,10.77710163469481,0.913054996859237,88476.82684121621,3.1319444115091244,0.4620237355262684,1.94537,22.962915625086143,0.46841882994818335,53749241442.839485,24.707595391163238,24.67094861412527,0.17049078947368423,0.26355198226580756,0.044933185523851955,0,0,2020-23
CZE,2022,14098.3,113.055356435532,48390.661678675,21.8353618959526,27.6877651111963,19.3950613571424,,,10672118.0,1.89089,4696.6857,144.011494109397,0.634611427783966,5.31761169433594,3.77818751335144,0.520278811454773,10.673213,484241.5,2808995.5,0.997733592987061,1.214164183,,,,516430851532.8977,9765139328.55041,9765139328.55041,10.787062133566062,16.183145104047927,23.00208466932999,,9.553809501721542,8.454612368735923,,,1321.0404907441991,,50123.5839993126,10.822246914819576,-0.22689792004639606,91063.71954834355,2.8818802173010027,0.45474239214146883,1.93302,22.9960466780759,0.4620237355262684,55451994554.96397,24.738783520428854,24.707595391163238,0.15814078947368415,0.2571568878438927,0.04066699326222884,0,0,2020-23
CZE,2023,13409.42,122.775731690565,47558.4106763314,20.302723987427,27.9408667883867,20.4330612801752,,,10864042.0,1.83369,4504.58395,131.892598295876,0.61664479970932,5.3817195892334,3.78270554542542,0.511502087116242,10.809716,483828.3125,2851751.5,0.98177295923233,1.180255148,,,,516676571040.9127,9474246615.520113,9474246615.520113,10.76971393301194,16.20096899475252,22.971843071879718,,9.503712724035363,8.412850812836467,,,1234.2938291291584,,48937.9892253259,10.798309249624715,-1.6126220569674228,89902.17800792534,-1.2837308106734113,0.48346211013742696,1.89089,23.00208466932999,0.45474239214146883,56608441987.23948,24.759423962751548,24.738783520428854,0.11601078947368415,0.24987554445909307,0.02898825918286605,0,0,2020-23
DEU,2000,69738.56,75.3557941623041,49955.6461286496,,22.8829484518656,20.2840359494004,10406.0,51736.0,82211508.0,2.38654,3154.48437,59.1955992975405,1.01170945167542,40.1490707397461,3.56631898880005,0.661848664283752,81.797258,3983258.25,15566046.0,0.929557919502258,1.671628335,,95420.98867,,4106929001350.6455,98013503388.83371,98013503388.83371,10.818890813297257,18.224805850227323,25.308371095806834,10.853909143126428,11.152508671894871,8.056580328972151,62142.0,11.037177367816934,848.2822137260881,629.3036249864192,259334.91702012994,12.465875621235199,,99211.71714833044,,-0.011641426555762486,,,,612584396180.2107,27.140952559555142,,,,,0,0,other
DEU,2001,71531.01,76.4359350824322,50687.6500447924,,21.5433631059471,20.0863572804744,10486.0,49989.0,82349925.0,2.3792,3230.26868,59.5592863682118,1.03671181201935,40.074951171875,3.57492637634277,0.646413683891296,81.933885,4048445.5,15866557.0,0.938741385936737,1.654812278,,96683.69979,,4174124179614.9004,99310762481.39772,99310762481.39772,10.833437571046579,18.226488103840698,25.321519785622936,10.819558260206733,11.177886340952416,8.080320595419755,60475.0,11.009985335478229,868.622649018806,607.0315182436414,266012.383527849,12.491298141296177,0.9830909180692987,101021.84485857189,1.808065545305304,-0.036053985146541734,2.38654,25.308371095806834,-0.011641426555762486,620007499234.5768,27.152997410452038,27.140952559555142,0.6116607894736843,-0.21650827423813823,-0.13242962194808458,0,0,2001-05
DEU,2002,71323.34,77.5819033845692,50486.998248551,,19.8867030080599,19.4763331174439,10589.0,47598.0,82488495.0,2.40856,3240.75467,58.3325687248129,1.04553866386414,39.9185104370117,3.58355450630188,0.641230821609497,82.068326,4039202.5,16093383.0,0.935485482215881,1.661899108,,97653.76033,,4164596502590.608,100306805522.79634,100306805522.79634,10.829471121690094,18.228169387034765,25.331499381285425,10.770546022530057,11.17497890206393,8.083561504503567,58187.0,10.971417241071656,864.6459121359893,577.0259234333224,267324.97539252165,12.49622033357406,-0.3474400086213761,101186.20298654548,0.1625634250672192,-0.04453222042145239,2.3792,25.321519785622936,-0.036053985146541734,627313179872.1866,27.164711742305336,27.152997410452038,0.6043207894736842,-0.2409208328289175,-0.14559346789582892,0,0,2001-05
DEU,2003,72707.07,78.6072659148563,50191.7219389611,,19.2638822568625,19.5529741477412,10663.0,47818.0,82534176.0,2.44232,3275.18656,58.9145442942507,1.03488528728485,39.5227508544922,3.59220337867737,0.639192342758179,82.111615,4017798.0,16296018.0,0.932899415493012,1.697109527,,98497.85291,,4142532412253.2764,101173897610.94421,101173897610.94421,10.823605390467733,18.22872302007064,25.340106631784828,10.77515741663288,11.1941939077616,8.094130111332412,58481.0,10.97645719414066,880.9328877288361,579.3721136805194,270314.8239758746,12.507342573438775,-0.2768239432347455,101657.85308801025,0.46503798098420646,-0.034290587033633836,2.40856,25.331499381285425,-0.04453222042145239,634390100502.3029,27.175929902640732,27.164711742305336,0.6336807894736842,-0.24939906810382814,-0.15803939837003494,0,0,2001-05
DEU,2004,75359.86,79.5154476261897,50786.0176463275,,18.8314639081743,19.7896242542651,10786.0,48448.0,82516260.0,2.40278,3290.96185,62.9064909465164,1.02324402332306,39.6837577819824,3.60087323188782,0.625171422958374,82.092708,4064499.25,16489087.0,0.935700237751007,1.673019223,,98029.05008,,4190672236468.9478,100692634363.42857,100692634363.42857,10.835376352497686,18.228505922794138,25.33533848964052,10.78824633679712,11.23003005149905,8.09893515665494,59234.0,10.989250980335326,913.2728507084543,587.1327663178142,271557.86366468103,12.511930521484805,0.29977789524253257,102422.23713615656,0.7491055318647355,-0.022977995496757334,2.44232,25.340106631784828,-0.034290587033633836,639924219790.386,27.184615599711993,27.175929902640732,0.6674407894736842,-0.2391574347160096,-0.15962342703535454,0,0,2001-05
DEU,2005,83684.8,79.9404797445523,51264.8193748941,,18.7644203275559,19.7693607543503,11855.0,48367.0,82469422.0,2.40266,3315.75626,66.9531024934321,1.03932976722717,39.6711311340332,3.60956406593323,0.61660224199295,82.046731,4100498.5,16680977.0,0.941683232784271,1.661902731,,98892.26732,,4227780022781.9175,101579179495.37201,101579179495.37201,10.844760013736902,18.227938140175787,25.34410442486389,10.78657304197918,11.334812639030321,8.106441009331665,60222.0,11.005793013041854,1014.7373168202878,586.484042533971,273448.5022550817,12.518868591543177,0.6373780724207412,103362.27838187983,0.913623439721789,-0.03857605081390103,2.40278,25.33533848964052,-0.022977995496757334,645514766317.2001,27.193313922753337,27.184615599711993,0.6279007894736841,-0.2278448431791331,-0.1430639569096854,0,0,2001-05
DEU,2006,85556.91,80.2893511490106,53307.1623767517,,19.4624059220668,20.3388454277918,12573.0,48012.0,82376451.0,2.43043,3411.78697,72.7591934646234,1.02288782596588,39.8721542358398,3.61827564239502,0.602283895015717,81.701971,4258603.0,16922098.0,0.957486212253571,1.695999472,,103903.5083,,4391254849477.5303,106726375238.15672,106726375238.15672,10.883825979676637,18.22681016519934,25.393534155318207,10.779206258645235,11.356937047537167,8.134991471140703,60585.0,11.011802616665623,1038.6088373727098,582.8364710686552,281050.9021566435,12.546291078375766,1.6642374120982746,106806.443785575,3.2778176817247484,-0.02262982892000235,2.40266,25.34410442486389,-0.03857605081390103,655413926607.7767,27.208532822005473,27.193313922753337,0.6277807894736842,-0.2434428984962768,-0.1528287750097546,0,0,2006-10
DEU,2007,88428.04,81.7671045196017,54920.6589299724,15.4623925898068,19.7151702055684,20.5298911974573,13139.0,47853.0,82266372.0,2.41918,3573.67338,74.8838416816798,1.02870333194733,40.4395866394043,3.62700843811035,0.593248248100281,81.298542,4381681.0,17172432.0,0.966721653938294,1.692772459,,106410.4967,,4518123358018.231,109301536652.50545,109301536652.50545,10.913644857806515,18.22547297947333,25.417376291064894,10.775889090840558,11.389944392900308,8.18134930374247,60992.0,11.018497987013873,1074.8989878877846,581.6836070028711,293993.1436855774,12.59131172525153,0.959928785714944,108351.28061696095,1.4360287396879556,-0.028299108137965736,2.43043,25.393534155318207,-0.02262982892000235,666403374269.1157,27.22516099121527,27.208532822005473,0.6555507894736841,-0.2274966766023781,-0.14913562594932836,0,0,2006-10
DEU,2008,91145.74,82.547782760842,55513.7558858315,15.076241600562,19.9630399184329,19.7585042946302,13177.0,49240.0,82110097.0,2.57152,3726.67445,76.1131665945746,1.00912058353424,41.0326194763184,3.63576221466064,0.6085245013237,81.110777,4421572.0,17415402.0,0.960982143878937,1.779374961,,114133.1147,,4558239880619.945,117216050178.11803,117216050178.11803,10.924386122822613,18.223571551026374,25.48728465162522,10.80446158029839,11.420215042865436,8.223271546589784,62417.0,11.041592953151035,1110.0430194352348,599.682643171156,305997.60057692166,12.631332539651885,-0.5954781046568963,107757.48797982224,-0.5495326592281913,-0.009079242193541103,2.41918,25.417376291064894,-0.028299108137965736,683658918306.8663,27.25072497275189,27.22516099121527,0.6443007894736841,-0.2331659558203415,-0.15022900941343217,0,0,2006-10
DEU,2009,94182.88,84.1764527217182,52568.797424995,16.7942910292468,18.8381977329318,17.3389014302498,11724.0,47859.0,81902307.0,2.68864,3916.78276,66.1391275757126,0.967760741710663,41.1390953063965,3.64453721046448,0.630578696727753,80.935283,4176388.75,17556428.0,0.918505787849426,1.815378693,,112738.3281,,4305505785322.75,115759550746.50157,115759550746.50157,10.86987801786219,18.22103771692474,25.474781038357666,10.776014466969107,11.452993703070916,8.273025871315978,59583.0,10.9951255774669,1149.9417226428068,584.3425143079304,320793.5440618273,12.678553030276445,-4.5207621976477705,101518.73100015974,-5.963989725195162,0.032770389910792744,2.57152,25.48728465162522,-0.009079242193541103,696869631307.338,27.269864187611624,27.25072497275189,0.7966407894736842,-0.21394608987591687,-0.17043818194355823,0,0,2006-10
DEU,2010,96129.0,84.7654858884764,54826.255453315,16.8896855327149,19.1861612229759,19.4277050847717,12198.0,47047.0,81776930.0,2.67632,4056.42386,73.8852351200263,0.951706349849701,41.3852577209473,3.65333318710327,0.618756055831909,80.830924,4349573.5,17741678.0,0.939475774765015,1.794429617,,116855.3078,,4483522854367.859,119993418856.0179,119993418856.0179,10.911924472309176,18.219505732455367,25.510702735358013,10.75890238102528,11.473446318425914,8.308057041783455,59245.0,10.98943666725084,1175.5026753877898,575.3089532708063,331721.89004954975,12.71205221627455,2.257382722888805,105099.58713627745,3.466502625138901,0.04949874781335108,2.68864,25.474781038357666,0.032770389910792744,712332605467.2552,27.291810781791483,27.269864187611624,0.9137607894736841,-0.172096457771583,-0.15725499511898622,0,0,2006-10
DEU,2011,99232.97,85.8078762615756,57950.9589729677,16.3417186285114,20.0081182128282,20.1229017332202,12458.0,46986.0,80274983.0,2.75016,4191.51741,78.433002901442,0.971384942531586,41.8781890869141,3.65577626228333,0.618771553039551,80.857874,4513029.5,17981700.0,0.960520267486572,1.859442064,,124594.3246,,4652012246388.68,127937779995.28291,127937779995.28291,10.967352396913421,18.200968586167797,25.574809888897292,10.757604963978993,11.505225596924957,8.340818097713566,59444.0,10.99278997187846,1236.1630771070982,585.3131105614808,336473.9888319541,12.726276125917087,2.2153049682136112,107765.63166648986,2.505044235165421,0.02903244998166876,2.67632,25.510702735358013,0.04949874781335108,733420494642.45,27.32098503689247,27.291810781791483,0.9014407894736842,-0.15536809986902467,-0.1400551426049598,0,0,2011-15
DEU,2012,103761.07,87.0403658745051,58110.3768512245,17.2272861923698,19.9663127661399,20.0472978765968,14720.0,46620.0,80425823.0,2.82499,4355.567,79.3316495670315,0.967489242553711,42.3279037475586,3.65822052955627,0.629968106746674,80.91639,4534434.5,18208556.0,0.962337851524353,1.921569118,,128586.1145,,4673574883099.879,132028023090.08328,132028023090.08328,10.970099530183633,18.20284586417347,25.60628003313814,10.749784912589748,11.549846131196214,8.379210075989903,61340.0,11.024187437668242,1290.1462009285253,579.6645686796392,350300.060606641,12.766545382199098,0.18905030601563746,107126.36579035735,-0.594966559436827,0.03305097294754838,2.75016,25.574809888897292,0.02903244998166876,755435443536.1656,27.350560166346668,27.32098503689247,0.9752807894736844,-0.175834397700707,-0.17148791020617532,0,0,2011-15
DEU,2013,104396.2,88.7774294826186,58182.0766176953,17.2979906043683,19.5771468839831,19.7600541430605,15814.0,47353.0,80645605.0,2.78067,4380.38742,77.5860288576931,0.970366656780243,42.5923309326172,3.66066670417786,0.63374650478363,81.041582,4551947.5,18415930.0,0.962228775024414,1.868710056,,127056.7782,,4692128768990.391,130472617040.68512,130472617040.68512,10.971332624394257,18.205574866320283,25.594429210585673,10.765385454579738,11.555948555300802,8.384892451513634,63167.0,11.053537291867439,1294.5057576293214,587.1739693688205,353258.99362028914,12.774956759869644,-0.011335175259841873,106872.46742145589,-0.2372896003448588,0.030081282226793116,2.82499,25.60628003313814,0.03305097294754838,772592744046.426,27.373017895530072,27.350560166346668,1.0501107894736843,-0.17181587473482737,-0.1804257038619012,0,0,2011-15
DEU,2014,105531.83,90.4594991383741,59203.2340879963,17.2097149731509,19.782574460457,20.1102373285709,17811.0,48154.0,80982500.0,2.82218,4336.01915,76.8483516336234,0.98620879650116,42.9700469970703,3.66311454772949,0.631911873817444,81.37608,4650702.0,18647862.0,0.970327973365784,1.909769574,,131759.0277,,4794425904531.16,135307328992.49748,135307328992.49748,10.988731449244742,18.209743639911967,25.630814539115057,10.782159487503774,11.566767892555244,8.374711959622644,65965.0,11.096879577317877,1303.1436421449077,594.6222949402649,351141.670814875,12.768945041570337,0.8381896952107961,108231.25234927217,1.26339330895604,0.013887185640367618,2.78067,25.594429210585673,0.030081282226793116,792011161431.9596,27.397841321378657,27.373017895530072,1.0057907894736844,-0.17478556545558263,-0.1757977118681748,0,0,2011-15
DEU,2015,106776.31,92.0375107259777,59668.9890355282,17.8243752766447,19.7477510746575,20.1379643216943,19509.0,47384.0,81686611.0,2.87725,4755.29531,77.7565815686922,0.981896460056305,43.3498077392578,3.66556406021118,0.632662773132324,82.07755,4727565.0,18885398.0,0.974166393280029,1.974454411,,136471.0385,,4874157496108.457,140241696556.78058,140241696556.78058,10.996567717780481,18.21840066635147,25.666633175010322,10.766039897956801,11.578491364423916,8.467014078203517,66893.0,11.11084960686006,1307.145794064097,580.0705821912479,388443.9581780944,12.869904186590711,0.3947992820919902,109056.19301556196,0.7593118216540518,0.018269414011165955,2.82218,25.630814539115057,0.013887185640367618,813451183773.9463,27.424551754151558,27.397841321378657,1.047300789473684,-0.19097966204200814,-0.2000131508300125,0,0,2011-15
DEU,2016,108936.51,93.191886466528,60504.5857417161,18.0827014214761,20.0438468833034,20.4130244960425,19419.0,48480.0,82348669.0,2.88393,4839.84645,76.0059902166055,1.01068162918091,43.9107437133789,3.66801500320435,0.633437514305115,82.760102,4836048.5,19145834.0,0.984555721282959,1.966255739,,139929.5898,,4982472104226.699,143691007755.42505,143691007755.42505,11.010474438530194,18.22647285173721,25.690931051562785,10.788906620743196,11.598520514441393,8.48463827400081,67899.0,11.125776585897835,1322.8691042960268,588.7162547824544,398554.91332187504,12.895600567773744,1.060837099652844,110133.60492290031,0.9830937341728685,-0.010624983600954251,2.87725,25.666633175010322,0.018269414011165955,835124513963.2794,27.4508466691991,27.424551754151558,1.1023707894736843,-0.1865974336712098,-0.20569956026989497,0,0,2016-19
DEU,2017,109775.28,94.5679711473989,61965.4342904965,15.850578794452,20.1339289732412,20.092676209306,19927.0,47785.0,82657002.0,2.9886,5058.39528,77.4548394742448,1.01617646217346,44.5362663269043,3.67046761512756,0.63476037979126,83.104007,4967397.5,19417412.0,0.998752593994141,2.063757272,,148934.1493,,5121877026080.4375,153072416801.43994,153072416801.43994,11.034331997116333,18.230210097336165,25.754176958789564,10.77446706170028,11.606190646098494,8.528804573642592,67712.0,11.123018695777917,1328.0820419787303,578.111942651876,418111.78877575055,12.943504113014484,1.4316599279612245,111536.01120350769,1.2653290208859858,-0.016047017316696558,2.88393,25.690931051562785,-0.010624983600954251,862928253670.2274,27.48359738861815,27.4508466691991,1.109050789473684,-0.21549183128333002,-0.2389913856099071,0,0,2016-19
DEU,2018,109110.06,96.3372050564326,62481.1183971045,15.7474335584013,20.8175234345652,19.8054472442,21281.0,46617.0,82905782.0,3.05057,5209.2143,79.1252260463654,1.01597249507904,45.1352043151856,3.67292213439941,0.644703686237335,83.368505,5022855.0,19707832.0,0.997346341609955,2.099611826,,153711.2099,,5180045980946.535,158020928680.96072,158020928680.96072,11.042619684435062,18.233215364356088,25.785993321207407,10.749720560454843,11.60011237655276,8.558184317232989,67898.0,11.125761858031977,1316.0729851145966,562.2888883672794,431873.9851470826,12.975889123624802,-0.14090009184952895,111284.64080775362,-0.2256258566005087,-0.015846277017244757,2.9886,25.754176958789564,-0.016047017316696558,891509944300.6539,27.516182428759077,27.48359738861815,1.2137207894736841,-0.2209138649990723,-0.26812775063235694,0,0,2016-19
DEU,2019,110381.76,98.272900066236,62949.8932511855,16.3869405629417,21.1522978107472,19.3094694228334,20802.0,46632.0,83092962.0,3.11256,5398.63462,79.0732427175683,1.0399796962738,45.5520095825195,3.67537784576416,0.655867576599121,83.559186,5072476.0,20002264.0,0.998371243476868,2.143748869,,158394.6632,,5230693087824.813,162808460774.40002,162808460774.40002,11.050094343699579,18.235470563098215,25.81584025952316,10.750042279725387,11.611700181783931,8.593901352432734,67434.0,11.118904620746322,1328.4128684689324,561.202764681803,448588.5413315444,13.013861357566677,0.10271011937483505,111355.70189962712,0.0638348768442043,-0.03920119014905478,3.05057,25.785993321207407,-0.015846277017244757,920591913429.9558,27.548282684269633,27.516182428759077,1.2756907894736842,-0.2207131246996205,-0.2815617002952626,0,0,2016-19
DEU,2020,109197.76,100.0,60299.5767710809,15.5031959869375,21.3426763110307,18.52749571104,19845.0,42260.0,83160871.0,3.0897,5390.05249,72.9335327120137,1.02575957775116,45.2257537841797,3.67783570289612,0.657273292541504,83.628708,4864751.0,20254192.0,0.985335111618042,2.058468957,,150788.8204,,5014565325214.455,154935024853.15103,154935024853.15103,11.007080363968935,18.23628749468471,25.766271671483285,10.651596291170048,11.600915829262037,8.592310402260077,62105.0,11.036581779978293,1313.090624074873,508.17168569578837,448241.4598041188,13.013087338980514,-1.3143396440261896,107565.94623530023,-3.462548656017539,-0.0254333896118571,3.11256,25.81584025952316,-0.03920119014905478,937438151268.6134,27.566416620634584,27.548282684269633,1.3376807894736844,-0.24406803783143055,-0.3264851255316411,0,0,2020-23
DEU,2021,117127.47,102.696778400829,62630.7748127737,15.3851048227765,21.181504152251,18.5726195842861,18747.0,39822.0,83196078.0,3.0786,5520.57631,79.9195348609851,1.02246522903442,45.3312225341797,3.68691277503967,0.637341678142548,83.697083,5043287.0,20509570.0,1.0,2.057418826,,155922.1886,,5210634826523.956,160414603769.3665,160414603769.3665,11.045012046715069,18.236710765257264,25.801027574178075,10.59217480237398,11.671018107898938,8.616237537806931,58569.0,10.977960825350912,1407.8484565101735,478.65237108893524,459290.2972917122,13.03743774509992,1.4773480829342465,111254.15812903272,3.3713183954853676,-0.02221660252230025,3.0897,25.766271671483285,-0.0254333896118571,957237032347.6879,27.587316880435026,27.566416620634584,1.3148207894736843,-0.23030023729423285,-0.30280353981518005,0,0,2020-23
DEU,2022,112300.79,109.282886198775,63777.9291029299,17.4981505573659,21.6010467765749,18.3217735042199,,,83177813.0,3.07096,5801.62324,88.7857542130501,1.04185116291046,45.8390464782715,3.69603681564331,0.637464284896851,84.086227,5112367.0,20761662.0,1.00167214870453,2.050674038,,157189.6306,,5304908660450.761,162911622998.97867,162911622998.97867,11.063162470656692,18.236491199555413,25.816473700524607,,11.628936175430196,8.665893026344014,,,1350.1291504262078,,482566.33295317413,13.086873667935155,0.1670752220420884,111528.65063245481,0.24642174488214152,-0.04099909523104012,3.0786,25.801027574178075,-0.02221660252230025,976563100494.5133,27.607305204217425,27.587316880435026,1.303720789473684,-0.22708345020467602,-0.29605341497724824,0,0,2020-23
DEU,2023,108782.34,116.595139509914,63140.1949099669,17.7818374796623,21.1916877404125,18.9402532641593,,,83287273.0,3.1539,5926.07432,81.9625483787634,1.02178359031677,46.0366134643555,3.70520830154419,0.637351155281067,84.548231,5098745.0,20997920.0,0.994192361831665,2.142712985,,160177.4067,,5258774650739.624,165856493709.67703,165856493709.67703,11.05311284905633,18.23780631035019,25.834388755686188,,11.597104284052813,8.687117269398101,,,1306.1099983427239,,493566.56970812933,13.109413021784018,-0.7495320299656294,110754.12842753466,-0.6968829008901167,-0.021549718201311633,3.07096,25.816473700524607,-0.04099909523104012,995935129130.0133,27.6269479610143,27.607305204217425,1.296080789473684,-0.24586594291341587,-0.3186621253959118,0,0,2020-23
DNK,2000,7180.91,70.6650741328015,57585.8965553524,,21.4595866119596,14.1574198615471,140.0,1730.0,5339616.0,2.18774,,83.0420859548864,1.07775032520294,2.75539684295654,3.30117750167847,0.624413907527924,5.339658,286155.46875,1326453.125,0.970922112464905,,,,,307486574621.30457,6727006787.620128,6727006787.620128,10.961032965233391,15.490664298238363,22.629396125000838,7.455876687491824,8.87918139495839,,1870.0,7.533693709848633,1344.8364077117155,323.9933358503682,,,,103852.72432952172,,-0.07487583638752479,,,,36043905759.93755,24.308003636731875,,,,,0,0,other
DNK,2001,7158.33,72.4439589108133,57925.0542954115,,21.2637917919829,14.0374624375818,188.0,1757.0,5358783.0,2.32339,3636.56281,83.922664599029,1.06566059589386,2.78291058540344,3.31471872329712,0.638926148414612,5.358828,288874.0625,1356950.375,0.958499670028687,1.593415003,2.323393236,,3667.809003,310407796232.3281,7211983696.882288,7211983696.882288,10.96690528664,15.494247455027917,22.699009881730614,7.471363088187097,8.876031992526496,8.19879423154773,1945.0,7.573017256052546,1335.8126276059322,327.87295175042544,19487.55096466023,9.877531128611373,-1.2877033113049816,103802.85447012368,-0.04803132248607511,-0.06359488470321531,2.18774,22.629396125000838,-0.07487583638752479,37849303592.82921,24.356878417527952,24.308003636731875,0.412860789473684,-0.27974268406990055,-0.1154947853945865,0,0,2001-05
DNK,2002,7098.38,74.1748834568037,58003.8882572641,,20.5871139257349,13.9271727232541,169.0,1815.0,5375931.0,2.43935,4758.77798,84.4845925538271,1.07996201515198,2.78403902053833,3.32831573486328,0.642050564289093,5.375959,290192.84375,1383305.0,0.952655255794525,1.683623725,2.439355684,,4021.558747,311824901002.7621,7606500722.610878,7606500722.610878,10.968265326199894,15.497442326281327,22.752269076866583,7.503840746698951,8.867621867980812,8.46774618737472,1984.0,7.592870287844818,1320.4001316237134,337.61594038316343,25582.862064799378,10.149677955691773,-0.6116126300052683,104234.47430484917,0.4149451990828723,-0.07692586936203463,2.32339,22.699009881730614,-0.06359488470321531,39778408776.5157,24.40659010898184,24.356878417527952,0.548510789473684,-0.26846173238559107,-0.14725415677429343,0,0,2001-05
DNK,2003,7398.61,75.2834535556671,58101.4809549972,,20.6976456717052,13.2382994993119,153.0,1772.0,5390574.0,2.50711,4621.86049,80.7613001763544,1.03149509429932,2.75885486602783,3.34196853637695,0.643206119537354,5.39062,291472.875,1409557.5,0.953496694564819,1.73249867,2.507107185,,4171.206611,313200332597.50305,7852276858.5852585,7852276858.5852585,10.969946432274131,15.500162430721643,22.784069372365263,7.4798641311650265,8.909047423710687,8.43855260647571,1925.0,7.562681246721884,1372.5087532422335,328.72195057520776,24914.48098902126,10.12320447923308,0.08828664732531064,105649.94867586477,1.3488336211274543,-0.03100929762771957,2.43935,22.752269076866583,-0.07692586936203463,41663924318.623604,24.45290146706158,24.40659010898184,0.6644707894736843,-0.2817927170444104,-0.1872430291624339,0,0,2001-05
DNK,2004,7667.34,76.8530303047804,59560.4599503941,,20.6579399200817,12.7540897055914,138.0,1877.0,5404523.0,2.41328,4847.79783,82.0077308240144,1.0257134437561,2.7445855140686,3.35567712783813,0.632396459579468,5.404598,299565.1875,1437368.0,0.971464991569519,1.641970028,2.413276815,,4306.089741,321895875692.48376,7768248788.911572,7768248788.911572,10.994747209239485,15.502746753542171,22.77331059483137,7.537430036586509,8.944725028473648,8.486279825146935,2015.0,7.608374474380783,1418.6894939664426,347.30169526524355,26200.034871585092,10.173516020724833,1.8669274326846996,109147.69678862063,3.257072316427667,-0.02538841315388369,2.50711,22.784069372365263,-0.03100929762771957,43182584459.74164,24.488703113408725,24.45290146706158,0.7322307894736841,-0.23587614531009532,-0.17271577609842054,0,0,2001-05
DNK,2005,8211.31,79.0801913165055,60798.1351548444,,21.1723797337583,12.0429074824813,165.0,1658.0,5419432.0,2.38721,5207.24681,89.3987952460671,1.0221381187439,2.78331160545349,3.36944198608398,0.63110876083374,5.419555,306633.75,1468936.625,0.976230800151825,1.629361974,2.387210064,,4429.52212,329491359198.4887,7865650675.922242,7865650675.922242,11.015314395688547,15.505501570876264,22.785771100603295,7.4133673356952405,9.013267751228243,8.557806551693883,1823.0,7.508238774678663,1515.1606293796103,305.93612024285943,28220.319994011916,10.247797564605872,0.4893801294881116,110168.67439462985,0.9310613484910135,-0.021896628192153184,2.41328,22.77331059483137,-0.02538841315388369,44570847466.70263,24.520345838009558,24.488703113408725,0.6384007894736841,-0.23025526083625944,-0.14699514029833707,0,0,2001-05
DNK,2006,8446.72,80.7318219347411,62911.3931382937,,23.2747647050451,12.0833466711901,188.0,1503.0,5437272.0,2.39875,5314.72934,97.4298607727841,1.01168894767761,2.84591889381409,3.38326358795166,0.628822386264801,5.43742,318336.375,1511146.875,0.981014788150787,1.605608175,2.398752589,,4876.957235,342066356391.8365,8205316723.949179,8205316723.949179,11.04948255726076,15.508788022465463,22.828048162077906,7.315218389752975,9.041533479314948,8.578237365678824,1691.0,7.43307534889858,1553.4849093442444,276.4253839057527,28897.62902796048,10.271514830180012,0.4888499996766233,111857.14944018197,1.5210010870546853,-0.01162115966436127,2.38721,22.785771100603295,-0.021896628192153184,46090537070.646416,24.553873496261108,24.520345838009558,0.6123307894736842,-0.22676347587452894,-0.13885425820604705,0,0,2006-10
DNK,2007,8732.7,82.6894180826353,63251.3169416725,18.2573624878991,23.4983863063468,11.9592894350094,197.0,1660.0,5461438.0,2.50921,5539.33467,100.047674594039,1.0112144947052,2.91267490386963,3.39714169502258,0.644316136837006,5.461607,321478.90625,1551624.625,0.97138375043869,1.753239754,2.509208695,,5359.603378,345443145895.29395,8667893961.119305,8667893961.119305,11.054871227585222,15.513222683008678,22.88289168717229,7.414572881350589,9.074829879367472,8.619629676861397,1857.0,7.526717561352706,1598.9744825447071,303.9492529256946,30252.73286145546,10.317341801905801,-0.9865932229166916,110372.3954303653,-1.3362544601873694,-0.011152078470301885,2.39875,22.828048162077906,-0.01162115966436127,47844850471.16876,24.59122933089673,24.553873496261108,0.6238707894736844,-0.21648800734673704,-0.13506054405499363,0,0,2006-10
DNK,2008,9091.63,86.2072399538841,62618.4499382451,16.8570341112745,22.9393877468768,11.80878042447,195.0,1634.0,5493621.0,2.76081,6519.6824,104.470310168489,0.988136529922485,2.94904375076294,3.41107678413391,0.644185423851013,5.493764,320137.78125,1586665.75,0.948509871959686,1.929689879,2.760812537,,6289.299773,344002031568.192,9497242487.737803,9497242487.737803,11.044815241112593,15.519098158911268,22.974267328969376,7.3987862754199485,9.115109489027779,8.782580942077805,1829.0,7.511524648390866,1654.9430694254297,297.43588063319254,35816.6641459704,10.486168543024798,-2.382940449909193,108556.4706075242,-1.6589557172181912,0.011934402600723499,2.50921,22.88289168717229,-0.011152078470301885,50165365388.23125,24.638590693025783,24.59122933089673,0.7343307894736841,-0.21601892615267765,-0.15862934858295324,0,0,2006-10
DNK,2009,9715.23,86.7001291368113,59185.9677505533,18.9310512130896,20.1024313779465,11.1608327786982,131.0,1518.0,5523095.0,3.04209,6674.9003,89.3948566562728,0.969261586666107,2.85626459121704,3.42506909370422,0.666098773479462,5.523173,304212.59375,1606213.875,0.918812811374664,2.122791796,3.042094096,,6808.803411,326889722553.2422,9944279560.819925,9944279560.819925,10.9884397615351,15.524448949532061,23.020263304277336,7.325148957955575,9.181450036261097,8.806109546827313,1649.0,7.407924322559599,1759.0191731266618,274.84589709211957,36866.108472428496,10.515047938395101,-3.1809782978782106,106507.14737193746,-1.9058409642436658,0.031220748242960807,2.76081,22.974267328969376,0.011934402600723499,52584840140.81648,24.68569370489888,24.638590693025783,0.9859307894736844,-0.19293244508165225,-0.19021803789444167,0,0,2006-10
DNK,2010,10220.94,89.4631406927186,59856.3490860003,15.4688409278647,17.9939144621449,10.8767726929647,142.0,1626.0,5547683.0,2.91389,6763.58309,94.3877282319057,0.948888242244721,2.78975081443787,3.43911862373352,0.639428198337555,5.547863,309027.96875,1618737.5,0.939837872982025,1.953372061,2.913896104,,6957.188156,332064050266.4694,9675981154.309626,9675981154.309626,10.999702788667959,15.528890921077156,22.99291248201863,7.3938782901077555,9.232193836044749,8.819308071513298,1768.0,7.477604243197589,1842.3799629502985,293.09533367353544,37522.21492748047,10.53268843462618,2.2624970525121206,110772.60633841543,3.926741416146484,0.052464251011091464,3.04209,23.020263304277336,0.031220748242960807,54373095274.00363,24.719135296298102,24.68569370489888,1.2672107894736842,-0.17364609943941495,-0.22004621075964687,0,0,2006-10
DNK,2011,11358.68,90.0414128486929,60391.7799332206,15.2745652031744,18.1475309529928,10.9708435050042,197.0,1574.0,5570572.0,2.94198,7045.77406,102.012930474308,0.95829838514328,2.7865891456604,3.45655488967896,0.636041462421417,5.570849,313078.71875,1631969.625,0.941031396389008,1.962985629,2.941979162,,7283.661016,336416758326.1605,9897313746.603977,9897313746.603977,11.00860828084045,15.533008299629106,23.015529218541072,7.3613754289773485,9.337737488340627,8.86018329196638,1771.0,7.479299637782834,2039.0509269066085,282.5562617268029,39248.99169696232,10.577681033631212,0.1269119110632419,112351.94798542961,1.4156828492465579,0.04259608276033517,2.91389,22.99291248201863,0.052464251011091464,56114444729.507065,24.750659098141703,24.719135296298102,1.139010789473684,-0.1524025966712843,-0.173588201952399,0,0,2011-15
DNK,2012,12292.72,92.2094683543948,60161.7010660256,15.826335095061,18.7986435638088,11.208563455152,229.0,1406.0,5591572.0,2.9845,7181.8507,104.362280505171,0.94480162858963,2.76736116409302,3.47407937049866,0.630080103874207,5.591917,313061.6875,1648097.125,0.94389021396637,1.956984336,2.984498184,,7468.757366,336398483153.1589,10039812729.706026,10039812729.706026,11.004791233922536,15.536771022055307,23.02982429861632,7.2485040723706105,9.416762496217666,8.879312386488639,1635.0,7.399398083331354,2198.4372194438342,251.4498606116491,40157.8352823004,10.60057285057967,0.3033356669809938,113126.42945273225,0.6869700961379621,0.056780290360387564,2.94198,23.015529218541072,0.04259608276033517,57737090749.787025,24.779165624560015,24.750659098141703,1.1671007894736842,-0.1622707649220406,-0.1893863378490122,0,0,2011-15
DNK,2013,12814.35,92.9904007246024,60745.7784800252,15.822591156063,18.8065381186482,11.7998537089519,193.0,1341.0,5614932.0,2.96145,7115.41931,103.612813249189,0.921462416648865,2.76891231536865,3.49169301986694,0.629985153675079,5.615333,317421.625,1665221.125,0.94816380739212,1.875828695,2.961460348,,7793.596571,341083415452.40485,10101014806.915243,10101014806.915243,11.014452868747513,15.540940035662826,23.035901731678457,7.201170883281678,9.458320915701398,8.870019442027091,1534.0,7.335633981927201,2282.1914851328565,238.82746932643175,39952.59557713692,10.595448919725644,0.4517419317983787,114637.65870741877,1.327032232606662,0.08179328767537772,2.9845,23.02982429861632,0.056780290360387564,59177541944.234215,24.803807947811425,24.779165624560015,1.2096207894736843,-0.1480865573219882,-0.17912857837826338,0,0,2011-15
DNK,2014,13905.44,93.937699968998,61210.9490922919,15.7179605296799,19.334256991948,11.8293905304366,206.0,1377.0,5643475.0,2.91543,7358.18842,103.210859225139,0.921800971031189,2.7860586643219,3.50939559936523,0.623840689659119,5.643794,321478.28125,1685668.875,0.952769219875336,1.859098167,2.915423454,,7877.686621,345442460928.622,10071133138.651325,10071133138.651325,11.022081359235312,15.546010568492928,23.032939063528147,7.227662498728654,9.540035409461206,8.903569042838892,1583.0,7.367077059881012,2463.9853990670645,243.99860015327437,41525.7523935595,10.634069053367547,0.4845432666721286,115388.19529065615,0.6525694687251615,0.08142594528861533,2.96145,23.035901731678457,0.08179328767537772,60372043791.25041,24.82379198360029,24.803807947811425,1.1865707894736843,-0.12307356000699804,-0.14603549126084053,0,0,2011-15
DNK,2015,14232.36,94.322001841369,62059.1285991721,17.1655001970314,19.8029126025869,12.484534308925,270.0,1462.0,5683483.0,3.06422,7566.45783,105.130362453899,0.921317040920258,2.82740926742554,3.52718830108643,0.624795138835907,5.683701,328243.5,1708011.25,0.957802176475525,1.944975123,3.064221197,,8515.669113,352712002388.20844,10807871719.579962,10807871719.579962,11.035842896640048,15.553074806989798,23.10354056850907,7.2875606403097235,9.563273524135367,8.931480314861037,1732.0,7.4570320891223805,2504.161620611868,257.23662761021717,43003.83444702189,10.669044563886562,0.5268547672904383,116093.38053096138,0.6092816841391624,0.08195106643540395,2.91543,23.032939063528147,0.08142594528861533,62124108942.142815,24.852399978276726,24.82379198360029,1.1405507894736844,-0.12344090239376043,-0.14079061867854747,0,0,2011-15
DNK,2016,14258.86,94.724297380394,63468.9888246814,14.8833242354843,20.9848820610106,12.9401692109791,298.0,1552.0,5728010.0,3.10209,7852.0565,101.452783808643,0.923668563365936,2.87276339530945,3.54507112503052,0.623205482959747,5.728201,338330.625,1736334.75,0.964322865009308,2.018443548,3.102087636,,9207.955013,363551002677.6633,11277679298.963526,11277679298.963526,11.058306700626126,15.560878733431151,23.1460913259423,7.347299700743164,9.565133746873585,8.968530750989414,1850.0,7.52294091807237,2489.321771435455,270.9492476444699,44976.658152565,10.71389892645629,0.6784900470002387,117771.83792873952,1.4354303976391591,0.07940196934375851,3.06422,23.10354056850907,0.08195106643540395,64083171899.78491,24.883447637541792,24.852399978276726,1.2893407894736844,-0.1229157812469718,-0.1584803304317453,0,0,2016-19
DNK,2017,14543.37,95.7668507562915,64989.4459872347,12.4279222825429,21.2303828701723,13.0145483841175,282.0,1490.0,5764980.0,2.93576,7647.61749,104.215676920442,0.924466073513031,2.91630005836487,3.56304430961609,0.618127226829529,5.765168,348671.59375,1767293.5,0.976810395717621,1.861399199,2.935755868,,9354.48259,374662856327.4883,10999202270.91987,10999202270.91987,11.081980166267273,15.567312242468525,23.121088586289552,7.306531398939505,9.584890498647376,8.942149439097632,1772.0,7.4798641311650265,2522.70953238346,258.4570978563672,44088.3618775002,10.693951123601881,1.2866404620971412,119559.574382581,1.506560172713023,0.0785389259478038,3.10209,23.1460913259423,0.07940196934375851,65469898385.737045,24.90485630732454,24.883447637541792,1.3272107894736842,-0.12546487833861725,-0.16651834023101594,0,0,2016-19
DNK,2018,14575.72,96.3347694410901,65870.8302554341,12.3547301877073,21.7629454283236,13.0043275494945,239.0,1262.0,5793636.0,2.97895,7597.52556,108.813985501909,0.915700674057007,2.96140289306641,3.58110880851746,0.623594105243683,5.793824,355156.9375,1800689.875,0.983878970146179,1.880374687,2.978949957,,9877.923233,381631613517.7722,11368614950.887676,11368614950.887676,11.095450986010048,15.572270631727315,23.154122321183806,7.140453043101158,9.587112409655518,8.93557788904985,1501.0,7.313886831633462,2515.815629425114,217.82521373451834,44017.29759533616,10.692337962812891,0.7210326302057913,119928.61164940977,0.3081885290766806,0.08806574275754216,2.93576,23.121088586289552,0.0785389259478038,67018028578.76416,24.928227503406106,24.90485630732454,1.1608807894736843,-0.12632792173457197,-0.14665165751579973,0,0,2016-19
DNK,2019,14795.84,97.2507961543352,66758.6323346131,12.039996737934,21.3534089903591,13.4024278659202,228.0,1351.0,5814422.0,2.90605,7693.54905,111.891475065653,0.944548487663269,3.00260376930237,3.5992648601532,0.626783907413483,5.814618,361235.0625,1831540.5,0.985956192016602,1.804581437,2.906057211,,10238.75736,388162860536.28577,11280206808.614733,11280206808.614733,11.108838891265941,15.575851940886242,23.146315416945306,7.208600337960199,9.602101339160434,8.948137470988906,1579.0,7.364547014255642,2544.6794195536545,232.35327604360327,44733.5408543991,10.708478853910872,0.21090319436697613,120307.27004113831,0.3152390913816916,0.05704825649932403,2.97895,23.154122321183806,0.08806574275754216,68245531100.56426,24.946377790487666,24.928227503406106,1.2040707894736844,-0.1168011049248336,-0.14063679861824305,0,0,2016-19
DNK,2020,15124.46,100.0,65379.3066120995,13.2343925466707,22.1844244807288,12.8371087335606,217.0,1261.0,5831404.0,2.96533,7651.2843,104.433432671151,0.945582687854767,2.97140026092529,3.61751317977905,0.618594586849213,5.83153,354804.6875,1865610.875,0.9782674908638,1.826448084,2.965324039,,10839.0234,381253150095.02344,11305414035.712757,11305414035.712757,11.087961074717214,15.578768352661008,23.148547566128897,7.13966033596492,9.624068579782355,8.942628795082857,1478.0,7.298445101508147,2593.6223935093503,216.24294938234428,44617.7298721572,10.705886589779592,-0.7828782933140145,119406.56133264063,-0.751490176597791,0.05595394060410964,2.90605,23.146315416945306,0.05704825649932403,69314115471.19238,24.961914408853993,24.946377790487666,1.1311707894736842,-0.14781859118305174,-0.16720807248742042,0,0,2020-23
DNK,2021,15879.3,103.044354201347,69327.998216527,13.9247982031326,23.206237827405,12.5543797574878,186.0,1090.0,5856733.0,2.74323,7708.2373,112.321472697291,0.949037492275238,3.04005861282349,3.63368630409241,0.592619001865387,5.856776,380996.59375,1909466.125,1.0,1.71423949,2.758551258,,11200.6986,406035574978.67487,11138489703.487503,11138489703.487503,11.146604118254544,15.583102497555105,23.133672488061315,6.993932975223189,9.672771653225015,8.95004481525653,1276.0,7.151485463904735,2711.2897241516725,186.1105841772196,45145.0877667409,10.717636754847362,2.197213830312986,125325.41055060283,4.837948704837203,0.05230697401325105,2.96533,23.148547566128897,0.05595394060410964,70055487854.00104,24.972553448616615,24.961914408853993,1.190450789473684,-0.14891290707826613,-0.17727348779414326,0,0,2020-23
DNK,2022,15700.65,113.759329142143,69089.4692492289,15.988289228272,23.0897420855077,12.8241154699449,,,5903037.0,2.86709,9037.46818,131.995824909071,0.950241327285767,3.15804839134216,3.65001320838928,0.567925989627838,5.902904,386864.59375,1954784.75,0.980614542961121,1.767397958,2.880210849,,13355.76391,407837693288.5604,11693073720.506989,11693073720.506989,11.143157599433199,15.590977522202506,23.182262513754775,,9.661457391753276,9.10913434557562,,,2659.7580194737047,,53348.50905286266,10.884601309813853,-1.9575819198737459,122501.16078353817,-2.2793133307844826,0.051039297925523086,2.74323,23.133672488061315,0.05230697401325105,71240238396.40787,24.989323641746438,24.972553448616615,0.9683507894736842,-0.1525598736691247,-0.14773147410950244,0,0,2020-23
DNK,2023,15603.08,111.344780139553,68993.9031100362,17.1321575837404,23.5305356705048,16.3542735783544,,,5946952.0,3.04841,8837.51688,129.625337431278,0.928692936897278,3.20203399658203,3.66649580001831,0.601182818412781,5.948136,396517.625,1990346.5,0.988400816917419,1.908162253,3.066791239,,14120.88771,410303430088.036,12507730793.146698,12507730793.146698,11.141773418951244,15.598389377359705,23.2496127535367,,9.655223609647162,9.086761220245437,,,2623.710431831298,,52556.28868454975,10.869640039640869,0.7908840835589406,123833.04656454542,1.0813753999048714,0.0739771255943607,2.86709,23.182262513754775,0.051039297925523086,73061933430.09338,25.014573321556238,24.989323641746438,1.0922107894736843,-0.15382754975685267,-0.16801210956273452,0,0,2020-23
ESP,2000,25000.67,69.6416338391089,39945.8971298178,,25.9726762707912,16.2671468214198,484.0,2710.0,40567864.0,0.88315,1874.09659,60.1216241049216,1.06332516670227,16.7095985412598,2.63542246818543,0.649630546569824,41.019774,1547623.25,8241214.0,1.11253976821899,0.473926022,,13545.05587,,1620519722120.439,14311619925.906654,14311619925.906654,10.595281245790684,17.518486784055394,23.384337626477304,7.904703913873747,10.126657903491225,7.535882003625932,3194.0,8.069029328774958,616.267841954903,66.80164378385808,76028.09558598377,11.238858229717055,,92618.81703372861,,-0.06140094788184961,,,,63638605841.31468,24.87648613321995,,,,,0,0,other
ESP,2001,26457.11,72.5403368101658,41224.2924057393,,25.9006959047475,15.8297644081386,467.0,2528.0,40850412.0,0.88838,1947.04358,58.0138895625701,1.09690928459167,17.2715892791748,2.65172410011292,0.643457055091858,41.245599,1608276.0,8547612.0,1.10549128055573,0.465224878,,14159.26841,,1684029329182.9216,14960579754.595238,14960579754.595238,10.626782983077687,17.52542746489874,23.428684562391254,7.8351837552667485,10.183280210237484,7.57406738827527,2995.0,8.00469951054955,647.6583394067115,61.8843207750267,79537.53242495496,11.283984295209736,-0.6355647179663582,93116.85068490928,0.53628347308603,-0.09249648379140624,0.88315,23.384337626477304,-0.06140094788184961,69053394719.7127,24.958145878804142,24.87648613321995,-0.8917292105263158,-0.26626779556422536,0.23743877112706913,0,0,2001-05
ESP,2002,27972.42,75.5084714183419,41766.0378188791,,26.1773351970806,15.1898514693015,371.0,2763.0,41431558.0,0.95947,2014.3626,55.1021415309759,1.11654365062714,17.6519527435303,2.66812658309937,0.642015695571899,41.755704,1652591.375,8863274.0,1.09970963001251,0.52369062,,15713.66283,,1730432018323.083,16602976086.204487,16602976086.204487,10.63983879589071,17.53955341894632,23.532847798541233,7.924072324923417,10.238974303726048,7.608058096795248,3134.0,8.050065422915965,675.1476736646011,66.68829591201953,83458.1808949308,11.332100957777293,-0.5243661711899981,93620.88144076293,0.5398287471242824,-0.11023788748292182,0.88838,23.428684562391254,-0.09249648379140624,75298361597.96028,25.04472421318832,24.958145878804142,-0.8864992105263159,-0.297363331473782,0.2636123585909829,0,0,2001-05
ESP,2003,29227.36,78.5318047337278,42223.130174522,,27.1239081928981,14.6017792827305,367.0,2813.0,42187645.0,1.0232,2195.10581,53.4357897202258,1.046271443367,18.2189865112305,2.68463063240051,0.638362050056458,42.506543,1701165.75,9206040.0,1.09232866764069,0.553573204,,17249.98474,,1781294426591.522,18226204572.884457,18226204572.884457,10.650723458268555,17.557637963628153,23.626126207191113,7.9420068084898565,10.282860535860094,7.693985529358837,3180.0,8.064636475774222,692.7943003218122,66.67828934276848,92606.34464971746,11.436112935022717,-0.673436251054163,93373.23725177423,-0.2648685803595896,-0.04523283806384881,0.95947,23.532847798541233,-0.11023788748292182,82229811931.1507,25.132783748819104,25.04472421318832,-0.8154092105263158,-0.3151047351652976,0.2569393033342391,0,0,2001-05
ESP,2004,31741.7,81.6037064517537,42793.3902326006,,27.8253003573011,14.0176429756563,313.0,2871.0,42921895.0,1.04013,2356.18397,54.4795182656074,0.998103976249695,18.9272861480713,2.70123672485352,0.637142717838287,43.234566,1754149.0,9563767.0,1.08446276187897,0.565650729,,18081.64644,,1836773402257.7085,19104831188.903103,19104831188.903103,10.664138935826015,17.574892626662635,23.67320708184199,7.962415680121064,10.365386552822539,7.764798627461484,3184.0,8.065893546964274,739.522334696546,66.88893861745852,101131.88096102315,11.524180696159847,-0.7227095707905182,92678.31564847709,-0.7470239555717129,0.0018978234785806507,1.0232,23.626126207191113,-0.04523283806384881,89000171330.3812,25.21190413173716,25.132783748819104,-0.7516792105263157,-0.25009968574622454,0.1879947343346017,0,0,2001-05
ESP,2005,35806.51,85.0416081013475,43570.7652574033,,29.0284035934931,13.5021042492259,313.0,3040.0,43653155.0,1.09866,2516.19827,54.6991667043772,0.986084997653961,19.6944122314453,2.71794581413269,0.632956624031067,43.958885,1816442.875,9952367.0,1.07943665981293,0.590981951,,19777.25567,,1902001369250.041,20896528243.4025,20896528243.4025,10.682141682817775,17.59178611713384,23.762848869363065,8.019612794400267,10.485884999432672,7.830504418372084,3353.0,8.117610746466228,820.2502201730895,69.63986909995394,109839.99309104183,11.606779977541649,-0.4645420257734803,92231.38287416147,-0.48340746669701673,0.014012723577695722,1.04013,23.67320708184199,0.0018978234785806507,96546673874.22652,25.293292395452557,25.21190413173716,-0.7347492105263158,-0.20296902420379512,0.14913133029503514,0,0,2001-05
ESP,2006,39136.41,88.5049180847607,44572.6815459931,,30.0454936237283,13.0718544522456,316.0,3111.0,44397319.0,1.17567,2613.24064,56.0839263823216,0.954038143157959,20.5240821838379,2.73475813865662,0.631668627262116,44.695448,1889889.5,10374336.0,1.07525444030762,0.65250603,,22019.37044,,1978907561282.869,23265422525.734306,23265422525.734306,10.704876428950001,17.60868964269645,23.870234083510915,8.042699496897637,10.57480851471984,7.868346354659535,3427.0,8.139440521874608,881.5039034226369,70.07179870478214,116020.87831784417,11.661525439391712,-0.3881971533777326,92081.55975365521,-0.1625747507141284,0.04705162598725426,1.09866,23.762848869363065,0.014012723577695722,105330095318.82684,25.380365020748663,25.293292395452557,-0.6762192105263158,-0.19085412410468003,0.12905922512775825,0,0,2006-10
ESP,2007,41935.29,91.6567854062431,45301.2843416374,5.61297104870674,29.8758005495847,12.6067592787653,265.0,3267.0,45226803.0,1.23823,2720.22197,57.6269487657546,0.927228093147278,21.1619625091553,2.75167417526245,0.616612493991852,45.516507,1956668.75,10807365.0,1.07328593730927,0.691751107,,24010.37509,,2048832262566.2195,25369255724.773697,25369255724.773697,10.721090662981743,17.62720045578097,23.956803873303212,8.09162741160107,10.643882994859009,7.908468762578051,3532.0,8.16961956172385,927.2220722742663,72.23592611664371,123026.9431534619,11.720158660394747,-0.18324101047068747,92461.59230995171,0.4118636636036399,0.07555568850783452,1.17567,23.870234083510915,0.04705162598725426,114899836745.7765,25.467326600962657,25.380365020748663,-0.5992092105263158,-0.1578152216951215,0.09456433440096926,0,0,2006-10
ESP,2008,43683.36,93.9042497963525,44926.348951812,5.58488089846028,27.8566240453349,12.3951846045421,252.0,3632.0,45954106.0,1.32156,2850.35985,55.8281315172523,0.89807540178299,21.1621417999268,2.76869511604309,0.607204377651215,46.235054,1971679.625,11188165.0,1.05714750289917,0.725754114,,25822.82825,,2064550201924.5574,27284269648.554184,27284269648.554184,10.712779737952484,17.643153760771607,24.029576169718716,8.197538739721184,10.684722530537282,7.955200528450069,3884.0,8.264620829411216,950.5866570443128,79.03537498912502,130985.7386850441,11.782843731257401,-1.5150666347324786,93170.13578497144,0.7633898830070152,0.10750124785414585,1.23823,23.956803873303212,0.07555568850783452,124949130882.4642,25.551172538480607,25.467326600962657,-0.5366492105263159,-0.12931115917454122,0.06939473148326031,0,0,2006-10
ESP,2009,46669.4,94.1214344485906,42852.220888454,6.47324056082312,23.1621916327272,11.3278781722104,207.0,3596.0,46362946.0,1.35898,2876.51477,46.8366899971109,0.894534766674042,19.8330078125,2.78582119941711,0.600605845451355,46.63518,1897384.25,11427511.0,1.04372465610504,0.70528113,,25553.44539,,1986755203031.4648,26999605858.157,26999605858.157,10.665512752051653,17.65201112057734,24.019088104998154,8.18757739559151,10.750843982636663,7.96433469100249,3803.0,8.24354550792826,1006.6098905794296,77.56193922620879,133363.69894971245,11.800835253615553,-1.2778530467387998,95668.00295435521,2.645665630726768,0.11145150962931788,1.32156,24.029576169718716,0.10750124785414585,133206367108.25157,25.61516539502326,25.551172538480607,-0.45331921052631574,-0.09736559982822991,0.044137696846554365,0,0,2006-10
ESP,2010,48292.23,94.3970575218718,42695.5274189933,6.5581983123657,21.8742137780893,11.114195396163,213.0,3566.0,46576897.0,1.35436,2879.99747,52.6933699734019,0.845328330993652,19.4772911071777,2.80305314064026,0.605392575263977,46.840471,1899170.0,11629040.0,1.04752993583679,0.696883242,,25490.67934,,1988625182955.1267,26933144027.87105,26933144027.87105,10.661849449444778,17.65661520362785,24.016623485112497,8.179199798423086,10.78502595713455,7.965544694657384,3779.0,8.237214703349489,1036.827979330611,76.56156226980943,134141.3455204506,11.80664934032096,0.36392354581630676,97506.88581638156,1.9039104109870308,0.16803016970489948,1.35898,24.019088104998154,0.11145150962931788,140158556069.8849,25.66604016206862,25.61516539502326,-0.41589921052631573,-0.09341533805305788,0.038851365347315675,0,0,2006-10
ESP,2011,51182.7,94.2592767360777,42271.8346788238,6.58626399247907,20.1470024048134,11.2014709597732,196.0,3430.0,46742697.0,1.32726,2775.30203,58.5118228859632,0.814967513084412,18.9978351593018,2.82275176048279,0.598026096820831,46.998043,1887016.875,11779121.0,1.04426693916321,0.692096773,,24820.71035,,1975899560026.353,26225324500.405773,26225324500.405773,10.651876296423596,17.660168587592565,23.98999136485692,8.140315540159985,10.8431568633047,7.928514859897571,3626.0,8.195885391314796,1094.988164675222,73.38044700330407,129725.1018717749,11.77317288952586,-0.3119805139006948,99327.99496241922,1.8504455136254094,0.20460702778187523,1.35436,24.016623485112497,0.16803016970489948,145360097159.80792,25.702479929442248,25.66604016206862,-0.4205192105263158,-0.03683667797747628,0.015490530741500448,0,0,2011-15
ESP,2012,53300.35,94.0679728283027,41034.0481566356,7.25080663420199,18.7105922599627,10.8118621882614,209.0,3266.0,46773055.0,1.29268,2693.39973,60.5540346961864,0.813597798347473,18.1855907440186,2.84258842468262,0.585376024246216,47.018323,1832951.75,11883093.0,1.03552436828613,0.684799906,,23481.26398,,1919287791302.9656,24810249420.615177,24810249420.615177,10.622157443904339,17.66081784721818,23.934522687828736,8.09132127353041,10.883698176736504,7.898559514770893,3475.0,8.153349757998892,1139.5524624166628,69.82652726019286,125978.53370827515,11.743866804024801,-0.8407211185393448,100791.43294274747,1.4625906973938285,0.20628914031404286,1.32726,23.98999136485692,0.20460702778187523,148366332006.4519,25.72295026866817,25.702479929442248,-0.4476192105263157,-0.0002598199005005297,0.00011630037874107302,0,0,2011-15
ESP,2013,53214.96,94.4801551990007,40594.914008768,6.97005295956388,17.5983666974763,10.8662587310316,218.0,3026.0,46604197.0,1.26864,2623.64689,61.6687726441327,0.796993553638458,17.7899723052979,2.8625648021698,0.579704642295837,46.860389,1806789.5,11963375.0,1.02987170219421,0.673366395,,22715.76051,,1891893369662.6836,24001316044.88867,24001316044.88867,10.611398067022792,17.657201159418005,23.901374500994656,8.014996894348302,10.882094838807099,7.872320571648955,3244.0,8.084562415235304,1141.8490914026477,64.92977445786696,122272.95651999733,11.714011173102685,-0.547370093919234,101562.24354896456,0.7618486086506948,0.22690868850762103,1.29268,23.934522687828736,0.20628914031404286,150112698250.3728,25.734652170610985,25.72295026866817,-0.48219921052631576,0.0014222926316670992,-0.0006858283841272712,0,0,2011-15
ESP,2014,54348.74,94.271649970964,41339.4111169417,6.91215361464722,18.0299514220621,10.9975561841823,225.0,2953.0,46460733.0,1.23401,2614.44648,63.39926213895,0.796990096569061,17.9778270721436,2.88268136978149,0.58068722486496,46.720188,1834261.5,12061736.0,1.03008198738098,0.65299751,,22431.74746,,1920659342281.4602,23701128349.687447,23701128349.687447,10.629571588261095,17.654118062194566,23.888788493645645,7.990576881743923,10.903176709207946,7.868807682965421,3178.0,8.064007347096661,1169.7779283852453,63.55904888543192,121469.09985006983,11.707415187195712,0.02041649660033014,102029.09910298132,0.4586210456977824,0.22691302615486933,1.26864,23.901374500994656,0.22690868850762103,151296921862.50433,25.74251011293697,25.734652170610985,-0.5062392105263158,0.022041840825245268,-0.011158444097918881,0,0,2011-15
ESP,2015,53300.4,94.7924459860799,43053.761430314,6.88833506484239,18.298942519262,11.0137685905408,221.0,2799.0,46422303.0,1.21165,2622.53289,63.5820412248232,0.838108003139496,18.5016555786133,2.90293955802918,0.583292126655579,46.683686,1908748.5,12182141.0,1.04295206069946,0.636548948,,22919.68049,,1998654758407.75,24216700380.2475,24216700380.2475,10.67020487956549,17.653290569816026,23.910308330458008,7.937017489515454,10.883699114816208,7.871895881659873,3020.0,8.013012110368916,1148.163631606127,60.2942943179704,121744.01644704567,11.709675893511623,1.2416813593607672,103166.36216092944,1.1084793940343118,0.17660830477659092,1.23401,23.888788493645645,0.22691302615486933,152819083963.3762,25.752520600928367,25.74251011293697,-0.5408692105263158,0.02204617847249357,-0.011924099145539857,0,0,2011-15
ESP,2016,53890.2,95.1452469189149,44274.6676149922,7.80248141094868,18.1917189018021,10.9527706513192,177.0,2745.0,46458139.0,1.1808,2712.74943,63.1886778507294,0.846243798732758,18.8996028900147,2.92333984375,0.577109694480896,46.732771,1964391.375,12303894.0,1.04708468914032,0.634568959,,22987.24864,,2056918662236.106,24288095563.68394,24288095563.68394,10.698167955338658,17.65406222854216,23.913252172756795,7.917536353943631,10.894703922184341,7.905717949381412,2922.0,7.980023592310645,1159.9732826146994,59.085448945770295,126029.29009111077,11.744269619959296,0.3954603981950543,103938.23544503437,0.7453980905449242,0.16694778272015848,1.21165,23.910308330458008,0.17660830477659092,154184316932.55368,25.761414586888666,25.752520600928367,-0.5632292105263159,-0.028258542905784834,0.01591603681144922,0,0,2016-19
ESP,2017,53940.53,96.3421211464971,45446.2508575695,6.99949013494316,18.9061933772299,11.1145583338461,176.0,2167.0,46571232.0,1.20198,2847.3656,66.167446137857,0.852135539054871,19.4177379608154,2.94388365745544,0.577075242996216,46.868596,2021281.0,12455941.0,1.05155527591705,0.660606056,,24077.2041,,2116487892218.0684,25439761166.88274,25439761166.88274,10.72428560682078,17.656493569407864,23.95957918728003,7.681099001536359,10.895637422377744,7.954149494909786,2343.0,7.759187438507795,1158.2371280192888,46.53087124686759,132605.3239464192,11.795132506353376,0.42604673631644263,104094.56570476457,0.1502938847075086,0.1600096814075072,1.1808,23.913252172756795,0.16694778272015848,156496430559.55338,25.776299038740337,25.761414586888666,-0.5940792105263157,-0.03791906496221728,0.022526928176650123,0,0,2016-19
ESP,2018,54675.87,97.4860438522988,46325.2099441141,6.76693548745416,19.6739026426325,10.7886322916564,149.0,1525.0,46782011.0,1.23288,2984.29629,67.0094103982921,0.838613986968994,19.8492450714111,2.96457171440125,0.580975711345673,47.092821,2069698.875,12638864.0,1.04833316802979,0.696623541,,25287.91939,,2167186481182.8555,26718808689.207188,26718808689.207188,10.743441583126327,17.661009306652936,24.008633599636156,7.329749689041512,10.909177757626876,8.00111924928988,1674.0,7.422971251049421,1168.737060063536,32.598000115899254,139611.38186603918,11.84661799797854,-0.3068839609366124,104270.91144040489,0.16926583055933975,0.1760047654327496,1.20198,23.95957918728003,0.1600096814075072,159740774664.82755,25.796818179959562,25.776299038740337,-0.5728992105263158,-0.04485716627486855,0.025698635145319868,0,0,2016-19
ESP,2019,57221.5,98.8787989204417,46896.4171141424,6.84640091103014,20.305014716322,10.6967320991298,159.0,1288.0,47118501.0,1.24207,3048.15265,66.3662250440692,0.872556090354919,20.3613681793213,2.9854052066803,0.593126058578491,47.435119,2110289.5,12842038.0,1.04497504234314,0.697210679,,25975.97032,,2209688876689.1357,27445882630.69275,27445882630.69275,10.755696557361443,17.668176284407693,24.03548199841266,7.160845906664299,10.95468498087078,8.02229099757347,1447.0,7.277247726631484,1214.4168168677522,27.33533479768382,143624.38368717764,11.87495672401689,-0.3208441595698531,103641.83199354837,-0.6051397871775777,0.13632834003213634,1.23288,24.008633599636156,0.1760047654327496,163225541095.79614,25.818398769043764,25.796818179959562,-0.5419992105263158,-0.028862082249626164,0.015643225793442975,0,0,2016-19
ESP,2020,60134.98,100.0,41553.4477945675,7.76842135531122,20.6159328524088,10.853212942808,124.0,1431.0,47359424.0,1.39637,3051.64642,59.4461280147076,0.821491599082947,19.4599609375,3.00638508796692,0.616052150726318,47.679489,1879422.25,12976737.0,0.989767551422119,0.776380739,,26008.01327,,1967947352764.7874,27479826449.80166,27479826449.80166,10.634735776252967,17.673276386303904,24.036717988771215,7.266128779556451,11.004346981159644,8.023436533792605,1555.0,7.349230824613334,1269.7574193469923,30.215739110340532,144524.21670286206,11.881202362132234,-5.427816217218735,96578.93230290561,-7.058040671767785,0.19663356787122754,1.24207,24.03548199841266,0.13632834003213634,166221536381.2284,25.83658729208734,25.818398769043764,-0.5328092105263158,-0.06853850765023942,0.03651794815177592,0,0,2020-23
ESP,2021,63622.32,102.556112365016,44251.6658222621,9.39320382214351,20.199534753463,11.2560847091885,126.0,1308.0,47443821.0,1.39617,3229.64887,66.524588943191,0.823224008083344,19.9853763580322,3.02822971343994,0.617825031280518,47.735664,2005026.75,13126397.0,1.0,0.784812158,,27742.09292,,2099468112223.2207,29312143942.426937,29312143942.426937,10.697648295428332,17.675056853255118,24.10126773612568,7.176254532017144,11.06071963115821,8.080128701329125,1434.0,7.2682230211595655,1341.0032889214383,27.569448927817177,153226.88288113227,11.93967499661997,1.028515996583942,100324.69311963554,3.8051231955455123,0.19452693054920095,1.39637,24.036717988771215,0.19663356787122754,170600449866.47107,25.86259010896693,25.83658729208734,-0.3785092105263159,-0.008233279811148214,0.003116372241359966,0,0,2020-23
ESP,2022,61269.93,107.369931708733,46733.4809780536,12.5837187911388,20.4882317498181,11.0279875249207,,,47786102.0,1.40684,3387.49657,78.4657338703054,0.850021779537201,20.5351524353027,3.05045986175537,0.598189532756805,47.828382,2128923.75,13295520.0,1.02528059482574,0.792355634,,29686.69746,,2233210888832.329,31417704068.448742,31417704068.448742,10.752216124211673,17.68224540204672,24.170637394807628,,11.02304446323496,8.127846452641318,,,1282.1704938394012,,161875.25661867013,11.994581296723764,2.496632617689222,103672.16687128617,3.2821821453913103,0.16249330684109559,1.39617,24.10126773612568,0.19452693054920095,176428086454.94913,25.896179188111052,25.86259010896693,-0.3787092105263159,-0.010339917133174809,0.003915821854412159,0,0,2020-23
ESP,2023,60303.76,114.075403840339,47322.5937004504,9.56253561613111,20.4658153069816,10.9510128785567,,,48352528.0,1.49362,3653.80306,71.7976366055733,0.845480561256409,20.927074432373,3.07308387756348,0.594492614269257,47.911579,2185886.5,13468885.0,1.03595876693726,0.842306528,,32358.04073,,2288167036933.652,34176520497.048412,34176520497.048412,10.764743128518573,17.694029063915565,24.25480471006776,,11.007149735663496,8.203523838386381,,,1247.168710599785,,176670.6147651357,12.08204234433767,1.0361016614738026,104452.5601064694,0.7499319316272235,0.16785010173404113,1.40684,24.170637394807628,0.16249330684109559,184140393983.75516,25.938964314391935,25.896179188111052,-0.3680392105263157,-0.04237354084128017,0.01559512451842935,0,0,2020-23
EST,2000,464.97,42.0259168826362,20526.6606380865,,26.6871960393056,15.4671728526187,791.0,13.0,1396985.0,0.6,1902.60055,126.495626368659,0.578176856040955,0.584144711494446,3.30235552787781,0.586897015571594,1.396997,27127.27734375,130038.2421875,0.729637026786804,0.135037868,,,,28675437011.497272,172052622.06898364,172052622.06898364,9.9294798391153,14.149826900887252,18.96331093024847,2.5649493574615367,6.141972887377069,7.550976939850418,804.0,6.6895992691789665,332.83821945117523,9.305754893574377,2657.90442934175,7.885293282773397,,46439.310003079474,,0.547875477802271,,,,548485022.2496626,20.122670530560438,,,,,0,0,other
EST,2001,516.3,44.9041535827077,21872.6593953112,,27.4503342036995,16.0616569267868,699.0,18.0,1388115.0,0.69889,1924.96306,126.546640067292,0.600397825241089,0.587331116199493,3.31723690032959,0.574303150177002,1.388171,28722.5625,133764.609375,0.754500150680542,0.234972767,,,,30361766596.522404,212195350.56643543,212195350.56643543,9.992992706429519,14.1434572696427,19.173017873284113,2.8903717578961645,6.2466879918856035,7.562662056927372,717.0,6.57507584059962,371.94324677710415,12.967225337958311,2672.0700980319,7.890608768605799,3.3508291010937774,48903.525980128885,5.170320090993741,0.5101628014127864,0.6,18.96331093024847,0.547875477802271,678407619.4786487,20.335258873921713,20.122670530560438,-1.1748792105263157,0.34300863011989524,-0.40299370855897554,0,0,2001-05
EST,2002,516.78,47.0612943591685,23537.7156816601,,30.5528178409929,15.6672531737325,700.0,19.0,1379350.0,0.71182,2210.91668,123.28234538757,0.651285648345947,0.587416231632233,3.33218550682068,0.561601340770721,1.379435,30713.89453125,139214.234375,0.784059047698975,0.218242344,,,,32466748125.497856,231104806.50691885,231104806.50691885,10.066359336244087,14.137122931678464,19.258381873413956,2.9444389791664403,6.247617252029137,7.701162495841631,719.0,6.577861357721047,374.6547286765505,13.77460398013557,3049.627922558,8.02277486955582,3.8428855539856697,52286.42464629616,6.688727057068533,0.428806949069544,0.69889,19.173017873284113,0.5101628014127864,807751283.0637703,20.509764751109305,20.335258873921713,-1.0759892105263158,0.30529595373041063,-0.3284951522312632,0,0,2001-05
EST,2003,568.35,48.8916895877854,25485.1613028986,,32.7509545585868,15.7427367286431,584.0,18.0,1370720.0,0.76445,2193.7335,122.744772807796,0.621520221233368,0.599857270717621,3.34720134735107,0.55776435136795,1.37085,33047.01953125,146072.703125,0.804568469524384,0.259030135,,,,34933020301.10917,267045473.69182903,267045473.69182903,10.145851652081111,14.13084670719787,19.40292951531538,2.8903717578961645,6.34273742613272,7.693360165818369,602.0,6.400257445308821,414.63610365355436,13.131784755456987,3006.99438312,8.008696315051965,2.582173752608044,55091.47116232367,5.225814545022445,0.47558683238468685,0.71182,19.258381873413956,0.428806949069544,953634064.2960339,20.6757905754243,20.509764751109305,-1.063059210526316,0.22394010138716822,-0.2380615873858262,0,0,2001-05
EST,2004,637.14,51.1844453098802,27381.5350626694,,31.7144972621122,14.9169103622544,97.0,27.0,1362550.0,0.84566,2465.56876,129.949500077661,0.614297986030579,0.597768247127533,3.36228489875793,0.557866513729096,1.362676,35294.4453125,152942.0625,0.833917915821075,0.32950332,,,,37308710599.64019,315504842.05691725,315504842.05691725,10.217624162379302,14.124868502093916,19.569684587076324,3.295836866004329,6.456989411643809,7.81017779414165,124.0,4.820281565605037,467.6085281274082,19.81578657663939,3359.460713938,8.11953573827129,3.5828904255112843,59043.69374268551,6.928282589224466,0.48727514929625737,0.76445,19.40292951531538,0.47558683238468685,1126093796.708546,20.84202066400147,20.6757905754243,-1.0104292105263157,0.27071998470231107,-0.27354338041645243,0,0,2001-05
EST,2005,718.13,54.2165577750372,30161.1996133966,,32.8564369726627,14.6642061190741,15.0,23.0,1354775.0,0.91687,2451.18781,135.912792115107,0.626871645450592,0.611144363880158,3.37743639945984,0.552694499492645,1.354848,38655.5546875,161353.1875,0.869872570037842,0.413367779,,,,40861639206.23938,374648111.390247,374648111.390247,10.314311596310882,14.119145946847318,19.741497773764284,3.1354942159291497,6.5766506111549345,7.804328006459494,38.0,3.6375861597263857,530.0732593973169,16.976988798878043,3320.80796529275,8.107963395342539,4.221175446173317,63251.102312513736,6.883481359401777,0.46701347150563155,0.84566,19.569684587076324,0.48727514929625737,1331827838.592511,21.009818150405145,20.84202066400147,-0.9292192105263158,0.28240830161388164,-0.26241921907172877,0,0,2001-05
EST,2006,896.68,59.0844660441024,33301.4945486206,,36.7942378998764,14.4658199153602,9.0,36.0,1346810.0,1.11259,2600.75424,136.620737662645,0.624322891235352,0.641086161136627,3.39626121520996,0.558895647525787,1.34688,42429.33203125,172559.828125,0.893967211246491,0.49438948,,,,44850785873.02771,499005358.544719,499005358.544719,10.413357556301357,14.113249391248916,20.028127392224707,3.58351893845611,6.798699053705695,7.863556774248628,45.0,3.8066624897703196,665.7806223595013,26.729828260853424,3502.7218179744004,8.16129560753327,2.7322368343051364,66183.5094927397,4.531877527234762,0.47108759054300614,0.91687,19.741497773764284,0.46701347150563155,1631059021.3483531,21.212495347145968,21.009818150405145,-0.8580092105263158,0.2621466238232558,-0.22492421774873084,0,0,2006-10
EST,2007,1072.01,66.3838588049349,35986.5161332684,12.1257231430114,36.3905723897513,13.8693049203328,19.0,44.0,1340680.0,1.05869,2747.58209,133.980829235754,0.653597295284271,0.64305704832077,3.41519117355347,0.570177376270294,1.340705,45641.625,184605.890625,0.92288613319397,0.499185371,,,,48246402449.55028,510779838.0931438,510779838.0931438,10.490899595422526,14.108687505898017,20.051449210108615,3.784189633918261,6.9772906699454476,7.918476563902409,63.0,4.143134726391533,799.6016946624101,32.81916639317361,3683.6283564212,8.21165351183615,3.1836762862758716,70976.01234476015,6.991063506259643,0.42526387362686613,1.11259,20.028127392224707,0.47108759054300614,1897180006.239244,21.36363441334968,21.212495347145968,-0.6622892105263158,0.26622074286063035,-0.1763151256148962,0,0,2006-10
EST,2008,1120.64,70.8947143495688,34233.7643806167,11.4380079895671,31.129010654241,13.7442368403919,10.0,62.0,1337090.0,1.25182,2972.93057,136.681988157836,0.61397647857666,0.642169177532196,3.43422651290894,0.610175728797913,1.337074,43302.34375,193252.609375,0.863482773303986,0.540823291,,,,45773624015.67879,573003380.1530702,573003380.1530702,10.440967698618637,14.106006168702605,20.166402173707112,4.127134385045092,7.021655229657433,7.997303469210432,72.0,4.276666119016055,838.1186008421274,46.3693543441354,3975.0757358413,8.287799079948762,-6.653191336850319,67431.36429625505,-5.123171033621787,0.48779866007585254,1.05869,20.051449210108615,0.42526387362686613,2185606385.4564276,21.505159148939892,21.36363441334968,-0.7161892105263159,0.22039702594449037,-0.1578459720135325,0,0,2006-10
EST,2009,1148.82,70.6199072742011,29281.6798284656,11.3859368486444,22.6771447061682,12.2894734719345,20.0,76.0,1334515.0,1.39673,3229.67528,116.759079859802,0.595651030540466,0.576728761196137,3.4533679485321,0.636008858680725,1.334528,36967.1171875,195213.296875,0.821800351142883,0.624138234,,,,39076840956.28477,545797960.6887163,545797960.6887163,10.284717337620348,14.104078487928401,20.11775942986055,4.330733340286331,7.046490607613169,8.080136878655232,96.0,4.564348191467836,860.8520698530928,56.94952848038427,4310.0501062892,8.36870480861936,-4.947646380280498,64097.92553232493,-5.069825490764224,0.5181003026275173,1.25182,20.166402173707112,0.48779866007585254,2403563388.3266797,21.60021821829218,21.505159148939892,-0.5230592105263159,0.28293181239347676,-0.14799009042331165,0,0,2006-10
EST,2010,1399.91,71.9027445072323,30067.501040775,15.7346506591757,21.2332633688528,13.7483595927381,13.0,84.0,1331475.0,1.57892,3057.78287,143.671762256978,0.590946793556213,0.547938704490662,3.47261595726013,0.582771003246307,1.331448,37872.71875,197032.078125,0.852147996425629,0.792057095,,,,40034125948.26589,632106821.4223598,632106821.4223598,10.311200167799388,14.101797908243109,20.264568959066562,4.430816798843313,7.244163227822649,8.025445380043976,97.0,4.574710978503383,1051.3978858033386,63.08792880076607,4071.36144683325,8.31173273032281,3.6262732735010292,69118.53176206032,7.541088198916768,0.5260292934524532,1.39673,20.11775942986055,0.5181003026275173,2675135701.5000377,21.707265945540406,21.60021821829218,-0.3781492105263158,0.31323345494514154,-0.11844898369793558,0,0,2006-10
EST,2011,1374.15,75.8855631219665,32453.1008476709,22.2268275715382,26.3556426267409,14.5525672570253,15.0,62.0,1327439.0,2.29632,3392.80584,166.7460724339,0.604716658592224,0.583612203598023,3.48813080787659,0.554378628730774,1.327358,40753.6875,202566.046875,0.858697056770325,1.450524303,,,,43079511736.13141,989243443.8991328,989243443.8991328,10.387551275276316,14.098762080006669,20.712451010863024,4.127134385045092,7.2255906371293275,8.129412539451048,77.0,4.343805421853684,1035.1888109359452,46.706477661120395,4503.74279144376,8.412664061493441,0.7655973661997328,69830.08108595017,1.0241995646172342,0.5029952635588183,1.57892,20.264568959066562,0.5260292934524532,3263108790.174165,21.905946194539403,21.707265945540406,-0.1959592105263157,0.32116244577007746,-0.06293473932380506,0,0,2011-15
EST,2012,1474.31,79.0769531034296,33765.4302075072,20.5676117029777,28.4404236317146,13.8770730242275,5.0,20.0,1322696.0,2.10485,3457.75569,169.156067773865,0.635786294937134,0.592996060848236,3.49925565719605,0.554197371006012,1.322616,42250.16796875,209426.734375,0.873059868812561,1.210827865,,,,44661399473.74894,940055466.8232044,940055466.8232044,10.427192783154108,14.09518263589223,20.661449438746192,2.995732273553991,7.295945362712781,8.148375013082235,25.0,3.2188758248682006,1114.624978075083,15.120632405329719,4573.55962014024,8.428047091010193,1.6587941607266927,71248.64861381092,2.0110974097161005,0.4528927863572414,2.29632,20.712451010863024,0.5029952635588183,3713697938.4712443,22.035293966055484,21.905946194539403,0.5214407894736843,0.29812841587644257,0.1554563165391511,0,0,2011-15
EST,2013,1427.92,82.3380501873219,34481.0148921506,20.6761148166196,27.5327683520592,13.5540034976357,17.0,25.0,1317997.0,1.70141,3338.3961,164.601632156916,0.632705807685852,0.600521326065064,3.51936936378479,0.559221804141998,1.317919,42992.2890625,215988.34375,0.870336592197418,0.811971624,,,,45445874184.80981,773220647.9677726,773220647.9677726,10.448164158571556,14.091623717865975,20.46607500950445,3.2188758248682006,7.2639741189212526,8.113245761052362,42.0,3.7376696182833684,1083.4015555422357,18.968176710569143,4399.9960446117,8.389358920954063,-0.3124107328412562,71591.61081623596,0.48020475857804,0.4577497236619249,2.10485,20.661449438746192,0.4528927863572414,3929863895.66833,22.09187063008241,22.035293966055484,0.3299707894736841,0.24802593867486564,0.08184131479449697,0,0,2011-15
EST,2014,1651.41,84.6900720653938,35720.3025335234,23.652438820507,25.3427695160167,13.9610951419012,6.0,44.0,1314545.0,1.40794,3285.59355,157.953944842229,0.650402426719666,0.60554701089859,3.49702787399292,0.567865550518036,1.314452,44420.8359375,221729.5,0.888650715351105,0.612940058,,,,46955945093.93051,661111533.3554852,661111533.3554852,10.48347450453809,14.089001156114996,20.309433117856496,3.784189633918261,7.409384747433082,8.097302599528662,50.0,3.912023005428146,1256.2597704909304,33.4716574936575,4319.06057318475,8.370793197679383,2.0824237781844683,73356.54398092486,2.4353816705730225,0.4301639896366992,1.70141,20.46607500950445,0.4577497236619249,4001495844.673566,22.109934089328643,22.09187063008241,-0.07346921052631572,0.25288287597954917,-0.018579105253841686,0,0,2011-15
EST,2015,1530.69,85.7964962611494,36353.0580520449,22.7144676294333,24.0517427038414,13.6547460994623,6.0,30.0,1315407.0,1.44125,3188.49188,148.507157123558,0.649325549602509,0.624189615249634,3.50818061828613,0.589030623435974,1.314576,45237.35546875,226817.125,0.880739271640778,0.663703607,,,,47819067033.06622,689192303.614067,689192303.614067,10.501033607402332,14.089656681410414,20.351030895425787,3.4011973816621555,7.333473893117545,8.067303319100052,36.0,3.58351893845611,1163.6626534601078,22.806629431043017,4194.16453839516,8.341449442546192,-0.8942625980669374,72473.73933104941,-1.2107436315623943,0.4318210707847441,1.40794,20.309433117856496,0.4301639896366992,4090463771.586598,22.131924192158746,22.109934089328643,-0.36693921052631584,0.22529714195432346,-0.08267035540255475,0,0,2011-15
EST,2016,1551.31,87.8886666505325,37466.5561839318,21.9072583684186,23.9449043102923,13.6104762733574,1.0,29.0,1315790.0,1.21835,3296.37262,147.7462327097,0.67749959230423,0.625364899635315,3.5126519203186,0.59398365020752,1.315849,46636.5625,232457.125,0.895982027053833,0.62738409,,,,49298119961.25563,600623644.547958,600623644.547958,10.531203978941827,14.089947803665954,20.213479080950314,3.367295829986474,7.346855014255916,8.100577936823912,30.0,3.4011973816621555,1178.9951284019485,22.039991184003526,4337.3341296698,8.375015182525592,1.715871747069944,74574.96019875175,2.858051657194771,0.3893463279934364,1.44125,20.351030895425787,0.4318210707847441,4077517850.396566,22.12875427022952,22.131924192158746,-0.3336292105263159,0.22695422310236832,-0.0757185582792565,0,0,2016-19
EST,2017,1562.61,91.1766682162675,39529.785973279,17.9646942764807,25.4039470690204,13.3408912828564,4.0,37.0,1317384.0,1.25152,3552.46537,144.635650944133,0.669826507568359,0.643098711967468,3.52385497093201,0.584855973720551,1.317425,49264.375,239993.203125,0.914975583553314,0.590637012,,,,52075907564.622185,651740398.3527595,651740398.3527595,10.58480974199019,14.091158509980621,20.29515687856773,3.6109179126442243,7.354112779132593,8.175397111859,41.0,3.713572066704308,1186.1461806124864,28.085964305016606,4679.96103899208,8.451045063875346,2.0977026596253086,76604.68615973857,2.685345520237803,0.4007365440567152,1.21835,20.213479080950314,0.3893463279934364,4117630571.1898403,22.138543730791927,22.12875427022952,-0.5565292105263158,0.18447948031106062,-0.10266821953581959,0,0,2016-19
EST,2018,1504.36,95.5978928919907,40849.8473475564,18.2045260067525,26.5760517476199,13.2138423128235,6.0,24.0,1321977.0,1.38298,3766.08146,143.485224864735,0.68435126543045,0.649465143680573,3.54636764526367,0.590327262878418,1.321965,51087.0078125,248853.703125,0.941704571247101,0.58566168,,,,54002558646.98057,746844585.5760119,746844585.5760119,10.617658363379242,14.094638901360426,20.431367670013653,3.1780538303479458,7.316122837569471,8.233790339360223,30.0,3.4011973816621555,1137.9623094804222,18.154627501083606,4978.673070246419,8.512918682756375,2.8794226475811056,78660.1225786894,2.6478073442797623,0.37928394722822983,1.25152,20.29515687856773,0.4007365440567152,4246830571.0873756,22.169438793694948,22.138543730791927,-0.5233592105263158,0.19586969637433946,-0.10251020966050349,0,0,2016-19
EST,2019,1639.1,99.2522942978791,42215.0343835811,16.9644248677655,26.6153386918257,12.8803241268467,1.0,31.0,1326898.0,1.59093,3770.42028,140.352147998549,0.710589528083801,0.657355189323425,3.53396797180176,0.596545934677124,1.326822,52990.83984375,258293.90625,0.958396136760712,0.84819986,,,,56015044693.505,891160150.5423791,891160150.5423791,10.650531701590563,14.098354445250802,20.608034711755145,3.4339872044851463,7.401902589695315,8.234941754334711,32.0,3.4657359027997265,1235.2871132521113,23.362760362891496,5002.963128691439,8.51778564162124,1.7569589673155257,80612.18760331107,2.4513523702360374,0.3416603322279722,1.38298,20.431367670013653,0.37928394722822983,4500966135.966648,22.227557907560087,22.169438793694948,-0.3918992105263157,0.17441709954585408,-0.06835392361431003,0,0,2016-19
EST,2020,1722.9,100.0,40916.7194113327,20.6216264338951,31.1753648845812,12.5917858133422,2.0,21.0,1329522.0,1.72614,3836.37969,137.392641283846,0.719577550888062,0.638945937156677,3.52161145210266,0.603726387023926,1.329669,51462.6875,270750.5,0.947531223297119,0.948660264,,,,54399678625.19387,939014612.6209215,939014612.6209215,10.619294046063168,14.100330037102578,20.660341598948065,3.044522437723423,7.4517641965383605,8.252284411814134,23.0,3.1354942159291497,1295.8792708958558,15.795150437525667,5100.551198208181,8.537103890952437,-1.1401306665744708,80543.1015478556,-0.08573849490325358,0.32909097404599513,1.59093,20.608034711755145,0.3416603322279722,4764835828.192573,22.28452891977437,22.227557907560087,-0.18394921052631585,0.13679348454559645,-0.025163053487306256,0,0,2020-23
EST,2021,1765.86,104.291492700033,44247.4198971873,20.6301155577085,29.9821389244433,13.0310279238311,1.0,25.0,1330932.0,1.75152,4036.13127,160.471922305927,0.732365131378174,0.640259146690369,3.54196763038635,0.586597979068756,1.331749,55144.55859375,282763.1875,1.0,0.97812793,,,,58890307058.60329,1031475506.1928482,1031475506.1928482,10.697552341327937,14.10139000666568,20.754256144379635,3.2188758248682006,7.476393102823272,8.303041905721587,26.0,3.258096538021482,1326.7845389546574,18.783829677248725,5371.816263443639,8.588921354422993,5.38953892206224,86128.49793525567,6.704787905041876,0.31147607602869215,1.72614,20.660341598948065,0.32909097404599513,5081585960.156534,22.348889246694704,22.28452891977437,-0.0487392105263158,0.12422412636361937,-0.006054585847284102,0,0,2020-23
EST,2022,1791.71,121.859195530305,43124.6196563775,18.0186438315616,25.1608257827686,11.9959443459942,,,1348840.0,1.76094,4654.85436,175.68711950524,0.708570957183838,0.677998721599579,3.56257843971252,0.576008021831513,1.350091,55177.88671875,292573.03125,0.963193237781525,0.993712906,,,,58168211977.30823,1024307311.9932115,1024307311.9932115,10.671849334732508,14.114755521780507,20.74728242790829,,7.490925750081788,8.445665902433326,,,1328.3339758607397,,6278.6537549424,8.74491086624956,-3.750122502788409,81383.46719676803,-5.666819645300869,0.34450507358344323,1.75152,20.754256144379635,0.31147607602869215,5343655378.126266,22.399175783475265,22.348889246694704,-0.023359210526315843,0.10660922834631639,-0.0024903074089896835,0,0,2020-23
EST,2023,1753.58,132.382081625219,41284.7746875532,16.581160524959,25.4086839463969,11.4121180604126,,,1370286.0,1.83878,4800.4412,154.592617111149,0.643145322799683,0.690943121910095,3.5834481716156,0.606712400913239,1.367196,53509.8359375,303823.28125,0.905719637870789,1.057557187,,,,56571948767.50853,1040233679.5471933,1040233679.5471933,10.628249059347311,14.130530035141241,20.762711216732555,,7.469414691579169,8.476463109338571,,,1279.7182485991975,,6577.9773701832,8.791482586515539,-6.152424627469419,77444.63218560364,-4.960888906321159,0.44138457281584254,1.76094,20.74728242790829,0.34450507358344323,5582340750.954519,22.442874014796917,22.399175783475265,-0.01393921052631586,0.13963822590106748,-0.0019464466283562317,0,0,2020-23
FIN,2000,7504.8,72.7308016288743,46968.841714507,,23.0668836977402,24.1601044095435,324.0,2579.0,5176209.0,3.24271,,74.9255788717317,0.96294116973877,2.2997875213623,3.13166737556458,0.560236275196075,5.176202,225555.09375,1169114.75,1.02981948852539,2.29931176,,,4495.490324,243120541202.20654,7883694101.618072,7883694101.618072,10.757239718604286,15.459583493018465,22.788062425587913,7.8551570058813445,8.923298094811742,,2903.0,7.97349996402463,1449.8641766590183,498.2410872513069,,,,98076.49256936154,,0.03776295966406508,,,,43541868881.97294,24.496988815165874,,,,,0,0,other
FIN,2001,7767.57,75.1342863072009,48099.3014282794,,22.8776112797605,23.6043785828383,270.0,2390.0,5188008.0,3.19405,,70.2841376639721,0.987094104290009,2.33547353744507,3.15149402618408,0.554820656776428,5.187971,231510.328125,1199071.0,1.03627169132233,2.270889328,,,4606.356131,249539560604.32498,7970418335.482441,7970418335.482441,10.781022932667794,15.461860366437328,22.799002817139232,7.779048644925556,8.95771265313519,,2660.0,7.886081401775745,1497.2162726040515,460.67777844598544,,,0.6245826742871031,99127.7890385624,1.0662105507398323,0.012989900334708407,3.24271,22.788062425587913,0.03776295966406508,44981006885.15944,24.529506168401767,24.496988815165874,1.4678307894736844,-0.16710388801831066,-0.2452802318740391,0,0,2001-05
FIN,2002,7880.92,75.8429027390339,48792.4864789775,,21.6087308003234,22.8745621126381,207.0,2162.0,5200598.0,3.25409,,69.3209377526273,0.997511386871338,2.36436176300049,3.17144656181335,0.559508502483368,5.200546,235416.671875,1225289.0,1.03514409065247,2.273719243,,,4839.401968,253750107597.59744,8257256876.3226595,8257256876.3226595,10.795331614392596,15.464284176939662,22.83435827202528,7.6787889981991535,8.972199927306061,,2369.0,7.7702232041587855,1515.387268925612,415.7214228056081,,,-0.10887247177056095,99568.80353886489,0.44390819065451836,0.0024917148734111675,3.19405,22.799002817139232,0.012989900334708407,46491112728.70818,24.562527007159378,24.529506168401767,1.419170789473684,-0.19187694734766736,-0.2723061588491896,0,0,2001-05
FIN,2003,8049.95,75.9869913259963,49655.5451564067,,21.7883649498398,21.952489552711,215.0,1972.0,5213014.0,3.29898,,68.0715029595159,0.963657796382904,2.36996603012085,3.19152498245239,0.563240766525269,5.212955,240152.78125,1252669.0,1.04162585735321,2.325379332,,,4994.659735,258855052077.98032,8539576397.042155,8539576397.042155,10.812865348159614,15.466668749340345,22.86797724129677,7.586803535162581,8.993421159213195,,2187.0,7.690286020676768,1544.2026436146152,378.2840406720565,,,0.6242181762787214,101331.73986369502,1.7550789538711697,0.037019030398259496,3.25409,22.83435827202528,0.0024917148734111675,48057022216.44411,24.59565410562737,24.562527007159378,1.4792107894736843,-0.2023751328089646,-0.29935547997219025,0,0,2001-05
FIN,2004,8775.08,76.4446152235049,51494.705860401,,22.2601596310972,21.5451584656768,209.0,2011.0,5228172.0,3.30943,7855.56192,70.967802899062,0.961499214172363,2.38246250152588,3.21173048019409,0.557537317276001,5.228148,249771.828125,1282682.5,1.06363213062286,2.32042652,,,5397.457121,269223179327.5844,8909752663.620876,8909752663.620876,10.8492342825405,15.469572252955532,22.910412318629785,7.606387389772652,9.079671165101626,8.968977084731993,2220.0,7.705262474866325,1678.4222095217985,384.64687083745525,41070.22887441024,10.623038779723249,2.0906772429234826,104837.67445029263,3.401350873060416,0.03926153124707089,3.29898,22.86797724129677,0.037019030398259496,49758221547.59837,24.6304415441357,24.59565410562737,1.524100789473684,-0.16784781728411627,-0.25581699083415627,0,0,2001-05
FIN,2005,9175.15,77.1550718219089,52744.048034135,,22.9209429997692,21.2181020975793,229.0,1830.0,5246096.0,3.32412,7558.69966,76.5889740444293,0.948042273521423,2.41887784004211,3.23206400871277,0.566015720367432,5.246082,256708.765625,1313992.625,1.07121968269348,2.354402245,,,5588.691782,276700339415.6835,9197851322.584618,9197851322.584618,10.873206211496024,15.4729947388984,22.942235741830938,7.512071245835466,9.124254021562972,8.930454451733924,2059.0,7.629975707027789,1748.9481702202934,348.8308258179035,39653.66405152736,10.58793863266805,0.7108300418676473,106127.21377468611,1.222530816590428,0.053356185399147125,3.30943,22.910412318629785,0.03926153124707089,51492339638.043236,24.66469888866012,24.6304415441357,1.534550789473684,-0.16560531643530488,-0.2541297690768364,0,0,2001-05
FIN,2006,9421.22,77.8650375265328,54653.981203281,,22.7685828498042,21.8152156935341,202.0,1816.0,5266268.0,3.33285,7689.18984,82.0005669294983,0.934389352798462,2.46436095237732,3.25252652168274,0.566071689128876,5.266247,267027.34375,1345148.875,1.08863544464111,2.376352734,,,6044.862197,287822512283.44025,9592692600.63864,9592692600.63864,10.908777340050696,15.476832510261453,22.984267458136475,7.504391559161238,9.150719870861778,8.947570704544013,2018.0,7.609862200913554,1788.9746590944478,344.8362293753375,40493.33440031712,10.60889265684119,1.612713666743497,108355.61385291553,2.0780034368154787,0.06786206166652123,3.32412,22.942235741830938,0.053356185399147125,53361181292.97539,24.700349376482936,24.66469888866012,1.5492407894736844,-0.15151066228322863,-0.2347264980493499,0,0,2006-10
FIN,2007,9353.52,80.0097507539653,57313.2916474478,21.7677559554834,24.1971784303348,22.1315200017107,211.0,1804.0,5288720.0,3.33727,7390.55027,82.8631608209175,0.966182887554169,2.51889038085938,3.27311825752258,0.55107045173645,5.28871,281213.96875,1383453.5,1.11417925357819,2.41279778,,,6679.239872,303113951801.6901,10115730979.292265,10115730979.292265,10.95628784172694,15.481086808582457,23.037357571815328,7.4977617006225685,9.143508022023697,8.907957472604503,2015.0,7.608374474380783,1768.579164712823,341.10332935001287,39086.551023954395,10.573533723222686,2.3193012087992266,111642.00351349037,2.9878815854791796,0.03440213809902048,3.33285,22.984267458136475,0.06786206166652123,55472735078.32134,24.73915747714108,24.700349376482936,1.5579707894736843,-0.13700478601585453,-0.21344945463079407,0,0,2006-10
FIN,2008,9555.11,82.4401160744001,57494.585352886,21.4878899291626,24.4953745888094,20.7904125032818,147.0,1799.0,5313399.0,3.53719,7712.31606,86.1896598765527,0.928461670875549,2.57507419586182,3.2938404083252,0.561909198760986,5.313377,283419.90625,1420303.5,1.09254133701324,2.626464199,,,7533.061361,305491672319.43915,10805820884.115969,10805820884.115969,10.959446054575483,15.485742301427535,23.103350796635496,7.4949862339505335,9.164831368905334,8.950573818334423,1946.0,7.57353126274595,1798.3046257207486,338.57799875371677,40978.61244088794,10.620805561797685,-1.96115540603779,110062.81166789669,-1.4246136716613123,0.07422617973552544,3.33727,23.037357571815328,0.03440213809902048,57957645700.68911,24.782978334193107,24.73915747714108,1.5623907894736844,-0.17046470958335527,-0.26633249218334076,0,0,2006-10
FIN,2009,9931.81,83.9036141356558,52599.1487066911,18.0159799627138,22.9565025999395,16.6698764684843,127.0,1806.0,5338871.0,3.73427,7669.28354,70.1279335295898,0.867407500743866,2.50976514816284,3.31469392776489,0.597606003284454,5.338856,260530.828125,1444192.875,1.01624178886414,2.667160426,,,7573.669522,280820069654.84064,10486579615.099817,10486579615.099817,10.870455214311395,15.490524765362364,23.0733621447074,7.498869733976931,9.2034980163605,8.944978479307247,1933.0,7.566828479208331,1860.2828200943607,338.27376612021527,40945.31548248334,10.619992686705338,-7.239518234610441,103806.85552021065,-5.851920396301757,0.14224640023081905,3.53719,23.103350796635496,0.07422617973552544,59750578460.685555,24.813444709061553,24.782978334193107,1.762310789473684,-0.1306406679468503,-0.23022945866678318,0,0,2006-10
FIN,2010,9979.37,84.1963311464477,54017.9458623339,13.1468637622035,22.8209857186136,17.0393362636662,102.0,1731.0,5363352.0,3.70524,7740.92101,75.4612085231229,0.848714709281921,2.49096274375916,3.33567929267883,0.594347298145294,5.36335,268785.1875,1471264.125,1.03979074954987,2.580143717,,,7739.594083,289717257976.64026,10734719729.453665,10734719729.453665,10.897071601120729,15.495099710717023,23.096749159827684,7.456454555176209,9.20827524106046,8.954275953044656,1833.0,7.513709247839705,1860.6591549463844,322.7459245635938,41517.28418082552,10.633865105797403,2.2908188544720978,107904.13793759559,3.8711207249804147,0.16403218061207292,3.73427,23.0733621447074,0.14224640023081905,61522711421.036385,24.842672234986562,24.813444709061553,1.9593907894736842,-0.0626204474515567,-0.12269792796930104,0,0,2006-10
FIN,2011,10250.43,86.3862174353177,55053.3906850323,11.0754610454262,22.9086033745668,16.355265487845,124.0,1650.0,5388272.0,3.62434,7441.97757,78.7159444486606,0.850684940814972,2.52865815162659,3.35402321815491,0.597608268260956,5.388241,275210.21875,1499840.625,1.04751896858215,2.553655561,,,7976.785434,296642643533.22034,10751337986.631918,10751337986.631918,10.916058733079357,15.499735297792014,23.098296047647835,7.408530566894626,9.23507493490614,8.914891894927289,1774.0,7.480992162869525,1902.359420608314,306.22062137917317,40099.399365059035,10.599116634755028,0.7404990528369306,108836.46671376583,0.8603228991002965,0.1617134412670425,3.70524,23.096749159827684,0.16403218061207292,63045642694.51285,24.86712478823826,24.842672234986562,1.930360789473684,-0.04083466707030284,-0.07882564016372484,0,0,2011-15
FIN,2012,10479.48,88.9305904548191,53957.6680986279,10.4739136902235,23.3149347732785,14.5954146662807,129.0,1698.0,5413971.0,3.4095,7492.46096,79.4303765882482,0.838043987751007,2.5441722869873,3.37246775627136,0.61171156167984,5.413971,271019.21875,1527182.375,1.02239453792572,2.343070197,,,7520.002191,292125250313.5966,9960010409.442078,9960010409.442078,10.895955094017753,15.504493392658846,23.02184395366708,7.437206366871292,9.257174338323393,8.921652588633366,1827.0,7.510430556378006,1935.6365226189796,313.6330061612816,40563.96635607216,10.610635423327938,-2.4277018859405213,106525.49756012372,-2.1462080061105837,0.17668468852802638,3.62434,23.098296047647835,0.1617134412670425,63548806699.778,24.875074057061408,24.86712478823826,1.8494607894736843,-0.043153406415333245,-0.07981053309738098,0,0,2011-15
FIN,2013,10714.78,91.2084534047575,53183.4286685126,9.02643257926868,22.3315331429947,14.6434591173334,141.0,1596.0,5438972.0,3.28462,7222.80668,77.485171771574,0.79562771320343,2.52381086349487,3.39101386070251,0.609193205833435,5.439053,268363.9375,1550288.875,1.01222968101501,2.261654963,,,7382.8318,289263179392.0373,9501196242.946735,9501196242.946735,10.881502135612905,15.5091006303867,22.974683547935793,7.3752557780097545,9.279379375732358,8.884998893190387,1737.0,7.459914766241105,1970.00094870869,293.4378040556193,39284.64329393295,10.578588965612811,-0.9991959583417244,106332.82445277243,-0.1810341809994398,0.2286238995227159,3.4095,23.02184395366708,0.17668468852802638,63517681937.75804,24.874584159796186,24.875074057061408,1.6346207894736842,-0.02818215915434938,-0.046067143245955594,0,0,2011-15
FIN,2014,11089.54,92.7085319460865,52710.7334867778,10.0525206084322,21.7167423672002,14.6025114765247,126.0,1419.0,5461512.0,3.16344,7022.1865,74.6277719754196,0.805471122264862,2.50961136817932,3.40966200828552,0.603710532188416,5.461684,267080.96875,1571285.25,1.0047926902771,2.142041728,,,7178.164227,287880303466.8388,9106920671.991365,9106920671.991365,10.872574385267095,15.513236232461892,22.932300474831077,7.257707677160043,9.313757600674405,8.856829915760475,1545.0,7.3427791893318455,2030.48899279174,259.81816024573413,38351.755835988,10.554555590258092,-0.7374260737530235,106423.23832943212,0.08499300176936231,0.21632792770315126,3.28462,22.974683547935793,0.2286238995227159,63096950319.0857,24.867938274407784,24.874584159796186,1.509740789473684,0.023757051840340132,0.03586699020100235,0,0,2011-15
FIN,2015,10992.47,94.2221863528743,52782.4873926277,10.1842827866076,21.4199398645048,14.8411928141889,127.0,1289.0,5479531.0,2.88826,6855.97138,71.9618253787014,0.828745007514954,2.51762652397156,3.42841267585754,0.596131980419159,5.479717,268326.90625,1592210.125,1.00066900253296,1.925525234,,,6687.872474,289223275925.01263,8353520189.23177,8353520189.23177,10.873934736507053,15.516530071320078,22.8459488665182,7.161622002939187,9.304965771917741,8.832875285823162,1416.0,7.255591274253665,2006.0968721593144,235.23911079251127,37567.50771182278,10.533894799178965,-0.41124630509714305,106579.31337119608,0.14654760560404156,0.18784276161489588,3.16344,22.932300474831077,0.21632792770315126,61985927960.45462,24.85017322785052,24.867938274407784,1.3885607894736842,0.011461080020775505,0.015914406321869103,0,0,2011-15
FIN,2016,11169.41,94.274192663407,53984.6316254715,10.052829776298,23.0524251681601,14.7475627790114,108.0,1260.0,5495303.0,2.74716,6543.69993,71.7222101178859,0.843522310256958,2.53206396102905,3.44726634025574,0.592865586280823,5.495469,275228.09375,1620614.5,1.01293385028839,1.808712341,,,6727.364834,296661908125.3484,8149777275.25632,8149777275.25632,10.896454685511975,15.519404285336954,22.821256435636354,7.138866999945524,9.320934070614502,8.786258023013643,1368.0,7.221105098182496,2032.5376052967417,229.28671994974619,35959.61385642879,10.490151750386323,1.2182143482638992,108697.13324229978,1.9675986195055728,0.17016892772294956,2.88826,22.8459488665182,0.18784276161489588,60837816041.642746,24.831477406941765,24.85017322785052,1.113380789473684,-0.017024086067479877,-0.01895429038587869,0,0,2016-19
FIN,2017,10919.92,95.0623682171237,55637.2262781223,9.6573147330322,23.6891760789654,15.3743113223501,139.0,1390.0,5508214.0,2.74723,6731.45341,75.9387822310041,0.842765867710114,2.54737663269043,3.46622395515442,0.571427047252655,5.508396,284319.90625,1652962.5,1.03362023830414,1.792698014,,,7147.74738,306461748706.32117,8419209098.984668,8419209098.984668,10.926607793574822,15.52175099065401,22.853781729551855,7.237059026124737,9.298343923264735,8.814546359203925,1529.0,7.332369205929062,1982.4792573418536,252.35039887702257,37078.28591330974,10.52078679189366,2.021651192395724,111612.82654528925,2.64705558809446,0.17106609655502322,2.74716,22.821256435636354,0.17016892772294956,60131352734.381,24.819797218574724,24.831477406941765,0.9722807894736842,-0.0346979199594262,-0.03373612101124561,0,0,2016-19
FIN,2018,10966.86,96.951313571673,56226.337241343,9.01765355032152,24.5932601711908,14.7901080183696,100.0,1387.0,5515525.0,2.77601,6872.68968,79.1436148422846,0.817999362945557,2.61336588859558,3.48528575897217,0.576554954051971,5.515736,287711.78125,1688566.375,1.0184942483902,1.822686014,,,7540.531861,310117768713.05835,8608900271.251371,8608900271.251371,10.937140560294674,15.523077401061927,22.876062420312056,7.234898420314831,9.302633277109292,8.835310819513024,1487.0,7.304515946460155,1988.3619419728857,251.47198136170172,37906.491747282,10.542877662610678,-1.4742124726092265,110092.42238354002,-1.3715760038632396,0.20089372117485588,2.74723,22.853781729551855,0.17106609655502322,59720550095.47522,24.812942020818703,24.819797218574724,0.9723507894736843,-0.033800751127352535,-0.03286618704348476,0,0,2016-19
FIN,2019,11071.51,98.3879953726235,56922.4873163103,9.21470120593618,24.4207984303071,14.7120972002113,75.0,1321.0,5521606.0,2.81534,7245.85837,80.5641502947367,0.833235502243042,2.65216207504272,3.50445199012756,0.578412890434265,5.521759,291595.125,1722112.5,1.01562285423279,1.848036626,,,8126.43495,314303547500.66284,8848713494.20516,8848713494.20516,10.949445749708461,15.524179317966839,22.903537917512892,7.186144304522325,9.312130421097788,8.888185325307608,1396.0,7.241366283322318,2005.1249582096223,239.24198865330123,40008.77505094222,10.596854085310174,-0.2823235752699996,109946.19361462028,-0.13291193437403592,0.1824389609939076,2.77601,22.876062420312056,0.20089372117485588,59611181075.3591,24.81110899535823,24.812942020818703,1.001130789473684,-0.003973126507519881,-0.0039776192771522,0,0,2016-19
FIN,2020,11048.28,100.0,55424.8574989208,9.98230025285834,24.6561782162302,14.5232182818852,97.0,1588.0,5529543.0,2.93278,7548.32504,72.1845955995888,0.818583607673645,2.58947658538818,3.52372407913208,0.569117605686188,5.529612,284331.40625,1753664.25,0.997035562992096,1.964701951,,,8643.0561,306474132809.155,8988212072.200336,8988212072.200336,10.922783463419787,15.525615729938966,22.919179786029,7.370230641807081,9.310030038721631,8.929080968624318,1685.0,7.429520842786462,1998.0457697860384,287.18467330844516,41738.78788665672,10.63918614059901,-1.8470913432682563,109802.65581639805,-0.13063806159419045,0.20017973995496557,2.81534,22.903537917512892,0.1824389609939076,59657715986.25557,24.811889331462684,24.81110899535823,1.0404607894736841,-0.02242788668846815,-0.023335336690109905,0,0,2020-23
FIN,2021,11446.35,102.492842024653,56790.3766177692,10.2937538536253,24.4207361193742,14.9402646685212,105.0,1557.0,5541017.0,3.01133,7870.42868,79.7892781913782,0.800927639007568,2.6494824886322,3.54863691329956,0.576503872871399,5.541075,292107.03125,1786506.25,1.0,2.071338699,,,9475.945599,314676442275.4617,9475946109.17366,9475946109.17366,10.94712216461158,15.52768861588304,22.97202243614084,7.350516171833998,9.345426180869527,8.970867810067777,1662.0,7.415776975415394,2065.748941033749,280.9953479659059,43610.17911316756,10.683045867986543,0.2968839654355865,110250.59893896517,0.40712303190719723,0.22198467431217234,2.93278,22.919179786029,0.20017973995496557,60185004697.49089,24.820689066828965,24.811889331462684,1.1579007894736844,-0.0046871077274101836,-0.005427205737916458,0,0,2020-23
FIN,2022,11543.1,108.819500454481,57068.3056478074,9.62392843667484,24.6641741973059,15.7551618539463,,,5556106.0,2.982,8073.32591,94.5625340522667,0.791334867477417,2.74890518188477,3.57393145561218,0.57607901096344,5.569299,296342.75,1821321.375,0.98576158285141,2.027893362,,,10294.39833,317077555419.6166,9455252702.612967,9455252702.612967,10.95200417407316,15.530408061148101,22.969836265575715,,9.353843134836504,8.996320808950525,,,2077.552156132371,,44856.254528506455,10.711218312134353,-1.434075600034814,107803.91843010548,-2.244193997755062,0.23403405380001432,3.01133,22.97202243614084,0.22198467431217234,60612506695.480225,24.82776708984156,24.820689066828965,1.2364507894736843,0.01711782662979658,0.021165350250485635,0,0,2020-23
FIN,2023,11224.2,113.08708696951,56051.7701129501,9.71402259549133,23.3984725554477,14.4759253493526,,,5583911.0,3.0938,8314.89822,85.5141847218915,0.77158921957016,2.77818250656128,3.59961485862732,0.582876920700073,5.601185,292893.40625,1846420.75,0.965718746185303,2.088995806,,,10955.26815,312988095703.1733,9683225704.864775,9683225704.864775,10.934031008964173,15.535399984901913,22.99366091669842,,9.325827440582914,9.025804151022948,,,2010.0965076270022,,46429.651634538415,10.745693577960585,-2.0541884179824192,105426.26539410882,-2.230220453728471,0.2593029695746561,2.982,22.969836265575715,0.23403405380001432,61203856396.022964,24.83747603748637,24.82776708984156,1.2071207894736844,0.029167206117638567,0.035208340875465545,0,0,2020-23
FRA,2000,50006.98,75.7381971745127,45922.4789363701,,20.8814379037151,14.3878392198042,3483.0,13870.0,60918661.0,2.10066,2902.95091,57.7860470318197,1.20046472549438,25.9722766876221,2.89169573783875,0.640165209770203,61.404918,2691867.0,14634065.0,1.04800641536713,1.31307722,,,,2797535926604.3706,58766718195.80737,58766718195.80737,10.734710013342344,17.925050106104244,24.796841514524747,9.537483513308878,10.81991787466711,7.973483053788645,17353.0,9.761520681090504,820.8811418228645,227.68064452368708,176843.8823859315,12.083022601928613,,103643.85965758996,,-0.18270875306911788,,,,350993844537.5308,26.58403452332839,,,,,0,0,other
FRA,2001,50801.94,77.1790391039495,46454.8706927365,,20.8602882389306,13.9296551551957,3605.0,13499.0,61364377.0,2.1494,2971.39049,56.8932328560722,1.24751222133636,26.3433265686035,2.90776181221008,0.640553832054138,61.843576,2742998.0,14944624.0,1.05128812789917,1.358247517,,,,2850674198675.3335,61272391226.327614,61272391226.327614,10.746236597576468,17.932340045595225,24.83859519060852,9.510370887608827,10.835689821813771,7.996785300686588,17104.0,9.747067633264827,827.8734745404488,219.98104861392142,182337.52624257474,12.11361478831754,0.3126493341092572,104124.96663459198,0.4631184047006798,-0.2211513452579626,2.10066,24.796841514524747,-0.18270875306911788,359617159083.2288,26.60830585554457,26.58403452332839,0.32578078947368416,-0.38757560075149367,-0.12626468519355902,0,0,2001-05
FRA,2002,50708.18,78.772228969585,46610.7820717214,,20.3363313536887,13.4598053740839,3389.0,13519.0,61812142.0,2.18758,3100.95366,55.1325248503102,1.27746319770813,26.4711647033691,2.92391729354858,0.645952522754669,62.281563,2772286.25,15226758.0,1.06136894226074,1.383656426,,,,2881112280148.2974,63026636018.06812,63026636018.06812,10.74958716828033,17.939610375621637,24.866823267923362,9.511851382364405,10.833842517788058,8.0394649754222,16908.0,9.73554216168668,820.3595338922246,218.71107459760898,191676.58796733973,12.163564793079564,0.954332912154205,104728.53314411054,0.5779823564401099,-0.2448762346245042,2.1494,24.83859519060852,-0.2211513452579626,368701221238.8126,26.633252454464216,26.60830585554457,0.37452078947368417,-0.4260181929403384,-0.15955266995016784,0,0,2001-05
FRA,2003,52092.2,80.1912157130637,46730.975806379,,20.4989506339345,12.9922663496214,3339.0,13511.0,62249855.0,2.13086,3184.63585,52.5988822870657,1.19321596622467,26.4783000946045,2.94016242027283,0.645994544029236,62.710292,2799117.5,15512218.0,1.05718302726746,1.334279202,,,,2908996467955.6006,61986642137.07871,61986642137.07871,10.752162517273561,17.94666676398911,24.85018474937699,9.51125944745996,10.860770504441353,8.066093228659723,16850.0,9.732105935780508,836.8244391894567,217.0446822727539,198243.11989030175,12.197249434684558,-0.39516806768773516,105713.64060377797,0.9362331112322764,-0.17665215458189656,2.18758,24.866823267923362,-0.2448762346245042,375382680190.06946,26.651211823087408,26.633252454464216,0.41270078947368427,-0.44974308230688,-0.18560932512837752,0,0,2001-05
FRA,2004,53582.82,81.5012509359315,47720.4413351103,,20.8372793779546,12.5672208197628,3060.0,14230.0,62707588.0,2.10438,3320.66694,53.7497648292028,1.12042999267578,26.5107498168945,2.95649790763855,0.6413214802742,63.156878,2879403.0,15814386.0,1.06264066696167,1.327945321,,,,2992433774420.2666,62972177862.1452,62972177862.1452,10.773115124599729,17.953993019014383,24.865958844558776,9.563107691083898,10.888983773292555,8.107920927277904,17290.0,9.757883578677337,854.4870199759557,226.92628522085715,208231.01435874074,12.246403388328014,0.5149156288450598,108612.65787982517,2.7054021043079857,-0.11371253365974367,2.13086,24.85018474937699,-0.17665215458189656,382047456023.7042,26.66881066826557,26.651211823087408,0.3559807894736844,-0.3815190022642723,-0.13581343562524803,0,0,2001-05
FRA,2005,57905.0,83.1003897217882,48257.4650937971,,21.2552645424979,12.1452500973725,2948.0,14327.0,63180854.0,2.05599,3297.84746,55.8228361241299,1.10371625423431,26.6906929016113,2.97292399406433,0.640329778194428,63.617228,2933782.5,16130136.0,1.06424987316132,1.277101006,,,,3048947856501.291,62686063034.88089,62686063034.88089,10.784305811769585,17.961511870182598,24.861404979731955,9.569901147893372,10.966559015618477,8.10102524977577,17275.0,9.757015648635871,916.4960005130669,226.7617338632365,208360.81888453083,12.247026561994094,0.15132010569921112,109917.8095830884,1.1944945131169504,-0.09868289872849688,2.10438,24.865958844558776,-0.11371253365974367,387426400655.0294,26.682791733906633,26.66881066826557,0.3295007894736841,-0.31857938134211944,-0.10497215766226622,0,0,2001-05
FRA,2006,60693.39,84.7602198965717,49223.247197008,,21.8977868505057,11.6390346197616,2720.0,14529.0,63622342.0,2.05331,3405.181,57.8692775292673,1.07495737075806,26.9864654541016,2.98944115638733,0.636263728141785,64.060149,3013407.25,16471458.0,1.07854270935059,1.295249219,,,,3131698267518.5845,64303473696.78585,64303473696.78585,10.804121294889761,17.968475255930883,24.886879490008944,9.583901931071338,11.013590074907093,8.133053374292702,17249.0,9.755509449764629,953.963467739053,228.36317468476716,216645.590153902,12.286018072259312,1.3340580214109548,111663.65062239005,1.575833253862946,-0.07228100568456008,2.05599,24.861404979731955,-0.09868289872849688,393615914253.56085,26.698641433861916,26.682791733906633,0.2811107894736842,-0.3035497464108726,-0.08533110885809703,0,0,2006-10
FRA,2007,61455.44,86.781776741465,50157.7837477634,20.1428349498868,22.5857089020594,11.579923857885,2387.0,14722.0,64016890.0,2.02815,3563.56539,58.1525611309659,1.05900323390961,27.3878574371338,3.00605034828186,0.627540647983551,64.470141,3089661.0,16846336.0,1.07080280780792,1.277311431,,,,3210945324824.3574,65122787605.42521,65122787605.42521,10.822928990673645,17.974657512756817,24.899540364933113,9.59709825261865,11.026067638333808,8.178516836710427,17109.0,9.747359919824648,959.9879031924231,229.97055933207625,228128.37357943712,12.33766379150297,-0.7202131939263334,112811.34375304898,1.0225665753756275,-0.05732812035361529,2.05331,24.886879490008944,-0.07228100568456008,399696314720.95197,26.71397088250848,26.698641433861916,0.2784307894736844,-0.2771478533669358,-0.07716649561389285,0,0,2006-10
FRA,2008,64067.01,88.7784511557395,50068.2969141379,21.4617976728355,22.9330135074895,11.067976542911,1761.0,14658.0,64375116.0,2.06363,3636.48425,59.1797928411748,1.02486419677734,27.538179397583,3.0227518081665,0.627383470535278,64.842856,3101406.75,17210226.0,1.05397248268127,1.294533351,,,,3223152421770.0693,66513940321.37368,66513940321.37368,10.821143290647992,17.980237718888297,24.920677391531992,9.592741540485795,11.0676848458369,8.198772628497633,16419.0,9.706194479812028,995.2138960029213,227.69667708249253,234099.095425923,12.363499789421656,-1.5842312554344171,112622.06935409126,-0.16792048776093083,-0.0245601128637338,2.02815,24.899540364933113,-0.05732812035361529,406255807834.1828,26.730248866695387,26.71397088250848,0.2532707894736843,-0.26219496803599107,-0.06640632655050288,0,0,2006-10
FRA,2009,66255.51,88.872521814014,48404.9657826363,24.123557619924,21.4495235712121,10.5216742580302,1593.0,14100.0,64706436.0,2.21273,3722.99987,52.1991123027613,1.01192510128021,27.2370872497559,3.039546251297,0.643806755542755,65.186042,3013806.25,17468370.0,1.02737295627594,1.365088544,,,,3132112820496.3457,69305200012.9688,69305200012.9688,10.787357686256625,17.98537122902155,24.961785776589366,9.55393007636626,11.101273910201373,8.22228503895464,15693.0,9.66097003203872,1023.9400297058548,217.90722641562272,240902.0528161633,12.392145710011917,-2.55613260486411,110650.8277615849,-1.7658146947537645,-0.011854557533676842,2.06363,24.920677391531992,-0.0245601128637338,414622636672.0242,26.750634634280647,26.730248866695387,0.28875078947368404,-0.22942696054610956,-0.0662472159842369,0,0,2006-10
FRA,2010,66841.36,89.8407403246603,49130.422942344,26.3233800074675,21.4821676799635,10.2775341468866,1832.0,14748.0,65026211.0,2.17771,3849.5934,56.587555247796,0.968885242938995,27.2687683105469,3.05643367767334,0.637518703937531,65.510017,3074092.0,17735858.0,1.03350806236267,1.375427698,,,,3194765248768.1016,69572722298.94781,69572722298.94781,10.802233733762806,17.99030099273188,24.965638406473552,9.598862759354034,11.110077329599877,8.25572281131505,16580.0,9.715952428689286,1027.9141129720751,226.80085112140395,250324.47269260744,12.430513246082652,0.5953884920786683,112733.07121873251,1.864327533942678,0.03160910244409075,2.21273,24.961785776589366,-0.011854557533676842,422001963470.16833,26.76827580374451,26.750634634280647,0.4378507894736843,-0.2167214052160526,-0.09489163836969487,0,0,2006-10
FRA,2011,68818.9,90.6057147898678,50085.6829779109,25.1193585926138,21.6992927837053,10.3132840454103,2099.0,14655.0,65340830.0,2.18761,3920.65709,60.6056354816406,0.969671726226807,27.4861965179443,3.07526326179504,0.638834357261658,65.836675,3149025.5,18011934.0,1.03996396064758,1.39906022,,,,3272640096893.57,71592602023.65343,71592602023.65343,10.821490477329268,17.99512766684195,24.99425758188276,9.592536853144992,11.139233695498069,8.274014543737009,16754.0,9.726392314713754,1053.2296574745071,224.28548887426132,256178.9884059847,12.453631652614682,0.6227158191881084,114567.52475535005,1.6141562314524904,0.030797691334205943,2.17771,24.965638406473552,0.03160910244409075,430294270973.2965,26.787735162673275,26.76827580374451,0.402830789473684,-0.17325774523828502,-0.06979355429676877,0,0,2011-15
FRA,2012,70407.27,91.5861111187861,49935.6269081617,26.6906319566323,21.6559249264002,10.2470795796382,2092.0,14540.0,65657659.0,2.22761,4052.17043,61.6589570771102,0.968189775943756,27.5935134887695,3.09420895576477,0.646535634994507,66.16917,3154814.25,18274706.0,1.03119504451752,1.43856684,,,,3278656363487.305,73035677018.67957,73035677018.67957,10.818489993082492,17.9999648160363,25.01421388499029,9.58465875108751,11.162051803859914,8.307007925194807,16632.0,9.71908382953785,1072.3390244541008,221.4516968995194,266056.02430282335,12.491462183266833,-0.8467692247410313,114331.73420572204,-0.20602131618847608,0.032327161392083956,2.18761,24.99425758188276,0.030797691334205943,438785807345.98157,26.807277220580968,26.787735162673275,0.412730789473684,-0.17406915634816983,-0.07184370032259826,0,0,2011-15
FRA,2013,71475.21,92.2710614868023,50066.5304324783,27.1817177565412,21.2695637926893,10.2533499274342,2196.0,14690.0,65997932.0,2.23369,4133.56261,61.8192338733962,0.946403086185455,27.6532554626465,3.11327147483826,0.644080758094788,66.513021,3179477.25,18522780.0,1.0345253944397,1.442669493,,,,3304287470958.6333,73807538810.05591,73807538810.05591,10.821108008584666,18.00513396616647,25.024726715233463,9.594922269167922,11.177105955276438,8.326894931547896,16886.0,9.734240155229445,1082.991661011439,222.5827318346884,272806.58405252255,12.516518339750089,0.3224398369471998,114976.59848023241,0.5624444318668154,0.05508670534963478,2.22761,25.01421388499029,0.032327161392083956,446775475054.14026,26.825322012424863,26.807277220580968,0.45273078947368406,-0.17253968629029182,-0.0781140283897456,0,0,2011-15
FRA,2014,71223.41,92.7977401424006,50326.567863089,27.4702736686884,20.9583861621479,10.1814983481472,2033.0,14500.0,66312067.0,2.27173,4210.03605,62.1992669379507,0.951782524585724,27.7969665527344,3.13245129585266,0.643806099891663,66.841142,3211203.5,18757598.0,1.0354038476944,1.445521154,,,,3337258740017.2046,75813507974.59283,75813507974.59283,10.826288404778559,18.009882444628186,25.05154231918759,9.581903928408666,11.17357683549461,8.345226489585134,16533.0,9.713113662551345,1074.0640915325412,218.66306776412202,279176.19262001535,12.539598376249044,0.08487761702737975,115523.52282425985,0.47455538620901905,0.04941871084850545,2.23369,25.024726715233463,0.05508670534963478,455572661770.61206,26.844821061825773,26.825322012424863,0.45881078947368437,-0.14978014233274098,-0.06872074535116571,0,0,2011-15
FRA,2015,70877.24,93.8504749093193,50682.8953586333,28.2116908505326,20.5598696757557,10.3199116417468,1994.0,14306.0,66548272.0,2.22401,4310.70957,63.5046871956484,0.962124168872833,27.8431262969971,3.15174913406372,0.639457702636719,67.080971,3245458.75,18986968.0,1.0352885723114,1.438379122,,,,3372859106073.8667,75012723804.9934,75012723804.9934,10.833343763005127,18.013438137028768,25.04092358682691,9.56843430866833,11.1687046454689,8.368857802957873,16300.0,9.698920386794853,1065.0500436735608,214.97177267052103,286870.272977363,12.566785382022367,-0.0111339938279012,116562.29675437076,0.8951696132477593,0.03861176297333668,2.27173,25.05154231918759,0.04941871084850545,462249486310.0137,26.859370595931285,26.844821061825773,0.496850789473684,-0.15544813683387032,-0.07723452950812172,0,0,2011-15
FRA,2016,70242.04,94.335924216755,50984.075297832,27.9331801598168,20.9212601092418,10.1652320223789,2012.0,14206.0,66724104.0,2.22468,4392.04699,63.3427564383351,0.969068825244904,28.0140552520752,3.17116594314575,0.64395534992218,67.260373,3273370.75,19230126.0,1.0282586812973,1.448397791,,,,3401866742516.3735,75680649047.41325,75680649047.41325,10.839268613884457,18.01607682491442,25.049788337861152,9.561419689557756,11.159702271167433,8.38755068213031,16218.0,9.693877015504503,1052.72361544188,212.90656821708689,293055.4001336469,12.588116949080458,-0.681343080213959,116847.44391862076,0.24433196770985433,0.03141964252915049,2.22401,25.04092358682691,0.03861176297333668,468592712410.92487,26.872999811065895,26.859370595931285,0.449130789473684,-0.16625508470903907,-0.07467027744938493,0,0,2016-19
FRA,2017,69138.49,94.8890564538999,51895.5662985838,26.0180218998669,21.4204336075644,10.0100515756887,1832.0,14415.0,66918020.0,2.20422,4546.76212,65.3958481559711,0.952686965465546,28.3189086914063,3.19070243835449,0.647948026657105,67.469032,3341575.25,19494636.0,1.03806221485138,1.440825106,,,,3472748543479.9565,76547017945.09389,76547017945.09389,10.856988637731869,18.018978846077932,25.061171002642638,9.576024610072503,11.143866873491682,8.422170636643868,16247.0,9.69566355532975,1033.1819441160992,215.41282901078065,304260.3184814024,12.625638924757524,0.9488949302649003,117998.02338477965,0.9798687497443836,0.048468902040813014,2.22468,25.049788337861152,0.03141964252915049,474850823494.38,26.886266535853895,26.872999811065895,0.4498007894736844,-0.17344720515322526,-0.07801668980992482,0,0,2016-19
FRA,2018,67117.57,95.9466835322152,52560.9536243841,25.9347849255776,21.8753900672966,9.88620521645328,1919.0,14303.0,67158348.0,2.20407,4670.53241,66.8022607812266,0.926388502120972,28.5732021331787,3.21035933494568,0.649032115936279,67.706406,3396574.5,19778842.0,1.03377199172974,1.444490844,,,,3529906814718.2485,77801617131.1605,77801617131.1605,10.86972879653241,18.022563791896093,25.077428053662302,9.5682245844549,11.11420113667165,8.449028350588687,16222.0,9.69412362463029,999.3928081733042,212.97426791975286,313665.2409360587,12.656081584520507,-0.4141479313466333,118872.728515645,0.7385539158633492,0.07646158359516436,2.20422,25.061171002642638,0.048468902040813014,481424817101.38354,26.900015912901367,26.886266535853895,0.42934078947368404,-0.15639794564156273,-0.06714801745381087,0,0,2016-19
FRA,2019,66167.74,97.1081402840986,53448.5548849943,26.9265976407414,22.4160955392444,9.91095000638926,1766.0,14103.0,67382061.0,2.19668,4773.97249,66.4289607281749,0.942259669303894,28.8874206542969,3.23013734817505,0.641715407371521,67.917133,3465438.25,20087500.0,1.03290498256683,1.44808328,,,,3601473785622.534,79112854354.01309,79112854354.01309,10.886474879324254,18.025889383186374,25.094141206153154,9.55414281969224,11.099948311972172,8.47093404441883,15869.0,9.672122799562842,981.9785714182891,209.2990299005547,321680.1055335019,12.681312869640928,-0.08390369898697639,119963.57485397467,0.9134741312481154,0.0594743849571724,2.20407,25.077428053662302,0.07646158359516436,488323948890.1891,26.9142448522551,26.900015912901367,0.4291907894736844,-0.1284052640872114,-0.05511035666616719,0,0,2016-19
FRA,2020,65600.63,100.0,49311.333409639,21.1920405248012,22.4362308511816,9.24566710385932,1542.0,12771.0,67601110.0,2.2742,4883.2219,58.8388907240647,0.918414056301117,28.8509006500244,3.25003695487976,0.638886392116547,68.104157,3207587.25,20318816.0,0.996694266796112,1.493562394,,,,3333500874071.681,75810476878.13817,75810476878.13817,10.805909220216158,18.02913496099673,25.05150233743328,9.454932254496262,11.091340578544603,8.493560506404116,14313.0,9.568923494184217,970.4075865026476,188.9170163034305,330111.220816309,12.707184909436569,-3.5686413091965976,111178.0629973951,-7.605506666814854,0.08510694832803842,2.19668,25.094141206153154,0.0594743849571724,490885833434.7989,26.91947741924159,26.9142448522551,0.4218007894736844,-0.14539246272520334,-0.061326655561014,0,0,2020-23
FRA,2021,67690.4,101.221816140734,52517.3354905855,22.305003085565,23.4832287343303,9.09582515832787,1373.0,13386.0,67842811.0,2.21278,5058.05374,63.788482630872,0.902548909187317,29.5810012817383,3.27051472663879,0.632983505725861,68.291492,3428344.5,20642360.0,1.0,1.454395572,,,,3562923665911.3843,78839662294.55392,78839662294.55392,10.868898593896429,18.03270398432062,25.09068203579398,9.501964663660587,11.122699646777555,8.528737051926335,14759.0,9.599608345181776,997.7534686762905,197.30904133674534,343152.58391066315,12.745930478282679,0.3311209211372585,115896.83754607974,4.1567376765289765,0.10253239723815152,2.2742,25.05150233743328,0.08510694832803842,496092620714.13293,26.930028481549222,26.91947741924159,0.4993207894736842,-0.11975989935433734,-0.059798607492896685,0,0,2020-23
FRA,2022,65197.8,104.276877010323,53673.8137406422,21.9264611257156,23.4857708214613,9.3013624882498,,,68184457.0,2.21937,5181.84576,75.9630077981996,0.910163402557373,30.2880458831787,3.29128694534302,0.643309414386749,68.48668,3516481.75,20959584.0,0.987862050533295,1.46815852,,,,3659719845024.8276,81222724324.52751,81222724324.52751,10.890680521722919,18.037727193613996,25.12046090117499,,11.08518100501417,8.552916596109418,,,956.1973926110463,,353321.3394033523,12.77513323175914,-1.221221594904287,116101.30820466614,0.17626926359000095,0.09413113234093157,2.21278,25.09068203579398,0.10253239723815152,502901451931.5405,26.94366006723796,26.930028481549222,0.43790078947368416,-0.10233445044422423,-0.0448123366398814,0,0,2020-23
FRA,2023,62180.46,109.480568133252,54296.7230897731,22.3835449721792,22.8344674932245,9.7687049703675,,,68372286.0,2.17832,5368.63555,70.6261450610225,0.887171685695648,30.592170715332,3.31235980987549,0.630978584289551,68.655641,3549412.75,21260192.0,0.981999218463898,1.437428863,,,,3712391079956.77,80867757372.9143,80867757372.9143,10.902219155846359,18.040478125048434,25.116081032408516,,11.037796081462512,8.588329067693929,,,909.4395351941282,,367065.8852543673,12.81329663477809,-0.5952550540555952,116023.56638985172,-0.06698275474086302,0.11971675768468158,2.21937,25.12046090117499,0.09413113234093157,508333991514.72375,26.95440453210204,26.94366006723796,0.44449078947368426,-0.11073571534144419,-0.049221005535051696,0,0,2020-23
GBR,2000,77969.06,64.4537768617233,43818.3463079443,,18.2268711999631,13.2927633990762,10697.0,22050.0,58892514.0,1.60963,2893.37563,52.3380212335903,1.14494931697845,27.4407138824463,3.50959134101868,0.598222374916077,59.057338,2481478.25,11021753.0,1.0126223564148,1.041821172,,42068.4908,25154.33054,2580572573397.458,41537670313.1775,41537670313.1775,10.687807874143063,17.891224543770143,24.449866570845682,10.001067880874992,11.26406736031203,7.970179137543029,32747.0,10.396566633814148,1323.9214070569308,374.4109140934279,170398.16479703382,12.045893123348897,,90430.52817905697,,-0.13536037137885257,,,,257459594367.8085,26.27412862966127,,,,,0,0,other
GBR,2001,74398.12,65.557354667458,44693.6612621755,,18.1067705481417,12.5032376045377,10658.0,21423.0,59119673.0,1.59544,3078.40932,52.6342367336438,1.20699012279511,27.6704654693604,3.52848124504089,0.609430253505707,59.28809,2545321.5,11300335.0,1.016117811203,1.041074554,,42686.23987,26327.80261,2642274638992.5825,42155906500.34326,42155906500.34326,10.707586964330895,17.895074303465783,24.464640642071416,9.97222039021722,11.217185951684717,8.032168288013581,32081.0,10.376019233564437,1258.4325356468057,362.36668629746987,181994.55235855238,12.111732033515093,0.344593980332363,91986.94191893675,1.7064719825777175,-0.1881297588135684,1.60963,24.449866570845682,-0.13536037137885257,260996561712.98047,26.287773070668848,26.27412862966127,-0.16524921052631592,-0.3402272190612283,0.05622227934943192,0,0,2001-05
GBR,2002,74893.72,66.9265866499357,45265.4565169944,,18.1258715971091,12.0650803669037,10907.0,20624.0,59370479.0,1.61383,3335.62719,51.2361820991323,1.19737839698792,27.901273727417,3.54747271537781,0.602538406848908,59.540763,2591026.75,11571851.0,1.02082276344299,1.043748525,,43966.46271,27871.36259,2687431835567.6294,43370581191.94108,43370581191.94108,10.720299471288804,17.899307674262147,24.49304719548649,9.934210725178968,11.223825320863275,8.112416003636616,31531.0,10.358726467862368,1261.4639676395402,347.3780294075107,198037.78403572403,12.19621311993449,0.46196346284472845,92864.10274001022,0.9490532298800147,-0.1801344977461625,1.59544,24.464640642071416,-0.1881297588135684,265217658647.97446,26.30381667919511,26.287773070668848,-0.17943921052631584,-0.39299660649594415,0.07051900080915342,0,0,2001-05
GBR,2003,76100.41,68.5226114764201,46505.2798806788,,17.8654766487499,11.5481005178606,11198.0,20426.0,59647577.0,1.58131,3631.25708,50.0681187039704,1.15878915786743,28.18239402771,3.56656646728516,0.596740961074829,59.820385,2672705.0,11844275.0,1.03604209423065,1.00410138,,44439.4125,28592.17377,2773927262589.3394,43864389196.05148,43864389196.05148,10.747321130950658,17.903964085398176,24.50436864779859,9.924563878138045,11.239808931483095,8.197334170340145,31624.0,10.361671604976522,1275.834054415991,342.4447568088139,216595.68628609515,12.285787697774047,1.479884153778555,94835.98154834168,2.101172583666866,-0.1473756305243013,1.61383,24.49304719548649,-0.1801344977461625,269299399046.82977,26.319089605223525,26.30381667919511,-0.1610492105263157,-0.38500134542853826,0.062004162732835454,0,0,2001-05
GBR,2004,79860.76,70.3936485890577,47317.027070979,,17.7987601938902,10.9147243364129,10776.0,19178.0,59987905.0,1.53089,3818.23524,50.2885521756133,1.14730954170227,28.5074005126953,3.5857629776001,0.605441391468048,60.169967,2738397.5,12123316.0,1.04172587394714,0.954524117,,44019.12516,29434.14612,2838449324816.3164,43453536868.680504,43453536868.680504,10.764625490061604,17.90965351653239,24.49495808623517,9.861519067713626,11.288039897226074,8.247543615797827,29954.0,10.30741815055234,1331.2810307344455,319.697779077299,229047.93284477218,12.341686574365943,0.5471057385614493,96059.17939731124,1.281556414768481,-0.13741967244685352,1.58131,24.50436864779859,-0.1473756305243013,272358026058.4858,26.330383309989333,26.319089605223525,-0.19356921052631582,-0.3522424782066771,0.06818329842029949,0,0,2001-05
GBR,2005,84953.36,72.4097193466476,48304.6753205932,,18.1300681489885,10.5616323261232,10155.0,17833.0,60401206.0,1.55004,4117.74512,52.5442740383211,1.1347599029541,28.8082962036133,3.60506272315979,0.601074039936066,60.596108,2813228.5,12419481.0,1.04797208309174,0.948484553,,45822.31826,30639.65144,2917660644802.2656,45224907058.69304,45224907058.69304,10.785283632483894,17.916519629593125,24.534913813138715,9.788805952452513,11.349857678995937,8.323060991548854,27988.0,10.239531125865787,1406.484499663798,295.242449298115,248716.7712486147,12.424070063177705,0.5978115378569577,97653.41483982482,1.6460173314499116,-0.12642108930829452,1.53089,24.49495808623517,-0.13741967244685352,276729229208.40594,26.346305353174422,26.330383309989333,-0.24398921052631573,-0.3422865201292293,0.08351421782013052,0,0,2001-05
GBR,2006,88295.14,74.6366990328632,49000.9535382241,,18.3547575232734,10.151074366746,8261.0,17484.0,60846820.0,1.57625,4176.43751,56.7047791729812,1.11381804943085,29.1150722503662,3.62446665763855,0.606558680534363,61.051094,2880202.75,12722053.0,1.05330979824066,0.967850184,,47575.59122,33307.14598,2981552199768.685,46996716548.8539,46996716548.8539,10.799595036867178,17.923870116377337,24.573343575553416,9.769041455983205,11.388440345439715,8.337213891795027,25745.0,10.155995712480241,1451.1052508578098,287.3445152926644,254122.94141221818,12.44557345020809,0.5080447965876325,98924.80173954484,1.2935356211182025,-0.1077937973131364,1.55004,24.534913813138715,-0.12642108930829452,282216561375.99896,26.365940561305067,26.346305353174422,-0.22483921052631572,-0.3312879369906703,0.07448651820987413,0,0,2006-10
GBR,2007,90882.75,76.1245155236341,50045.9163092519,20.8808205935258,18.8197810313528,9.71451845006441,7624.0,17375.0,61322463.0,1.6183,4122.71329,52.7493524964733,1.08752453327179,29.3505821228027,3.64397478103638,0.61191588640213,61.535855,2955804.5,13040559.0,1.05969798564911,1.007308228,,50251.74211,35251.33119,3068938851175.1963,49664637428.5682,49664637428.5682,10.820696189191802,17.93165677750175,24.628558996246163,9.762787670432992,11.417325493180261,8.324266791118433,24999.0,10.126591103050316,1482.0466359937304,283.3382605653005,252814.93318563324,12.44041301065591,0.6046553089155221,100706.84416523419,1.785378018571926,-0.08390404305662584,1.57625,24.573343575553416,-0.1077937973131364,289548714598.1673,26.39158939129966,26.365940561305067,-0.19862921052631588,-0.31266064499551216,0.0621035370781073,0,0,2006-10
GBR,2008,90802.2,78.6402065744694,49629.0498697349,20.6167865586516,18.4126120244636,9.62129349520071,6856.0,16523.0,61806995.0,1.60901,4077.28663,56.4365501052604,1.03300476074219,29.5937175750732,3.66358780860901,0.600943565368652,62.027306,2948451.0,13313922.0,1.04089832305908,0.992128513,,49898.15557,36542.01863,3067422437153.4556,49355133756.042816,49355133756.042816,10.812331624125312,17.93952710372494,24.62230762489349,9.71250862865099,11.416438793370755,8.313187004493237,23379.0,10.059593462511671,1469.1249752556323,267.33220082937214,252004.83435397685,12.437203550253903,-1.7899835838863856,99630.97716670384,-1.0740631340899753,-0.0324717987834063,1.6183,24.628558996246163,-0.08390404305662584,295471541164.485,26.41183836175872,26.39158939129966,-0.15657921052631574,-0.2887708907390016,0.045215518094893846,0,0,2006-10
GBR,2009,92979.48,80.2188698743616,46995.5449961945,20.4685287071557,16.988851517085,9.29245449386144,6480.0,15985.0,62276270.0,1.66991,4113.41572,54.6537301085991,0.964356064796448,29.1409282684326,3.68330645561218,0.609267592430115,62.506226,2812216.25,13481118.0,1.00172996520996,1.001920604,,49340.44266,36441.73938,2926707248980.1577,48873377021.44456,48873377021.44456,10.757808088884584,17.947091012320875,24.612498647978224,9.679406061493943,11.440134102628377,8.322009037764108,22465.0,10.01971382150426,1493.0162002316451,256.67882806725584,256168.18800096438,12.453589492120708,-3.835564194526099,96504.00371927687,-3.1888635161930523,0.03629469074683529,1.60901,24.62230762489349,-0.0324717987834063,300024187011.2568,26.42712893172358,26.41183836175872,-0.16586921052631576,-0.23733864646578207,0.03936717391666363,0,0,2006-10
GBR,2010,93217.93,81.2844743738279,47682.6525150443,23.3036586296348,16.5928041098154,9.44927062659089,6439.0,15490.0,62766365.0,1.63887,4089.20558,59.0511802227821,0.883833110332489,29.2130317687988,3.70313143730164,0.613581418991089,63.006483,2875021.75,13673292.0,1.01071655750275,0.99436887,,49631.95243,37529.03888,2992866771927.4385,49049195665.08721,49049195665.08721,10.772322931799323,17.954929898787338,24.616089624558033,9.647949933410914,11.442695364144893,8.316105995452014,21929.0,9.995565240737037,1485.1573768848968,246.78822805813272,256664.5699943167,12.45552533627508,0.8931071633651233,98415.72667821108,1.961611845006317,0.12348702338406238,1.66991,24.612498647978224,0.03629469074683529,304069754624.65546,26.440522968033786,26.42712893172358,-0.1049692105263158,-0.16857215693554045,0.01769488623024189,0,0,2006-10
GBR,2011,94938.06,83.2970439721691,47714.2894262827,23.3057218186911,16.1811317139187,9.32683411729129,6916.0,15343.0,63258810.0,1.64681,3973.02377,63.3240615708901,0.89582496881485,29.3527164459229,3.7108952999115,0.61012476682663,63.509285,2907749.75,13855407.0,1.01364231109619,1.042441518,,50302.51527,38778.58662,3018349169102.2266,49706475951.692375,49706475951.692375,10.772986200699865,17.962744964409705,24.62940106239946,9.638414622945206,11.460979957938243,8.287282738681172,22259.0,10.010501700190611,1500.7879534882177,242.54329159843508,251328.75579191366,12.434517145126604,0.2890550362337032,99062.37316593868,0.6549068473665542,0.11001023239483151,1.63887,24.616089624558033,0.12348702338406238,308165767382.6495,26.45390368092702,26.440522968033786,-0.13600921052631576,-0.08137982429831338,0.011068405655583891,0,0,2011-15
GBR,2012,97119.29,84.5862894985228,48099.6594401942,23.460196722755,16.2721553248286,9.37476041233473,7865.0,15370.0,63711000.0,1.57587,4017.98198,61.9688704472535,0.867291450500488,29.7002601623535,3.71867561340332,0.602919220924377,63.960484,2951627.75,14043483.0,1.00909698009491,0.993588924,,48859.71111,38490.16182,3064477402594.2124,48292180044.26141,48292180044.26141,10.781030375823345,17.969867790092547,24.600535480651576,9.640172836532642,11.483695295722946,8.298535060546506,23235.0,10.053415041519079,1524.3724003704226,241.24562477437178,255989.64992778,12.452892292674777,-0.4494240727608888,99380.53518269611,0.32065876480267264,0.14238019894380943,1.64681,24.62940106239946,0.11001023239483151,310233082319.5134,26.46058973035665,26.45390368092702,-0.1280692105263157,-0.09485661528754424,0.01214821183307424,0,0,2011-15
GBR,2013,98612.77,86.4108900194114,48600.5100807266,23.5876424891453,16.5945808776841,9.5981044921613,7966.0,14972.0,64138000.0,1.62096,4171.80763,61.7195395154583,0.840107262134552,30.077953338623,3.72647213935852,0.607200682163239,64.389388,3004754.75,14248650.0,1.0080748796463,1.031137931,,51138.22204,41532.08789,3117139515557.6426,50527584691.38316,50527584691.38316,10.79138930532171,17.976547569953286,24.645785255610136,9.61393706902432,11.498956045389203,8.336104705278093,22938.0,10.040550202924468,1537.5092768717452,233.43415759767998,267571.39777294005,12.497141717267105,-0.10133995585423511,99898.9098816642,0.5202502124546982,0.1742257022795133,1.57587,24.600535480651576,0.14238019894380943,314225704662.96954,26.473377369297467,26.46058973035665,-0.1990092105263157,-0.062486648738566325,0.012435418633897286,0,0,2011-15
GBR,2014,97947.22,87.7900213276968,49763.17387988,22.2044750130662,17.1780619988843,9.44084101572958,7844.0,15196.0,64619000.0,2.26488,4280.79983,58.8210228333296,0.829143106937408,30.7841739654541,3.7342848777771,0.59627765417099,64.865916,3100745.75,14497129.0,1.01404857635498,1.680954164,,73534.32683,60396.72431,3215646532943.966,72830535195.34128,72830535195.34128,10.81503050913861,17.984019043155772,25.011401143705342,9.628787514307517,11.492184041142453,8.36189514728489,23040.0,10.044987114809828,1515.7650226713506,235.16303254460763,276621.00421477,12.53040363247639,0.5908357443525204,100725.31923317633,0.8238426926819642,0.1873625127650065,1.62096,24.645785255610136,0.1742257022795133,339922384158.86536,26.551983146610652,26.473377369297467,-0.15391921052631585,-0.030641145402862446,0.00471626091003064,0,0,2011-15
GBR,2015,99583.05,88.3774875721393,50462.8329992477,22.3335907744673,17.9499547721596,9.38451755587091,7934.0,14867.0,65087000.0,2.27566,4389.5625,57.125044605439,0.830129086971283,31.3055820465088,3.74211430549622,0.595930576324463,65.38211,3169671.75,14790073.0,1.01628375053406,1.719539672,,75518.58827,62972.8145,3284474411422.035,74743470390.96667,74743470390.96667,10.828992364084138,17.991235394457203,25.037327692772536,9.60689927061335,11.508747248367415,8.386984842788646,22801.0,10.034559673629849,1529.9990781569284,228.41734908660715,285703.45443750004,12.562709679281575,0.22017824889647464,101249.41121653677,0.5189690398088587,0.186174063813056,2.26488,25.011401143705342,0.1873625127650065,363677496926.0022,26.61953331439938,26.551983146610652,0.490000789473684,-0.017504334917369246,-0.008577137928722703,0,0,2011-15
GBR,2016,100099.61,89.911184784863,51168.2925796814,23.5591126028431,18.568952315869,9.13168940843145,8183.0,13876.0,65606000.0,2.32051,4434.65942,59.8395315138259,0.847811579704285,31.7521629333496,3.74996018409729,0.595765888690949,65.893358,3230583.5,15111976.0,1.01578724384308,1.77657619,,78663.53674,67116.27833,3356947002982.578,77898290898.91103,77898290898.91103,10.842875333637998,17.999177713146427,25.078669849902216,9.53791600808964,11.513921069191825,8.39720609810831,22059.0,10.001475960864331,1525.7691369691797,211.5050452702497,290940.26590851997,12.580873253290465,-0.04886706244362701,101743.73023914183,0.4870312328401738,0.16509686162386825,2.27566,25.037327692772536,0.186174063813056,387024163286.0129,26.681752965458614,26.61953331439938,0.500780789473684,-0.018692783869319746,-0.009360987063538887,0,0,2016-19
GBR,2017,100863.84,91.2980898191242,52429.1275538988,22.6194649609659,18.9676629369709,9.04234267998333,8771.0,13301.0,65964000.0,2.32602,4472.69458,63.1899245764158,0.857352077960968,32.0961074829102,3.75782227516174,0.598658561706543,66.354471,3316404.25,15446485.0,1.02354860305786,1.780212109,,81193.80941,70754.89898,3458434969965.3804,80443889088.38875,80443889088.38875,10.86721758522021,18.004619696630797,25.1108257483747,9.495594499353297,11.521526767481822,8.405746320305722,22072.0,10.002065115897121,1529.0740403856648,201.64028864228973,295036.82527512003,12.594855458972246,0.7611690540884841,103327.30384099825,1.5444454030008714,0.15390661865814584,2.32051,25.078669849902216,0.16509686162386825,409414427881.4997,26.737993751080477,26.681752965458614,0.5456307894736843,-0.03976998605850751,-0.02169972889046087,0,0,2016-19
GBR,2018,101075.46,93.090057795961,52983.039541197,22.3331118559009,18.6901207841924,9.01545847936897,8076.0,12865.0,66287000.0,2.70889,,64.9097721959201,0.832993447780609,32.4683494567871,3.76570081710815,0.601609408855438,66.752475,3363006.0,15760226.0,1.02196455001831,1.887722139,,95847.48919,84778.41324,3512086742067.3257,95138566547.18758,95138566547.18758,10.877727132663901,18.00950435749883,25.278600261063733,9.462265724715845,11.52362264557455,,20941.0,9.949464238776152,1524.8157255570472,194.0802872358079,,,-0.15488077931159921,103577.97843946163,0.2423086722101786,0.18272950265582302,2.32602,25.1108257483747,0.15390661865814584,443140830246.4623,26.817153457705206,26.737993751080477,0.5511407894736844,-0.05096022902422992,-0.028086260856173842,0,0,2016-19
GBR,2019,102035.76,95.3813117700179,53374.0927628482,23.0942001089205,18.8313068890229,8.98151366135499,7189.0,12061.0,66628000.0,2.6707,,65.0035664177054,0.842049896717072,32.830810546875,3.7735960483551,0.60789304971695,67.110958,3417637.5,16078276.0,1.01816308498383,1.872380392,,95723.80523,89091.24552,3556209052603.05,94975675167.86966,94975675167.86966,10.885080752969104,18.014635467579136,25.276886644895804,9.397732385583243,11.533078619060007,,19250.0,9.86526633971593,1531.4246262832442,181.01999159512516,,,-0.3726697652546268,104098.48075850529,0.5012637550944277,0.17191600673660762,2.70889,25.278600261063733,0.18272950265582302,471645380877.36255,26.879493228455384,26.817153457705206,0.934010789473684,-0.022137345026552735,-0.02067651910510185,0,0,2016-19
GBR,2020,103341.82,100.0,47930.5490378931,23.0073604990707,18.2216480289167,9.08180842652208,8659.0,11990.0,66740000.0,2.93993,,59.1598893030611,0.84792160987854,32.5165557861328,3.78150773048401,0.601251065731049,67.351861,3065726.0,16290162.0,0.972712874412537,2.070625777,,94638.46148,94638.46148,3198884842788.9854,94044975158.60622,94044975158.60622,10.777508347082708,18.0163150312875,25.26703896392545,9.39182824802156,11.545797413453073,,20649.0,9.935422171066474,1548.424033563081,179.6523823793827,,,-4.566644010268892,94282.00268699514,-9.904706170652311,0.16496708864415022,2.6707,25.276886644895804,0.17191600673660762,494943548904.3644,26.9277095503943,26.879493228455384,0.8958207894736843,-0.03295084094576814,-0.029518048349859816,0,0,2020-23
GBR,2021,108095.52,100.711756533859,51840.4424245515,23.8654057182193,18.5366124585172,8.73281920838765,7263.0,11592.0,66978000.0,2.89968,,58.53838629291,0.833309829235077,32.6584777832031,3.80263948440552,0.60364842414856,67.668792,3328641.0,16572071.0,1.0,2.020492093,,100698.2752,99066.84426,3472169152711.6104,100681794487.34802,100681794487.34802,10.855925865413957,18.019874765224923,25.335230830727195,9.358070484000518,11.590770559660276,,18855.0,9.844533409692458,1613.895906118427,173.07175490459556,,,2.7666333445863955,101922.72346851348,7.792459334732094,0.1823497621096284,2.93993,25.26703896392545,0.16496708864415022,521383811056.05774,26.979752288972715,26.9277095503943,1.1650507894736841,-0.03989975903822554,-0.04648524576729443,0,0,2020-23
GBR,2022,101776.16,106.430816682767,53979.7679116234,27.1597708192348,19.0026614241506,7.9613351523025,,,67636000.0,2.75224,,69.1989264413981,0.851331949234009,33.2111167907715,3.82441544532776,0.600083351135254,68.179315,3489716.75,16889570.0,1.01048302650452,1.96986806,,103243.8158,113401.0662,3650975582470.56,100483610370.98773,100483610370.98773,10.896364587037436,18.02965094364046,25.333260470260715,,11.530531170997211,,,,1504.7631438878705,,,,1.0428460594804723,105076.76607158543,3.0476275377120388,0.16095315686095257,2.89968,25.335230830727195,0.1823497621096284,543659849768.6368,27.021589612075093,26.979752288972715,1.1248007894736842,-0.02251708557274737,-0.025327235628872746,0,0,2020-23
GBR,2023,97535.98,113.183760675263,53423.4226338292,28.8917146113567,18.897529362349,8.22392851588786,,,68526000.0,2.67614,,64.9923841747803,0.834241688251495,33.6068077087402,3.84644913673401,0.595121324062347,68.682962,3501581.0,17199100.0,0.998529374599457,1.932851385,,102457.6274,114690.609,3660893459405.78,97970634224.54184,97970634224.54184,10.886004554881648,18.042723793260798,25.30793361994274,,11.487976614553748,,,,1423.3426728540992,,,,-1.1900168426245816,104192.60973393006,-0.8449985528384829,0.1812321245390394,2.75224,25.333260470260715,0.16095315686095257,560081506527.883,27.051348157455834,27.021589612075093,0.9773607894736842,-0.043913690821423185,-0.042919519529929444,0,0,2020-23
GRC,2000,5285.59,78.1586691144233,31386.639783624,,25.9373547837658,9.92055216681413,34.0,306.0,10805808.0,,,59.1126577488086,0.724346101284027,4.343674659729,2.72921085357666,0.530056357383728,10.782635,305328.375,2246170.0,1.15457022190094,0.146590984,,,,339158003267.0025,,,10.354137596754127,16.19559432532158,,5.723585101952381,8.572739528781089,,340.0,5.8289456176102075,489.14343101413607,28.318104486031956,,,,70292.64365279357,,0.32248596037380306,,,,,,,,,,0,0,other
GRC,2001,5720.28,80.8713118956389,32675.9292327768,,25.5981996968449,10.4041018423355,49.0,385.0,10862132.0,0.57753,1329.34234,56.8576339551067,0.788140296936035,4.35557651519775,2.74976444244385,0.528904557228088,10.843164,319527.375,2302393.25,1.18233180046082,0.188620732,,,,354930256549.0803,2049828710.6479034,2049828710.6479034,10.394393976734627,16.200793169961198,21.44102207082424,5.953243334287785,8.651773034224732,7.192439617716644,434.0,6.073044534100405,526.6258962789257,35.44423875533827,14439.49197026888,9.577722229713569,2.3760418165427066,73360.52389048501,4.271881815354028,0.2380791631748189,,,0.32248596037380306,10494322163.49021,23.074100201519595,,,0.1176191126914273,,0,0,2001-05
GRC,2002,6351.52,83.2599725939731,34081.0289759343,,23.875854552048,10.2779206573641,36.0,376.0,10902022.0,,,50.0533371904633,0.832308530807495,4.46552419662476,2.77047252655029,0.555566012859345,10.890285,334491.3125,2351553.25,1.20086586475372,0.180677105,,,,371552127678.2732,,,10.436496173443272,16.20445883458268,,5.929589143389895,8.75644943332103,,412.0,6.021023349349527,582.6001818745183,34.489014973552614,,,1.5554259918789364,74905.27377565735,2.083832964738619,0.18355207660401973,0.57753,21.44102207082424,0.2380791631748189,,,23.074100201519595,-1.197349210526316,0.033212315492443134,-0.039766739734627715,0,0,2001-05
GRC,2003,6746.49,86.2228522352232,35970.7016808475,,24.8780068243839,9.99578112097906,27.0,393.0,10928070.0,0.56163,1433.39172,47.8943121550822,0.7842777967453,4.51693487167358,2.79133677482605,0.554228723049164,10.918471,353881.1875,2410655.0,1.23685276508331,0.18006731,,,,393090345917.4192,2207713309.776001,2207713309.776001,10.490460043890215,16.206845266335883,21.515223115344156,5.973809611869261,8.816777648619688,7.267798747067622,420.0,6.040254711277414,617.3542080166031,35.96243435483118,15664.205053580401,9.65913345543923,2.952720996404454,78345.42616924708,4.490329125549408,0.24299198880940318,,,0.18355207660401973,10494322163.49021,23.074100201519595,,,-0.021314771078356026,,0,0,2001-05
GRC,2004,7898.46,88.7826454999877,37811.4913664483,,25.0449225325719,9.6510376633359,28.0,379.0,10955141.0,0.54073,,49.825317672568,0.766840159893036,4.63409280776978,2.81235814094543,0.542681276798248,10.947365,372912.4375,2475508.0,1.26600933074951,0.168004904,,,,414230219339.7238,2239867065.035689,2239867065.035689,10.540368339811097,16.20931940176411,21.52968235508611,5.937536205082426,8.974423082743622,,407.0,6.008813185442595,720.9820485195033,34.59562957701777,,,2.329963343057215,80471.50822589356,2.677559650275718,0.2654768958213174,0.56163,21.515223115344156,0.24299198880940318,11160040904.002367,23.135605459126047,23.074100201519595,-1.2132492105263157,0.03812514112702742,-0.046255297373570384,0,0,2001-05
GRC,2005,9097.85,90.4698867776271,38146.962971083,,21.3568870584015,9.5336846876422,20.0,462.0,10987314.0,0.59224,1787.19397,50.3555334391407,0.730978786945343,4.6803879737854,2.83353781700134,0.552316427230835,10.981334,377325.84375,2521244.5,1.23967754840851,0.183472549,,,,419132660309.6618,2482271267.417941,2482271267.417941,10.549201425970567,16.21225189250464,21.63243981163982,6.135564891081739,9.115793400854004,7.488402054316406,482.0,6.1779441140506,828.03221970356,42.0484933806388,19636.46132729658,9.88514338885677,-2.1018389760876444,80618.49698430592,0.18249276112971557,0.3133708388800414,0.54073,21.52968235508611,0.2654768958213174,11968306035.819954,23.20552782902639,23.135605459126047,-1.2341492105263159,0.060610048138941636,-0.07480184306063682,0,0,2001-05
GRC,2006,10579.37,93.5137786948896,40483.1569225337,,24.0565849914051,9.12922804657747,30.0,532.0,11020362.0,0.57051,1809.7524,51.1047465834807,0.727040946483612,4.77255868911743,2.85487699508667,0.546665132045746,11.016103,401638.46875,2586612.75,1.28466212749481,0.17139614,,,,446139044189.1273,2545267861.00339,2545267861.00339,10.608641288137244,16.215255210514304,21.657501731313616,6.2766434893416445,9.266661157325538,7.500945319322392,562.0,6.331501849893691,959.9838916362276,48.27427628965364,19944.126578368803,9.900689971872424,3.5644443777576167,84155.79459836321,4.294166431104607,0.3187724804987548,0.59224,21.63243981163982,0.3133708388800414,12718327991.45035,23.26630993900542,23.20552782902639,-1.182639210526316,0.10850399119766566,-0.12832107448896166,0,0,2006-10
GRC,2007,11031.89,96.6624846846638,41796.2336918303,9.11446817127941,25.5308773380251,9.02303050102322,20.0,575.0,11048473.0,0.58513,1904.75068,54.5256818189044,0.70700216293335,4.83740663528442,2.87637662887573,0.545571684837341,11.045737,415723.40625,2663892.75,1.29264092445374,0.167273801,,,,461784559445.8774,2702039992.6856623,2702039992.6856623,10.640561511387062,16.217802786333664,21.717272877516873,6.354370040797351,9.308545448429953,7.552106402355286,595.0,6.38856140554563,998.499068604322,52.04339097357617,21044.58645971164,9.954398630724675,0.6191605944413536,85939.31368466755,2.097161371751355,0.3467215537785749,0.57051,21.657501731313616,0.3187724804987548,13512618785.41846,23.326889810653373,23.26630993900542,-1.2043692105263157,0.11390563281637903,-0.13718443706956282,0,0,2006-10
GRC,2008,11696.43,100.589773995993,41709.3877420312,10.8506674946219,23.2806962442851,8.8877488354754,30.0,628.0,11077841.0,0.67086,,57.1052836264926,0.708741784095764,4.89897918701172,2.89803862571716,0.543301582336426,11.076872,415962.34375,2724519.5,1.26510882377625,0.209771987,,,,462049965613.5706,3099708399.3152,3099708399.3152,10.638481508158085,16.220457364700927,21.854573879276114,6.4425401664681985,9.367038946019637,,658.0,6.489204931325317,1055.8402129079125,56.68974667536752,,,-2.1529208736221856,84907.96304111854,-1.207351023189851,0.3442640161121063,0.58513,21.717272877516873,0.3467215537785749,14585434366.92089,23.40328922157929,23.326889810653373,-1.1897492105263159,0.14185470609619913,-0.16877152458739547,0,0,2006-10
GRC,2009,11887.11,102.972176710734,39886.2135496664,12.2271784242893,20.438446980754,8.17174627895914,22.0,698.0,11107017.0,0.63414,,46.3779593986083,0.70488452911377,4.86854267120361,2.9198637008667,0.554613411426544,11.108069,398827.6875,2762789.75,1.21101295948029,0.229525441,,,,443016851961.775,2809347065.0304003,2809347065.0304003,10.593786018099395,16.223087628714396,21.756217932092873,6.548219102762372,9.383209898744488,,720.0,6.579251212010101,1070.2342492138077,62.843155817624115,,,-4.3700979196198,81919.31640221222,-3.5833065543782183,0.3497212780757745,0.67086,21.854573879276114,0.3442640161121063,15206966276.913158,23.445019467499403,23.40328922157929,-1.1040192105263158,0.13939716842973052,-0.15389715183939495,0,0,2006-10
GRC,2010,11790.75,104.188196411618,37566.7483686263,11.5956558548605,16.8200572069043,8.02411215210249,16.0,728.0,11121341.0,0.60491,,50.9225181997227,0.672491431236267,4.73906230926514,2.94185280799866,0.554088532924652,11.12467,376119.5,2772012.75,1.17185258865356,0.238556653,,,,417792618868.68677,2527269330.7985725,2527269330.7985725,10.533874586209912,16.224376433041076,21.650405240915106,6.590301048196686,9.375070604739733,,744.0,6.612041034833092,1060.1913923869433,65.4597318794559,,,-3.2871260338990265,79365.80602974235,-3.166719559927955,0.39676590924342703,0.63414,21.756217932092873,0.3497212780757745,15453190666.174757,23.46108133457877,23.445019467499403,-1.1407392105263159,0.14485443039339876,-0.1652411285682049,0,0,2006-10
GRC,2011,11757.51,105.205758561532,33906.4917435676,11.2505862199212,13.8655955400985,8.14872583676611,19.0,722.0,11104899.0,0.6837,2217.3345,56.2929957941907,0.610486090183258,4.53661966323853,2.96274542808533,0.547340393066406,11.108844,338970.96875,2756941.0,1.07777988910675,0.238782419,,,,376528166256.65216,2574323072.6967306,2574323072.6967306,10.431361771895759,16.222896920267054,21.668852452112333,6.582025138892826,9.372247464339786,7.704061077802117,741.0,6.608000625296087,1058.7678465153083,65.01634999111654,24623.2756717155,10.111447440104897,-8.368263850857897,74718.84220243864,-6.033532230638272,0.4934997699935516,0.60491,21.650405240915106,0.39676590924342703,15709535138.945274,23.47753369863899,23.46108133457877,-1.169969210526316,0.19189906156105127,-0.22451599355532406,0,0,2011-15
GRC,2012,11665.85,104.853771733192,31250.2268565956,10.1435850577284,12.2795312839599,8.13642389483796,28.0,628.0,11045011.0,0.71953,2236.28739,62.3942117351318,0.558152496814728,4.35582399368286,2.98378658294678,0.548924326896668,11.048298,310730.875,2731229.0,1.00428438186646,0.246692879,,,,345159099383.5938,2483523267.7947726,2483523267.7947726,10.349781914549258,16.217489390761617,21.63294406142079,6.4425401664681985,9.364421049353327,7.712572354638434,656.0,6.486160788944089,1056.209903276692,56.85825029961491,24699.81882171129,10.114551187435778,-7.062803710309934,71336.87574397978,-4.631891356810058,0.5831230621555562,0.6837,21.668852452112333,0.4934997699935516,15836628135.898256,23.485591330464167,23.47753369863899,-1.0911792105263158,0.2886329223111759,-0.3149502442994123,0,0,2011-15
GRC,2013,11564.91,102.798300595601,30762.4432227813,8.47893188139786,11.5362301011246,7.78048722385766,19.0,698.0,10965211.0,0.82288,2655.47213,62.9547272215374,0.510920941829681,4.33011913299561,3.00497674942017,0.53199976682663,10.96754,303670.6875,2703674.0,0.987707793712616,0.274369383,,,,337316680813.31696,2775711503.0766225,2775711503.0766225,10.334049849034262,16.210238182695036,21.744172948785675,6.548219102762372,9.355730792534091,7.884377744608734,717.0,6.57507584059962,1054.6910588405458,63.65586581051655,29117.81221006943,10.279105369339497,-1.6643610363237245,70129.86898813526,-1.7064590664672252,0.6715404134097436,0.71953,21.63294406142079,0.5831230621555562,16236845418.59014,23.51054890518767,23.485591330464167,-1.0553492105263158,0.3782562144731805,-0.3991923973209438,0,0,2011-15
GRC,2014,11308.55,100.821001437819,31213.3765120298,11.5060312558605,11.233781428641,7.79323131183445,19.0,651.0,10892413.0,0.84553,2733.92303,66.4335364513677,0.514782428741455,4.48359823226929,3.02631759643555,0.554626166820526,10.893166,306076.46875,2677781.25,0.991755306720734,0.286456932,,,,339988988093.5281,2874708891.0272083,2874708891.0272083,10.348602016277187,16.203577049794717,21.779217250774177,6.478509642208569,9.333314355762981,7.913492863998056,670.0,6.507277712385012,1038.2042987169143,59.766371326537104,29779.018752971388,10.301559355828498,0.4089511593471729,68265.81082736423,-2.6939726708262057,0.6640109360465383,0.82288,21.744172948785675,0.6715404134097436,16676027496.828827,23.537238045849957,23.51054890518767,-0.9519992105263159,0.46667356572736785,-0.44427286614595496,0,0,2011-15
GRC,2015,11079.51,100.64481297452,31347.976574604,12.9218253082768,11.1610941969144,8.2939794133625,23.0,550.0,10820883.0,0.9716,3196.52298,65.2716454619318,0.543733417987824,4.35124206542969,3.04781031608582,0.55182695388794,10.820903,305377.65625,2653729.75,1.01057291030884,0.320244515,,,,339212786800.53064,3295791436.553956,3295791436.553956,10.35290500090324,16.196988436185933,21.915912169246962,6.309918278226516,9.312852735496659,8.069818929294032,573.0,6.35088571671474,1023.9007297278789,50.82764502675059,34589.201173391346,10.451296807515693,1.87962767007303,70181.72091049676,2.7678823524988516,0.6092961926988216,0.84553,21.779217250774177,0.6640109360465383,17470414808.85846,23.583774704877946,23.537238045849957,-0.9293492105263158,0.45914408836416254,-0.42670519603905943,0,0,2011-15
GRC,2016,10988.04,100.151692497107,31468.6198471099,13.7270081175833,11.3684708155605,8.1077472947053,40.0,606.0,10775971.0,1.00556,2726.60076,63.6575490882866,0.549231290817261,4.49895906448364,3.06945538520813,0.569194912910461,10.775504,305280.59375,2632788.75,0.990099906921387,0.424424021,,,,339104934882.4807,3409903583.2042727,3409903583.2042727,10.356746132951523,16.192829305903164,21.949949853121943,6.406879986069314,9.304562687543449,7.910810969487412,646.0,6.470799503782602,1019.6798042607948,56.236231519182816,29381.770718337957,10.288129717426301,-2.0466832827067813,67855.82828703467,-3.3702609055557886,0.5992356314432128,0.9716,21.915912169246962,0.6092961926988216,18259756170.733963,23.62796535883317,23.583774704877946,-0.8032792105263158,0.4044293450164459,-0.3248696849784857,0,0,2016-19
GRC,2017,10931.52,100.355614895143,31995.4108838386,12.1148895809545,12.0492834143889,8.01771265830777,91.0,498.0,10754679.0,1.1492,3250.61522,70.8824967397253,0.555604696273804,4.47564458847046,3.09125423431397,0.574471414089203,10.753533,309777.75,2617706.25,1.00458669662476,0.560406274,,,,344100373528.7904,3954401492.5928593,3954401492.5928593,10.373347761617639,16.190851473655563,22.09809509740811,6.210600077024653,9.29940563829035,8.08659955587063,589.0,6.3784261836515865,1016.4431685966639,46.30542668916478,34959.32324361438,10.461940471561919,1.4525634649178438,69214.10846562903,1.9819439224567859,0.5876982155210335,1.00556,21.949949853121943,0.5992356314432128,19475194237.71673,23.692407402348824,23.62796535883317,-0.7693192105263158,0.39436878376083706,-0.30339548137911054,0,0,2016-19
GRC,2018,11031.66,100.119979458447,32722.3310444029,12.9551889486437,11.3310526081969,8.18182062799694,149.0,430.0,10732882.0,1.2066,3416.08087,79.2379908638706,0.533345818519592,4.68029689788818,3.11320781707764,0.568458914756775,10.730844,316173.625,2600724.0,0.993777930736542,0.581068121,,,,351204917864.5131,4237638538.9532146,4237638538.9532146,10.395813030367432,16.188822671272973,22.16727200267684,6.063785208687608,9.308524599563837,8.136249228515826,579.0,6.361302477572996,1027.8376301910334,40.063796471441684,36664.39288016734,10.509561341824526,-1.08177167932221,67554.18126201829,-2.427476014201524,0.6285852499721426,1.1492,22.09809509740811,0.5876982155210335,20791553641.012436,23.757812666231597,23.692407402348824,-0.6256792105263158,0.3828313678386578,-0.23952962799400102,0,0,2016-19
GRC,2019,11389.86,100.36528920845,33502.7506488997,12.5222555558252,10.97046317576,7.83958999296986,238.0,356.0,10721582.0,1.26236,3644.60084,80.5900949510457,0.567913830280304,4.78214931488037,3.13531756401062,0.585107862949371,10.718576,323373.5,2583970.0,1.0148458480835,0.58207848,,,,359202488307.7314,4534428531.401478,4534428531.401478,10.419382823364783,16.187769277345733,22.23496489965182,5.87493073085203,9.34047876488193,8.201002129529895,594.0,6.386879319362645,1062.3301673204571,33.20405514783173,39075.88676332888,10.573260848911353,2.0978234157417566,67620.95424201313,0.09879477490741806,0.565785579022681,1.2066,22.16727200267684,0.6285852499721426,22207249126.262047,23.82368460974198,23.757812666231597,-0.5682792105263159,0.42371840228976687,-0.24079035913870064,0,0,2016-19
GRC,2020,12102.88,100.0,30487.1129331045,13.2518669714424,12.2998658740322,8.42728042228222,363.0,400.0,10698599.0,1.48872,4008.18457,70.2937464580745,0.547064423561096,4.66084051132202,3.15758395195007,0.579330563545227,10.699369,293635.3125,2568725.75,0.988930940628052,0.686333597,,,,326169395938.9989,4855749031.223064,4855749031.223064,10.32505934652245,16.185623356280015,22.30342920716521,5.991464547107982,9.401198719792317,8.296093692103614,763.0,6.637258031284457,1131.2584012168322,37.38807296170275,42881.959432417425,10.666206490419356,-2.586750442203666,63000.50640795518,-7.077514443044564,0.6031887073323425,1.26236,22.23496489965182,0.565785579022681,23731910788.545803,23.890086426214967,23.82368460974198,-0.5125192105263159,0.3609187313403053,-0.18497778325069275,0,0,2020-23
GRC,2021,13776.67,101.39275644674,33528.2271202515,12.2848681524393,13.7915466530779,8.66558957724326,532.0,394.0,10570130.0,1.43353,4244.36826,88.0126654490379,0.555572807788849,4.86982727050781,3.18556451797485,0.578941166400909,10.579561,319047.96875,2566738.25,1.0,0.674629718,,,,354397719330.5839,5080397625.91972,5080397625.91972,10.420142963629074,16.173542656730106,22.348655368292487,5.976350909297934,9.530731860792635,8.353348267882698,926.0,6.8308742346461795,1303.3586152677403,37.27484903213111,44863.524276073804,10.711380366648532,1.113077727164033,65515.25362761597,3.9140230759105776,0.587755611364357,1.48872,22.30342920716521,0.6031887073323425,25252521796.18365,23.952191860796976,23.890086426214967,-0.28615921052631577,0.3983218596499668,-0.11398346889280846,0,0,2020-23
GRC,2022,13922.21,107.765709367877,35828.1756641776,14.4708651762207,15.7213358540523,9.72102945141494,,,10437805.0,1.47714,4926.78077,108.121843229922,0.570555806159973,4.93765163421631,3.21412491798401,0.538706183433533,10.41248,337372.9375,2575210.25,1.02865409851074,0.727258458,,,,373967511088.4313,5524023693.291654,5524023693.291654,10.486489892568931,16.160944869271194,22.432372361639157,,9.541240685654499,8.502441065917713,,,1333.8254546813241,,51424.77695500986,10.847875377224632,2.825124728902374,68326.59784301426,4.20161221212858,0.5611442947270198,1.43353,22.348655368292487,0.587755611364357,26988667220.047756,24.018682882247536,23.952191860796976,-0.34134921052631584,0.3828887636819812,-0.1306987772022414,0,0,2020-23
GRC,2023,13551.59,114.52230794631,36700.5134631055,15.1515337740903,15.8842464967092,8.94790333070901,,,10407351.0,1.4943,5283.3671,92.4710882947018,0.576190233230591,4.93057203292847,3.24328017234802,0.540112018585205,10.242908,345240.9375,2586717.5,1.03926718235016,0.737892107,,,,381955125490.76447,5707555440.208493,5707555440.208493,10.510546024765103,16.15802294135018,22.4650566498924,,9.514259162597106,8.572318881784087,,,1302.1171285565365,,54985.85587155211,10.914831265169989,1.0264585138583997,70020.46318243264,2.448841304540572,0.5513174067867329,1.47714,22.432372361639157,0.5611442947270198,28647922577.249084,24.078346767085453,24.018682882247536,-0.2977392105263159,0.35627744704464404,-0.10607776581140364,0,0,2020-23
HUN,2000,4411.53,42.2719532109579,22117.9204303193,,25.4713634057908,19.0826422002339,4127.0,810.0,10210971.0,0.78999,1411.99814,137.26231309347,0.728635489940643,4.07841014862061,2.96212720870972,0.608486592769623,10.1906,200141.21875,1286887.25,0.838518142700195,,0.789994761,,,225845444094.29788,1784156423.8005438,1784156423.8005438,10.00414343812089,16.138973288459212,21.302211548762976,6.697034247666484,8.391976847047061,7.252761100771867,4937.0,8.504513138258863,432.03824592195974,79.3264421179925,14417.87205959394,9.576223831266805,,49073.34266458985,,0.31658168582090784,,,,8226905149.106892,22.83067573584672,,,,,0,0,other
HUN,2001,4347.95,46.9335318496209,23069.2114730987,,24.8292566680683,19.1558164975426,4529.0,919.0,10187576.0,0.91225,1440.86103,130.903714236387,0.74873286485672,4.08731365203857,2.99198865890503,0.607607960700989,10.16669,208271.0,1319655.875,0.862752914428711,,0.912247916,,,235019345142.26498,2143963976.0603125,2143963976.0603125,10.046254170830677,16.13667949662613,21.485922277803134,6.823286122355687,8.377459748634962,7.272996151376647,5448.0,8.60300384782935,426.78945413511514,90.20791599493344,14678.88124856328,9.594165090038501,2.8492121921578377,50955.472892598715,3.763620271858592,0.28937301481371586,0.78999,21.302211548762976,0.31658168582090784,9136833352.80117,22.935579702075014,22.83067573584672,-0.9848892105263158,0.11171483813853209,-0.11002673873833403,0,0,2001-05
HUN,2002,4606.1,50.710024539645,24229.2953575981,,24.7043468872676,18.5495376602771,5064.0,842.0,10158608.0,0.98314,1473.69545,118.269335242555,0.792221486568451,4.08261203765869,3.02215147018433,0.587432444095612,10.138466,218122.34375,1355739.125,0.889927506446838,,0.983146401,,,246135913654.05893,2419860621.498515,2419860621.498515,10.095317731984402,16.133831982854158,21.606975781034283,6.7357800142423265,8.435136790956939,7.295528436747531,5906.0,8.683724062303869,453.4184211065139,82.88537169659466,14970.694387933598,9.613849861637414,3.101166593711792,53427.15441438064,4.7366955521289,0.23291427150566904,0.91225,21.485922277803134,0.28937301481371586,10186168971.379509,23.04429665386141,22.935579702075014,-0.8626292105263158,0.0845061671313401,-0.07289748823711281,0,0,2001-05
HUN,2003,4625.02,53.4538524945474,25255.8711300567,,23.6514153458044,18.5991129842686,4054.0,756.0,10129552.0,0.91985,1499.67591,116.787088540862,0.755161941051483,4.16228151321411,3.05261826515198,0.607425928115845,10.108963,226713.71875,1389814.375,0.904477596282959,,0.919853494,,,255830659917.20813,2353258325.248439,2353258325.248439,10.136813927677165,16.13096765017287,21.579066726151602,6.628041376179533,8.4392359742615,7.313004303745977,4810.0,8.478452363099807,456.5868263473054,74.63311309325427,15191.04511349232,9.628461395954574,1.6217529377364024,54468.61727882789,1.9305579717764587,0.2808230612741986,0.98314,21.606975781034283,0.23291427150566904,11011501950.92102,23.122206195354437,23.04429665386141,-0.7917392105263158,0.028047423823293283,-0.022206245195151204,0,0,2001-05
HUN,2004,4836.51,56.2028523518734,26568.118861864,,24.0648512912948,18.9741244093157,1909.0,748.0,10107146.0,0.86077,1476.26637,123.615686104174,0.729567050933838,4.12326002120972,3.08339214324951,0.60379296541214,10.085791,237965.796875,1428379.375,0.934987783432007,,0.860771832,,,268527856282.2133,2311407228.5204077,2311407228.5204077,10.187467236919806,16.12875325638632,21.561122365834983,6.617402977974478,8.48394866523134,7.297271456357796,2657.0,7.884952945759814,478.5238087982503,74.00704412501808,14920.83973648002,9.610514154779844,3.317592799968748,57713.022135621555,5.785812890714048,0.315304001694304,0.91985,21.579066726151602,0.2808230612741986,11671183886.803276,23.180388725126317,23.122206195354437,-0.8550292105263159,0.07595621359182284,-0.0649447813419845,0,0,2001-05
HUN,2005,5548.39,57.6768866387418,27765.7886146197,,23.8577292678604,19.0344202655372,497.0,705.0,10087065.0,0.92043,1575.84829,128.004810647538,0.748511552810669,4.09404420852661,3.11447620391846,0.608136773109436,10.065706,248199.0,1467699.375,0.968019306659699,,0.920432622,,,280075314531.9289,2577897217.546233,2577897217.546233,10.231559916464121,16.12676446795395,21.670239871601986,6.558197802812269,8.621263074566121,7.3625490030939185,1202.0,7.091742115095153,550.0499897641187,69.89148974453916,15895.684131368851,9.673802913083597,3.4718568618856374,60624.40642020409,4.921472322633136,0.2896686406247743,0.86077,21.561122365834983,0.315304001694304,12498403521.329018,23.24886675480431,23.180388725126317,-0.9141092105263158,0.11043715401192825,-0.10095161966661688,0,0,2001-05
HUN,2006,5578.29,59.794953306412,28903.0475407078,,23.5148918369988,19.7082355529978,206.0,718.0,10071370.0,0.97835,1745.00319,149.231531568461,0.729805886745453,4.13058614730835,3.14587378501892,0.588750898838043,10.049943,257963.0,1505122.375,0.987797617912293,,0.978347582,,,291093285910.05835,2847911162.701056,2847911162.701056,10.271702319776496,16.125207303107437,21.769851637137812,6.576469569048224,8.626637556796563,7.464511662715085,924.0,6.828712071641684,553.8759870802086,71.29119474311837,17574.5727776703,9.774208407858248,2.0225804621447394,62451.91137536224,2.9699284391433878,0.31497668876752455,0.92043,21.670239871601986,0.2896686406247743,13471554155.83072,23.323846199765054,23.24886675480431,-0.8544492105263158,0.08480179294239856,-0.07245882503084855,0,0,2006-10
HUN,2007,5833.47,63.0477068664895,29044.0669021254,26.0916621380543,23.7033612332997,19.062447799785,102.0,689.0,10055780.0,0.95488,1731.42684,155.60143236807,0.717253804206848,4.10587978363037,3.17758798599243,0.593278467655182,10.034082,258820.359375,1543456.5,0.982585310935974,,0.954878882,,,292060747073.05457,2788829661.651183,2788829661.651183,10.276569503972398,16.123658151526826,21.748887868664283,6.535241271013659,8.67136729954048,7.456701110567492,791.0,6.673297967767654,580.1111400607411,68.5178076688233,17410.8473891352,9.764848704130046,-0.5290666152456858,63036.51665761975,0.9317345363069052,0.3323255202562369,0.97835,21.769851637137812,0.31497668876752455,14239650694.107296,23.379296212721183,23.323846199765054,-0.7965292105263158,0.11010984108514879,-0.08770570479073166,0,0,2006-10
HUN,2008,6390.33,66.073985204598,29384.0070385818,24.9681371276167,23.3584432583345,18.2736513156796,89.0,683.0,10038188.0,0.97817,1845.99803,158.453224115619,0.704306185245514,4.02439832687378,3.20962166786194,0.59200930595398,10.016657,261391.5625,1579301.75,0.9845290184021,,0.978174095,,,294962186846.60736,2885231623.077459,2885231623.077459,10.28820582703738,16.121907177852076,21.78287101897926,6.52649485957079,8.762541189230605,7.5207753478899635,772.0,6.648984550024776,636.601944494365,68.04016820565624,18530.47527276964,9.827171967777767,0.19762024705048986,64951.712347781766,2.992991890390506,0.3505420951516095,0.95488,21.748887868664283,0.3323255202562369,14988934713.06866,23.430578080029147,23.379296212721183,-0.8199992105263159,0.12745867257386115,-0.10451601088529833,0,0,2006-10
HUN,2009,5936.75,68.8581274626942,27445.959458479,26.7279190713587,22.6849719281542,17.1623330990864,30.0,757.0,10022650.0,1.13027,2004.50214,145.30587733019,0.69087541103363,3.9499044418335,3.24197840690613,0.587819933891296,10.001378,243773.34375,1604015.375,0.92667943239212,,1.130274144,,,275081245566.52454,3109160794.264757,3109160794.264757,10.2199742396908,16.12035808971257,21.857618685651477,6.6293632534374485,8.688917124574912,7.6031509996798965,787.0,6.668228248417403,592.333364928437,75.52892698038941,20090.423373471003,9.907998531428195,-6.055567902915415,61716.263605821114,-5.109661901754947,0.369795773882435,0.97817,21.78287101897926,0.3505420951516095,15849755300.37312,23.48641989868826,23.430578080029147,-0.7967092105263158,0.14567524746923374,-0.1160608114044389,0,0,2006-10
HUN,2010,5777.46,70.6010701221195,27801.833816111,25.9226978578988,20.1115497896952,18.1353669170801,47.0,649.0,10000023.0,1.13102,2135.63344,157.838960085896,0.678663730621338,3.91819834709168,3.27466106414795,0.578542709350586,9.979129,246376.71875,1618891.25,0.929237186908722,,1.131016951,,,278018977603.2878,3144450240.488705,3144450240.488705,10.23285726211147,16.118097950955676,21.868904907522644,6.47543271670409,8.661719418714789,7.66651857486643,696.0,6.54534966033442,577.7446711872562,64.89985073034332,21356.38351956912,9.96910596785783,0.2756326560520536,62880.103793845825,1.8682310941445124,0.38762951618564817,1.13027,21.857618685651477,0.369795773882435,16616742245.805857,23.533676593069337,23.48641989868826,-0.6446092105263157,0.16492892620005925,-0.10631470491077318,0,0,2006-10
HUN,2011,6289.26,71.9618772743046,28415.1173442897,25.1793618785036,19.5689305528823,18.4594533468052,36.0,662.0,9971727.0,1.18116,2309.99213,166.754347209897,0.671498537063599,3.91289281845093,3.29019379615784,0.578401684761047,9.946676,251099.046875,1631858.5,0.945149183273315,,1.181161367,,,283347792830.2219,3346790789.7934494,3346790789.7934494,10.254676583382723,16.115264346596206,21.93126775043782,6.495265555937008,8.746598695714704,7.744999396583629,698.0,6.548219102762372,630.7092041328449,66.3876979383812,23034.61089250851,10.04475318521556,1.6978760486995668,64172.22717958507,2.0340719864305967,0.3982434416308993,1.13102,21.868904907522644,0.38762951618564817,17471021698.728428,23.583809442423433,23.533676593069337,-0.6438592105263159,0.1827626685032724,-0.11767342745619976,0,0,2011-15
HUN,2012,6380.49,74.0323101015731,28179.656464434,21.2196345000288,19.200974937302,18.4937179955194,66.0,692.0,9920362.0,1.25758,2400.89424,166.17569860957,0.642587661743164,3.96074819564819,3.30580043792725,0.594106197357178,9.916623,247735.59375,1641791.5,0.924788415431976,,1.257584885,,,279552393162.8254,3515594985.9370594,3515594985.9370594,10.246355594620166,16.110099970530726,21.98047461842126,6.539585955617669,8.761000175897511,7.783596546937895,758.0,6.630683385642372,643.1710858938413,69.75551900222996,23817.739984514883,10.078185959504346,-2.1777809658035987,62547.67572000553,-2.564144117977385,0.44225203300888827,1.18116,21.93126775043782,0.3982434416308993,18365963429.856224,23.633764974948576,23.583809442423433,-0.5937192105263158,0.19337659394852355,-0.11481139869338534,0,0,2011-15
HUN,2013,6153.78,76.1309851147943,28891.0217544976,19.3691523112004,20.8591445952694,18.7073217770592,66.0,642.0,9872734.0,1.38449,2527.84945,164.476024791467,0.62186461687088,4.02552175521851,3.32148098945618,0.585697770118713,9.889346,252770.015625,1658912.25,0.92772114276886,,1.384489132,,,285233372770.3681,3949027522.6684694,3949027522.6684694,10.271286159899526,16.10528737406514,22.096735188755243,6.464588303689961,8.7248218061367,7.835124200487068,708.0,6.56244409369372,623.3106250001266,65.02757999962321,24956.785211896302,10.124901016587932,0.31662236493660706,62791.86425891749,0.3896437594979929,0.4750328676977049,1.25758,21.98047461842126,0.44225203300888827,19560096438.04626,23.69675743191139,23.633764974948576,-0.5172992105263159,0.2373851853265125,-0.12279916896004811,0,0,2011-15
HUN,2014,6494.0,78.9403106632317,30264.9492302161,16.6901975118435,22.1003955003797,19.4234614005581,73.0,546.0,9833038.0,1.3437,2654.79529,168.358355086413,0.619990587234497,4.20982456207275,3.33723592758179,0.571379065513611,9.862842,263725.96875,1685353.625,0.927027463912964,,1.343696319,,,297596395848.78564,3998802771.0201325,3998802771.0201325,10.31774553081624,16.10125849829261,22.109260846019982,6.302618975744905,8.77863395266279,7.8841228271252515,619.0,6.428105272684596,660.4266148468053,55.52709142383056,26104.70296879102,10.169870767453585,-0.07480031371801671,62645.358461244716,-0.23359232788102702,0.47805098293808934,1.38449,22.096735188755243,0.4750328676977049,20624884743.359455,23.749764180950788,23.69675743191139,-0.3903892105263158,0.2701660200153292,-0.1054698992648212,0,0,2011-15
HUN,2015,6389.48,81.1594474322558,31485.5675425634,17.08325844517,22.2937047865563,20.2076761720927,64.0,569.0,9797755.0,1.33884,2569.66887,167.290738494524,0.618526518344879,4.31823539733887,3.35306549072266,0.563643336296082,9.839211,273377.84375,1714534.375,0.935641944408417,,1.338839446,,,308487876817.9883,4130159089.9899545,4130159089.9899545,10.357284546568334,16.09766383576494,22.141581763756136,6.343880434126331,8.76240816690848,7.851532325230141,633.0,6.450470422144176,652.1371477445598,58.074528297553876,25176.98601938685,10.13368560303081,0.9249673479990241,63307.76777904933,1.0518443564695446,0.48041521281425914,1.3437,22.109260846019982,0.47805098293808934,21661311121.845493,23.79879360862843,23.749764180950788,-0.4311792105263159,0.2731841352557136,-0.1177913197678729,0,0,2011-15
HUN,2016,6351.5,82.2328217670034,32378.9674983075,17.5764530213374,19.6127620154747,19.5575596990539,49.0,616.0,9759755.0,1.17645,2625.94197,163.97194450015,0.603542387485504,4.4655966758728,3.36897015571594,0.575057625770569,9.810532,280044.5625,1730363.875,0.927076280117035,,1.176451829,,,316010789936.4441,3717708938.207297,3717708938.207297,10.38526433970369,16.093777855615187,22.036373438675433,6.423246963533519,8.756446284463516,7.873194956370285,665.0,6.499787040655854,650.7847789211921,63.116338473660456,25628.55027141735,10.151462254021197,-0.9197016012208834,62711.566410162945,-0.9462132473109008,0.504939004812392,1.33884,22.141581763756136,0.48041521281425914,22129823391.775967,23.820192010488412,23.79879360862843,-0.4360392105263158,0.2755483651318834,-0.12014989159392345,0,0,2016-19
HUN,2017,6645.92,85.5528015079503,33828.714942571,17.2630732776764,22.3175179109155,19.1033927278036,36.0,496.0,9726756.0,1.31498,2902.24254,165.032855840268,0.616821885108948,4.54779767990112,3.3849503993988,0.574086964130402,9.785604,291594.09375,1761735.875,0.946100890636444,,1.314975935,,,329043656039.94214,4326858268.194031,4326858268.194031,10.429065275317866,16.090390996721485,22.18810754243985,6.206575926724928,8.801758411526412,7.97323900679534,532.0,6.2766434893416445,683.261716444825,50.99336304930441,28229.40503940024,10.248119445552552,2.0313363832748275,64117.64864534166,2.2173753033468913,0.4831749756683338,1.17645,22.036373438675433,0.504939004812392,23137208151.2036,23.864707901096182,23.820192010488412,-0.5984292105263158,0.3000721571300162,-0.1795719440922442,0,0,2016-19
HUN,2018,6658.99,89.6981632218737,35798.0412754022,16.8209858629646,24.8773384313132,18.4028423209229,36.0,407.0,9706964.0,1.50196,3846.48666,162.700858777925,0.617260873317719,4.63887357711792,3.40100622177124,0.56746643781662,9.774394,307941.28125,1807027.625,0.976000189781189,,1.50195927,,,347490297930.84326,5219165278.8020935,5219165278.8020935,10.48564845791439,16.088354124023635,22.375603317778808,6.008813185442595,8.80372310038251,8.254915454805104,443.0,6.093569770045136,686.0013079269687,41.928660701739496,37337.707535100235,10.527759020864465,3.1113567774412485,66382.77075904286,3.4717890381259053,0.482463535168433,1.31498,22.18810754243985,0.4831749756683338,24885792207.325153,23.93756288348299,23.864707901096182,-0.45989921052631577,0.27830812798595805,-0.12799368834379896,0,0,2016-19
HUN,2019,7035.03,93.9614599919338,37662.67681014,17.3787600622128,27.1243438949818,17.3261619988245,23.0,427.0,9694824.0,1.46473,4021.15293,159.925556464831,0.640685498714447,4.68886089324951,3.41713857650757,0.57034957408905,9.770346,323576.0,1863526.625,1.00137805938721,,1.464730987,,,365133023043.1887,5348212928.420498,5348212928.420498,10.536424878021364,16.087102692806642,22.400028309982254,6.056784013228625,8.858657233931721,8.299323939001699,450.0,6.1092475827643655,725.6480365192807,44.044120862843926,38984.369933434326,10.570916073844067,2.5669608855929424,69009.51155660173,3.8806797451316655,0.4452165840965851,1.50196,22.375603317778808,0.482463535168433,26501136304.646877,24.000453448439927,23.93756288348299,-0.27291921052631585,0.27759668748605726,-0.07576146879341517,0,0,2016-19
HUN,2020,7350.5,100.0,36119.5211735652,17.4648807221778,26.4476333540855,17.2739907825324,28.0,428.0,9670419.0,1.58067,4309.61589,154.527002936377,0.619671404361725,4.65447330474854,3.43334698677063,0.564104795455933,9.749457,309536.9375,1906472.125,0.969266831874847,,1.580669765,,,349290903827.7472,5521136529.534052,5521136529.534052,10.49458875089724,16.08458219637701,22.431849569073886,6.059123195581797,8.902523617104022,8.368604058476661,456.0,6.1224928095143865,760.1015012896545,44.25868206951529,41675.791385357916,10.637675696889398,-3.25924474411699,66503.10727622121,-3.6995671215009907,0.4785659344038744,1.46473,22.400028309982254,0.4452165840965851,28047102388.483894,24.057151161920803,24.000453448439927,-0.3101492105263157,0.24034973641420934,-0.0745442809990751,0,0,2020-23
HUN,2021,7822.44,106.166948922961,38887.1909527154,16.3975126429279,27.2593627994409,16.5270428077403,13.0,433.0,9630932.0,1.63327,4452.48668,159.187527332834,0.618837237358093,4.71952819824219,3.47287368774414,0.542102217674255,9.70785,331579.5,1954814.875,1.0,,1.63327162,,,374519891736.6172,6116921035.766647,6116921035.766647,10.568420193960309,16.080490559984383,22.534324708143078,6.07073772800249,8.964751805331455,8.401218023581576,446.0,6.100318952020064,812.2204579992881,44.95930404243328,42881.59644598576,10.666198025601686,3.121533670636443,70256.91680865437,5.491009074826714,0.47991298536770105,1.58067,22.431849569073886,0.4785659344038744,29956958065.97796,24.123027457262282,24.057151161920803,-0.1942092105263158,0.2736990867214987,-0.0531548835539559,0,0,2020-23
HUN,2022,8168.57,120.996232575169,40610.9711368238,18.4048917258431,27.547007127657,16.7771082108585,,,9605074.0,1.39056,4725.1504,184.969952581351,0.626893699169159,4.79605150222778,3.51340484619141,0.541318535804749,9.684306,345707.8125,2002590.5,1.01150727272034,,1.394760002,,,390071382981.0567,5424176623.181382,5424176623.181382,10.611793534130534,16.077802058475783,22.41413195032524,,9.00804914193465,8.460654670109088,,,850.4432136597802,,45385.41925312961,10.722946170620597,1.144156763475316,72081.75565658911,2.564220678268647,0.46697829152771314,1.63327,22.534324708143078,0.47991298536770105,30887590979.262646,24.153620353761056,24.123027457262282,-0.1416092105263158,0.27504613768532526,-0.03894906641593127,0,0,2020-23
HUN,2023,8260.49,139.136355801665,40333.2546888118,18.8624569621863,25.5541890872606,17.171898542953,,,9592186.0,1.37748,4567.0829,158.618825607913,0.614613234996796,4.81310176849365,3.55497288703918,0.53658401966095,9.686463,342436.625,2038164.125,0.997124016284943,,1.382529813,,,386884080960.4549,5329250838.414074,5329250838.414074,10.604931586044698,16.07645936666078,22.396476509600657,,9.01923918678944,8.426629964979965,,,861.1686637435929,,43808.3086542194,10.68757877367647,-1.432169493747557,71146.76594656172,-1.3056100575365548,0.48676209519155383,1.39056,22.41413195032524,0.46697829152771314,31583703170.787323,24.175907102065278,24.153620353761056,-0.3843192105263158,0.26211144384533736,-0.1007344631685528,0,0,2020-23
IRL,2000,2607.75,71.5129107039557,53582.8313532284,,23.7420483759438,23.1191411453819,,,3805174.0,1.08383,2255.69685,174.954518071287,1.25492084026337,1.77005469799042,2.85634803771973,0.485427796840668,3.802585,234944.0,751377.1875,0.825466632843018,0.776254903,,,,203891996711.6895,2209842627.9603047,2209842627.9603047,10.888983985174407,15.151872277535919,21.51618714087285,,7.866243059556081,7.721214228588821,,,685.3168869544468,,8583.319005501899,9.057575948160464,,132732.62135160956,,-0.22707249510705044,,,,9842267388.807196,23.009951947158438,,,,,0,0,other
IRL,2001,2776.33,76.4184720112965,55534.5698068816,,23.9363909530586,25.2498702300992,,,3866243.0,1.05194,2336.65114,174.840711101871,1.30703806877136,1.82030534744263,2.87343239784241,0.474183022975922,3.862981,247409.734375,800726.1875,0.829687893390656,0.737166099,,,,214710141773.86734,2258621865.3760204,2258621865.3760204,10.92476098522894,15.167793792439848,21.53802067014917,,7.928885190642186,7.756474046545296,,,718.0950602432388,,9034.06111346702,9.108757281020871,0.5100756011627017,135916.61131061832,2.37048066069363,-0.2677635610513882,1.08383,21.51618714087285,-0.22707249510705044,10624549145.862137,23.08643311752595,23.009951947158438,-0.6910492105263157,-0.4319393427894262,0.2984913418298886,0,0,2001-05
IRL,2002,3024.54,80.3822245788239,57828.0116338414,,23.5930866694156,26.7451104794314,,,3931947.0,1.05575,2406.49548,163.719329359615,1.39480984210968,1.84639441967011,2.89061880111694,0.445635616779327,3.928443,262005.328125,851690.1875,0.843507289886475,0.726628901,,,,227376676859.6478,2400529265.9457316,2400529265.9457316,10.965228567608388,15.184645281012877,21.59895507746509,,8.014514292786016,7.785926810494984,,,769.2219656063522,,9462.21268309956,9.155061533543586,1.6518946361438775,141901.06151415457,4.3088519304317785,-0.3327580920818739,1.05194,21.53802067014917,-0.2677635610513882,11431396039.928549,23.159629445521333,23.08643311752595,-0.7229392105263157,-0.47263040873376394,0.34168305456071724,0,0,2001-05
IRL,2003,3138.42,83.5265602386311,58608.3353816693,,24.9110720581996,23.3585848750379,,,3996521.0,1.12435,2534.61201,146.531474021275,1.42826640605927,1.88153803348541,2.90790796279907,0.455790281295776,3.992935,269901.75,906755.125,0.835699439048767,0.759049236,,,,234229443127.88437,2633558743.8083677,2633558743.8083677,10.978632207457677,15.200934790632179,21.691601903002468,,8.051474767549012,7.837795851057001,,,785.2880042416892,,10129.63012481721,9.223220083724906,-0.9299518602854745,143447.40589698683,1.083839373209372,-0.35646140538248666,1.05575,21.59895507746509,-0.3327580920818739,12350245377.747635,23.23694176846655,23.159629445521333,-0.7191292105263158,-0.5376249397642496,0.38662179849192296,0,0,2001-05
IRL,2004,3841.3,83.9570033409643,61452.8660388324,,26.9502516354942,21.1273623143527,,,4070262.0,1.17778,2735.33169,146.587496370071,1.39596903324127,1.94419586658478,2.92530059814453,0.466107934713364,4.066064,288223.0625,968077.3125,0.848207950592041,0.774350685,,,,250129265428.95004,2945972462.3690877,2945972462.3690877,11.026025754082841,15.219217928811268,21.803704807478493,,8.25356612995614,7.914007983553924,,,943.7476015057508,,11133.516635202779,9.317715354400919,1.4856804711999405,148247.95559631518,3.291778894865338,-0.33358882160221864,1.12435,21.691601903002468,-0.35646140538248666,13443681033.454576,23.321775020959127,23.23694176846655,-0.6505292105263158,-0.5613282530648624,0.365160425312401,0,0,2001-05
IRL,2005,4729.92,86.5371790594748,63579.7134384122,,29.8289266430491,19.5920796217343,,,4159914.0,1.19197,2821.26494,148.175564253129,1.41949760913849,2.03330278396606,2.94279718399048,0.479631155729294,4.155284,304766.4375,1042503.625,0.839392304420471,0.780943727,,,,264486140048.43903,3152595443.5353785,3152595443.5353785,11.060049727351966,15.241004958946831,21.871491900851915,,8.461663568023708,7.944940623642758,,,1137.0235057743982,,11736.21952161516,9.370435024625316,-1.044764757926722,149887.38514661236,1.0997998902640305,-0.35030301263111896,1.17778,21.803704807478493,-0.33358882160221864,14579724321.971767,23.402897655390124,23.321775020959127,-0.5970992105263158,-0.5384556692845944,0.3215114550332503,0,0,2001-05
IRL,2006,4861.37,89.496662181466,64975.4086496251,,30.9866916342227,18.5730585062774,,,4273591.0,1.19887,2895.65117,150.021785809265,1.27755963802338,2.12627649307251,2.96039843559265,0.489285349845886,4.268778,319967.71875,1120839.375,0.830212831497192,0.793007676,,,,277678321626.36,3329002094.481942,3329002094.481942,11.081764148826197,15.267965015382789,21.925938424701595,,8.489075570174286,7.970965293902574,,,1137.5374948140802,,12374.82877925147,9.42341975132109,-1.0996091494373361,150482.64879589604,0.39635407084563923,-0.2449517253903377,1.19197,21.871491900851915,-0.35030301263111896,15721767768.157944,23.478312071070217,23.402897655390124,-0.5829092105263158,-0.5551698603134947,0.32361362498334423,0,0,2006-10
IRL,2007,5439.34,90.5692689168943,66475.8410142999,32.0017186106927,28.7070824533303,17.97273941003,,,4398942.0,1.23409,2929.08877,153.396847068025,1.23842620849609,2.21372389793396,2.97810506820679,0.500989079475403,4.393513,336958.40625,1195122.0,0.831080734729767,0.813520533,,,,292423369023.12646,3608767554.777501,3608767554.777501,11.104593867619004,15.296874615429205,22.006632153433223,,8.601413008960282,7.982446653640584,,,1236.510961044724,,12884.89161208134,9.463810711105516,0.10448524320776642,152213.38422758094,1.1435592831837482,-0.21384138682067558,1.19887,21.925938424701595,-0.2449517253903377,16972270157.711754,23.554846682007536,23.478312071070217,-0.5760092105263157,-0.44981857307271345,0.2590996411556875,0,0,2006-10
IRL,2008,5654.58,90.1123238866331,62213.6453256462,30.1900820829609,24.8421187310969,17.5590688877483,,,4489544.0,1.39126,3256.66919,160.039420132474,1.1625725030899,2.19026875495911,2.99591755867004,0.531657934188843,4.485999,321848.9375,1252539.625,0.786068141460419,0.900615729,,,,279310898089.88293,3885940800.765305,3885940800.765305,11.038329632893209,15.317261695540926,22.0806309538086,,8.640221115234997,8.088460231189298,,,1259.4998512098332,,14620.959621949361,9.590211368765951,-5.568346120092968,146944.95219880383,-3.522533817414697,-0.15063522478393218,1.23409,22.006632153433223,-0.21384138682067558,18312370434.820297,23.630842648467013,23.554846682007536,-0.5407892105263159,-0.41870823450305134,0.22643289557777269,0,0,2006-10
IRL,2009,6264.34,85.9449906513371,58446.726333492,27.164639804194,21.1631245505943,20.3886883645208,,,4535375.0,1.61371,3139.86576,173.591474874665,1.20418763160706,2.00965428352356,3.01383638381958,0.522242307662964,4.533752,305448.21875,1288869.125,0.779570937156677,1.102205734,,,,265077821444.76126,4277587312.4362574,4277587312.4362574,10.975870957350391,15.32741832830016,22.17665497554714,,8.742628514613967,8.051935326396068,,,1381.2176501391837,,14240.468671260001,9.563843096731953,-0.8299794876047095,151990.43002284583,3.375951668071764,-0.18580517495000537,1.39126,22.0806309538086,-0.15063522478393218,19843102182.03351,23.711122286561718,23.630842648467013,-0.38361921052631587,-0.35550207246630794,0.13637742437999417,0,0,2006-10
IRL,2010,6876.15,83.3933467207057,59107.4220740498,22.9145841859064,17.5913855594315,19.5087690708651,,,4560155.0,1.59425,3116.61747,190.08027278672,1.10308253765106,1.92140424251556,3.03186273574829,0.493700057268143,4.55908,310588.84375,1308897.0,0.800679862499237,1.096289684,,,,269539006308.08856,4297125608.066702,4297125608.066702,10.987111780518354,15.33286717214095,22.181212172884457,,8.835814181273522,8.0445035484633,,,1507.8763770091148,,14212.25873890785,9.561860162639977,2.6717507127053954,161646.79814767546,6.1596138172999915,-0.09810856761774966,1.61371,22.17665497554714,-0.18580517495000537,21163762462.79518,23.77555623828116,23.711122286561718,-0.16116921052631583,-0.3906720226323811,0.06296430146237986,0,0,2006-10
IRL,2011,7117.2,84.951061102553,59797.0537343463,24.9067720884766,16.5650711962538,20.5975459335631,,,4580084.0,1.53761,3341.4018,186.304879179038,1.1135618686676,1.88505876064301,3.04856276512146,0.491163671016693,4.579602,315709.75,1326852.25,0.811387538909912,1.074165633,,,,273875529055.81973,4211137522.3151894,4211137522.3151894,10.998711670068566,15.337227896533534,22.16099864346879,,8.870269668632682,8.114145698519888,,,1553.9452988198468,,15303.900921751201,9.635863037089148,1.3284598243933021,167480.05769979744,3.545058900724918,-0.10756376851356073,1.59425,22.181212172884457,-0.09810856761774966,22200335615.691093,23.823373243534295,23.77555623828116,-0.18062921052631586,-0.3029754153001254,0.05472621007454433,0,0,2011-15
IRL,2012,6962.1,87.0217254617412,59303.0319813561,25.5863586944318,19.5031733011107,19.6054663863926,,,4599533.0,1.5455,4873.66344,190.355682317985,1.09047949314117,1.87776303291321,3.06535458564758,0.484241604804993,4.600132,314450.1875,1355768.875,0.796826899051666,1.110673083,,,,272766252598.30276,4215602433.9067698,4215602433.9067698,10.990415713212576,15.341465334566513,22.16205834438103,,8.848236431956822,8.49160117968769,,,1513.653668752893,,22416.57582317352,10.017555956289929,-1.8108328585886346,167459.99467896324,-0.011980066710925996,-0.08661750147692578,1.53761,22.16099864346879,-0.10756376851356073,23085887707.244198,23.862487346021098,23.823373243534295,-0.2372692105263159,-0.3124306161959365,0.07413016564906025,0,0,2011-15
IRL,2013,7005.24,88.1853453021704,60285.2376140094,24.9839328156584,18.2755667302427,19.0761287551304,,,4623816.0,1.53562,5141.73776,199.742586224446,1.00985264778137,1.93385136127472,3.08223915100098,0.474980026483536,4.624686,321343.46875,1377326.375,0.788282692432404,1.105415336,,,,278747846243.4585,4280507676.4837976,4280507676.4837976,11.006842537054954,15.34673089615507,22.17733745550668,,8.854413719426175,8.545146386914265,,,1515.0343352763173,,23774.449322492157,10.076366725105059,-1.0780692285271538,166167.61514606935,-0.7747476283403998,-0.00980442692393524,1.5455,22.16205834438103,-0.08661750147692578,23903512227.641365,23.897291240218465,23.862487346021098,-0.2293792105263157,-0.29148434915930155,0.06686044989093755,0,0,2011-15
IRL,2014,7091.25,88.4140192201743,65463.1952541564,24.9189231516136,20.1917132776127,19.58634485518,,,4657740.0,1.47756,5290.95054,211.181602002085,1.03127610683441,1.98511755466461,3.09921646118164,0.45130667090416,4.658239,351344.21875,1413394.875,0.830963253974915,1.050276109,,,,304910543063.0944,4505236220.083058,4505236220.083058,11.089243359179141,15.354040909920927,22.22850616172262,,8.866616908640777,8.573753194911092,,,1522.4658310682862,,24643.871968179603,10.112283546867744,5.27288025690516,176989.12486286505,6.3091280515577,-0.030796974064532124,1.53562,22.17733745550668,-0.00980442692393524,24823221613.578217,23.935045407396323,23.897291240218465,-0.23925921052631582,-0.214671274606311,0.05136207968498392,0,0,2011-15
IRL,2015,6808.89,96.2986156850128,80815.6415277345,28.3389494347801,24.281584982819,34.8913217286457,,,4701957.0,1.14062,5242.06636,223.702938290642,1.19811725616455,2.05508255958557,3.11628746986389,0.338943630456924,4.702487,437829.59375,1501347.75,0.970462739467621,0.820139639,,,,379991671390.8219,4334261002.217993,4334261002.217993,11.299925809038406,15.363489362995674,22.189816960263457,,8.825984390263619,8.56447104309357,,,1448.0970370422358,,24647.97061586652,10.112449848124971,15.518743390799067,213047.2042146536,18.542546795397108,-0.18075137150177767,1.47756,22.22850616172262,-0.030796974064532124,25433999373.759476,23.959352673922787,23.935045407396323,-0.2973192105263158,-0.2356638217469079,0.07006738143140508,0,0,2011-15
IRL,2016,7093.78,96.4107698852688,80760.0974145688,32.8418171476767,34.1109334162945,32.6267738894039,70.0,79.0,4762722.0,1.14954,5143.85544,239.708527798768,1.08625996112823,2.13039088249207,3.13345241546631,0.359049260616303,4.753503,443182.6875,1638648.5,0.891323149204254,0.830925924,,,,384637892678.5099,4421566431.496542,4421566431.496542,11.299238278649037,15.376329911503914,22.20975986651868,4.3694478524670215,8.86697362272976,8.545558162878711,149.0,5.003946305945459,1489.4381826190988,16.587153312748466,24498.753468907682,10.106377516418352,-8.506596553829173,208028.8134643055,-2.383716080931819,-0.0827405677540194,1.14062,22.189816960263457,-0.18075137150177767,26040465899.192093,23.98291754580077,23.959352673922787,-0.6342592105263158,-0.3856182191841534,0.24458190726430495,0,0,2016-19
IRL,2017,7205.05,97.8511311932151,87731.7897045734,29.3340262522775,32.4754503620573,32.1593567756814,75.0,62.0,4827445.0,1.20821,5114.19434,233.304083346711,1.03248953819275,2.19153761863709,3.15071201324463,0.340818166732788,4.810261,487720.90625,1763300.875,0.906294584274292,0.898352745,,,,423520389550.39435,5117015698.58682,5117015698.58682,11.38203959505767,15.389827900159315,22.355837234692512,4.127134385045092,8.882537448034803,8.539775156693423,137.0,4.919980925828125,1492.5182990173892,12.84323280741676,24688.4918956613,10.114092498888464,1.6657358195344585,222547.357664484,6.746332601608884,-0.03197291330074802,1.14954,22.20975986651868,-0.0827405677540194,27251411712.900097,24.028371162691766,23.98291754580077,-0.6253392105263158,-0.2876074154363952,0.17985219411050948,0,0,2016-19
IRL,2018,7397.98,98.7530425992657,93115.8393498329,25.0152782298751,27.8988968647133,32.7799541366431,32.0,76.0,4898022.0,1.08244,4656.77702,222.453716000399,1.02046024799347,2.25432968139648,3.16806674003601,0.331428825855255,4.872556,524516.1875,1852224.875,0.925478756427765,0.828842127,,,,456083429683.9472,4936829476.270919,4936829476.270919,11.441599581445507,15.4043420081134,22.319989155677444,4.330733340286331,8.908962268955385,8.44607886122623,108.0,4.68213122712422,1510.401545766842,15.516467667968824,22808.996293054443,10.034910311375354,2.094677673405905,232670.57690296666,4.44836977320211,-0.020253749048468644,1.20821,22.355837234692512,-0.03197291330074802,28100529432.236,24.059054254113462,24.028371162691766,-0.5666692105263158,-0.2368397609831238,0.1342098003775481,0,0,2016-19
IRL,2019,7763.57,102.107697913788,96205.7961557005,25.9769791902199,53.2106628607249,31.9303074064122,35.0,58.0,4976456.0,1.13733,4961.4389,257.652772910421,0.94402551651001,2.31775403022766,3.18551683425903,0.329267382621765,4.933491,550954.6875,2129149.75,0.851172506809235,0.895194897,,,,478763911513.8127,5445125594.820045,5445125594.820045,11.474244885937532,15.420228549073858,22.41798665914797,4.060443010546419,8.95719755893239,8.509451078454322,93.0,4.532599493153256,1560.0600105778087,11.654880501304543,24690.3823825384,10.114169069563907,-8.369635939894705,237710.59409866837,2.1430322445999295,0.057602083000663905,1.08244,22.319989155677444,-0.020253749048468644,29330575612.220646,24.101896345117236,24.059054254113462,-0.6924392105263157,-0.2251205967308444,0.155882328273519,0,0,2016-19
IRL,2020,8400.81,100.0,101793.447525871,25.8991544690003,41.387811264164,33.6151990544761,54.0,75.0,5039747.0,1.12466,5196.11055,258.780437026252,0.97000253200531,2.25214600563049,3.20306324958801,0.302549630403519,4.982606,590391.5,2303409.5,0.884511053562164,0.8883705,,,,513013221788.1658,5769654500.162786,5769654500.162786,11.53070101487639,15.43286644037487,22.47587803701899,4.31748811353631,9.036083408753898,8.555665653545685,129.0,4.859812404361672,1666.9110572415636,14.881699418641452,26187.08255603085,10.17302153595628,3.8420191748444505,262146.19235342136,9.784839165426007,0.03045659717336289,1.13733,22.41798665914797,0.057602083000663905,30700643770.55033,24.147549461044466,24.101896345117236,-0.6375492105263159,-0.14726476468171185,0.09388853446116907,0,0,2020-23
IRL,2021,9216.71,101.048750976761,116702.85817485,28.4781475271992,22.0777319056718,34.3142984743754,42.0,75.0,5110585.0,1.0732,5213.43167,231.032350863586,1.07393205165863,2.39466404914856,3.22471332550049,0.285173028707504,5.028426,686363.25,2331310.0,1.0,0.864990242,,,,596419876445.5157,6400778114.013274,6400778114.013274,11.66738630961869,15.446824437036392,22.579685400236325,4.31748811353631,9.128773419898804,8.558993587785267,117.0,4.762173934797756,1803.4549860730226,14.67542365502188,26643.68569122695,10.190307466857385,12.272026849920316,286621.93773863243,8.926172303450386,-0.07132672747318002,1.12466,22.47587803701899,0.03045659717336289,32496325318.981056,24.20439285278126,24.147549461044466,-0.6502192105263158,-0.17441025050901288,0.11340489539366733,0,0,2020-23
IRL,2022,8811.1,109.136770999928,123007.47648651,46.7867801497714,21.1440595300808,37.0980377487837,,,5212836.0,1.53215,5554.98837,237.755419559378,1.16590857505798,2.54801082611084,3.24670171737671,0.271447777748108,5.110016,745524.375,2367368.75,1.05003201961517,1.343331658,,,,641217801698.0328,9824418548.71641,9824418548.71641,11.720000416950425,15.466634603443364,23.00813681215826,,9.083767569251878,8.622451608462178,,,1690.2699413524615,,28957.24335471732,10.273575653941268,4.882065857606334,292590.7407300668,2.061078601933808,-0.15350067581296759,1.0732,22.579685400236325,-0.07132672747318002,37446295069.8503,24.34617361197169,24.20439285278126,-0.7016792105263159,-0.27619357515555576,0.19379928976759106,0,0,2020-23
IRL,2023,8719.61,112.839324949869,117659.728593716,47.7737732849219,24.8882708451242,29.804552619598,,,5311538.0,1.58829,5752.79698,239.649627585111,1.04202938079834,2.6321063041687,3.26903486251831,0.308987885713577,5.19663,704296.8125,2408566.75,0.975201785564423,1.334736227,,,,624954119495.2091,9926083784.530457,9926083784.530457,11.67555208171611,15.485391993464479,23.01843185499186,,9.0733297911322,8.65744144682639,,,1641.6356241826757,,30556.199765555237,10.327322882326595,-7.393152842027276,267579.1670665211,-8.935936907879416,-0.04117013947717266,1.53215,23.00813681215826,-0.15350067581296759,41755434593.90321,24.455095449685757,24.34617361197169,-0.2427292105263159,-0.35836752349534334,0.08698626605629566,0,0,2020-23
ISL,2000,220.1,37.8728914668364,50227.8408745363,,24.2476144628105,11.3909182308615,825.0,51.0,281205.0,2.57201,,70.2477741981669,0.924416780471802,0.157067015767097,2.82461881637573,0.67505693435669,0.28128,12274.609375,97722.6171875,0.817254304885864,,,,,14124319993.12398,363278922.6551481,363278922.6551481,10.82432475104093,12.546839219699402,19.710681479144938,3.9318256327243257,5.394081988532416,,876.0,6.775366090936392,782.7030102594193,181.36235130954287,,,,78148.86731661794,,0.07859224792126954,,,,1916915634.3417904,21.373983290830108,,,,,0,0,other
ISL,2001,239.09,41.1589400936838,51468.3282267824,,22.9243406963541,13.193237760609,713.0,49.0,284968.0,2.83989,6560.18798,73.9395325755249,0.92838728427887,0.159652099013329,2.84747433662415,0.640170276165009,0.285053,12767.2509765625,100124.9921875,0.821136474609375,,,,,14666826558.129728,416521740.74167037,416521740.74167037,10.84872191158272,12.560132172245083,19.84744921686834,3.8918202981106265,5.476840050084842,8.788774537015378,762.0,6.635946555686647,839.0064849386598,171.9491311305129,1869.44364828464,7.533396151296188,0.4739012252329228,79969.20213054381,2.3026024131260314,0.07430630105773887,2.57201,19.710681479144938,0.07859224792126954,2045900029.932192,21.439103642056384,21.373983290830108,0.7971307894736843,-0.12627459976110622,-0.10065737139804411,0,0,2001-05
ISL,2002,305.6,43.5722011119945,51287.593729948,,19.6024045847351,11.4400157157264,379.0,71.0,287523.0,2.8212,,68.7108314689249,0.947263479232788,0.157380431890488,2.87051486968994,0.640511751174927,0.287607,12838.685546875,101646.3984375,0.834058463573456,,,,,14746362812.015839,416024387.6525909,416024387.6525909,10.845204164288582,12.569058136019713,19.84625444067209,4.2626798770413155,5.722277057292366,,450.0,6.1092475827643655,1062.871492019769,246.93676679778665,,,1.5614174740752662,81577.39429644406,1.9910605724733799,0.05417799932688414,2.83989,19.84744921686834,0.07430630105773887,2155039413.094954,21.491074849474067,21.439103642056384,1.0650107894736842,-0.1305605466246369,-0.1390483908348203,0,0,2001-05
ISL,2003,261.37,43.7854309130798,52095.6402740564,,21.1815719644539,10.8268936467123,748.0,57.0,289521.0,2.7055,6643.65474,67.4009987460124,0.903597176074982,0.157578885555267,2.89374184608459,0.66180944442749,0.289605,13113.7783203125,103575.140625,0.850550353527069,,,,,15082781867.785084,408064663.4329254,408064663.4329254,10.860836544279564,12.575983112224474,19.8269362086166,4.04305126783455,5.565937027962764,8.8014175036996,805.0,6.690842277418564,902.7669840875102,196.8769104831774,1923.4775639795398,7.5618900579598,1.9580114590934476,83220.40274687155,1.9940350178181632,0.10137161958686193,2.8212,19.84625444067209,0.05417799932688414,2239848164.5636363,21.529673916838995,21.491074849474067,1.0463207894736843,-0.15068884835549162,-0.1576688747761983,0,0,2001-05
ISL,2004,307.44,44.9510386593481,55576.6099806516,,24.6369176997244,10.3103664186929,463.0,66.0,292074.0,,,69.7326204452496,0.910504996776581,0.156757950782776,2.917156457901,0.658966481685638,0.292168,14136.9677734375,106776.8203125,0.899105191230774,,,,,16232482783.488834,,,10.925517707925188,12.584762473801348,,4.189654742026425,5.728279946256588,,529.0,6.270988431858299,1052.609955011401,225.9701308572485,,,5.55164220813029,90183.4178288507,8.035302926339227,0.09375589188161328,2.7055,19.8269362086166,0.10137161958686193,,,21.529673916838995,0.930620789473684,-0.10349522809551383,-0.09631481087700608,0,0,2001-05
ISL,2005,362.42,46.2733181526559,58549.1358862183,,29.1014370616777,8.51735873128978,545.0,47.0,296734.0,2.67969,7337.75322,71.2106793861355,0.863004148006439,0.161994948983192,2.94076085090637,0.68545937538147,0.296834,15002.779296875,111662.1328125,0.905975878238678,,,,,17373519288.0611,465556459.0102445,465556459.0102445,10.977621610355355,12.600591393579396,19.958743934137154,3.8501476017100584,5.8928037602840115,8.900787973932704,592.0,6.3835066348840055,1221.3632411520082,158.39101687032831,2177.3608639834797,7.685868809547826,0.7612644445861516,92612.63632628221,2.658002139834359,0.1473357814138072,,,0.09375589188161328,2456604001.198014,21.622045745822323,,,-0.11111095580076248,,0,0,2001-05
ISL,2006,381.47,50.2892515854645,60434.3837931128,,34.9959953036019,8.95060889171145,326.0,45.0,303782.0,2.85265,7999.30666,76.6308537686708,0.828464388847351,0.170363903045654,2.96282052993774,0.709825694561005,0.303874,15950.5029296875,118151.2734375,0.905000925064087,,,,,18358877977.439392,523714532.6234248,523714532.6234248,11.009313490049184,12.624065617882234,20.076457308766212,3.8066624897703196,5.944032210673093,8.987110149406128,371.0,5.916202062607435,1255.7360212257474,148.13254241528466,2430.04537578812,7.795665209324088,-0.1076715358256139,93626.07127762913,1.088329024053003,0.18818142572204016,2.67969,19.958743934137154,0.1473357814138072,2611827933.6417365,21.683316170862135,21.622045745822323,0.9048107894736841,-0.05753106626856855,-0.052054729489726344,0,0,2006-10
ISL,2007,381.5,52.4538802110953,64075.3098188208,60.7119855018565,29.0119225466175,7.70959032019772,53.0,61.0,311566.0,2.53294,7175.58294,73.6249668831341,0.870930075645447,0.17795766890049,2.98504543304443,0.702061414718628,0.311651,17299.095703125,123216.7578125,0.941770970821381,,,,,19963687979.010723,505668238.29555416,505668238.29555416,11.067814386473346,12.6493664727763,20.041391356673262,4.110873864173311,5.9441108507245115,8.878439283320576,114.0,4.736198448394496,1224.459665046892,195.7851626942606,2235.66767428404,7.712295198132603,3.982614838275672,97209.0487024657,3.7554916790625725,0.13819358589712666,2.85265,20.076457308766212,0.18818142572204016,2725721981.8910303,21.72599917745218,21.683316170862135,1.0777707894736843,-0.016685421960335595,-0.017983060398892442,0,0,2006-10
ISL,2008,413.32,58.8450121446015,63963.7601392225,40.8871620502884,25.1262761994844,10.7690926163427,31.0,50.0,317414.0,2.46413,7313.20175,81.9027481853952,0.895046889781952,0.179392665624619,3.00743722915649,0.618200182914734,0.317514,17681.318359375,126389.0078125,0.943650484085083,,,,,20302992960.83117,500292140.445729,500292140.445729,11.066071954138316,12.667962194482293,20.030702766652304,3.912023005428146,6.0242221113461545,8.897436452747653,81.0,4.394449154672439,1302.1479833907767,157.5229826031618,2321.3126202744997,7.749888089265672,0.19937334237875165,98562.10284746725,1.382303448627198,0.11087917126180917,2.53294,20.041391356673262,0.13819358589712666,2817155825.0531044,21.758993640268567,21.72599917745218,0.7580607894736842,-0.0666732617852491,-0.05054238546571155,0,0,2006-10
ISL,2009,478.27,65.3345540198542,58441.2719673968,31.5381171469776,15.2646256611056,10.7884851984213,22.0,64.0,318499.0,2.59713,7841.17942,89.00144405735,0.850931406021118,0.16468371450901,3.02999687194824,0.540742635726929,0.318612,16326.255859375,125445.578125,0.945330202579498,,,,,18613486680.343914,483416446.6212159,483416446.6212159,10.97577763098364,12.671374614272,19.996389048454265,4.1588830833596715,6.170175426578219,8.96714453825455,86.0,4.454347296253507,1501.6373677782349,200.94254613044313,2497.40780409058,7.823008594562276,0.17784395033760142,99137.03919085317,0.5816291950109687,0.1614237576279216,2.46413,20.030702766652304,0.11087917126180917,2877998897.9163547,21.780361062477656,21.758993640268567,0.6892507894736841,-0.09398767642056659,-0.06478108017367269,0,0,2006-10
ISL,2010,564.28,69.615309717654,57225.1024282006,21.1566266143317,13.9090271400569,12.8945153143933,19.0,57.0,318041.0,,,92.4901528110187,0.891110956668854,0.164311692118645,3.05272579193115,0.56006646156311,0.318158,15863.76953125,123987.390625,0.923299729824066,,,,,18199928801.367348,,,10.954747934739665,12.66993558426906,,4.04305126783455,6.335550582206301,,76.0,4.330733340286331,1774.2366550224654,179.22217575721368,,,-2.35803710209251,96546.80885274558,-2.6475170646495627,0.1152863287720649,2.59713,19.996389048454265,0.1614237576279216,,,21.780361062477656,0.8222507894736841,-0.04344309005445415,-0.035721115094451285,0,0,2006-10
ISL,2011,551.32,72.0188887922866,57837.8604599413,21.0528520977616,15.1954435956867,13.0284841925147,21.0,50.0,319014.0,2.40366,7088.82137,100.133252648313,0.920654237270355,0.167816326022148,3.06807589530945,0.586355030536652,0.319137,16156.580078125,123207.1875,0.92284482717514,,,,,18451087216.767715,443501402.9945588,443501402.9945588,10.965398865483559,12.672990267951304,19.910211523169014,3.912023005428146,6.312315402826238,8.866274367343152,71.0,4.2626798770413155,1728.2000163002251,156.7329333508874,2261.43326052918,7.723754077330183,-0.04928136926309751,96275.37714055719,-0.28153595508371154,0.08267073420260257,,,0.1152863287720649,2340225981.29047,21.573513334854187,,,-0.08958051891031085,,0,0,2011-15
ISL,2012,635.44,74.5448180722681,58203.6379459536,15.3938778989576,15.7831762567392,11.6113892298717,7.0,37.0,320716.0,,,102.433137099998,0.91019481420517,0.170802310109139,3.08350300788879,0.602716207504273,0.320841,16328.4267578125,122789.5546875,0.925500273704529,,,,,18666837947.474453,,,10.97170313942844,12.678311275300475,,3.6109179126442243,6.454317672324876,,44.0,3.784189633918261,1981.316803651829,115.36686663590217,,,0.287332528440902,95598.39528738802,-0.7056562799567345,0.09409662083928223,2.40366,19.910211523169014,0.08267073420260257,,,21.573513334854187,0.6287807894736841,-0.12219611347977319,-0.07683456870442767,0,0,2011-15
ISL,2013,582.73,76.4032130621949,59729.5439775397,15.7355558714745,15.4432466848862,11.125472953448,13.0,33.0,323764.0,1.69237,5739.72216,97.6980221861272,0.861064732074738,0.174607411026955,3.09900784492493,0.615207731723785,0.323885,17071.7734375,122540.078125,0.951778054237366,,,,,19338276076.344166,327275182.8332257,327275182.8332257,10.997582050966582,12.687770134304166,19.60631191268348,3.4965075614664802,6.3677239572926005,8.655166083960907,46.0,3.828641396489095,1799.860392137483,101.9260943156126,1858.3154054102401,7.527425660300799,2.7997443555145622,97772.33014963234,2.2485579985472626,0.14958559494755083,,,0.09409662083928223,1726934527.6621375,21.26961372436865,,,-0.11077022684309352,,0,0,2011-15
ISL,2014,582.52,79.6216548400668,60199.1994872756,17.1233939798944,17.0074199278355,11.4359773183703,13.0,51.0,327386.0,1.93616,,95.2879194201667,0.869399309158325,0.178865283727646,3.11459064483643,0.627044439315796,0.327512,17359.80859375,123015.53125,0.952089786529541,,,,,19708375123.34121,381585675.78808314,381585675.78808314,11.005414333654938,12.698895181856445,19.759845959590898,3.9318256327243257,6.367363519614379,,64.0,4.1588830833596715,1779.3063845124714,155.77941634645342,,,0.03274726199853292,97055.21514271811,-0.7361569375301968,0.13995275504666493,1.69237,19.60631191268348,0.14958559494755083,1849480024.3009,21.338170368584187,21.26961372436865,-0.08250921052631588,-0.055281252734824926,0.004561212520056145,0,0,2011-15
ISL,2015,608.81,84.9974144231353,61820.3618857662,20.1396578475779,19.1177527750193,10.7018863415539,6.0,40.0,330815.0,2.18137,,94.8888027460231,0.896621823310852,0.18411722779274,3.13025188446045,0.617417812347412,0.330952,18130.005859375,124478.453125,0.964867651462555,,,,,20451103017.239746,446114225.8871626,446114225.8871626,11.031988069531254,12.709314585722742,19.91608558904792,3.6888794541139363,6.4115062321681595,,46.0,3.828641396489095,1840.3337212641504,120.91350150386167,,,1.3331599264200973,98469.90461850681,1.447091979432713,0.109121107482451,1.93616,19.759845959590898,0.13995275504666493,2018172246.5429277,21.425458110311073,21.338170368584187,0.1612807894736843,-0.06491409263571082,-0.010469396108255317,0,0,2011-15
ISL,2016,656.03,87.2913446191349,64759.2275423229,23.3894322573227,20.6690547773916,9.46751855144686,3.0,35.0,335439.0,2.11011,,87.7600165983392,0.860910177230835,0.19232439994812,3.145991563797,0.617417812347412,0.335574,19272.86328125,126805.2734375,0.978552341461182,,,,,21722770527.569252,458374353.17929155,458374353.17929155,11.0784314797143,12.723195400681126,19.94319677323787,3.5553480614894135,6.4862065196057435,,38.0,3.6375861597263857,1955.7356181004593,104.34087866944512,,,1.4083333744796058,100210.18282885013,1.7518843901520142,0.14976510377022048,2.18137,19.91608558904792,0.109121107482451,2173820762.7407804,21.499752176405178,21.425458110311073,0.406490789473684,-0.09574574019992475,-0.038919761522609654,0,0,2016-19
ISL,2017,625.46,88.6650884324646,65462.5033306299,26.3759840115862,21.5478929187027,8.7560800924576,8.0,36.0,343400.0,2.08365,5979.72684,86.3585336945067,0.8402059674263,0.200363352894783,3.16181087493897,0.617417812347412,0.343531,20081.353515625,129586.03125,0.983256995677948,,,,,22479823643.738308,468400845.3527533,468400845.3527533,11.089232789466182,12.746651227445513,19.964834994452975,3.58351893845611,6.4384873790212245,8.696130166971598,44.0,3.784189633918261,1821.3744903902157,104.83401281304602,2053.438196856,7.627270836452835,0.4796249203755897,100224.68293475974,0.014468646340226599,0.1741082178841933,2.11011,19.94319677323787,0.14976510377022048,2316148493.6824164,21.563171511044974,21.499752176405178,0.33523078947368434,-0.05510174391215528,-0.018471801113048594,0,0,2016-19
ISL,2018,702.76,91.4178061598792,66703.0219398003,23.4740318421698,21.657797307555,9.01062785294528,10.0,56.0,352721.0,2.00081,5645.66563,88.934996973139,0.823070704936981,0.206762745976448,3.17770957946777,0.617417812347412,0.352854,21063.166015625,132386.0,1.00094592571259,,,,,23527556601.6283,470741705.2410392,470741705.2410392,11.108005537321192,12.773432655137803,19.969820105040483,4.02535169073515,6.555015439496853,8.638643384601338,66.0,4.189654742026425,1992.3962565313661,158.76571000876046,1991.3448266792302,7.596565481774866,1.7830231450607752,101871.18533444255,1.6294631300956652,0.19471317077167588,2.08365,19.964834994452975,0.1741082178841933,2439467924.8710933,21.615045788894783,21.563171511044974,0.3087707894736842,-0.030758629798182446,-0.00949736640591358,0,0,2016-19
ISL,2019,665.65,95.8394927178108,65994.9860038103,38.0792033549769,20.5982032391469,8.37833056368743,15.0,47.0,360563.0,2.34018,,83.7923659518443,0.897191882133484,0.207549914717674,3.193687915802,0.617417812347412,0.3607,21455.1875,134809.859375,1.01408731937408,,,,,23795350138.491856,556854024.8709587,556854024.8709587,11.097334048483486,12.79542197772042,20.13781368970392,3.8501476017100584,6.500764006877926,,62.0,4.127134385045092,1846.1406189764339,130.35169998030855,,,1.3043536635763247,103373.62715462959,1.4640746720177233,0.10848552437803817,2.00081,19.969820105040483,0.19471317077167588,2630401761.011388,21.69040243231017,21.615045788894783,0.22593078947368417,-0.010153676910699877,-0.0022940282404951416,0,0,2016-19
ISL,2020,673.35,100.0,60617.143268851,27.9589360661677,21.0063614687571,8.84142609706846,3.0,44.0,366463.0,2.4864,,68.6550233460548,0.869810044765472,0.198464646935463,3.20081543922424,0.617417812347412,0.366614,19966.099609375,136679.515625,0.970970869064331,,,,,22213940173.732944,552327408.4796959,552327408.4796959,11.01233302427621,12.81165284023301,20.12965155971232,3.784189633918261,6.512265253896051,,47.0,3.8501476017100584,1837.4296995876803,120.06669158960113,,,-4.344782734702043,100602.8021497834,-2.71697613609323,0.1394804305230459,2.34018,20.13781368970392,0.10848552437803817,2788168905.3393755,21.748650910986434,21.69040243231017,0.5653007894736843,-0.09638132330433759,-0.05448443815446045,0,0,2020-23
ISL,2021,725.0,106.148607651114,62720.7916832797,33.4874148657273,22.4867916382069,9.90135217319111,2.0,34.0,372520.0,2.78171,6941.30115,76.2317249850944,0.855087757110596,0.201498821377754,3.22724366188049,0.617417812347412,0.372644,21015.16015625,139516.640625,1.0,,,,,23364749317.855354,649939568.2497141,649939568.2497141,11.046448277445897,12.828046006635594,20.29238994460828,3.5263605246161616,6.586171654854675,8.845244521518401,36.0,3.58351893845611,1946.2042306453343,91.270267368195,2585.773504398,7.857779970189721,2.9458812104463794,104294.20883238045,3.6035724677635272,0.15655117541705654,2.4864,20.12965155971232,0.1394804305230459,3019883137.788183,21.82848397148785,21.748650910986434,0.7115207894736844,-0.06538641715932986,-0.04652379515806204,0,0,2020-23
ISL,2022,746.67,115.524630414235,66581.2441801002,33.3116292542581,23.7554097688286,9.85678509406482,,,382003.0,2.60089,6863.54747,93.0164295134303,0.892677307128906,0.215231850743294,3.25417709350586,0.617417812347412,0.380356,22904.951171875,143494.546875,1.02724623680115,,,,,25434235020.530815,661516475.225484,661516475.225484,11.106178197949012,12.853183740961017,20.31004544706777,,6.615623320456725,8.833979710964147,,,1954.6181574490251,,2621.89572418241,7.8716528939608885,2.6881665402707844,106419.89599947093,2.0176715575907167,0.11353012160955822,2.78171,20.29238994460828,0.15655117541705654,3228417142.3454394,21.895257805258353,21.82848397148785,1.006830789473684,-0.048315672265319215,-0.04864570645084313,0,0,2020-23
ISL,2023,715.97,121.864044264019,69268.1221404224,43.4245422764011,24.9311502085461,8.46285097357985,,,385663.0,2.64005,5952.52033,87.2388810922276,0.908158481121063,0.222970470786095,3.28162717819214,0.617417812347412,0.387558,24058.71484375,147463.96875,1.04041087627411,,,,,26714151789.041725,705266964.306596,705266964.306596,11.145740081372768,12.862719210115923,20.374086961873417,,6.573638266641499,8.691569993726878,,,1856.4653596533763,,2295.66684802879,7.738778645878527,1.2734043070140297,107900.9016706546,1.3820676866206583,0.09633637693136214,2.60089,20.31004544706777,0.11353012160955822,3449421535.3002195,21.961472383003866,21.895257805258353,0.8260107894736843,-0.09133672607281754,-0.07544512121134966,0,0,2020-23
ISR,2000,9345.74,74.3174884612052,33278.5412285682,,24.1665435899124,16.5594666698272,5203.0,1599.0,6289000.0,3.81316,,68.3981650564852,0.827740490436554,2.70469498634338,3.31461334228516,0.543424069881439,6.11119,179280.5625,625103.25,0.946884751319885,,,,,209288745786.46542,7980514738.831185,7980514738.831185,10.412668060698243,15.65431263352564,22.80026874994079,7.377133712833954,9.142675903485431,,6802.0,8.82497196556714,1486.0454762283352,254.25345841946256,,,,66284.94651161345,,0.18905559106951594,,,,49599073156.9096,24.62723798415007,,,,,0,0,other
ISR,2001,9369.95,75.5987718988468,32591.2116817431,,23.6885036625679,15.2660584204072,5521.0,1248.0,6439000.0,4.05338,,62.1915859412765,0.850016593933106,2.71432185173035,3.32587480545044,0.556959450244904,6.259982,179775.859375,653957.1875,0.940189599990845,,,,,209854812018.74384,8506212979.405357,8506212979.405357,10.391797950696866,15.67788380652032,22.864062672190624,7.129297548929373,9.145263039038936,,6769.0,8.820108644508608,1455.1871408603822,193.81891598074236,,,-0.7095830025514047,66232.3295450003,-0.07941148647780949,0.16249940741408964,3.81316,22.80026874994079,0.18905559106951594,50665425162.77852,24.648509565458152,24.62723798415007,2.038280789473684,-0.015811256612859814,-0.03222778061143091,0,0,2001-05
ISR,2002,9660.07,79.1772260869487,31892.5395978816,,23.4357660661384,14.6195517258974,5095.0,1213.0,6570000.0,3.99197,,65.5319511383591,0.828745126724243,2.75644063949585,3.3371741771698,0.543571591377258,6.38772,179614.578125,679026.6875,0.912199437618256,,,,,209533985158.08212,8364533827.31509,8364533827.31509,10.37012739301649,15.698024390460793,22.847266440880112,7.10085190894405,9.17575617355712,,6308.0,8.74957394808293,1470.3302891933029,184.62709284627093,,,-3.0222909276871754,65161.77985166091,-1.6295606983268485,0.18784261777176023,4.05338,22.864062672190624,0.16249940741408964,51430145215.676834,24.66349032028898,24.648509565458152,2.278500789473684,-0.04236744026828612,-0.09653424609926908,0,0,2001-05
ISR,2003,9852.03,78.6638804194017,31771.2115906733,,22.3136161600654,14.2145451148657,4569.0,1329.0,6689700.0,3.76142,,66.9479946684859,0.795268177986145,2.76940441131592,3.34851217269897,0.529897153377533,6.50282,182238.1875,700239.125,0.913921892642975,,,,,212539874178.1272,7994517335.310912,7994517335.310912,10.366315862849683,15.716079588049604,22.80202181059204,7.192182058713246,9.195432804302785,,5898.0,8.682368589375221,1472.716265303377,198.66361720256512,,,0.1886463409621661,65804.10818852096,0.9809172401444854,0.22907589041086515,3.99197,22.847266440880112,0.18784261777176023,51710140768.63622,24.668919745621892,24.66349032028898,2.217090789473684,-0.01702422991061553,-0.03774426333270809,0,0,2001-05
ISR,2004,10389.88,78.8514106884636,32665.8537052438,,21.6904075117493,14.0232634217693,4870.0,1544.0,6809000.0,3.74703,,75.0388690350775,0.777739107608795,2.81424641609192,3.35988879203796,0.520815312862396,6.615087,190763.171875,720573.8125,0.935255765914917,,,,,222421797879.00504,8334211493.065682,8334211493.065682,10.394085582100754,15.733755824465105,22.84363474676239,7.342131730584722,9.248587534459684,,6414.0,8.7662383802531,1525.9039506535466,226.758701718314,,,2.307492713916695,67784.81471423831,2.96559272362078,0.2513641483056181,3.76142,22.80202181059204,0.22907589041086515,52287831146.40647,24.680029506879592,24.668919745621892,1.9865407894736844,0.024209042728489394,0.04809225085425548,0,0,2001-05
ISR,2005,10503.36,79.6709754076737,33491.9913996395,,22.1652915670165,14.7673362817573,5157.0,1669.0,6930100.0,3.91123,,78.416693799205,0.768133521080017,2.90978598594666,3.37130379676819,0.524838387966156,6.728206,198829.9375,742672.375,0.94141560792923,,,,,232102849598.6417,9078076284.356955,9078076284.356955,10.419061626535788,15.751384801076405,22.929128144157204,7.419979923661835,9.259450484956535,,6826.0,8.828494129466652,1515.614493297355,240.8334656065569,,,0.6564670002033028,68331.46439644884,0.8032141705870188,0.26379170537265484,3.74703,22.84363474676239,0.2513641483056181,53522732758.80245,24.70337231197858,24.680029506879592,1.9721507894736843,0.04649730062324234,0.0916996881325226,0,0,2001-05
ISR,2006,11166.64,80.6921219048519,34744.8675092298,,22.5447696190471,15.0283379470689,6154.0,1342.0,7053700.0,4.01416,,78.5311825907368,0.764988780021668,3.00306296348572,3.40424275398254,0.529239654541016,6.844032,209979.625,766933.5,0.956758618354797,,,,,245079871949.85425,9837898187.86227,9837898187.86227,10.455787142508456,15.769062859812223,23.009507926400616,7.201916317531627,9.320686041082496,,7496.0,8.922124823918258,1583.0897259594256,190.25475991323702,,,1.6166423897030762,69921.8190071753,2.3007406757326265,0.26789411190149987,3.91123,22.929128144157204,0.26379170537265484,55332221032.84436,24.736621234616734,24.70337231197858,2.1363507894736844,0.05892485769027908,0.1258841662462522,0,0,2006-10
ISR,2007,11158.24,81.3281809810179,36288.0655118571,7.62716744231259,23.3123374643329,15.3681304031082,6394.0,1615.0,7180100.0,4.28533,,78.9364099576763,0.746957778930664,3.13026785850525,3.43750333786011,0.530901849269867,6.962455,222715.59375,795071.6875,0.962541401386261,,,,,260551939181.68518,11165510415.33451,11165510415.33451,10.499244192416953,15.78682386850402,23.136095436852763,7.387090235656757,9.319933517405198,,8009.0,8.988321188323683,1554.050779237058,224.92722942577402,,,0.6025947450316365,71149.05299393454,1.7399267895662263,0.2917466162891674,4.01416,23.009507926400616,0.26789411190149987,58197898293.25221,24.787115079231967,24.736621234616734,2.2392807894736846,0.06302726421912411,0.14113574197896675,0,0,2006-10
ISR,2008,11300.99,82.4383107498317,36795.4799112424,17.0560538737395,22.8330012672623,14.8323485847392,6214.0,1528.0,7308800.0,4.24165,,75.4761705381509,0.716218292713165,3.24106097221375,3.47108888626099,0.541210830211639,7.08262,229862.046875,823306.8125,0.950025796890259,,,,,268930803575.28845,11407103429.851221,11407103429.851221,10.513130288114137,15.80458965956372,23.157502106177436,7.331714969726466,9.332645611482315,,7742.0,8.954415331137593,1546.2168892294221,209.0630472854641,,,-1.3087940816897743,70921.85208660137,-0.31984184360744905,0.3337702803963601,4.28533,23.136095436852763,0.2917466162891674,60875316979.1156,24.832093625384736,24.787115079231967,2.5104507894736843,0.08687976860679167,0.21810738368821114,0,0,2006-10
ISR,2009,11144.24,86.0927485295824,36364.7843182661,23.3965145235289,21.4323482092264,13.9998606147828,5387.0,1387.0,7485600.0,4.01799,,61.7597291545045,0.744183301925659,3.3049328327179,3.50500273704529,0.518167614936829,7.206096,232707.65625,848101.25,0.934434115886688,,,,,272212229492.81274,10937460159.798267,10937460159.798267,10.501356121545784,15.82849173294384,23.11545944609078,7.234898420314831,9.318678051480433,,6774.0,8.820847033377717,1488.7570802607675,185.28908838302874,,,-1.6548016430909918,70412.2195604885,-0.7211774613027799,0.2954679009380325,4.24165,23.157502106177436,0.3337702803963601,62681479592.046524,24.86133185964456,24.832093625384736,2.466770789473684,0.12890343271398433,0.31797522248174304,0,0,2006-10
ISR,2010,10840.85,87.1167593749545,37686.3420833543,19.3753611640664,21.5231739591304,14.043791039316,5856.0,1450.0,7623600.0,3.8421,,65.717030394986,0.740368068218231,3.40396571159363,3.53924798965454,0.521240293979645,7.336735,245586.359375,876265.9375,0.951324641704559,,,,,287305597506.65985,11038568361.803377,11038568361.803377,10.537053028841108,15.846759257042624,23.12466119201364,7.27931883541462,9.29107668520361,,7306.0,8.896451207355227,1422.011910383546,190.1988561834304,,,1.7914250650515169,72147.13078294322,2.434069563667407,0.300607826956973,4.01799,23.11545944609078,0.2954679009380325,64317826015.04292,24.887102661728537,24.86133185964456,2.2431107894736844,0.09060105325565673,0.20322820009544348,0,0,2006-10
ISR,2011,11145.96,88.3760908609504,39036.0247356871,18.3985722541565,22.8284500849861,13.5908818669391,5526.0,1360.0,7765800.0,3.91608,,69.0009721692523,0.746298372745514,3.50395965576172,3.56390762329102,0.519848585128784,7.471023,259139.390625,910169.3125,0.965375661849976,,,,,303145960892.39886,11871438345.315054,11871438345.315054,10.572240209924617,15.865240035658584,23.1974012130639,7.215239978730097,9.318832379391658,,6886.0,8.83724564389847,1435.26230394808,175.1268381879523,,,1.4661939410832985,73956.15705759777,2.476492838757771,0.2926297952766056,3.8421,23.12466119201364,0.300607826956973,66541590458.10154,24.921093009536953,24.887102661728537,2.067220789473684,0.09574097927459727,0.1979177427610166,0,0,2011-15
ISR,2012,11499.08,91.4097495425383,39245.5078117687,19.8939600431067,23.5343579861255,13.7690007635811,5473.0,1319.0,7910500.0,4.06028,,70.0759039186632,0.7531578540802,3.64432001113892,3.58624792098999,0.517813146114349,7.60778,265482.1875,946639.5625,0.951151013374329,,,,,310451589544.99634,12605203799.977575,12605203799.977575,10.577592266005004,15.883701548871256,23.257375565641038,7.1846291527173145,9.350022311151172,,6792.0,8.823500727991183,1453.6476834586942,166.7404083180583,,,-1.4844468243986344,72848.2094570591,-1.5094491578619085,0.28348043957964775,3.91608,23.1974012130639,0.2926297952766056,69165555689.36388,24.959768825497605,24.921093009536953,2.141200789473684,0.08776294759422984,0.18791809267530252,0,0,2011-15
ISR,2013,11269.87,93.1312859690689,40095.4756773092,19.0362582405147,22.6695242954447,12.9828311268844,4984.0,1201.0,8059500.0,4.10651,,64.2271703557815,0.695297539234161,3.7416353225708,3.61374354362488,0.513463795185089,7.749379,276426.40625,982233.6875,0.956913530826569,,,,,323149486221.2735,13270165966.62522,13270165966.62522,10.599018780927064,15.902362077819124,23.308784192117006,7.0909098220799835,9.329888071918491,,6185.0,8.729882284826589,1398.3336435262734,149.01668838017247,,,0.6040188723866253,73878.50028635959,1.4043901956725335,0.3634154110260121,4.06028,23.257375565641038,0.28348043957964775,72060888302.5845,25.000777269453554,24.959768825497605,2.285400789473684,0.07861359189727199,0.1796635649853874,0,0,2011-15
ISR,2014,11944.3,93.8516244767406,40795.6290927281,19.4130528417277,22.0146337792962,12.5092649781181,5148.0,1125.0,8215700.0,4.19613,,61.8390527979395,0.696329474449158,3.84646391868591,3.64397883415222,0.516384661197662,7.897179,286885.625,1017091.75,0.961008787155151,,,,,335164649937.1263,14063944425.406736,14063944425.406736,10.616330224573222,15.921557515805082,23.366880226331848,7.025538314638521,9.388009456117258,,6273.0,8.744009988096744,1453.8383826089073,136.93294545808635,,,0.42705197328023886,74584.24960294712,0.9507497783927121,0.3619323478287711,4.10651,23.308784192117006,0.3634154110260121,75315699482.60356,25.04495444248558,25.000777269453554,2.3316307894736843,0.15854856334363635,0.36967671191884127,0,0,2011-15
ISR,2015,12102.22,96.0654330848531,40889.5989080834,23.6539775366063,21.2984532551467,12.9237212257425,5623.0,1285.0,8380100.0,4.29761,,59.0201557126784,0.729307532310486,3.93803477287293,3.65411353111267,0.518998682498932,8.052908,293437.09375,1050911.375,0.955808699131012,,,,,342658927809.6297,14726144347.439426,14726144347.439426,10.618631004263952,15.94137040556129,23.412890278061344,7.158513997329321,9.401144185830454,,6908.0,8.84043543926657,1444.1617641794248,153.33945895633704,,,-0.5425765174223905,74513.58626168953,-0.09478789029842005,0.3156597809080489,4.19613,23.366880226331848,0.3619323478287711,78744488907.65245,25.08947413007824,25.04495444248558,2.4212507894736843,0.15706550014639534,0.3802949662285388,0,0,2011-15
ISR,2016,12363.13,96.2729401225217,41914.5802977706,21.8196172712291,22.6022494135711,12.0961436457446,5119.0,1300.0,8546000.0,4.59051,,57.9533051643572,0.74736487865448,4.06288146972656,3.69244050979614,0.526463747024536,8.210005,306486.875,1092544.625,0.951289236545563,,,,,358202003224.7475,16443298778.232357,16443298778.232357,10.643389023846844,15.960973895186108,23.52318386205604,7.170119543449628,9.42247393519875,,6419.0,8.767017621311778,1446.656915516031,152.11794991809035,,,-0.47396318368074164,75435.83963344793,1.2301014097923613,0.2912017543989711,4.29761,23.412890278061344,0.3156597809080489,83376114349.73694,25.146627706606967,25.08947413007824,2.522730789473684,0.11079293322567316,0.2795007439045076,0,0,2016-19
ISR,2017,12385.3,96.2451563468027,42895.585129847,21.0679788533896,22.288052634627,11.5023862456544,5377.0,1436.0,8713300.0,4.74032,,56.4519373834561,0.74693375825882,4.18017530441284,3.7316210269928,0.535468280315399,8.361797,319777.3125,1134966.125,0.955510199069977,,,,,373762101911.8959,17717519669.349983,17717519669.349983,10.66652418889426,15.980361151930218,23.59781979881316,7.269616749608169,9.424265564480313,,6813.0,8.826587830773668,1421.4247185337356,164.80552718258295,,,0.44272820099493654,76498.54114070866,1.3989181809046514,0.2917787748110521,4.59051,23.52318386205604,0.2912017543989711,88587216866.62637,25.207253404990492,25.146627706606967,2.8156307894736843,0.08633490671659536,0.24308722155758428,0,0,2016-19
ISR,2018,12684.14,96.9402358724344,43782.6526491689,22.5362840096475,23.4868048381642,11.678065693861,5857.0,1506.0,8882800.0,4.91965,,58.8734013354625,0.710604250431061,4.27816438674927,3.77167916297913,0.541808724403381,8.510067,332777.1875,1182616.5,0.957756161689758,,,,,388912546952.0375,19133136116.12591,19133136116.12591,10.686992959674605,15.999627380582242,23.674687544031148,7.317212408359839,9.448107673124918,,7363.0,8.904222737368716,1427.9438915657224,169.5411356779394,,,0.2347779376152541,77785.03989484569,1.6677452830499817,0.3416396139452397,4.74032,23.59781979881316,0.2917787748110521,94432270452.75833,25.271148699697655,25.207253404990492,2.965440789473684,0.08691192712867632,0.2577321737991412,0,0,2016-19
ISR,2019,12946.3,98.7860578753071,44492.1226967084,23.0916656017552,23.1324217345266,11.6354672967477,6370.0,1368.0,9054000.0,5.35528,,56.5281618447823,0.709877490997315,4.34584808349609,3.81263899803162,0.534824013710022,8.657474,345390.15625,1231660.125,0.965644598007202,,,,,402831678895.99786,21572764333.581593,21572764333.581593,10.70306743443329,16.018717206978042,23.794697445537704,7.221105098182496,9.468565312017867,,7738.0,8.953898535260459,1429.8983874530593,151.09343936381708,,,0.8202638485621923,79475.89276340858,2.1504616569597346,0.3426628717259816,4.91965,23.674687544031148,0.3416396139452397,101840194218.42616,25.34667069828748,25.271148699697655,3.144770789473684,0.13677276626286392,0.4301190001389662,0,0,2016-19
ISR,2020,13366.53,100.0,42926.5415418584,28.197643074759,23.023296021829,12.3190734802149,6481.0,1642.0,9215100.0,5.83209,,51.1403984551453,0.738076031208038,4.30244302749634,3.85452651977539,0.512693524360657,8.800376,340299.0625,1275232.375,0.970708549022675,,,,,395572372962.37933,23070136806.30163,23070136806.30163,10.667245597569492,16.036354000899127,23.861804839166577,7.403670290012373,9.500509100135378,,8123.0,9.002454823050954,1450.5029788065242,178.1858037351738,,,0.5230412198174571,79094.3797105956,-0.48119207088213045,0.30370843637107736,5.35528,23.794697445537704,0.3426628717259816,109634301891.96387,25.420416135961172,25.34667069828748,3.580400789473684,0.13779602404360583,0.493364993272061,0,0,2020-23
ISR,2021,14633.85,102.28740044336,46151.100820403,29.5956758722761,24.0387387739122,11.9008173223304,8017.0,1592.0,9371400.0,5.75725,,54.8184036562688,0.732106268405914,4.3416633605957,3.89736795425415,0.51021546125412,8.942924,372511.9375,1331354.625,1.0,,,,,432500426228.3247,24900130789.030224,24900130789.030224,10.739676092743007,16.05317305607387,23.938138892974774,7.3727463664043285,9.591092617288941,,9609.0,9.170455438277267,1561.543632754978,169.87856670294727,,,2.97290112329177,85799.35995979415,8.136972750419957,0.3118296001398414,5.83209,23.861804839166577,0.30370843637107736,118089287397.19951,25.494706848137124,25.420416135961172,4.057210789473684,0.0988415886887016,0.4010211600765202,0,0,2020-23
ISR,2022,14331.79,107.254671413052,48132.3637205177,29.1090540410523,25.2727495347158,12.0735689690971,,,9557500.0,6.17831,,60.6358428266501,0.727882444858551,4.58300971984863,3.94119048118591,0.49906313419342,9.103151,396212.5,1397313.625,0.997690141201019,,,,,460025066258.8479,28421774671.177025,28421774671.177025,10.78171007225928,16.072836744552706,24.070421402112554,,9.57023542579168,,,,1499.5333507716455,,,,-0.2312530637990171,86452.46774931262,0.7583210325869061,0.3176157206668898,5.75725,23.938138892974774,0.3118296001398414,128797668958.7966,25.5815085523069,25.494706848137124,3.982370789473684,0.10696275245746564,0.42596534094831573,0,0,2020-23
ISR,2023,13844.24,112.143793080151,47671.2476926086,34.9377735824443,24.6559402485171,11.4833400691841,,,9849000.0,6.34589,,57.977782328645,0.7236447930336,4.67936229705811,3.98602294921875,0.49906313419342,9.256314,404273.03125,1457966.0,0.979121923446655,,,,,469514118524.50214,29794849496.034527,29794849496.034527,10.772083721395443,16.10288048515184,24.11760137981642,,9.535624540635016,,,,1405.6493044979186,,,,-1.8786574807315901,86394.89861773778,-0.06661268252283747,0.3234546243454015,6.17831,24.070421402112554,0.3176157206668898,139272868111.01163,25.659700925689013,25.5815085523069,4.403430789473684,0.11274887298451405,0.49648185877846684,0,0,2020-23
ITA,2000,36209.65,70.3117994735981,50353.4200415436,,21.2257586739508,17.6729403519213,1396.0,7877.0,56942108.0,1.00104,1154.70198,50.2747311455639,1.00791323184967,22.9305591583252,2.77163362503052,0.51824563741684,57.272196,2773192.0,14986403.0,1.20727837085724,,,,15476.97099,2867229882174.94,28702118012.524017,28702118012.524017,10.826821821193285,17.85754566055495,24.080236755334806,8.971702399703325,10.497080936874806,7.051597563687439,9273.0,9.134862230800225,635.9028717377306,138.33348073450318,65751.16485297384,11.093632666278117,,120938.69935104313,,-0.007882086429906565,,,,168035335455.17606,25.847440124323732,,,,,0,0,other
ITA,2001,37419.9,72.4661387648346,51332.2904432567,,21.191892455513,17.1970447411482,,,56976981.0,1.03714,1164.25597,49.8632723203495,1.04067158699036,23.3661193847656,2.79335689544678,0.513546466827393,57.30576,2828834.0,15359993.0,1.20026051998138,,,,16625.22669,2924758937271.9185,30333844842.021973,30333844842.021973,10.846075276480828,17.858157902127378,24.135529917576775,,10.529957927456792,7.059837509613995,,,656.7546988844495,,66335.79028182657,11.1024848537771,-0.5829912679190891,121065.63154189661,0.10490076935827375,-0.03986626146362672,1.00104,24.080236755334806,-0.007882086429906565,173163879978.92163,25.87750426616984,25.847440124323732,-0.7738392105263159,-0.21274893411228232,0.16463346721376373,0,0,2001-05
ITA,2002,38985.91,74.8611501763971,51369.1149098293,,21.81208675062,16.8295128748527,,,57089824.0,1.07704,1242.88215,47.8713186791542,1.00667643547058,23.7908096313477,2.81525039672852,0.518223702907562,57.420628,2836470.25,15749380.0,1.17622745037079,,,,17728.83368,2932653729237.9307,31585853725.384205,31585853725.384205,10.846792393603504,17.860136445084052,24.175975190388307,,10.570955577782419,7.125188276074598,,,682.8871989516031,,70955.9231962416,11.169814163194376,-2.0226392261305763,119225.46117398863,-1.5316475708232247,-0.006654246781431636,1.03714,24.135529917576775,-0.03986626146362672,178775151707.4676,25.90939471747493,25.87750426616984,-0.7377392105263159,-0.2447331091460025,0.18054921073102256,0,0,2001-05
ITA,2003,42292.76,77.2322007081547,51126.2585544038,,21.2842346571997,16.1342045725768,,,57399184.0,1.05539,1222.71837,45.9940859777074,0.97003835439682,24.1814804077148,2.83731555938721,0.521400332450867,57.739699,2838358.0,16112080.0,1.15397679805756,,,,17718.74869,2934605521995.798,30971533218.59145,30971533218.59145,10.842053510243156,17.865540645160873,24.15633433627994,,10.652371191992666,7.108831831164215,,,736.8181401324451,,70183.03669981008,11.158861918360813,-1.909817873991357,117377.34630566527,-1.56224051215883,0.03041966765113976,1.07704,24.175975190388307,-0.006654246781431636,182930412169.9389,25.93237165610369,25.90939471747493,-0.6978392105263158,-0.2115210944638074,0.14760771357028563,0,0,2001-05
ITA,2004,44324.39,79.2632225596416,51495.0028841364,,21.3598020854476,15.8737994184263,,,57828179.0,1.04662,1242.48468,47.2663923891771,0.933435559272766,24.3187160491943,2.85955357551575,0.520054519176483,58.176738,2880195.75,16478216.0,1.14937150478363,,,,17903.55935,2977862244389.356,31166901822.227882,31166901822.227882,10.849240050567987,17.872986740791998,24.1626225296427,,10.699290368862377,7.1248684279148895,,,766.4842775007666,,71850.62647979772,11.182344610742613,-0.3998786813887045,118435.35424212592,0.8973350742492059,0.06888334969243286,1.05539,24.15633433627994,0.03041966765113976,186657752166.67593,25.95254257461718,25.93237165610369,-0.7194892105263158,-0.174447180031236,0.12551286383921606,0,0,2001-05
ITA,2005,47758.26,80.9152302349763,51585.6445807938,,21.6734394073244,15.5229654911425,,,58166682.0,1.04057,1412.59398,49.1221742288618,0.913413465023041,24.4438152313232,2.88196587562561,0.524599850177765,58.519693,2902154.75,16845774.0,1.13820970058441,,,,18241.24706,3000565784096.056,31222987379.568333,31222987379.568333,10.850998706964672,17.878823274548928,24.164420435462564,,10.773907315242013,7.2531829953205476,,,821.0586947352438,,82165.90482977437,11.316495711905201,-0.9758685508441611,118727.56861134643,0.24642512714727616,0.09056663668997106,1.04662,24.1626225296427,0.06888334969243286,189882076721.24286,25.969669067589116,25.95254257461718,-0.7282592105263157,-0.13598349798994291,0.09903123489076267,0,0,2001-05
ITA,2006,50510.85,82.708223885627,52304.2402949819,,21.9242418666958,15.572836404605,,,58399861.0,1.07903,1507.90404,52.9235429597012,0.893255650997162,24.9287929534912,2.90455389022827,0.528624534606934,58.754433,2954378.5,17223592.0,1.12840557098389,,,,20450.5981,3054560362937.542,32959622684.204956,32959622684.204956,10.86483272315239,17.882824067658635,24.218549094234202,,10.829943443671326,7.3184759125909205,,,864.9138736819938,,88061.38633733844,11.385789422285283,-0.8650952693808569,118512.69756670062,-0.1811421870842267,0.11288245576539424,1.04057,24.164420435462564,0.09056663668997106,194359387897.26138,25.992974797154506,25.969669067589116,-0.7343092105263158,-0.1143002109924047,0.08393169769682401,0,0,2006-10
ITA,2007,53839.81,84.7484247970932,52747.1905476807,6.73296300131478,21.9944755997434,15.9581664960139,870.0,9255.0,58756247.0,1.12421,1579.89282,54.8280415572531,0.897695302963257,25.2422790527344,2.92731904983521,0.526659727096558,59.10872,2997580.0,17600664.0,1.11813652515411,,,,22529.41304,3099226956375.5923,34841819366.27004,34841819366.27004,10.873265790160355,17.888908037250598,24.27408420818351,9.132919225007598,10.893768435337643,7.365112288277047,10125.0,9.22276289197474,916.3248632949616,157.51516600439098,92828.57276544654,11.438509767563371,-0.9142154398416382,118752.35170872115,0.20201392851930677,0.10792457453433359,1.07903,24.218549094234202,0.11288245576539424,200047299078.94223,26.021819670928533,25.992974797154506,-0.6958492105263159,-0.09198439191698152,0.06400726649617482,0,0,2006-10
ITA,2008,55717.83,86.7862811556124,51806.3906176391,6.67785706953952,21.562045770846,15.4805310981416,861.0,8588.0,59211181.0,1.15548,1613.51417,54.2142548956671,0.87980329990387,25.296667098999,2.95026254653931,0.53032511472702,59.561684,2966910.75,17925170.0,1.09447944164276,,,,24234.96209,3067517571817.7305,35444552038.839516,35444552038.839516,10.855268791634893,17.896620950264115,24.291235397968972,9.058121158998672,10.928055482411759,7.386169793604058,9449.0,9.153664194782626,941.0018354472612,145.0401740846885,95538.07956593476,11.467280185903899,-2.138462832783661,117284.65012362842,-1.2436359471175606,0.12805691933134872,1.12421,24.27408420818351,0.10792457453433359,205484756255.9404,26.048637689328107,26.021819670928533,-0.6506692105263159,-0.09694227314804217,0.06307735233586308,0,0,2006-10
ITA,2009,57761.05,88.3245986714958,48774.3916833748,7.80028749421402,20.3159597572588,13.6576018738131,903.0,8814.0,59555454.0,1.21261,1703.84695,45.1414765721604,0.844441473484039,24.8708839416504,2.97338581085205,0.54403030872345,59.90401,2809511.5,18134734.0,1.04746532440186,,,,24916.22527,2904781040277.2104,35223665372.50548,35223665372.50548,10.794960693519632,17.90241843647352,24.28498400536909,9.084096645401932,10.964069952071839,7.4406438852802586,9717.0,9.181632207839439,969.8700307112092,147.99652102391832,101473.3786537653,11.527551763789507,-4.390558540211937,112963.87802666753,-3.753578298213611,0.16907984829270845,1.15548,24.291235397968972,0.12805691933134872,209885708190.0548,26.069828972793854,26.048637689328107,-0.6193992105263157,-0.07680992835102704,0.04757600898120903,0,0,2006-10
ITA,2010,57848.57,88.8526381897957,49301.6959141674,8.01620176122679,20.2386645229593,14.1630798629891,846.0,8877.0,59819407.0,1.21296,1722.66807,51.6621118138339,0.83526211977005,24.725757598877,2.99669027328491,0.540379881858826,60.164213,2852472.0,18345828.0,1.05659663677216,,,,25376.53218,2949198213679.817,35772594652.65071,35772594652.65071,10.805713759320811,17.90684069804439,24.300447924702965,9.09121894106832,10.965584013215176,7.45162957142248,9723.0,9.182249491809657,967.0535517010392,148.39665662349344,103048.98240523448,11.542959711502595,0.8679753606806604,115364.39231813687,2.1027643563375165,0.18000968750029078,1.21261,24.28498400536909,0.16907984829270845,214175446614.19727,26.090061360071324,26.069828972793854,-0.5622692105263158,-0.03578699938966731,0.020121927893933987,0,0,2006-10
ITA,2011,59651.73,90.3887081237109,49473.0149235634,7.97152825700225,19.9088467204091,14.1319079197052,927.0,8794.0,60026841.0,1.19531,1760.64483,54.4722149449288,0.816105008125305,24.7840538024902,3.01423954963684,0.536399364471436,60.36788,2872309.75,18537780.0,1.05570876598358,,,,26111.69029,2969708800607.3677,35497226264.53993,35497226264.53993,10.8091826468475,17.910302370155193,24.292720396981967,9.081824949740755,10.996278429620167,7.473435401613003,9721.0,9.18204377282107,993.7509455145241,146.50112938643565,105685.94726788202,11.568227213803924,-0.08406652179284227,115893.46008082836,0.45755738042565497,0.20321224586934833,1.21296,24.300447924702965,0.18000968750029078,217546355886.6076,26.105677795279206,26.090061360071324,-0.5619192105263158,-0.024857160182084975,0.013967715825443362,0,0,2011-15
ITA,2012,63135.68,91.9274672532375,47795.9579360541,7.59501140176072,18.4823918939236,13.7582342074538,871.0,8439.0,60191247.0,1.25559,1831.34278,54.8844952702204,0.795877695083618,24.7213363647461,3.03189158439636,0.544031858444214,60.531515,2782543.25,18640962.0,1.03151965141296,,,,27419.61161,2876898309730.6426,36122047487.14697,36122047487.14697,10.774696352896743,17.91303750103654,24.310169249579292,9.040619097157967,11.053041340385777,7.512804736328373,9310.0,9.138844370271112,1048.917959782425,140.20310959831087,110230.80561264665,11.610331679400641,-2.3179252813998703,112556.34440410147,-2.9217386081914043,0.22830975433547082,1.19531,24.292720396981967,0.20321224586934833,221036449990.76343,26.121593456949267,26.105677795279206,-0.5795692105263157,-0.0016546018130274287,0.0009589562665117175,0,0,2011-15
ITA,2013,66220.78,92.9623720044883,46833.3615309303,7.77207145281516,17.3118980803026,13.7593478951288,905.0,8307.0,60311613.0,1.29425,1916.30366,54.0341846317499,0.759085476398468,24.2708969116211,3.04964733123779,0.538000285625458,60.653868,2731956.0,18689928.0,1.02386212348938,,,,28459.40479,2824595576142.5557,36557328244.22502,36557328244.22502,10.754351081171567,17.915035230219583,24.32214750220293,9.02485381183907,11.100749589950622,7.558153432403221,9212.0,9.128262260940575,1097.9772668325086,137.73466811441438,115575.36473240358,11.65767810465853,-0.7451232122839195,112560.98239583052,0.004120510664940014,0.2756408908015583,1.25559,24.310169249579292,0.22830975433547082,224438310736.3739,26.13686672122972,26.121593456949267,-0.5192892105263158,0.023442906653095064,-0.012173648488327853,0,0,2011-15
ITA,2014,67444.12,93.801404551964,46825.6511245062,7.73691381710463,16.8397294480548,13.8362218969996,781.0,8601.0,60320707.0,1.33148,1947.34437,54.4545299332032,0.760480761528015,24.2727642059326,3.06750679016113,0.534724891185761,60.664171,2731918.0,18728318.0,1.02057027816772,,,,29448.33784,2824556381565.559,37608403309.269104,37608403309.269104,10.754186432704262,17.915186002417567,24.35049335463938,9.059633754551479,11.119054682150187,7.574221861843112,9382.0,9.146548238888403,1118.092332704257,142.58785129955456,117465.18917086959,11.673897306296405,-0.32203052189887055,112550.75758253696,-0.009084211513332718,0.27380446473884235,1.29425,24.32214750220293,0.2756408908015583,228380967435.18692,26.1542809812876,26.13686672122972,-0.4806292105263159,0.07077404311918253,-0.03401607247012814,0,0,2011-15
ITA,2015,69382.56,94.5356598825873,47311.8255262709,8.15204658018138,17.0809179970368,14.2623447666015,,,60229605.0,1.33213,2075.80841,55.4356858148221,0.753653764724731,24.4325141906738,3.08547067642212,0.536308705806732,60.575316,2756113.75,18784350.0,1.02009105682373,,,,29994.8467,2849572563276.2134,37960010987.171425,37960010987.171425,10.764515554358685,17.913674566804808,24.35979910012886,,11.147390818084585,7.638105951973025,,,1151.9677075750371,,125025.12058997806,11.736269960813559,-0.046967259542976536,112805.16317277096,0.2257812419173888,0.2828222144156698,1.33148,24.35049335463938,0.27380446473884235,232083833307.0803,26.170364493802918,26.1542809812876,-0.4433992105263158,0.06893761705646659,-0.030566884978402768,0,0,2011-15
ITA,2016,69301.08,95.715627369582,47987.8379581014,8.29074616964551,17.2934651927051,14.6638600182643,973.0,8848.0,60115223.0,1.35915,2209.59265,54.4321467018313,0.760622560977936,24.789379119873,3.10353994369507,0.527499735355377,60.478107,2790185.5,18867664.0,1.017045378685,,,,33076.60824,2884799580139.1304,39208753493.46099,39208753493.46099,10.77870288191205,17.91177366194095,24.392165862218953,9.087946723762116,11.146215769472143,7.700563456255578,9821.0,9.192278229157774,1152.8041740775045,147.1840169336143,132830.15489391095,11.796826560232253,-0.2990158493989384,112555.68308135563,-0.22140509096857386,0.2736180218480358,1.33213,24.35979910012886,0.2828222144156698,236480011804.47925,26.1891295246237,26.170364493802918,-0.4427492105263158,0.07795536673329403,-0.034514677077455355,0,0,2016-19
ITA,2017,70101.05,96.395037677377,48849.2183534756,7.8052686500986,17.5794629155864,14.8167748451842,1031.0,8643.0,60002252.0,1.36393,2322.42382,57.5829940274911,0.76662665605545,25.0916213989258,3.12171483039856,0.530141055583954,60.390318,2834931.5,18969476.0,1.01994824409485,,,,34488.80257,2931063109648.268,39977649071.42562,39977649071.42562,10.796493656390519,17.90989265281535,24.411586361674058,9.064505023752638,11.157693051512501,7.750366669288892,9674.0,9.177197153382929,1168.3069828779094,144.0445935262563,139350.65929844262,11.844748764139968,0.28501487117768076,112983.19287255652,0.3791012094023216,0.26575535484859475,1.35915,24.392165862218953,0.2736180218480358,240985659105.23297,26.20800326287911,26.1891295246237,-0.41572921052631573,0.06875117416566004,-0.028581871358647083,0,0,2016-19
ITA,2018,71037.79,97.4270251334841,49355.8751913504,7.47655885813922,17.9722011780771,14.9480712750382,900.0,8921.0,59877221.0,1.41934,2524.31271,59.2749835128154,0.760494709014893,25.3518619537354,3.13999652862549,0.534897446632385,60.277499,2858366.5,19090278.0,1.01500141620636,,,,37039.85856,2955292646480.9053,41945650648.56208,41945650648.56208,10.806812089272023,17.90780670695311,24.45964058507005,9.096163326913784,11.170967267947916,7.833724110598528,9821.0,9.192278229157774,1186.3908981347013,148.9882103913941,151148.8300097789,11.926020259587364,-0.48618771553476503,112747.79364199092,-0.20856624031306836,0.27378612455236534,1.36393,24.411586361674058,0.26575535484859475,246783460888.0101,26.231777112501984,26.20800326287911,-0.4109492105263157,0.06088850716621899,-0.025022083950083613,0,0,2016-19
ITA,2019,73935.81,98.44709281329,49690.6298505274,7.75802459594121,18.1291790303995,14.8032822287955,898.0,9229.0,59729081.0,1.45558,2670.65345,58.6941902594738,0.79116553068161,25.50856590271,3.15838503837585,0.537166178226471,60.130136,2870633.5,19215658.0,1.01144313812256,,,,40568.11644,2967975655283.169,43201260043.17075,43201260043.17075,10.813571660115295,17.905329578686892,24.489135499437097,9.130105979265577,11.210952563316656,7.890078459278594,10127.0,9.222960403332285,1237.8527973668304,154.51434787687424,159515.67623797944,11.979897480001213,-0.3511847124797251,112536.05988469259,-0.18797070125273763,0.23424806549524083,1.41934,24.45964058507005,0.27378612455236534,252967201797.97934,26.256525680108172,26.231777112501984,-0.35553921052631576,0.06891927686998958,-0.02450350528840067,0,0,2016-19
ITA,2020,80141.63,100.0,45505.0688708956,8.587243012964,18.2018164062184,14.477256120151,947.0,10061.0,59438851.0,1.49869,2614.68181,53.9394839042764,0.774290323257446,25.0176239013672,3.17688131332397,0.538550138473511,59.912769,2616059.5,19275626.0,0.980948805809021,,,,39583.38332,2704769008361.902,40536102651.41899,40536102651.41899,10.72557900249005,17.900458627769716,24.42545883746877,9.21642184229205,11.291550723389332,7.86889769031927,11008.0,9.306377560173125,1348.303822360227,169.26639446647445,155413.6825170003,11.953845760124711,-3.061316714333047,104568.66368740292,-7.342977818468199,0.2558083810749579,1.45558,24.489135499437097,0.23424806549524083,255558224179.70142,26.266716103915222,26.256525680108172,-0.3192992105263157,0.029381217812865068,-0.00938139965194954,0,0,2020-23
ITA,2021,85699.51,101.283321872926,49825.3934111848,7.77024565516253,20.7705217357607,15.365300568128,797.0,10281.0,59133173.0,1.41065,2658.8949,60.3019776202798,0.775391042232513,25.3115863800049,3.20566248893738,0.530930161476135,59.72935,2849701.25,19507172.0,1.0,,,,41562.41979,2946333608376.651,41562455046.56522,41562455046.56522,10.816280040909026,17.89530262778127,24.4504630737755,9.238052810542719,11.358602386949922,7.885665864324196,11078.0,9.31271643859305,1449.262835938129,173.86180173352105,157228.89211051769,11.965457934141192,1.923500649814841,112584.85371944706,7.3863268212218,0.25438780625914564,1.49869,24.42545883746877,0.2558083810749579,258786945599.3114,26.279270956258067,26.266716103915222,-0.27618921052631573,0.050941533392582145,-0.014069501890697212,0,0,2020-23
ITA,2022,83236.9,104.783024424308,52333.3274270604,9.15916231271025,21.7757352760856,15.3822538780623,,,59013667.0,1.36563,2795.53412,72.0165023032697,0.787011504173279,25.8017635345459,3.23505067825317,0.518774628639221,59.619115,2982547.75,19798390.0,1.00825369358063,,,,46146.93519,3088381557782.5093,42175865067.54528,42175865067.54528,10.86538868280361,17.893279619112445,24.46511397655031,,11.329446038103365,7.93577846572221,,,1410.4681886655171,,164974.71964481802,12.013547526870381,0.8219818122557602,115594.72460115667,2.6383127637997106,0.2395124129164527,1.41065,24.4504630737755,0.25438780625914564,262144768826.95996,26.29216274088109,26.279270956258067,-0.36422921052631585,0.049520958576769886,-0.018036979646923284,0,0,2020-23
ITA,2023,82770.89,111.342446038979,52842.6288831758,9.9836968942283,22.6536678849797,15.4675191310732,,,58984216.0,1.37935,2855.12509,65.1028419441908,0.756977319717407,26.2558193206787,3.26506185531616,0.511646032333374,59.499453,3003354.75,20148316.0,0.986916899681091,,,,48840.36509,3116881036053.08,42992698570.798164,42992698570.798164,10.875073509162041,17.892780440654956,24.484296137543094,,11.323831708509804,7.95687093549106,,,1403.2718515746653,,168407.31501557946,12.034140818181742,-2.1389256067783404,114388.1557577067,-1.049278025963396,0.27842198673670787,1.36563,24.46511397655031,0.2395124129164527,265815752073.7141,26.306069244350372,26.29216274088109,-0.4092492105263159,0.03464556523407694,-0.014178670220283966,0,0,2020-23
JPN,2000,96607.21,108.631928666631,39731.7953686304,,29.7197544032442,22.1763071711397,49501.0,387364.0,126843000.0,2.85841,5102.41299,19.2751936529389,0.746676862239838,65.2610778808594,3.34603881835938,0.573852300643921,127.027789,4780288.5,25005568.0,0.989585041999817,,,139558.9411,,5039700119943.187,144055292198.46805,144055292198.46805,10.589907037030793,18.658460659199566,25.693463036423886,12.86712009843001,11.478408655096516,8.537468842113324,436865.0,12.987379501865602,761.6282333278148,3053.885512010911,647205.37089057,13.380418943348614,,73248.69057061688,,0.29212276810888965,,,,845893870292.5249,27.46365973985647,,,,,0,0,other
JPN,2001,96102.98,107.535575371169,39748.9837725849,,28.980356724435,21.1341691111698,52408.0,386767.0,127149000.0,2.92348,5136.2064,19.2772303804527,0.749795019626617,64.7689666748047,3.36086773872376,0.572087109088898,127.260148,4798745.5,25493442.0,0.98855996131897,,,143287.3648,,5054043537700.397,147753952015.9636,147753952015.9636,10.590339554286114,18.660870185074774,25.718814240867882,12.86557772351323,11.473175603842847,8.544070031478212,439175.0,12.992653245881584,755.8296172207409,3041.8406751134494,653063.5075536,13.389429658588714,-0.10364060985253616,74090.1969934735,1.1422857696929967,0.2879554169715012,2.85841,25.693463036423886,0.29212276810888965,866763741764.6097,27.48803227574365,27.46365973985647,1.0835307894736843,0.0872559204265139,0.09454447634599358,0,0,2001-05
JPN,2002,98708.49,106.039903891341,39690.3676794625,,27.5513213226074,20.5834886703527,51586.0,369458.0,127445000.0,2.96514,4891.16889,20.1432481553025,0.749776601791382,63.7553253173828,3.37576270103455,0.557095766067505,127.484598,4800759.0,25875438.0,0.990958333015442,,,145389.8274,,5058338908909.099,149986830323.62723,149986830323.62723,10.588863809515066,18.663195456945832,25.733813329345725,12.81979234579207,11.499926239959299,8.495186590713987,421044.0,12.950492620267541,774.5183412452432,2898.960335831143,623355.0191860499,13.342871489695545,0.2423188385687532,75299.73341209005,1.6193365190218856,0.28797998110031353,2.92348,25.718814240867882,0.2879554169715012,886736010823.5454,27.51081315469171,27.48803227574365,1.1486007894736843,0.08308856928912542,0.09543559628172837,0,0,2001-05
JPN,2003,101127.66,104.168261683526,40152.1282635641,,26.8419714536719,20.7289803810477,54909.0,358184.0,127718000.0,2.99319,5113.02549,21.0750119103347,0.741451859474182,63.5438690185547,3.39072346687317,0.550133347511292,127.671251,4874457.0,26226804.0,0.996456146240234,,,149018.6344,,5128149517565.879,153495258544.8301,153495258544.8301,10.600430725779859,18.66533526643363,25.756935514537826,12.788802099827752,11.524138958093957,8.539546580399081,413093.0,12.931428028191663,791.8042875710549,2804.491144552843,653025.38953182,13.389371288868436,0.5532642844497995,76710.107132077,1.8556880100280893,0.2991450426753616,2.96514,25.733813329345725,0.28797998110031353,907220867744.8436,27.533651772019596,27.51081315469171,1.190260789473684,0.08311313341793777,0.09892630379766625,0,0,2001-05
JPN,2004,103608.39,102.863635158623,40986.7225710497,,26.3655086721928,20.9682846642218,54665.0,368416.0,127761000.0,2.98125,5117.27802,23.4324185456932,0.73605740070343,63.6831855773926,3.40575051307678,0.543767869472504,127.815774,4981018.0,26562598.0,1.00392937660217,,,151668.4468,,5236504662399.881,156113295247.79645,156113295247.79645,10.621003453508541,18.665671889016355,25.77384783219132,12.81696801347339,11.548373590084433,8.540377939945897,423081.0,12.95531892905837,810.9547514499731,2883.634285893191,653788.55711322,13.390539270997976,0.7471824850388911,78215.59105184354,1.9435527187621204,0.30644717320814746,2.99319,25.756935514537826,0.2991450426753616,927251032830.9136,27.55549016718005,27.533651772019596,1.218310789473684,0.09427819499298587,0.11486014217205853,0,0,2001-05
JPN,2005,111936.4,101.516633975017,41740.352036905,,26.8812203983288,21.0747523378016,59118.0,367960.0,127773000.0,3.13092,5322.47485,25.9909279228382,0.74609237909317,63.9229202270508,3.42084431648254,0.546317756175995,127.91333,5070871.0,26921680.0,1.01189315319061,,,162156.2449,,5333290000811.463,166981043293.40628,166981043293.40628,10.639223614637432,18.66576580998193,25.841146129706917,12.815729515591094,11.625686131842444,8.579693671533361,427078.0,12.964721945317894,876.0567569048234,2879.7946357994256,680068.5790090499,13.429948923551017,0.790130867444333,79327.89963269101,1.4120888889381789,0.29290585388042417,2.98125,25.77384783219132,0.30644717320814746,955144421199.6827,27.585128392380685,27.55549016718005,1.2063707894736844,0.1015803255257717,0.12254353749951906,0,0,2001-05
JPN,2006,112743.45,100.562507609805,42358.9337348253,,27.0500919406696,21.1496838498907,61614.0,347060.0,127854000.0,3.22766,5352.83117,29.714872929485,0.731837093830109,64.2040176391602,3.43600463867188,0.551968216896057,127.997247,5140460.5,27265270.0,1.00951302051544,,,169460.5275,,5415759113732.3545,174802290610.29373,174802290610.29373,10.653934627888273,18.66639954587611,25.88692140425987,12.757252954644494,11.632870162551068,8.585380890572262,408674.0,12.920673051184256,881.8140222441222,2714.502479390555,684380.87640918,13.4362698784841,-0.23549287679898254,80064.4677548132,0.9242266455959935,0.3121973392010402,3.13092,25.841146129706917,0.29290585388042417,986675048630.024,27.617606590793457,27.585128392380685,1.3560407894736843,0.08803900619804841,0.11938448346928016,0,0,2006-10
JPN,2007,108597.61,99.5863541206732,43041.5697058021,20.0653051826321,26.4579409373725,21.7466002143705,62793.0,333498.0,128001000.0,3.29257,5344.2381,32.4957200262739,0.724536001682282,64.4457550048828,3.45123267173767,0.548989593982697,128.087682,5216743.5,27554710.0,1.01439166069031,,,175434.1287,,5509363963912.375,181399665066.5897,181399665066.5897,10.669921665030335,18.667548634353373,25.92396852824531,12.717392147318334,11.595404678873324,8.583774268864671,396291.0,12.889904068852518,848.4121999046882,2605.432770056484,684067.8210380999,13.43581234525377,0.48210270665471344,80947.82192566055,1.0972616257365786,0.32222382669301053,3.22766,25.88692140425987,0.3121973392010402,1020073456402.1101,27.650895756712195,27.617606590793457,1.4527807894736844,0.10733049151866444,0.15592767620308393,0,0,2006-10
JPN,2008,106636.97,98.6866259224364,42518.8423408417,18.8248542197178,26.38694574012,21.2913565701219,60892.0,330110.0,128063000.0,3.29224,5125.12165,33.7738026089171,0.707285165786743,64.2170867919922,3.46652793884277,0.560106575489044,128.15599,5152876.0,27765272.0,1.00160491466522,,,173268.7749,,5445090506695.211,179265447697.6224,179265447697.6224,10.657702605858567,18.668032888299354,25.912133492337006,12.707181211232783,11.577185541095584,8.541909540310266,391002.0,12.876467954043935,832.6914877833567,2577.7156555757715,656338.45386395,13.394431870645345,-1.2685455572734614,80241.50981328162,-0.8763813652075569,0.3463213481747725,3.29257,25.92396852824531,0.32222382669301053,1046327885639.416,27.676307898645486,27.650895756712195,1.5176907894736842,0.11735697901063477,0.17811160612489688,0,0,2006-10
JPN,2009,107477.28,98.2275064634293,39999.9464203408,20.4459731275094,24.6839915836557,19.0562872563114,53281.0,295315.0,128047000.0,3.1959,5114.01193,24.1730393019729,0.688595294952393,63.2816162109375,3.48189091682434,0.570272445678711,128.19247,4859510.5,27817134.0,0.962928235530853,,,158622.4921,,5121873139285.378,163689943658.4214,163689943658.4214,10.596633393603696,18.66790794198706,25.821239887905787,12.595797862242831,11.585034755375332,8.5397394886603,348596.0,12.761668937532919,839.3580482166705,2306.3015923840467,654833.8856007099,13.392136872683084,-3.938001990168772,76791.82029424985,-4.394283179791714,0.37310156087423024,3.29224,25.912133492337006,0.3463213481747725,1053068646451.9249,27.682729538267896,27.676307898645486,1.5173607894736842,0.14145450049239675,0.2146375125417488,0,0,2006-10
JPN,2010,107213.21,96.3616291531291,41647.0458542008,19.1226872782363,23.5635108507554,20.8748350451523,54517.0,290081.0,128070000.0,3.10495,5117.18164,28.2400150860666,0.69497412443161,62.9963493347168,3.49732208251953,0.551162242889404,128.185275,5058649.0,27857126.0,0.995153784751892,,,160423.746,,5333737162547.496,165609872028.5185,165609872028.5185,10.636985717209159,18.668087547402255,25.832900690819528,12.577915473307613,11.58257474763888,8.54035910553681,344598.0,12.750133799228596,837.1453892402593,2265.019130163192,655357.4526348,13.392936094974791,3.29183955089717,80300.6690613454,4.467982504363199,0.36388066514409173,3.1959,25.821239887905787,0.37310156087423024,1060718221512.6545,27.689967362072096,27.682729538267896,1.4210207894736842,0.16823471319185448,0.23906502495676787,0,0,2006-10
JPN,2011,109048.37,94.8520921157718,41640.6608721251,18.392253763449,24.26348220664,19.681527391438,55030.0,287580.0,127833000.0,3.20537,5123.33234,29.9713853558472,0.689626693725586,62.8651466369629,3.50793290138245,0.561342477798462,128.096432,5059853.5,27924010.0,0.994750142097473,,,165651.3114,,5323050601266.368,170623467057.81177,170623467057.81177,10.63683239369146,18.666235282538146,25.862725018568714,12.569256361381733,11.59954682424617,8.541560353980323,342610.0,12.744348053004265,853.0533586789013,2249.6538452512264,654930.94301922,13.392285078554195,-0.04056906009469105,80487.42062465742,0.232295374184055,0.371604851383008,3.10495,25.832900690819528,0.36388066514409173,1072233955343.5681,27.700765396690823,27.689967362072096,1.3300707894736843,0.15901381746171597,0.2114996337285289,0,0,2011-15
JPN,2012,107470.11,94.1019971609959,42394.9433175064,18.2382479591573,24.7607776450496,19.7322355919965,55783.0,287013.0,127629000.0,3.1737,5048.63399,30.174299547803,0.68524569272995,62.7342987060547,3.51857590675354,0.55913120508194,127.928285,5129414.0,28024686.0,1.00146508216858,,,166269.9037,,5410824220670.023,171723328291.40454,171723328291.40454,10.65478437272828,18.664638175779704,25.869150462198593,12.567282789883166,11.58496804137613,8.526872988648783,342796.0,12.744890797026247,842.0508661824507,2248.8070892978867,644352.10750971,13.376000606464212,0.6727696810485971,81764.10840319065,1.5737468061134408,0.37797782951042347,3.20537,25.862725018568714,0.371604851383008,1083122190333.4374,27.710868903375697,27.700765396690823,1.430490789473684,0.16673800370063221,0.23851717854898344,0,0,2011-15
JPN,2013,106967.6,93.9344882922901,43304.1181931426,17.7587589107099,25.5195914592327,19.1807146120723,56705.0,271731.0,127445000.0,3.27895,5166.83422,33.5913694460807,0.694311916828156,63.2569694519043,3.52925133705139,0.553324937820435,127.723645,5232263.5,28176042.0,1.01748061180115,,,175228.414,,5518893343125.06,180961753274.39914,180961753274.39914,10.67600301785473,18.663195456945832,25.921551538007336,12.512567885335823,11.580281263851417,8.550015443390818,328436.0,12.702097272964005,839.3236298010908,2132.143277492252,658487.1871678999,13.397700342372374,1.586557342938577,82714.41938074837,1.1555569775799412,0.3648339715675902,3.1737,25.869150462198593,0.37797782951042347,1101615615057.8208,27.72779895914948,27.710868903375697,1.3988207894736844,0.1731109818280477,0.24215124026727433,0,0,2011-15
JPN,2014,103354.33,95.562895987198,43754.438013293,17.7805347199635,26.4013974596737,19.4077759157435,60030.0,265959.0,127276000.0,3.36788,5351.53211,36.7643250218282,0.67695963382721,63.7834243774414,3.53995895385742,0.555949866771698,127.486605,5247762.0,28352516.0,1.01058149337769,,,180513.3931,,5568889852579.88,187553527567.06726,187553527567.06726,10.68634832694488,18.66186851472436,25.957330121972806,12.491097440545419,11.545918460700593,8.585138174593293,325989.0,12.69461891744827,812.0488544580282,2089.6241239510987,681121.60083236,13.43149613135338,-0.680368221389652,82274.6983439792,-0.5330316131818336,0.39014363291809806,3.27895,25.921551538007336,0.3648339715675902,1123926800366.2148,27.747849741050025,27.72779895914948,1.5040707894736842,0.15996712388521442,0.2406018783118691,0,0,2011-15
JPN,2015,100597.44,97.5432632233626,44589.3032854003,18.0454889300336,26.3727057954144,20.0740179719411,59882.0,258839.0,127141000.0,3.24071,5198.48902,34.7276305886293,0.701235353946686,64.1638793945313,3.55069923400879,0.545553267002106,127.275872,5329660.0,28550418.0,1.01847016811371,,,176408.1391,,5669128609009.08,183720017745.01816,183720017745.01816,10.705249272592528,18.660807264786893,25.936678792991295,12.463961525773229,11.518882089007883,8.55612328926806,318721.0,12.67207139092365,791.2273774785474,2035.8420965699497,660941.09249182,13.401419996090679,0.7775765036571194,83063.24446545617,0.9538670760898427,0.35491170800086336,3.36788,25.957330121972806,0.39014363291809806,1139057798056.3008,27.761222543668293,27.747849741050025,1.5930007894736842,0.1852767852357223,0.29514606515165187,0,0,2011-15
JPN,2016,101166.54,98.1140602852573,44926.6202909525,17.620423854837,26.1283959979179,20.02776765534,58137.0,260244.0,127076000.0,3.10665,5232.70894,30.6562793068554,0.686388552188873,64.8264923095703,3.56147217750549,0.552027106285095,127.159951,5369836.5,28752612.0,1.01634430885315,,,170385.8764,,5709095200093.08,177361606033.69168,177361606033.69168,10.712785777577949,18.66029589063476,25.90145645743275,12.469374931456407,11.524523348753489,8.56268438472216,318381.0,12.671004057805005,796.1105165412823,2047.9398155434544,664951.7212594401,13.407469717392647,-0.2089487821199335,82833.98204482604,-0.2763910782611845,0.37631140899397847,3.24071,25.936678792991295,0.35491170800086336,1145560734381.5474,27.766915357409612,27.761222543668293,1.4658307894736842,0.1500448603184876,0.21994037605711733,0,0,2016-19
JPN,2017,101854.44,98.1353315160988,45693.3776080987,17.5942774665502,26.4202937788324,20.1439342864069,58189.0,260292.0,126972000.0,3.16636,5319.83455,33.6888336792782,0.680302202701569,65.4842681884766,3.57227778434753,0.552249729633331,127.06469,5459799.0,28970244.0,1.02103507518768,,,176569.5149,,5801779541655.508,183705226695.16333,183705226695.16333,10.729708656274562,18.6594771476743,25.93659828110439,12.469559356741636,11.531300014224664,8.579197482228027,318481.0,12.671318097583864,802.1803232208676,2049.9952745487194,675470.0324826,13.423164071938052,0.460471393753813,83375.73513512626,0.6518933044842967,0.38521816379780865,3.10665,25.90145645743275,0.37631140899397847,1157431850919.4785,27.77722474507805,27.766915357409612,1.3317707894736843,0.1714445613116027,0.2283248587689226,0,0,2016-19
JPN,2018,101998.64,98.0183258646232,46133.0225978718,17.2970528139362,26.7334207731306,20.3304380979824,59937.0,253630.0,126811000.0,3.2192,5339.51713,35.8035749582494,0.668954372406006,66.5834808349609,3.58311605453491,0.563811123371124,126.913432,5494927.5,29188046.0,1.01808106899261,,,180671.0809,,5850174728658.721,188328824864.98154,188328824864.98154,10.739284297879648,18.658208346993412,25.961455340368197,12.443631791078694,11.532714758844184,8.582890502772011,313567.0,12.655768332329531,804.3359014596525,2000.0630860098886,677109.50677243,13.42558829180115,-0.2897341840947098,82526.88851789176,-1.0233159741051878,0.40203942386142266,3.16636,25.93659828110439,0.38521816379780865,1172145898146.5383,27.789857285808726,27.77722474507805,1.3914807894736843,0.1803513161154329,0.2509553917309206,0,0,2016-19
JPN,2019,100156.22,98.7853942704497,46055.3498672487,17.0303844450023,27.1778545672026,20.0537040210689,62597.0,245372.0,126633000.0,3.21824,5376.11987,34.3582972799989,0.657060921192169,67.2273101806641,3.59398722648621,0.574065268039703,126.699424,5472828.0,29401234.0,1.01419842243195,,,179890.8932,,5832127119739.305,187691847818.2982,187691847818.2982,10.737599210120193,18.65680369721463,25.95806734762071,12.41053070531961,11.514486446005154,8.589722179201429,307969.0,12.637754407539576,790.9172174709594,1937.662378684861,680794.18749771,13.431015318451784,-0.3820981612909705,81407.80860178001,-1.3652964492353092,0.4199785384764541,3.2192,25.961455340368197,0.40203942386142266,1184015861242.8557,27.799933048620613,27.789857285808726,1.444320789473684,0.1971725761790469,0.2847804508894811,0,0,2016-19
JPN,2020,100403.47,100.0,44212.5503415724,18.6333487896777,27.1366986094286,19.7836247262101,61124.0,227348.0,126261000.0,3.26556,5450.44287,30.5192226892273,0.64131236076355,66.7847595214844,3.60489130020142,0.587774455547333,126.304543,5245863.5,29553106.0,0.985454976558685,,,174926.4424,,5582320818677.273,182294035726.39758,182294035726.39758,10.69676397214068,18.65386175103713,25.928886801290542,12.334237162205445,11.51695204739551,8.603452144906289,288472.0,12.572353306494104,795.2057246497335,1800.6193519772535,688178.36720907,13.441803337979144,-2.8750408217007006,78548.8116987593,-3.5750960548998734,0.4442386384714372,3.21824,25.95806734762071,0.4199785384764541,1188707517782.825,27.803887713286528,27.799933048620613,1.4433607894736844,0.21511169079407835,0.31048377984956,0,0,2020-23
JPN,2021,106309.76,99.9557539623753,45999.4617966896,18.0039913482614,27.0778849895601,19.6763666364,66748.0,222452.0,125681593.0,3.27383,5589.76698,35.4253927340539,0.633846640586853,67.1171569824219,3.62192320823669,0.585427045822144,125.679338,5380121.5,29706136.0,1.0,,,180098.4031,,5781285635750.591,189269463528.89355,189269463528.89355,10.73638497533082,18.649262226879053,25.966437569570935,12.312466626978217,11.574112375731424,8.628692880128238,289200.0,12.574873769266746,845.8657903866638,1769.9648348664707,702530.8185451992,13.462444549043015,1.4651839319665836,80160.15191777362,2.030629588914401,0.45594824562429964,3.26556,25.928886801290542,0.4442386384714372,1199670853644.2947,27.813068346468743,27.803887713286528,1.490680789473684,0.23937179078906143,0.3568269300711676,0,0,2020-23
JPN,2022,102422.96,100.591027245651,46819.360613609,18.2592615351902,27.8346611372941,18.8237454364041,,,125124989.0,3.40053,5629.79566,44.86063102004,0.640356779098511,67.6910705566406,3.63912701606751,0.587487876415253,124.997578,5431488.0,29845872.0,0.997666299343109,,,188830.8444,,5858271981764.859,199212296221.50854,199212296221.50854,10.754052084685293,18.644823707687568,26.017636908211433,,11.536866185204277,8.63582842562604,,,818.5651868468896,,704428.1200297477,13.465141575349332,-0.23364279802660878,80239.357352979,0.09876020444608002,0.4457297906141906,3.27383,25.966437569570935,0.45594824562429964,1218932521819.159,27.828996609537977,27.813068346468743,1.498950789473684,0.25108139794192386,0.376358659667203,0,0,2020-23
JPN,2023,96543.44,105.186995520129,47387.2172542523,17.1028060703212,27.8476964708059,19.4882904000273,,,124516650.0,3.44125,5608.63075,43.5950833802735,0.639849066734314,67.9327163696289,3.6565043926239,0.587487876415253,124.370947,5522683.5,29998940.0,1.00498747825623,,,193910.5303,,5900497545321.694,203050871778.3828,203050871778.3828,10.766107793133138,18.639949999867074,26.0367223844868,,11.477748341477929,8.63206189564228,,,775.3456264684281,,698367.9120769876,13.456501337545083,0.7311509967148325,81296.37375238331,1.3087277706263833,0.4465229636690825,3.40053,26.017636908211433,0.4457297906141906,1239143515324.668,27.84544154344521,27.828996609537977,1.625650789473684,0.24086294293181484,0.3915590333320597,0,0,2020-23
KOR,2000,15875.05,67.6890692285431,26404.1588575745,,31.4951209990461,26.591050957139,29179.0,72831.0,47008111.0,2.0494,2324.08478,64.0588155729056,0.6907919049263,21.2578907012939,3.1921694278717,0.529842376708984,46.766661,1296173.625,5406002.5,0.818933725357056,1.517561089,,,,1241209630438.4954,25437350166.20652,25437350166.20652,10.18127680921135,17.665830719253158,23.959484409859897,11.195896967723217,9.672503973362232,7.751081597512956,102010.0,11.532826126676564,337.7087413701861,1549.3283701614812,109250.83531165059,11.601401758801838,,60973.76466994,,0.3699166511825883,,,,106595507157.26657,25.39230720104762,,,,,0,0,other
KOR,2001,18435.81,70.0856822344375,27440.6564915847,,30.5058350146188,25.1376270244517,30898.0,73714.0,47370164.0,2.19872,2906.71111,60.4277386641693,0.686028361320496,21.6788730621338,3.21872901916504,0.535791516304016,47.043468,1357429.75,5745667.0,0.820868313312531,1.675063745,,,,1299868398274.032,28580466446.530792,28580466446.530792,10.219781006174067,17.67350313700076,24.07598933004731,11.207948019431882,9.822050247864098,7.974777518255637,104612.0,11.558013546786153,389.1861130140905,1556.127185880125,137691.38198132205,11.832770097292123,0.23595395144170583,62615.328117355166,2.656642195673875,0.3768363090780584,2.0494,23.959484409859897,0.3699166511825883,119186647530.20738,25.503956567939216,25.39230720104762,0.2745207894736841,0.16504980350021256,0.04530960235935478,0,0,2001-05
KOR,2002,20150.89,72.1950241675327,29395.2766036796,,30.187571612987,24.7767716060025,29566.0,76570.0,47644736.0,2.13042,3007.81714,56.6688767960273,0.710735261440277,22.2760200500488,3.2455096244812,0.532225131988525,47.29912,1462549.125,6112896.5,0.847418367862701,1.595542146,,,,1400530193429.291,29837175346.8563,29837175346.8563,10.288589280680826,17.67928270976891,24.119020947843534,11.245960634107169,9.91100373513391,8.008969891998465,106136.0,11.572476569596752,422.94053219226566,1607.1030386231964,143306.65357157504,11.872742043803099,3.1831814836256465,65655.76443700481,4.74152962465304,0.34145526529596515,2.19872,24.07598933004731,0.3768363090780584,131145825747.53256,25.599575714674483,25.503956567939216,0.423840789473684,0.17196946139568262,0.07288767228331033,0,0,2001-05
KOR,2003,23773.21,74.7685914082885,30142.4605585814,,31.0719624895722,24.4315182881075,28338.0,90313.0,47892330.0,2.19657,3189.96825,59.4242945541732,0.700656652450562,22.2679061889648,3.27251291275024,0.537079870700836,47.51416,1507518.625,6500600.0,0.851898908615112,1.671407192,,,,1443592668083.5647,31709523469.323154,31709523469.323154,10.313690106492025,17.684465924298767,24.179882897610906,11.411036693605743,10.076314595409924,8.067766242751302,118651.0,11.683941689978415,496.3886701691064,1885.7508081147857,152775.01211852249,11.936721609085794,0.5273354419957549,67699.16363969028,3.064842343857066,0.3557373087266743,2.13042,24.119020947843534,0.34145526529596515,143183475354.72583,25.687392689246817,25.599575714674483,0.35554078947368417,0.1365884176135894,0.048562753831296844,0,0,2001-05
KOR,2004,27625.82,77.2066700593696,31579.5283048867,,30.9148949506372,26.4144323811178,34865.0,105250.0,48082519.0,2.35292,3281.04385,67.9270638751076,0.695138275623322,22.6818008422852,3.29974102973938,0.52906084060669,47.697075,1585662.875,6895688.0,0.8644739985466,1.805077542,,,,1518423269730.7524,35727284798.14882,35727284798.14882,10.360264351184044,17.688429238665744,24.299180513878916,11.564093751544627,10.226506121637433,8.09591689769959,140115.0,11.850218792975058,574.550181116759,2188.9452172836454,157760.85325745813,11.968835578401059,1.465335987242447,69909.0379121874,3.212111270082474,0.36364449547541106,2.19657,24.179882897610906,0.3557373087266743,157433238849.66577,25.78226732502986,25.687392689246817,0.4216907894736841,0.15087046104429855,0.06362068382602895,0,0,2001-05
KOR,2005,32032.77,78.0852311236939,32886.0472450743,,30.4585673582197,26.0918099370413,38733.0,122188.0,48184561.0,2.42725,3763.23464,66.1695148242697,0.705442726612091,22.8313007354736,3.32719564437866,0.538777351379395,47.851644,1654769.875,7286868.5,0.879054725170136,1.865424038,,,,1584599749529.1643,38462197420.44664,38462197420.44664,10.400803750904968,17.69054921650692,24.37294171069191,11.713316121225061,10.374514720287566,8.23303414315386,160921.0,11.988668840312375,664.7932311762683,2535.8330026084495,181329.80906839305,12.108072801696505,1.6725926386911976,72478.12527951768,3.6089857427551664,0.3489296922573734,2.35292,24.299180513878916,0.36364449547541106,172280450442.66254,25.872389511725274,25.78226732502986,0.5780407894736843,0.1587776477930353,0.09177995688106072,0,0,2001-05
KOR,2006,37086.16,77.9577961881717,34429.6222013137,,30.5042866575012,25.7222784544775,40713.0,125476.0,48438292.0,2.61516,4173.2456,68.3749509402263,0.699661910533905,23.1881008148193,3.35487866401672,0.547596454620361,48.006518,1741562.625,7688607.0,0.890057265758514,2.020419194,,,,1667712093636.9158,43613339587.95517,43613339587.95517,10.446672583321849,17.695801215911906,24.498628894359246,11.739869784206459,10.520999133174522,8.33644933340079,166189.0,12.020880973894247,765.6372359289632,2590.4299020287503,202144.8889605152,12.216739991348422,1.2438650016354122,75105.87602271349,3.5614002303885783,0.35715804556509795,2.42725,24.37294171069191,0.3489296922573734,190051722464.21832,25.97056209555669,25.872389511725274,0.6523707894736841,0.14406284457499766,0.09398239164921587,0,0,2006-10
KOR,2007,41128.89,79.9153400170038,36257.3401689702,32.4282584168837,30.0691213268305,25.9241510203287,43768.0,128701.0,48683638.0,2.75895,4614.74679,71.3239614988013,0.707510352134705,23.560998916626,3.3827919960022,0.53828501701355,48.178118,1843304.0,8105177.0,0.913276493549347,2.103483848,,,,1765139223629.0042,48699308610.31241,48699308610.31241,10.498397127204878,17.70085355624111,24.608930670020676,11.765247163561801,10.624466073260006,8.437012278692823,172469.0,12.057972789158821,844.8195675105463,2643.6191970698655,224662.66218602203,12.322355276969658,2.575287123218031,78235.39258767413,4.082333744295674,0.346003017579275,2.61516,24.498628894359246,0.35715804556509795,210243272704.89798,26.071531138640232,25.97056209555669,0.8402807894736841,0.1522911978827222,0.12796736798678685,0,0,2006-10
KOR,2008,43712.38,82.2640127046398,37064.1518484106,30.4501393108657,30.8917515930741,26.0793572324032,43518.0,127114.0,49054708.0,2.86774,4892.49313,92.0833544961819,0.69260036945343,23.7746028900147,3.41093754768372,0.537844598293304,48.356493,1898684.25,8495607.0,0.928429543972015,2.161317918,,,,1818171146191.4421,52140421227.79046,52140421227.79046,10.520405524012617,17.70844672305962,24.677206324202995,11.752839600600128,10.685386636157682,8.49545729507916,170632.0,12.047264469720858,891.0944898499854,2591.2701386378653,239999.82188415603,12.388393460174504,1.6455820916820352,79861.87019752261,2.0576384013955007,0.36730211358422926,2.75895,24.608930670020676,0.346003017579275,230847203026.95374,26.16502186985007,26.071531138640232,0.9840707894736842,0.14113616989689923,0.13888798213373366,0,0,2006-10
KOR,2009,45734.84,85.1446530301067,37176.1939270969,32.1484365401841,30.8870549838266,26.3042343079035,36207.0,127316.0,49307835.0,3.02145,5037.92837,83.1246099057162,0.684100806713104,23.6875019073486,3.43931722640991,0.529808759689331,48.546687,1914250.875,8872521.0,0.924860417842865,2.243745378,,,,1833077636085.2961,55385524235.49918,55385524235.49918,10.523423887210669,17.713593551334977,24.73758410116796,11.754427464000214,10.730615649669565,8.52475023886785,163523.0,12.004708932208832,927.5369725724116,2582.06429059398,248409.34080977892,12.422833232238554,-0.38516698575254416,80812.69533982137,1.1835553915064523,0.37964999398315963,2.86774,24.677206324202995,0.36730211358422926,251605646808.40985,26.251128805115478,26.16502186985007,1.0928607894736841,0.1624352659018535,0.17751913293186744,0,0,2006-10
KOR,2010,50064.7,87.4596600887961,39574.0500732947,32.1343974843399,30.4627998691082,28.0990056835275,38296.0,131805.0,49554112.0,3.17913,5429.43919,88.0278677123124,0.699791848659515,24.032901763916,3.467933177948,0.513478875160217,48.769332,2047897.5,9281741.0,0.956678032875061,2.377976513,,,,1961056909625.6536,62344548530.98203,62344548530.98203,10.58592888125948,17.71857580217899,24.855942071905623,11.789078836598053,10.821071447913823,8.599591127667907,170101.0,12.04414765726144,1010.3036454371334,2659.8196331315553,269051.0377184493,12.50265637188262,3.3824074572453218,85212.24445209518,5.30110640085848,0.35697234721653903,3.02145,24.73758410116796,0.37964999398315963,276209348318.13043,26.344424923540473,26.251128805115478,1.2465707894736844,0.17478314630078387,0.21787956467086264,0,0,2006-10
KOR,2011,53291.76,88.574996543707,40719.2273771671,28.2133210437189,30.579957304265,29.0005575131874,40890.0,138034.0,49936638.0,3.44409,5908.82443,101.68061646213,0.685391902923584,24.5265998840332,3.49225950241089,0.519022107124329,49.127643,2123424.5,9679358.0,0.961033284664154,2.635919819,,,,2033381317173.283,70031482606.63333,70031482606.63333,10.614455677006259,17.726265519764812,24.972210729411202,11.835255310605154,10.883537001579757,8.684202178600989,178924.0,12.094716413657268,1067.187582792418,2764.182883116801,295066.82656646636,12.59495714040153,0.45421427480208454,86576.3909404478,1.588201872965378,0.3777644832624404,3.17913,24.855942071905623,0.35697234721653903,304809428677.0442,26.44295259426026,26.344424923540473,1.404250789473684,0.15210549953416327,0.21359426780413784,0,0,2011-15
KOR,2012,55711.68,89.7194589335156,41537.6728611117,28.2220757644767,29.8554284944494,28.7408682052811,40779.0,148136.0,50199853.0,3.6852,6393.34374,101.51727207905,0.667213797569275,24.9549980163574,3.51675653457642,0.520406246185303,49.599579,2177522.25,10048379.0,0.956438481807709,2.872577227,,,,2085185071589.8967,76843240258.23088,76843240258.23088,10.634356074221731,17.731522656370817,25.065033342857095,11.905886049717651,10.927945098726033,8.76301268750522,188915.0,12.149052457430725,1109.7976721166892,2950.9249758161645,320944.9159264702,12.679024785911764,-0.47925729406050677,87257.9612538012,0.7841646916244116,0.4046447483413599,3.44409,24.972210729411202,0.3777644832624404,335931254633.71844,26.54017237667191,26.44295259426026,1.6692107894736843,0.17289763558006463,0.28860259878473304,0,0,2011-15
KOR,2013,56751.39,90.6857718875055,42709.9751857887,29.8181999078998,29.2348610530955,28.8654766941182,44611.0,159978.0,50428893.0,3.77487,6457.88851,94.1675235855873,0.620577394962311,25.2992000579834,3.54142546653748,0.521607935428619,50.071164,2249193.25,10414791.0,0.961220502853394,2.963828638,,,,2153816768676.7937,81303783055.74968,81303783055.74968,10.662187782842338,17.736074842592465,25.121458384468635,11.982791584761973,10.94643542843576,8.773057687310418,204589.0,12.228758367613498,1125.3744951331769,3172.348042619139,325664.1686767194,12.693621971938608,0.49873632342152596,88903.7299537163,1.8685294992680568,0.47710495211994786,3.6852,25.065033342857095,0.4046447483413599,366845349494.41034,26.62820620516743,26.54017237667191,1.9103207894736842,0.19977790065898413,0.38163987690626583,0,0,2011-15
KOR,2014,59378.7,91.6391387820936,43806.9250985661,30.0608682657817,29.1925808527488,28.2760755546832,46219.0,164073.0,50746659.0,3.88983,6867.33385,86.9342577972039,0.622738361358643,25.8971004486084,3.56626725196838,0.528251647949219,50.539056,2321497.5,10792130.0,0.965267717838287,3.042717576,,,,2223055089815.475,86473063800.16928,86473063800.16928,10.687547191140098,17.7423563412068,25.183098801234724,12.008066729720168,10.991690855184867,8.83453122401094,210292.0,12.256252320073257,1170.100675987359,3233.178365495943,348494.24912510713,12.761377007253467,0.4201656564023264,89643.14381862574,0.8282621547795799,0.473628814121447,3.77487,25.121458384468635,0.47710495211994786,398291610870.4181,26.7104502645733,26.62820620516743,1.9999907894736841,0.2722381044375721,0.5444737014189192,0,0,2011-15
KOR,2015,61888.47,94.597674478002,44849.106767089,31.2119270912605,29.1800840544677,27.8215922094514,46419.0,167275.0,51014947.0,3.78907,7020.43916,75.3881774564907,0.659733355045319,26.2476005554199,3.59128332138062,0.529356598854065,50.983912,2389292.25,11195962.0,0.962718307971954,2.937564655,,,,2287974804720.3867,86692966933.21875,86692966933.21875,10.711058951281682,17.74762922618088,25.18563859787182,12.027394443651017,11.033089173148142,8.85658105346772,213694.0,12.272300364169983,1213.1438654635865,3278.940973907118,358147.3316641245,12.788699721684324,-0.2644636753696895,91028.97786619327,1.534117399402568,0.4159195331017787,3.88983,25.183098801234724,0.473628814121447,425240836173.0741,26.775921518720526,26.7104502645733,2.114950789473684,0.26876196643907124,0.5684183331008135,0,0,2011-15
KOR,2016,61914.97,96.548710224339,46088.2430785383,30.5250266717443,29.8662168895967,27.5129940831191,45406.0,163424.0,51217803.0,3.78638,7057.16003,69.8997221316919,0.668592691421509,26.4659996032715,3.62420678138733,0.52611917257309,51.297839,2465069.25,11645592.0,0.968788385391235,2.943354519,,,,2360538554612.688,89378959724.14389,89378959724.14389,10.738313165624536,17.75159774441469,25.21615114158497,12.00410332944737,11.033517271113832,8.86179798751855,208830.0,12.249275802830821,1208.8564204911327,3190.7655234645654,361452.2321560141,12.797885173968965,0.6285349591217314,93140.98416654134,2.2936410111492833,0.40258023622323563,3.78907,25.18563859787182,0.4159195331017787,450833670471.25684,26.83436430680921,26.775921518720526,2.0141907894736844,0.21105268541940295,0.42510037506544834,0,0,2016-19
KOR,2017,62977.5,98.4978551044644,47536.7898568851,32.546316460744,31.6985138146943,28.0322405682167,45691.0,159084.0,51361911.0,4.07341,7453.21918,73.1921408264016,0.663235127925873,26.7868995666504,3.65777683258057,0.521432936191559,51.48627,2549699.75,12173519.0,0.980870187282562,3.234533681,,,,2441580369855.035,99455578943.71199,99455578943.71199,10.76925921353719,17.754407424597705,25.322976938648946,11.97718764358685,11.050532798725827,8.916401322741242,204775.0,12.229667094383803,1226.1518073188515,3097.3146618318,382811.58018665295,12.855298189374674,1.2393920368068443,95184.57870258219,2.1703636229792878,0.4106257092449031,3.78638,25.21615114158497,0.40258023622323563,482664198844.2803,26.90258700831921,26.83436430680921,2.011500789473684,0.19771338854085987,0.39770063713945686,0,0,2016-19
KOR,2018,64793.42,99.0559262947421,48834.4471157733,36.3912233579129,30.4949863588202,27.7672237489814,47431.0,162561.0,51585058.0,4.27155,7918.46916,74.7075162140824,0.66531902551651,26.8222045898438,3.69200992584229,0.528244853019714,51.640894,2630681.25,12649840.0,0.993110656738281,3.429761182,,,,2519127786865.098,107605802979.8361,107605802979.8361,10.79619122634259,17.75874261487384,25.401740414259237,11.998808594928136,11.078959333974629,8.976953178247173,209992.0,12.254824713735868,1256.0501531276752,3151.3195158179333,408474.69088981126,12.920185235156737,1.240197075211422,98078.48721712103,2.995010784243135,0.40748861574477196,4.07341,25.322976938648946,0.4106257092449031,517870371997.47437,26.97299080077974,26.90258700831921,2.298530789473684,0.20575886156252735,0.47294307850852246,0,0,2016-19
KOR,2019,67687.84,98.4376085392717,49790.8679884821,32.4050621736765,30.112526532099,26.370175590513,47372.0,171603.0,51764822.0,4.36379,8328.96727,71.4470632403511,0.666869461536408,27.1275596618652,3.72692227363586,0.543439209461212,51.767846,2691549.75,13079924.0,0.99475109577179,3.504207677,,,,2577415418649.274,112472996297.47516,112472996297.47516,10.815586872472467,17.76222136455961,25.445978996867044,12.052938948400664,11.122661826814756,9.027494750284205,218975.0,12.296712847031289,1307.603066808575,3315.0505182844054,431147.50817537593,12.974205556879543,0.16504562289787178,99218.27777909818,1.1554201024017274,0.405160962060651,4.27155,25.401740414259237,0.40748861574477196,552662812495.3284,27.038013910177202,26.97299080077974,2.4966707894736846,0.2026217680623962,0.5058798496328966,0,0,2016-19
KOR,2020,69089.86,100.0,49374.0926148025,35.6022265413283,31.0409083655236,25.7002433607737,46282.0,180477.0,51836239.0,4.5214,8620.009,65.544957860621,0.672617256641388,26.9212226867676,3.76253128051758,0.548438251018524,51.858482,2672702.75,13517808.0,0.987356901168823,3.575466399,,,,2559367265189.0376,115719231528.25714,115719231528.25714,10.807181124612836,17.76360005722208,25.47443267624641,12.103358624813254,11.143163255138335,9.06184140774072,226759.0,12.331643058479672,1332.8486273859492,3481.6762072572433,446828.846706151,13.009930906998528,-0.7460974795393426,99278.65391172202,0.060833317645325735,0.39657882338691297,4.36379,25.445978996867044,0.405160962060651,585482622149.2863,27.095702339183827,27.038013910177202,2.588910789473684,0.20029411437827524,0.5185435937819929,0,0,2020-23
KOR,2021,72352.13,103.18051786298,51718.2518656631,36.014503674486,31.4877644393711,26.2480856022754,51753.0,186245.0,51769539.0,4.59673,9071.4503,75.3063047610912,0.674871742725372,27.2961273193359,3.79885363578796,0.538489878177643,51.848397,2795993.5,13986308.0,1.0,3.636849476,,,,2677430056971.2686,123074230657.8154,123074230657.8154,10.853566032346718,17.762312484067333,25.536053511568216,12.13481829024387,11.189300171847423,9.112887431098192,237998.0,12.380017549256959,1397.5811142533064,3597.5788774166986,469624.80009241175,13.05968935720125,1.272370291614567,102431.87494291132,3.1267360607174055,0.3932326169411687,4.5214,25.47443267624641,0.39657882338691297,620734459484.7087,27.154169225958412,27.095702339183827,2.746520789473684,0.1917119757045372,0.5265409268635853,0,0,2020-23
KOR,2022,71998.13,105.045867184315,53228.6035655365,36.118278931217,31.9338930962313,26.4977408590265,,,51672569.0,4.84753,9434.7613,90.5851475278549,0.686116337776184,28.1217231750488,3.83590793609619,0.545923173427582,51.782512,2872256.25,14436004.0,0.99735951423645,3.848094159,,,,2750458690513.8306,133329310160.26509,133329310160.26509,10.88235119184817,17.760437618400346,25.616087921133033,,11.184395425438685,9.152156158065551,,,1393.353018697406,,487518.3542727797,13.09708321850162,-0.2643977994896482,102136.5665297648,-0.28871375873098515,0.3767080770397516,4.59673,25.536053511568216,0.3932326169411687,660953600722.2676,27.216949478755254,27.154169225958412,2.821850789473684,0.18836576925879292,0.5315400946927427,0,0,2020-23
KOR,2023,71724.33,107.187224223523,54029.3434990785,30.2762799912651,31.4470154989809,25.4551420827792,,,51712619.0,4.94352,9471.82543,82.2580090716629,0.660838425159454,28.4401531219482,3.87371253967285,0.545923173427582,51.748739,2912586.0,14877307.0,0.976855278015137,3.914864301,,,,2793998855187.9736,138121892205.98853,138121892205.98853,10.897282576090193,17.76121239093359,25.651402409099155,,11.180585299572057,9.156076926844154,,,1386.979259356406,,489812.8996961012,13.101778759813469,-2.077278886736413,102411.05199086505,0.26838310594285986,0.4142459090116032,4.84753,25.616087921133033,0.3767080770397516,699932452819.9159,27.27424967136223,27.216949478755254,3.072650789473684,0.17184122935737586,0.5280080890490694,0,0,2020-23
LTU,2000,598.97,58.414194352898,15777.4293800236,,19.106143781843,16.9686972615363,61.0,66.0,3499536.0,0.58422,2215.11542,83.1914942748116,0.7126225233078,1.44385325908661,2.90480780601501,0.526659965515137,3.500402,49887.59375,288621.90625,0.640872299671173,0.125621374,,,173.2623444,55213682102.850266,322569373.5812718,322569373.5812718,9.666335677455578,15.068140946242702,19.59182878294677,4.189654742026425,6.395211513388777,7.703059789473787,127.0,4.844187086458591,171.1569762391357,18.859643106971895,7751.876156445121,8.955690177752215,,34551.70630120625,,0.33880341908593065,,,,1097589484.4404552,20.8163822343875,,,,,0,0,other
LTU,2001,638.61,58.2294667233707,16939.467059225,,20.5013949501313,17.4044141645943,55.0,68.0,3470818.0,0.66634,2313.80264,93.4871373685836,0.743004441261292,1.39086854457855,2.93794012069702,0.49775043129921,3.473004,53122.3671875,293308.84375,0.682885944843292,0.193908909,,,217.3836571,58793807179.5652,391766654.7603148,391766654.7603148,9.737401507216761,15.059900859012261,19.786176952043537,4.219507705176107,6.459293939412697,7.746647614574344,123.0,4.812184355372417,183.99409015396373,19.591923287248136,8030.78785135952,8.99103791562233,6.349763758965427,38193.66495458183,10.021272754879895,0.2970532568107867,0.58422,19.59182878294677,0.33880341908593065,1324717716.5347018,21.00446522956272,20.8163822343875,-1.1906592105263158,0.1339365714035549,-0.15947281236795818,0,0,2001-05
LTU,2002,1014.27,58.4129789777754,18223.4782620215,,20.6880451379643,16.4397429311965,46.0,85.0,3443067.0,0.65651,1830.39639,100.332229474818,0.768033385276794,1.44031083583832,2.9714503288269,0.49779400229454,3.44405,56692.109375,298974.875,0.705352187156677,0.110657669,,,232.7221318,62744656629.183586,411924945.2362532,411924945.2362532,9.810466056107996,15.051873201904776,19.836351718961843,4.442651256490317,6.92192442089633,7.512287828937031,131.0,4.875197323201151,294.5832886783789,24.687291882498947,6302.17740732813,8.748650472877532,3.236938014469215,39361.02399868627,3.0106425097974565,0.2639220763667837,0.66634,19.786176952043537,0.2970532568107867,1537935004.2907498,21.15370644724791,21.00446522956272,-1.1085392105263159,0.09218640912841095,-0.10219224919646464,0,0,2001-05
LTU,2003,963.16,57.9384663741822,20310.7119582322,,21.5317486962314,16.8104383534139,49.0,64.0,3415213.0,0.66316,1924.81452,98.0914043206711,0.787704169750214,1.47311770915985,3.00534272193909,0.494545727968216,3.415278,62674.1953125,306435.53125,0.756204664707184,0.139303748,,,264.0749473,69365407519.01007,460003636.50306714,460003636.50306714,9.918903708525873,15.043750420930708,19.946744952857618,4.1588830833596715,6.870219545453033,7.562584888832859,113.0,4.727387818712341,282.0204772001043,18.739680365470615,6573.651571292759,8.790824751799294,6.961482572730471,42545.27314605729,7.77926713767183,0.23863267871036312,0.65651,19.836351718961843,0.2639220763667837,1767248390.1502047,21.29268959207997,21.15370644724791,-1.1183692105263159,0.05905522868440796,-0.06604554948123238,0,0,2001-05
LTU,2004,1295.75,59.7468107300895,21875.6085796224,,22.8037215070817,18.2411904768666,44.0,70.0,3377075.0,0.74758,2164.46077,104.072070698543,0.757447004318237,1.4567357301712,3.03962182998657,0.504281640052795,3.376699,66749.296875,315780.0625,0.766773641109467,0.160210383,,,318.2312269,73875570844.02832,552278992.5157869,552278992.5157869,9.993127531621562,15.032520508182385,20.129563897783335,4.248495242049359,7.166844957069816,7.679926542439664,114.0,4.736198448394496,383.69002761265295,20.727996861189048,7309.546354847751,8.896936492657774,1.3879575343881678,45821.14345966884,7.417687273555629,0.27780170534207527,0.66316,19.946744952857618,0.23863267871036312,2054440124.1434608,21.44326920210226,21.29268959207997,-1.1117192105263158,0.03376583102798736,-0.03753812301319909,0,0,2001-05
LTU,2005,1587.29,63.5545649089062,23953.8150681702,,23.4031526577558,18.3520127917806,47.0,68.0,3322528.0,0.74799,2276.39834,117.449691165186,0.769691467285156,1.46786689758301,3.07429170608521,0.508270740509033,3.322263,71909.984375,326369.90625,0.797830164432526,0.152497077,,,346.7232617,79587221270.8174,595304456.3835871,595304456.3835871,10.083882883187519,15.01623649692304,20.204583524041485,4.219507705176107,7.369783438552051,7.730349797507125,115.0,4.74493212836325,477.73562781111247,20.466343699737067,7563.397223803521,8.931075736465893,3.9704112875995983,48989.44481506259,6.685923078394751,0.2617655362702922,0.74758,20.129563897783335,0.27780170534207527,2341578561.905529,21.574091137981252,21.44326920210226,-1.0272992105263157,0.07293485765969951,-0.07492592169365851,0,0,2001-05
LTU,2006,1846.33,67.6761219798138,26139.2837773621,,26.0125275452576,17.7017452878578,34.0,65.0,3269909.0,0.79381,2425.77892,124.613633047292,0.770930171012878,1.4638763666153,3.08921837806702,0.528496861457825,3.269808,77228.0703125,339997.65625,0.834390938282013,0.221803751,,,402.9139047,85473079277.15033,678493850.6099471,678493850.6099471,10.171194587314014,15.000272713740031,20.33538597398508,4.174387269895637,7.520955163983332,7.793907955920294,99.0,4.59511985013459,564.6426246112659,19.878229027168643,7932.076322518281,8.978670111696053,4.480629519363869,52755.86933004649,7.407017011813899,0.2601574788941601,0.74799,20.204583524041485,0.2617655362702922,2668835628.2296467,21.704908119945785,21.574091137981252,-1.0268892105263157,0.05689868858791644,-0.0584286494040282,0,0,2006-10
LTU,2007,1764.9,73.7074910676766,29381.9521464971,11.6013589276761,28.5825367058501,15.9468581456595,20.0,62.0,3231294.0,0.80111,2605.27005,116.295810328172,0.767309129238129,1.49378407001495,3.10421705245972,0.519052803516388,3.231374,85783.34375,357757.59375,0.876691222190857,0.228531563,,,465.138246,94941725679.2632,760587658.5891454,760587658.5891454,10.288135892261737,14.988393234167441,20.449601927438213,4.127134385045092,7.47584931053852,7.865291614841388,82.0,4.406719247264253,546.1898545907615,19.18735961506443,8418.3934809447,9.038174291044555,4.9452802748052225,57426.87010254532,8.483728095803578,0.2648655219960671,0.79381,20.33538597398508,0.2601574788941601,3029097942.584345,21.831530703425614,21.704908119945785,-0.9810692105263158,0.05529063121178432,-0.05424393591244692,0,0,2006-10
LTU,2008,2394.19,80.8689690744837,30457.3682543436,11.7990904690431,26.0480830824595,15.705525571996,18.0,87.0,3198231.0,0.78876,2624.8157,126.759707831841,0.753641128540039,1.47431552410126,3.11928868293762,0.535319566726685,3.198481,88013.25,372635.8125,0.874716341495514,0.187332314,,,489.6432962,97409699329.4576,768328744.4310297,768328744.4310297,10.324083222662074,14.978108402412788,20.45972825216812,4.465908118654584,7.780800248048043,7.872765963037111,105.0,4.653960350157523,748.5982094476603,27.202537902984496,8394.766941026699,9.035363807485625,-0.22551935635012343,59697.7028059531,3.8781226651142475,0.28283898112104217,0.80111,20.449601927438213,0.2648655219960671,3343061995.6277227,21.9301529891205,21.831530703425614,-0.9737692105263158,0.05999867431369135,-0.05842486171906877,0,0,2006-10
LTU,2009,2198.13,78.3704960027744,26227.5230201039,10.5429057899843,17.8342694449584,15.071657296282,16.0,91.0,3162916.0,0.82848,2666.31995,105.040251236614,0.71883362531662,1.3616544008255,3.13443350791931,0.536544024944305,3.163254,74953.3046875,375656.34375,0.789380729198456,0.202076434,,,446.9045673,82955452200.65495,687269330.3919861,687269330.3919861,10.174564635313915,14.967004944869064,20.348236811775926,4.51085950651685,7.695362277891569,7.888454504790693,107.0,4.672828834461906,694.9694522396421,28.77091898741541,8433.3460309742,9.039948891695483,-10.265090168119825,55045.762450486494,-8.112865686637427,0.33012534537190974,0.78876,20.45972825216812,0.28283898112104217,3528872026.6755505,21.984244117642696,21.9301529891205,-0.9861192105263158,0.07797213343866641,-0.07688981866959027,0,0,2006-10
LTU,2010,2253.58,80.0332996720228,26897.7243702338,11.2469941524538,17.0850047033206,16.9078105053769,6.0,108.0,3097282.0,0.79379,2736.49225,131.626507396009,0.679784774780273,1.28935384750366,3.14965200424194,0.505165815353394,3.09772,75273.5078125,378847.3125,0.803232669830322,0.23336221,,,460.2223999,83309837532.88647,661305159.3522995,661305159.3522995,10.199796966109407,14.946035510670518,20.309725954447664,4.68213122712422,7.720275341833396,7.914432178495183,114.0,4.736198448394496,727.5992305511736,34.86928216416845,8475.688189064498,9.044957131201425,1.7395671729455802,58380.79900117281,5.882216771671622,0.38597903858717975,0.82848,20.348236811775926,0.33012534537190974,3660846382.026517,22.020960209544896,21.984244117642696,-0.9463992105263158,0.12525849768953398,-0.11854454332508732,0,0,2006-10
LTU,2011,2348.1,84.5329951045238,29251.8774718539,10.6070246805609,18.7988664422637,18.2958187319647,15.0,93.0,3028115.0,0.90998,2748.0311,149.645306927215,0.748445153236389,1.29645752906799,3.17061185836792,0.479361414909363,3.028642,80033.53125,385664.6875,0.845076203346252,0.238566141,,,594.0255908,88578048950.68288,806042529.841424,806042529.841424,10.28369903767203,14.923450871682235,20.50764706563143,4.532599493153256,7.761361769478902,7.918639970599888,108.0,4.68213122712422,775.4329013264027,30.712175726483306,8321.354194376501,9.026580284317848,5.078238206610308,61732.474420149556,5.582306862035935,0.2897573533765262,0.79379,20.309725954447664,0.38597903858717975,3917761954.5639634,22.08878639774804,22.020960209544896,-0.9810892105263158,0.181112190904804,-0.17768721639148555,0,0,2011-15
LTU,2012,2149.74,86.6506995793246,30932.0983180261,11.0422224951685,17.5779128736327,18.6694480586007,15.0,109.0,2989139.0,0.8976,2670.60517,156.638925650513,0.775237143039703,1.32043135166168,3.16870069503784,0.472665190696716,2.988329,83541.3203125,391641.84375,0.866788983345032,0.241696624,,,624.4890538,92460341434.24622,829924024.713794,829924024.713794,10.339549704245345,14.910495944032245,20.53684471807579,4.6913478822291435,7.6731021835765,7.890060381142545,124.0,4.820281565605037,719.1836846663871,36.46535005565148,7982.81006724863,8.985045767210517,2.5368755245868484,63268.20414205441,2.4572778553487495,0.2545863054155224,0.90998,20.50764706563143,0.2897573533765262,4160021686.0931625,22.14878612420916,22.08878639774804,-0.8648992105263158,0.08489050569415044,-0.07342173135605043,0,0,2011-15
LTU,2013,2164.09,87.3732169854565,32487.0008217277,11.0243128207069,18.6706513704311,17.663818979093,20.0,117.0,2961250.0,0.95322,2878.7497,156.626637927418,0.746126055717468,1.33757376670837,3.17443776130676,0.475296944379807,2.95836,86922.171875,399015.125,0.88911908864975,0.242664835,,,702.5715133,96202131183.34116,917017954.8658445,917017954.8658445,10.388595313590535,14.901122034455133,20.636637610035425,4.762173934797756,7.679755228750345,7.965111346922992,137.0,4.919980925828125,730.8028704094555,39.51034191642043,8524.697549125,9.05072282341385,2.543562451676318,64984.95562521866,2.677289246664394,0.2928607175605422,0.8976,20.53684471807579,0.2545863054155224,4453036388.0450325,22.21685203483243,22.14878612420916,-0.8772792105263159,0.04971945773314665,-0.043617846627931424,0,0,2011-15
LTU,2014,2294.99,87.9054864611062,33988.0148951198,11.1391744920283,19.107534609394,17.4023635016509,42.0,123.0,2937253.0,1.03495,3082.27902,143.290115780694,0.756359398365021,1.36429512500763,3.21488857269287,0.483830392360687,2.933168,90201.34375,407256.8125,0.89932918548584,0.319515484,,,798.7301592,99831398714.73532,1033205060.9981533,1033205060.9981533,10.43376323836977,14.892985348792818,20.75593151754616,4.812184355372417,7.738483765186677,8.033424543904275,165.0,5.10594547390058,781.3388904530865,41.87586156180622,9053.43329833206,9.110899334732817,1.1417951424566377,66115.71213339601,1.7250629896041758,0.27923862110412023,0.95322,20.636637610035425,0.2928607175605422,4818285990.836431,22.295684098206074,22.21685203483243,-0.8216592105263159,0.08799386987816646,-0.07230097365524962,0,0,2011-15
LTU,2015,2341.54,87.903506141976,35264.7149248316,12.7802328819912,19.5972464627678,17.2400398133433,18.0,101.0,2911109.0,1.04077,2794.92116,138.195575009601,0.752126097679138,1.38286256790161,3.24605417251587,0.508104801177979,2.905764,92756.578125,416204.0,0.895632982254028,0.285090721,,,816.4828003,102659429000.11159,1068448539.2044612,1068448539.2044612,10.4706381658107,14.884044666204003,20.7894734698458,4.61512051684126,7.758564111544093,7.935559177677943,119.0,4.77912349311153,804.3463848313477,34.694681648814935,8136.32014316644,9.004093285917673,-0.41184249146268836,67075.7747573941,1.4416525775548195,0.2848512860055741,1.03495,20.75593151754616,0.27923862110412023,5163991631.415427,22.36497568936703,22.295684098206074,-0.7399292105263158,0.07437177342174447,-0.055029847593393424,0,0,2011-15
LTU,2016,2207.1,88.7715290251284,36632.0832798438,12.6400013901436,19.9190169078885,16.8071638901065,58.0,95.0,2877325.0,0.84391,2950.39665,134.690449650877,0.747375667095184,1.41272103786469,3.27554607391357,0.529246687889099,2.86911,95234.9609375,425373.71875,0.886399984359741,0.295100326,,,696.8707241,105402409023.17656,889501469.9874892,889501469.9874892,10.508679727752227,14.872371601047618,20.606171717668563,4.553876891600541,7.699434715606328,7.989694897922368,153.0,5.030437921392435,767.0666330706472,33.01677773626545,8489.25004096125,9.046555941005712,-1.0362412690172018,67412.43202652836,0.5006505482974433,0.2911873191971766,1.04077,20.7894734698458,0.2848512860055741,5278894356.690601,22.38698251059496,22.36497568936703,-0.7341092105263158,0.07998443832319832,-0.05871731287183392,0,0,2016-19
LTU,2017,2264.63,92.4074257931527,38789.2463179035,12.5193567980791,20.1373563967598,16.7118510614104,46.0,81.0,2842639.0,0.8963,3068.33424,144.918393101325,0.761875689029694,1.40001952648163,3.29138422012329,0.529542982578278,2.829313,99627.421875,436061.78125,0.925027072429657,0.329900603,,,797.6058915,110263824363.87888,988294657.7734464,988294657.7734464,10.565898330441268,14.860243404026887,20.711491447861242,4.394449154672439,7.725166669164798,8.028890100490605,127.0,4.844187086458591,796.6646485888641,28.494648810489124,8722.166575659361,9.073622946553218,4.265470622733892,71161.45167301511,5.412181037488395,0.271971874360209,0.84391,20.606171717668563,0.2911873191971766,5475354860.960457,22.423522925335885,22.38698251059496,-0.9309692105263158,0.08632047151480085,-0.08036170121839348,0,0,2016-19
LTU,2018,2191.66,95.7276353915743,41035.4018152732,12.102708320773,20.6920891397458,16.5154267145228,24.0,81.0,2819200.0,0.92781,3180.95498,147.202132525221,0.760398387908936,1.41747689247131,3.31195569038391,0.530662298202515,2.802478,104527.4765625,448538.875,0.941887974739075,0.388087207,,,954.5163508,115687004797.61821,1073355599.2127817,1073355599.2127817,10.622190432029353,14.851963714723997,20.794055652227634,4.394449154672439,7.692414526548134,8.064936738866848,105.0,4.653960350157523,777.404937570942,28.73155505107832,8967.748279616,9.101389895626571,1.8063340146528466,73741.9263182914,3.5620252860722346,0.27391278842674366,0.8963,20.711491447861242,0.271971874360209,5727407231.02917,22.468528775046682,22.423522925335885,-0.8785792105263158,0.06710502667783322,-0.05895708136095807,0,0,2016-19
LTU,2019,2454.63,98.0019901242151,43078.7118585461,12.0304039362778,21.2003099235928,16.0026233552419,33.0,90.0,2811089.0,0.98701,3445.30515,148.374996011818,0.789149880409241,1.42524063587189,3.33265566825867,0.548207700252533,2.795058,109416.5859375,462020.40625,0.96184378862381,0.426854738,,,1125.478552,121098093039.7285,1195250288.1114242,1195250288.1114242,10.670784229675322,14.849082510717947,20.901621446517456,4.499809670330265,7.805731316039344,8.144767757173756,123.0,4.812184355372417,873.1954057662351,32.01606210262286,9685.05940880835,9.17833970992743,2.096571087021893,76770.60503580469,4.025030438073252,0.2367990136809837,0.92781,20.794055652227634,0.27391278842674366,6063546434.486218,22.52556068606531,22.468528775046682,-0.8470692105263158,0.0690459407443679,-0.058486690516378496,0,0,2016-19
LTU,2020,2594.05,100.0,43108.1976060283,12.0095660933711,21.4337157753964,15.4605506017385,18.0,95.0,2810369.0,1.12379,3643.24539,135.796565563519,0.793417870998383,1.40385639667511,3.35348510742188,0.558141171932221,2.795765,109463.4375,475017.03125,0.976898074150085,0.527999751,,,1303.183518,121149942197.85614,1361470935.4252875,1361470935.4252875,10.671468457682005,14.84882634941462,21.031831522384408,4.553876891600541,7.860975639941202,8.200630154059269,113.0,4.727387818712341,923.028257143457,33.80339023096255,10238.86390344891,9.233945945509616,1.553026567554378,77973.38656521631,1.554575062881014,0.2314052465798532,0.98701,20.901621446517456,0.2367990136809837,6515485404.738573,22.597447550463627,22.52556068606531,-0.7878692105263158,0.03193216599860793,-0.025158370415718494,0,0,2020-23
LTU,2021,2694.9,106.040108837616,45897.3715026327,11.508956927432,22.4742445761328,15.9096094644243,9.0,81.0,2808380.0,1.10044,3946.51068,154.726303914099,0.818820059299469,1.42240703105927,3.37148022651672,0.564208507537842,2.794488,116447.2265625,491462.84375,1.0,0.540641955,,,1417.695195,128897260180.56361,1418437009.9309943,1418437009.9309943,10.734163128671042,14.848118362607208,21.07282140511581,4.394449154672439,7.899116376903271,8.280587095340158,90.0,4.499809670330265,959.5923628568784,28.842250692570094,11083.3016634984,9.313194899983092,2.3372957714184297,81866.31816336107,4.872008004710615,0.1998909270834216,1.12379,21.031831522384408,0.2314052465798532,6956599603.958781,22.662956629257522,22.597447550463627,-0.6510892105263157,0.026538398897477444,-0.01727886518679104,0,0,2020-23
LTU,2022,2698.05,122.416700555158,46642.5947251086,12.9963941333635,22.4355748356933,16.1675970699657,,,2831639.0,1.05289,4153.6584,176.631817072239,0.789972722530365,1.49215459823608,3.38969135284424,0.550656616687775,2.816919,119402.1015625,508500.75,0.972163021564484,0.528317022,,,1518.609378,132074990284.8118,1390604365.209755,1390604365.209755,10.75026945251955,14.85636625391912,21.05300428470794,,7.90028456884209,8.331744767063324,,,952.8227291685134,,11761.661118117601,9.37260046301817,-2.8231770925798014,80019.92669100691,-2.281196333832547,0.23575686255976624,1.10044,21.07282140511581,0.1998909270834216,7303714028.574718,22.711648826758285,22.662956629257522,-0.6744392105263157,-0.004975920598954159,0.003355955960400275,0,0,2020-23
LTU,2023,2673.09,134.625833187492,46333.9006965206,14.4028959953361,23.8185730783579,14.9212599140371,,,2871585.0,1.04977,3703.86273,147.990751776428,0.762114226818085,1.51215028762817,3.40812134742737,0.570802509784699,2.854099,119810.765625,527351.6875,0.939469873905182,0.433693648,,,1578.039836,133051734231.6181,1396737190.4432573,1396737190.4432573,10.743629168618392,14.87037470010208,21.057404775288333,,7.890990385605766,8.217131535144128,,,930.8761537617727,,10635.95665752705,9.271995677281934,-3.420775581042032,79232.04896050706,-0.9894811734854514,0.27165883056922524,1.05289,21.05300428470794,0.23575686255976624,7604894114.731768,22.752057839448547,22.711648826758285,-0.7219892105263157,0.030890014877390487,-0.022302257454473305,0,0,2020-23
LUX,2000,65.28,58.5839065085708,114148.353907645,,20.6250522599668,9.64250658856247,91.0,85.0,436300.0,1.58314,3800.20738,272.412027714553,1.26798939704895,0.263244986534119,2.86996030807495,0.479051202535629,0.436132,37112.82421875,152194.171875,1.16447746753693,1.466106872,,,,49802926809.90551,788450055.498338,788450055.498338,11.645254231421596,12.986085359111701,20.485579621205034,4.442651256490317,4.178685710655851,8.242810917909598,176.0,5.170483995038151,149.62181984872794,194.82007792803117,1658.030479894,7.413385719057025,,140982.0741787986,,-0.23743249403129527,,,,3608571077.1085963,22.00657770741677,,,,,0,0,other
LUX,2001,67.06,59.0468067917738,116265.230369162,,21.8791504556885,9.13124120913699,70.0,51.0,441525.0,,,270.765343819583,1.24398410320282,0.278813540935516,2.89407515525818,0.496494919061661,0.441752,38253.80078125,158697.296875,1.13796997070313,,,,,51334005838.744255,,,11.663629328796302,12.997989922564571,,3.9318256327243257,4.205587741038083,,121.0,4.795790545596741,151.88267934998018,115.50874808900969,,,-2.302651310740522,137202.0908772768,-2.7177794006362888,-0.2183192154594703,1.58314,20.485579621205034,-0.23743249403129527,,,22.00657770741677,-0.19173921052631582,-0.442299341713671,0.08480612659648847,0,0,2001-05
LUX,2002,83.08,59.911519272006,118764.331507238,,21.3026835732449,8.71828752146098,42.0,41.0,446175.0,,,250.689192191641,1.25252366065979,0.286430776119232,2.91839241981506,0.503710746765137,0.446389,39487.64453125,164945.984375,1.13393926620483,,,,,52989675610.24192,,,11.684896400991613,13.008466530724217,,3.713572066704308,4.419803999007912,,83.0,4.418840607796598,186.20496441979043,91.89219476662744,,,-0.3548300840409607,137861.0394673949,0.47912626448436413,-0.22516044454479425,,,-0.2183192154594703,,,,,-0.42318606314184604,,0,0,2001-05
LUX,2003,88.93,61.2212500842375,120403.002017933,,21.0489975573913,8.84008323087325,8.0,16.0,451630.0,1.6235,4345.49954,244.977946060528,1.12031197547913,0.292053937911987,2.94291424751282,0.491944491863251,0.451838,40521.98046875,171452.78125,1.12648594379425,1.446585001,,,,54377607801.359085,882820462.6550647,882820462.6550647,11.69859974524978,13.02061853952068,20.598632411343132,2.772588722239781,4.487849543411548,8.376896000020876,24.0,3.1780538303479458,196.90897416026397,35.42723025485464,1962.5579572501997,7.582003981577282,-0.6594643688500559,138748.27628916153,0.6415111957393194,-0.11360719605422165,,,-0.22516044454479425,3608571077.1085963,22.00657770741677,,,-0.43002729222717,,0,0,2001-05
LUX,2004,154.78,63.1304507045603,123725.755122536,,21.2432820905258,8.29497285627389,18.0,23.0,458095.0,1.58819,4461.66893,265.226884855637,1.04467833042145,0.298948615789413,2.96764206886292,0.485381007194519,0.458296,42236.82421875,178629.671875,1.13014793395996,1.394141703,,,,56678149792.85812,900156707.1951935,900156707.1951935,11.72582274303473,13.034831865167812,20.618079425237383,3.1354942159291497,5.042004753842313,8.403278174570488,41.0,3.713572066704308,337.8775144893527,50.207926303496,2043.8682284883498,7.622599481774025,0.32455361202143457,141284.56192117877,1.8114696855212387,-0.04370902025264083,1.6235,20.598632411343132,-0.11360719605422165,3967442122.7375,22.101387422416593,22.00657770741677,-0.15137921052631587,-0.3184740437365974,0.0482103493139695,0,0,2001-05
LUX,2005,163.39,66.1719444606032,124871.952523256,,19.3477754094802,7.83199081430934,64.0,24.0,465158.0,1.55873,4826.35315,284.077242335139,0.95033872127533,0.307073295116425,2.99257755279541,0.478952050209045,0.465363,43285.51171875,184884.21875,1.12398719787598,1.347379055,,,,58085187691.81271,905391246.1085923,905391246.1085923,11.735044111434897,13.050132411801899,20.62387772438459,3.1780538303479458,5.096139981042732,8.481846420051426,88.0,4.477336814478207,351.2569922477953,51.59537189514101,2245.0167785477,7.71646827388905,-0.5466177547859761,140961.49814114757,-0.22892360024258096,0.05093680922506348,1.58819,20.618079425237383,-0.04370902025264083,4277717050.4354677,22.17668530480107,22.101387422416593,-0.18668921052631582,-0.2485758679350166,0.04640643254068199,0,0,2001-05
LUX,2006,203.72,70.4431410095197,130290.174082751,,18.215051090926,7.08196163335645,26.0,26.0,472637.0,1.64886,4377.13881,305.879493786271,0.978981733322144,0.318990707397461,3.03037667274475,0.445649921894074,0.472866,45889.87890625,191423.125,1.14325523376465,1.419163939,,,,61579957007.94918,1015367279.1212708,1015367279.1212708,11.7775193503136,13.066082930979347,20.738516235338757,3.258096538021482,5.316746502016404,8.384150550190432,52.0,3.9512437185814275,431.02846370470365,55.010504890645464,2068.79775574197,7.634722923205505,1.6997299899358345,143859.61045903264,2.035110639639015,0.021242295132191107,1.55873,20.62387772438459,0.05093680922506348,4651426771.991419,22.26043984216848,22.17668530480107,-0.21614921052631586,-0.1539300384573123,0.033271856288833494,0,0,2006-10
LUX,2007,229.15,71.7763485014794,138683.319852878,10.7100084670999,18.9176381438526,7.96603455462918,25.0,15.0,479993.0,1.57165,4618.93667,307.485020085196,1.00678622722626,0.332719624042511,3.06865334510803,0.435248970985413,0.48027,49606.34765625,199517.21875,1.17131912708282,1.315023845,,,,66567022746.14246,1046200612.9897481,1046200612.9897481,11.839948338457322,13.081526799444402,20.768430974820845,2.70805020110221,5.434376810955133,8.437919799576708,40.0,3.6888794541139363,477.40279545743374,31.250455735812814,2217.05726904331,7.703936041056836,2.425091123424561,149093.5432468266,3.573601932537862,-0.006763304434024813,1.64886,20.738516235338757,0.021242295132191107,4999913369.182454,22.332686423066903,22.26043984216848,-0.12601921052631582,-0.18362455255018464,0.02314022114562226,0,0,2006-10
LUX,2008,321.72,76.5223496495215,135814.608862354,8.01129332081582,20.1440835676294,6.68424013371405,23.0,48.0,488650.0,1.54663,4725.37233,292.21348078343,0.915201008319855,0.348632216453552,3.10741329193115,0.43077626824379,0.48899,49457.44140625,208875.84375,1.10638189315796,1.204712104,,,,66365808620.58929,1026433505.86862,1026433505.86862,11.81904606462681,13.099401765766983,20.74935601479819,3.871201010907891,5.773681602035868,8.460701636823286,71.0,4.2626798770413155,658.3853473856544,98.22981684232069,2309.0531890545,7.744592844625994,-5.703543706344972,141861.36298404646,-4.972365230313969,0.08861155660911725,1.57165,20.768430974820845,-0.006763304434024813,5276359869.673706,22.386502278283874,22.332686423066903,-0.20322921052631582,-0.21163015211640057,0.043009428738180214,0,0,2006-10
LUX,2009,395.32,77.1886194237027,129004.508948877,10.3204694049142,18.0192474186727,4.65244925045344,24.0,60.0,497783.0,1.58839,4852.27924,263.532701541684,0.939378201961517,0.352235049009323,3.14666295051575,0.45863288640976,0.498187,47855.53515625,215241.203125,1.06268858909607,1.205354787,,,,64216251478.09884,1020004516.852974,1020004516.852974,11.767602635825034,13.117919518071346,20.743072892520015,4.0943445622221,5.979695563507983,8.48720381993306,84.0,4.430816798843313,794.1613112541007,120.53444975019237,2415.38211692492,7.789612780040132,-4.029303400095431,135862.5023002278,-4.320690185975096,0.06253710987230608,1.54663,20.74935601479819,0.08861155660911725,5504910406.0756235,22.428906331979647,22.386502278283874,-0.22824921052631586,-0.11625529107325851,0.026535178406978308,0,0,2006-10
LUX,2010,448.35,80.7766755367366,131434.360018803,8.77866237669306,16.8240877972083,4.96628105063556,21.0,79.0,506953.0,1.42373,5200.13851,293.671876906939,0.940670430660248,0.358666568994522,3.18640828132629,0.432498008012772,0.50741,49655.1015625,221497.03125,1.06876134872437,0.943335822,,,,66631043114.61224,948646150.1356689,948646150.1356689,11.786262842621346,13.136173576106584,20.670546421010418,4.3694478524670215,6.105574177398057,8.556440540753234,100.0,4.605170185988092,884.4015125662537,155.83298648987184,2636.2258180600297,7.877103558895543,0.569825821614231,138443.62941799127,1.8819873145032417,0.06116243383488211,1.58839,20.743072892520015,0.06253710987230608,5627819995.299949,22.45098799190951,22.428906331979647,-0.18648921052631584,-0.1423297378100697,0.02654296043861742,0,0,2006-10
LUX,2011,587.97,83.5630464990858,129887.626962873,9.05059986162123,19.213253764947,4.86969137296258,43.0,85.0,518347.0,1.42453,5525.72816,308.714453874162,0.769410669803619,0.368758231401444,3.1901969909668,0.448648124933243,0.518584,50173.6484375,230164.25,1.04205584526062,0.939005988,,,,67326861773.324326,959091344.0195371,959091344.0195371,11.774424947643809,13.158400181139255,20.6814968775501,4.442651256490317,6.376675926188878,8.61717031136709,128.0,4.852030263919617,1134.3173588349118,163.98281460102982,2864.24461455152,7.9600599345420715,-2.5304823706852866,136061.09413969688,-1.7359228483247335,0.26213042106628576,1.42373,20.670546421010418,0.06116243383488211,5742738340.024493,22.471201996241682,22.45098799190951,-0.35114921052631587,-0.14370441384749366,0.050461691471694374,0,0,2011-15
LUX,2012,587.38,86.2923585211599,128897.403218507,8.68486923570019,19.1775316113029,4.55662028810496,52.0,109.0,530946.0,1.20664,4401.98152,311.786835204686,0.819947421550751,0.377988666296005,3.21684408187866,0.440768718719482,0.530947,51001.46484375,238476.3125,1.0211569070816,0.667150437,,,,68437560649.25342,825794981.8181515,825794981.8181515,11.766772043018433,13.182415600137544,20.531857094645744,4.6913478822291435,6.3756719698362065,8.389810063985818,161.0,5.081404364984463,1106.2895285019567,205.2939470303948,2337.21448011792,7.7567151061590875,-2.02593290143935,134928.5557779409,-0.8358584587371709,0.198515060839677,1.42453,20.6814968775501,0.26213042106628576,5707122570.83897,22.464980805550702,22.471201996241682,-0.35034921052631574,0.05726357338391,-0.020062247726968616,0,0,2011-15
LUX,2013,759.01,88.2564838675104,129947.336184196,6.8438523675119,18.4542729429366,4.55439306028829,56.0,113.0,543360.0,1.23381,4661.60191,320.533506316768,0.799787998199463,0.38386145234108,3.2552981376648,0.436435163021088,0.543354,52619.125,246225.625,1.02207851409912,0.647526854,,,,70608184589.04474,871170842.278093,871170842.278093,11.774884541084589,13.205527362665064,20.585348660563454,4.727387818712341,6.632014952539404,8.447114425559345,169.0,5.1298987149230735,1396.8823616018847,207.96525323910484,2532.9280138176,7.837131230260136,0.09021056217665864,137078.42941532272,1.5807817615234754,0.22340858868418204,1.20664,20.531857094645744,0.198515060839677,5722225027.491218,22.467623557520945,22.464980805550702,-0.5682392105263159,-0.00635178684269877,0.0036093343409265895,0,0,2011-15
LUX,2014,870.55,90.724756306729,130249.550482759,5.97251741023821,19.1517347577366,4.7281297539333,90.0,128.0,556319.0,1.217,4782.93933,333.428836459172,0.866558730602264,0.393379688262939,3.30008888244629,0.434313207864761,0.556279,53999.3671875,254938.28125,1.00685453414917,0.640840925,,,,72460299675.018,881841847.0449692,881841847.0449692,11.777207508421627,13.22909714971347,20.597523286152395,4.852030263919617,6.769125195812608,8.472810559092217,218.0,5.384495062789089,1564.8395974252182,230.0838188161828,2660.84002512627,7.886397150841412,-1.5007164168752405,137270.34922913017,0.13990938546317722,0.1432253930093963,1.23381,20.585348660563454,0.22340858868418204,5745733120.412504,22.471723350273184,22.467623557520945,-0.5410692105263157,0.018541741001806278,-0.010032365165630741,0,0,2011-15
LUX,2015,806.07,92.7393855134672,130097.338289025,7.1063570044196,17.3094554675767,5.47955070401141,119.0,128.0,569604.0,1.25226,4636.38043,351.13195404466,0.953681409358978,0.405037999153137,3.1152720451355,0.420748859643936,0.569536,55225.0390625,261521.796875,1.02462160587311,0.660296983,,,,74103964278.7818,927974303.0774729,927974303.0774729,11.776038205329165,13.252696661527155,20.648514599717807,4.852030263919617,6.6921705873707396,8.441689261058395,247.0,5.5093883366279774,1415.1410453578276,224.71752305110218,2640.90083844972,7.878875364621277,1.7492230796661525,136345.32853205333,-0.6761485517156274,0.04742561576229038,1.217,20.597523286152395,0.1432253930093963,5811847455.428102,22.483164335824817,22.471723350273184,-0.5578792105263157,-0.06164145467297946,0.03438848606865546,0,0,2011-15
LUX,2016,875.81,91.7121883520147,133661.734541281,7.96708640448661,17.28483889537,5.79495456061575,301.0,143.0,582014.0,1.2669,4802.1785,348.437409376889,0.979903221130371,0.416767179965973,3.15546822547913,0.421739995479584,0.583506,57974.24609375,268377.375,1.0420298576355,0.70274609,,,,77793000767.30913,985559526.7210393,985559526.7210393,11.803067518246165,13.274249781407077,20.70872008529102,4.962844630259907,6.775149172434105,8.476824948101997,444.0,6.095824562432225,1504.7919809489117,245.69855707938297,2794.935117499,7.935564171544801,1.684721765104787,139104.63414725533,2.0035565748573347,0.02030146614261272,1.25226,20.648514599717807,0.04742561576229038,5925629863.834925,22.502552824449985,22.483164335824817,-0.5226192105263159,-0.15744123192008538,0.08228181233036563,0,0,2016-19
LUX,2017,833.15,93.6775555963034,132169.829576174,6.9688410293022,17.8113229941338,4.77590351553507,512.0,156.0,596336.0,1.23898,4969.23004,353.793991980303,1.02851486206055,0.431520849466324,3.19689297676086,0.442137807607651,0.596495,58737.87890625,275953.09375,1.02022051811218,0.691092322,,,,78817627490.1373,976534641.077303,976534641.077303,11.791842962322058,13.298559545584688,20.699520782385335,5.049856007249537,6.725213697984633,8.51102018555992,668.0,6.504288173536645,1397.1150492339889,261.5974886641088,2963.3307651334403,7.994069173180334,-2.1151798924198313,136118.28716710457,-2.170214729867581,-0.028115880235494085,1.2669,20.70872008529102,0.02030146614261272,6013320025.336988,22.517242849828897,22.502552824449985,-0.5079792105263159,-0.18456538153976304,0.0937553768050571,0,0,2016-19
LUX,2018,891.22,95.4008336321278,131733.884471489,6.97324123677991,16.151624557013,4.95924941093589,243.0,152.0,607950.0,1.17039,4754.92191,361.865445198667,0.964015781879425,0.446868300437927,3.23959302902222,0.46411868929863,0.608101,59454.07421875,281823.3125,1.00282633304596,0.623158404,,,,80087615064.44174,937337437.9527197,937337437.9527197,11.788539139920049,13.317847920724564,20.658553901256308,5.0238805208462765,6.792591310572915,8.466935552131703,395.0,5.978885764901122,1465.9429229377417,250.02056090138993,2890.7547751845,7.9692729148919925,-1.719645168067085,133046.07679820995,-2.2828755980530246,0.03664761326138194,1.23898,20.699520782385335,-0.028115880235494085,6048659459.48916,22.523102507493423,22.517242849828897,-0.5358992105263158,-0.23298272791786984,0.12485525995745389,0,0,2016-19
LUX,2019,930.55,96.2750571275692,132724.754668303,6.57356994288018,18.0483819362099,5.04282381983955,359.0,117.0,620001.0,1.18209,5090.81552,382.66078058442,1.00860631465912,0.461969017982483,3.28361773490906,0.471596986055374,0.620163,61187.66796875,290155.59375,0.9958216547966,0.64215302,,,,82289480619.10254,972735721.4503492,972735721.4503492,11.796032749029015,13.3374763699232,20.695622991181345,4.762173934797756,6.835775809189973,8.535193316750002,476.0,6.16541785423142,1500.884675992458,188.7093730493983,3156.31071321552,8.057159128708927,-0.700944535668289,132449.72192284575,-0.449239408824198,-0.008569491456990557,1.17039,20.658553901256308,0.03664761326138194,6114096262.016134,22.53386280481452,22.523102507493423,-0.6044892105263158,-0.16821923442099382,0.10168671221048779,0,0,2016-19
LUX,2020,962.87,100.0,129865.631871124,5.61923854995663,17.1751509447995,4.92605331588321,679.0,129.0,630419.0,1.09627,4920.65038,375.581394826026,0.990028738975525,0.470826178789139,3.32901906967163,0.473881989717484,0.630597,60630.96875,296799.59375,0.988051235675812,0.547046747,,,,81869761778.56212,897513637.4498429,897513637.4498429,11.7742555939125,13.354139956665527,20.615138873141454,4.859812404361672,6.8699184078776145,8.501195991806796,808.0,6.694562058521095,1527.349270881747,204.62581235654383,3102.0714919092197,8.03982539050805,-0.7833625727226833,128775.69574811976,-2.8131017971258387,0.01002130700663541,1.18209,20.695622991181345,-0.008569491456990557,6094495460.163557,22.53065181715277,22.53386280481452,-0.5927892105263157,-0.21343633913936633,0.12652275897605195,0,0,2020-23
LUX,2021,1048.94,105.902131260212,136772.443753292,6.0752020682151,18.1452709581154,4.64520710910134,1441.0,112.0,640064.0,1.03153,4939.08633,397.506180867971,0.984745919704437,0.484119832515717,3.37585067749023,0.452079743146896,0.640274,64977.2421875,306598.4375,1.0,0.522400763,,,,87543117438.5071,903033519.3134323,903033519.3134323,11.826073829327964,13.369323450336188,20.62127023064076,4.718498871295094,6.955535409429676,8.504935639634676,1553.0,7.347943823148687,1638.804869513049,174.98250174982502,3161.33135272512,8.05874853200659,1.202072460737773,134217.26982314963,4.138780520801788,0.015371620623395272,1.09627,20.615138873141454,0.01002130700663541,6083354660.452456,22.528822134128458,22.53065181715277,-0.6786092105263157,-0.19484554067574034,0.13222397853253728,0,0,2020-23
LUX,2022,1158.62,112.489302284424,132570.832272626,5.9904603893658,16.6013614150021,3.91238139846512,,,653103.0,1.0653,5311.53147,412.177169924175,0.936615467071533,0.49956887960434,3.42416930198669,0.460454404354095,0.653313,65874.0390625,314336.03125,0.982728779315949,0.520153505,,,,86582408269.74886,922362395.2976345,922362395.2976345,11.794872364759355,13.38949012935746,20.642448757763738,,7.054984920726549,8.577635485082494,,,1774.0233929410826,,3468.97713765141,8.15161505647568,-1.7422108079470464,131861.7747259846,-1.7705690701593113,0.06548246830591552,1.03153,20.62127023064076,0.015371620623395272,6093213856.682222,22.53044150634657,22.528822134128458,-0.7433492105263158,-0.18949522705898048,0.14086112743279808,0,0,2020-23
LUX,2023,1175.75,120.263159447943,130048.922273147,5.979250210644,16.0686275070946,4.05134136113451,,,666430.0,1.07045,5359.06637,402.566968197345,0.925260543823242,0.510162234306335,3.47403478622437,0.498331904411316,0.665098,65152.25,321708.0,0.946880161762238,0.489774826,,,,86668503270.49336,927742993.2589961,927742993.2589961,11.775665983823213,13.409690386828693,20.64826530547441,,7.069661520825157,8.586545054191438,,,1764.2513092147713,,3571.4426009590993,8.180724883055857,-3.7160630853731345,127708.88477973518,-3.2000876735994055,0.0776799121328773,1.0653,20.642448757763738,0.06548246830591552,6106974771.438885,22.532697360089777,22.53044150634657,-0.7095792105263159,-0.13938437937646025,0.09890425787764917,0,0,2020-23
LVA,2000,292.69,43.2634428948618,14554.2131724037,,25.1981759822131,13.9537091959777,81.0,98.0,2367550.0,0.4459,1600.9967,83.6121321100556,0.561133325099945,0.925488829612732,2.82994890213013,0.526162803173065,2.368313,31158.7734375,398585.5,0.632714152336121,0.179506868,0.445898386,,,34457827396.32438,153647452.36021042,153647452.36021042,9.585635795797408,14.677366223143542,18.850171265604153,4.584967478670572,5.679114028440487,7.378381651782847,179.0,5.187385805840755,123.62568900340014,41.39300120377605,3790.4397370849997,8.240237316962116,,33667.36846574182,,0.5777967455455555,,,,733144096.2046825,20.412852824711802,,,,,0,0,other
LVA,2001,355.23,44.398328190051,15695.906718153,,27.1694812879386,13.8883453087975,63.0,117.0,2337170.0,0.41106,1485.32998,88.1768278184248,0.633184134960175,0.940490245819092,2.8562593460083,0.510052740573883,2.338301,33171.80859375,405209.46875,0.6506108045578,0.149525673,0.41104904,,,36684002304.46565,150793259.8727365,150793259.8727365,9.661155238754418,14.664451353708055,18.83142031673511,4.762173934797756,5.872765467010975,7.3033922353063,180.0,5.19295685089021,151.99151110103244,50.06054330664864,3471.4686693566,8.15233303105008,2.7892876903657884,35270.76303152937,4.652530455088666,0.4569940066268597,0.4459,18.850171265604153,0.5777967455455555,773965741.6467166,20.467038169136085,20.412852824711802,-1.3289792105263158,0.37292989786317976,-0.49561608124386825,0,0,2001-05
LVA,2002,372.25,45.8452716088704,17096.5594440255,,24.3012953068221,13.9945598563914,64.0,150.0,2310173.0,0.42203,1486.06326,85.9772056778195,0.637887954711914,0.954293966293335,2.88281440734863,0.489564955234528,2.311351,35714.59375,409872.28125,0.687496900558472,0.172623582,0.422028439,,,39496010020.48273,166685011.08944324,166685011.08944324,9.746632520143121,14.65283297146862,18.93161642819814,5.0106352940962555,5.9195656715641185,7.303885795031088,214.0,5.365976015021851,161.1351184521679,64.93020219697833,3433.0632195439794,8.141208208535433,5.51457002836076,37425.14886552463,5.928852997665501,0.44959263063407284,0.41106,18.83142031673511,0.4569940066268597,824555891.4891523,20.530355486009825,20.467038169136085,-1.3638192105263158,0.2521271589444839,-0.34385586286390896,0,0,2001-05
LVA,2003,294.77,47.5165596213673,18717.6675525538,,25.3765187818879,12.938539092798,24.0,91.0,2287955.0,0.37616,1392.33083,88.5815580418672,0.598752617835999,0.960236549377441,2.90961670875549,0.500789284706116,2.288984,38725.0234375,415331.5625,0.723389029502869,0.129170905,0.376152919,,,42825181065.20323,161091201.09486848,161091201.09486848,9.837223145717175,14.643168963456244,18.89748122899495,4.51085950651685,5.68619539122915,7.238734477886343,115.0,4.74493212836325,128.8355758745255,39.77350953143746,3185.5902841526504,8.066392883378313,5.088983296284488,40328.62888067211,7.471870280304849,0.5129067580978869,0.42203,18.93161642819814,0.44959263063407284,861963708.8606479,20.574723726651957,20.530355486009825,-1.352849210526316,0.24472578295169709,-0.33107708226163796,0,0,2001-05
LVA,2004,306.25,50.8070771894683,20574.118201251,,29.4387765998433,12.7940141138253,43.0,108.0,2263122.0,0.41593,1459.48929,97.2352655771748,0.614945948123932,0.962705194950104,2.93666768074036,0.501081645488739,2.264174,42103.8359375,424445.84375,0.763210594654083,0.185006514,0.415929484,,,46561739531.85156,193664243.23483023,193664243.23483023,9.931789166850471,14.632255833900501,19.08163651265238,4.68213122712422,5.724401761858937,7.285841852137749,151.0,5.017279836814924,135.32191371035233,47.721687120712005,3303.00232096338,8.102587128073976,5.3586847707182255,43734.921301304705,8.108528662236836,0.4862209042674827,0.37616,18.89748122899495,0.5129067580978869,926333395.766381,20.6467447664367,20.574723726651957,-1.3987192105263158,0.30803991041551115,-0.4308613403069808,0,0,2001-05
LVA,2005,460.53,56.1140483718471,23213.3539355881,,32.0297241247039,11.8887264023394,57.0,112.0,2238799.0,0.54958,1458.12295,104.517156602918,0.65093070268631,0.971198379993439,2.96397042274475,0.52805495262146,2.239784,46994.328125,436542.0625,0.801720201969147,0.223856704,0.549585377,,,51970033577.6407,285616910.53599775,285616910.53599775,10.052482992731777,14.621450119331383,19.470161997237042,4.718498871295094,6.13237800015322,7.284905236859576,169.0,5.1298987149230735,205.70404042524584,50.02682241684045,3264.4442023370502,8.090844798226685,4.922566972315562,48387.98034786412,10.110454553503168,0.4293520899259705,0.41593,19.08163651265238,0.4862209042674827,1073000296.9374216,20.79372457733065,20.6467447664367,-1.358949210526316,0.2813540565851069,-0.38234587307470747,0,0,2001-05
LVA,2006,404.35,61.8524870365407,26431.8140222767,,35.3212529611428,11.1445812153528,37.0,114.0,2218357.0,0.68285,1765.58108,105.695342080455,0.587104797363281,1.02681577205658,2.97694563865662,0.54845130443573,2.219032,53021.36328125,449464.3125,0.845177590847015,0.344042737,0.682846995,,,58635199659.01567,400390460.87158847,400390460.87158847,10.182323640213804,14.612277389756501,19.80795078112451,4.736198448394496,6.0022808395418314,7.476235138981169,151.0,5.017279836814924,182.27453921979193,51.3893841252783,3916.68914788556,8.273001970773397,5.278710031294784,51636.68568808115,6.498093985943676,0.5325519446572177,0.54958,19.470161997237042,0.4293520899259705,1312440713.2683969,20.995154380566692,20.79372457733065,-1.2252992105263159,0.22448524224359476,-0.27506159009588543,0,0,2006-10
LVA,2007,481.13,73.9449485837913,29423.7371235063,7.42780912654131,38.113521636451,10.5769371584708,8.0,139.0,2200325.0,0.58167,1881.56079,100.880910871828,0.600548386573792,1.06570470333099,2.98997783660889,0.573357701301575,2.200776,58543.2890625,464910.28125,0.881231009960175,0.18935181,0.581669059,,,64741784386.279,376583537.2396691,376583537.2396691,10.289557012719987,14.604115634690672,19.746650459051455,4.9344739331306915,6.176137503859601,7.539856918839221,147.0,4.990432586778736,218.66315203435857,63.172485882767326,4140.04524525675,8.32846199556562,4.177303295482562,54933.8750964651,6.189780813116741,0.5099120635662274,0.68285,19.80795078112451,0.5325519446572177,1492158143.5178063,21.12348932742586,20.995154380566692,-1.0920292105263159,0.32768509697484194,-0.35784169775067587,0,0,2006-10
LVA,2008,642.74,83.0951914802976,28726.9722869522,7.39421308134547,33.4181287502584,10.0915253501312,9.0,206.0,2177322.0,0.60627,1993.41671,95.7681628438571,0.556331932544708,1.05680286884308,3.00306701660156,0.603334128856659,2.177711,56559.42578125,475534.84375,0.845571935176849,0.151720047,0.606270815,,,62547868753.77134,379208963.8934895,379208963.8934895,10.265591761350402,14.59360623924693,19.75359796702537,5.327876168789581,6.46574028787639,7.597605385161009,215.0,5.3706380281276624,295.19749490429064,94.61163759884849,4340.31005785062,8.375701066443664,-4.13065601498182,53519.37191764783,-2.608651067040846,0.5863901618860549,0.58167,19.746650459051455,0.5099120635662274,1647543385.883625,21.222551158369686,21.12348932742586,-1.193209210526316,0.3050452158838517,-0.36398276121960027,0,0,2006-10
LVA,2009,706.98,78.3324876004024,24520.6791475489,8.66152115643862,22.9165263311155,10.0042651186499,3.0,240.0,2141669.0,0.46114,1673.90361,88.8320494963692,0.51925927400589,0.905234158039093,3.01621341705322,0.575238347053528,2.142043,47487.28125,476367.53125,0.79176652431488,0.167826981,0.46113924,,,52515178389.25191,242168493.62419623,242168493.62419623,10.107272087364326,14.577095989571017,19.305144296493584,5.480638923341991,6.561002376953304,7.42291366874643,243.0,5.493061443340548,330.10703334642284,112.06213471829682,3584.94747052509,8.184499100353174,-6.574668894026684,52458.56094611626,-2.002013766899502,0.6553519559985252,0.60627,19.75359796702537,0.5863901618860549,1642580371.6252775,21.21953423962225,21.222551158369686,-1.168609210526316,0.38152331420367913,-0.4458516590089451,0,0,2006-10
LVA,2010,801.35,77.9534669936907,24119.7307848939,8.45678449620594,19.5198322313546,12.1421484860866,7.0,178.0,2097555.0,0.6183,1836.97506,110.86235386272,0.514868795871735,0.84512186050415,3.02941751480103,0.538425922393799,2.097831,45748.6484375,474289.625,0.799887657165527,0.228852279,0.618303194,,,50592461906.508125,312813191.9679397,312813191.9679397,10.090785489290187,14.556282938672206,19.561116739556688,5.181783550292085,6.686297805439584,7.515875508639567,185.0,5.220355825078324,382.0400418582588,84.86070687061842,3853.1562219782995,8.2566478893475,1.020473344097597,54132.60569334823,3.141315473162898,0.6638431760741943,0.46114,19.305144296493584,0.6553519559985252,1709006507.8494256,21.259178049059404,21.21953423962225,-1.313739210526316,0.4504851083161495,-0.5918199505531202,0,0,2006-10
LVA,2011,1264.06,81.6235997059251,25308.7322074626,9.47083453064328,23.7249741856312,12.1686319064552,10.0,173.0,2059709.0,0.73982,1902.3667,129.734758014485,0.502570509910584,0.858094930648804,3.03802037239075,0.529349505901337,2.059941,47137.73828125,476033.4375,0.810924053192139,0.205423267,0.739820979,,,52128623506.30058,385657982.424313,385657982.424313,10.13890476170627,14.538075268651406,19.770461478753983,5.153291594497779,7.1420840419346465,7.550854021578102,183.0,5.209486152841421,613.7080529336912,83.99244747680378,3918.3218132903,8.273418732265235,1.3703114587548693,54933.01101966567,1.4677764085805123,0.6880193306625703,0.6183,19.561116739556688,0.6638431760741943,1838313514.0963247,21.332114419835708,21.259178049059404,-1.1565792105263157,0.45897632839181857,-0.5308424795416765,0,0,2011-15
LVA,2012,1132.91,83.9731899519099,27496.5454583635,11.406411147512,27.0115757309662,11.8129666874934,12.0,193.0,2034319.0,0.68884,1908.95404,133.211503650958,0.52964174747467,0.870483815670013,3.05356788635254,0.51808375120163,2.034633,50581.2578125,480636.46875,0.859819889068604,0.155607907,0.688832707,,,55936744860.31258,385314673.29577714,385314673.29577714,10.221815656067974,14.52567167711848,19.769570891652926,5.262690188904886,7.032544822744891,7.554310748003767,205.0,5.3230099791384085,556.8988934380499,94.87204317513626,3883.42147369876,8.26447186715797,5.854853214680247,58107.06287924206,5.617275922655551,0.6355544491529282,0.73982,19.770461478753983,0.6880193306625703,1947881160.277653,21.39000803428818,21.332114419835708,-1.0350592105263159,0.48315248298019453,-0.5000914275973094,0,0,2011-15
LVA,2013,1177.8,85.5691253595764,28375.1842887263,15.4178071105596,24.9648880386504,11.5075095213455,8.0,225.0,2012647.0,0.63536,1790.85926,129.677184929099,0.538461804389954,0.890186607837677,3.072678565979,0.530711114406586,2.01301,51641.4921875,483739.40625,0.860553622245789,0.179448231,0.635356047,,,57109229533.15212,362849200.76183534,362849200.76183534,10.253270249519487,14.51496132908557,19.70949788101777,5.41610040220442,7.07140357051047,7.490450817175122,233.0,5.4510384535657,585.1994910185442,111.79307648087321,3604.3675170612196,8.189901588296419,0.08529929307188322,58011.98505214614,-0.1637592626485329,0.619038714539288,0.68884,19.769570891652926,0.6355544491529282,2018548186.9978404,21.425644370648982,21.39000803428818,-1.086039210526316,0.4306876014705525,-0.46774362268455144,0,0,2011-15
LVA,2014,1147.12,86.9980862753768,29243.7412502629,17.7278751994184,23.6442193799567,10.8995654111219,4.0,103.0,1993782.0,0.71433,1872.26628,130.042252244959,0.552632093429565,0.878034114837647,3.08140444755554,0.547397375106812,1.994149,52723.359375,485909.4375,0.877110302448273,0.253614389,0.71433257,,,58305644917.43167,416494713.3386897,416494713.3386897,10.283420855414239,14.505543895543228,19.847384326426244,4.634728988229636,7.0450097324067835,7.534904890511621,107.0,4.672828834461906,575.3487592926408,51.66061284533615,3732.89080827096,8.224938228090576,1.9056827995567849,60047.05111571754,3.4478812141783166,0.5930627910356119,0.63536,19.70949788101777,0.619038714539288,2132260672.2868538,21.480448602327122,21.425644370648982,-1.1395192105263159,0.4141718668569123,-0.4719567987429991,0,0,2011-15
LVA,2015,1384.1,87.3346709249203,30599.6133134147,18.9245452005011,22.3075948914481,10.8460810091263,1.0,136.0,1977527.0,0.641,1818.82619,126.380014406006,0.570120573043823,0.890718936920166,3.08315277099609,0.567674219608307,1.977867,54718.078125,487592.8125,0.909331262111664,0.158354041,0.640996943,,,60511561516.83703,387879109.3229253,387879109.3229253,10.328742651044113,14.49735763213377,19.776204275128325,4.912654885736052,7.232805387902657,7.505946621451317,137.0,4.919980925828125,699.9145902938367,68.77276517589898,3596.77789903213,8.187793695620813,3.6076695631746287,61431.362753101894,2.2792058595250353,0.5619074088673776,0.71433,19.847384326426244,0.5930627910356119,2200300680.7667513,21.511859861047565,21.480448602327122,-1.060549210526316,0.38819594335323615,-0.4117009012527931,0,0,2011-15
LVA,2016,1328.07,87.8656050993108,31668.5148442662,17.2405295215294,20.1698787836187,10.5392671306849,18.0,95.0,1959537.0,0.45065,1600.57848,123.330518429659,0.583220422267914,0.88800048828125,3.09366273880005,0.582944810390472,1.959863,56114.30859375,488150.46875,0.929201602935791,0.110212296,0.450645832,,,62055626572.388855,279653681.1484704,279653681.1484704,10.363078243714629,14.488218778811504,19.449062542558323,4.553876891600541,7.191482039490585,7.378120392884421,113.0,4.727387818712341,677.7468350942084,48.480840116823515,3136.39275296376,8.050828613731651,2.1616273409360924,63191.754209911334,2.8253322511824663,0.5391900812946281,0.641,19.776204275128325,0.5619074088673776,2149909259.800209,21.488691473451247,21.511859861047565,-1.1338792105263158,0.3570405611850018,-0.40484086964232263,0,0,2016-19
LVA,2017,1540.52,90.2460951767815,33036.3915943437,16.0817754609296,21.5265612714824,10.8745823136205,7.0,90.0,1942248.0,0.53004,1785.24003,128.714003328884,0.601383686065674,0.888108551502228,3.11567378044128,0.591814398765564,1.942594,58021.60546875,490180.84375,0.956206321716309,0.144135817,0.530035444,,,64164865501.330864,340099453.1032541,340099453.1032541,10.405365008424457,14.47935662307858,19.644748641929244,4.499809670330265,7.33987530075024,7.487308155761616,97.0,4.574710978503383,793.1633859321776,46.33805775575519,3467.3788777874397,8.151154220875922,2.8647981495426618,65331.65948082242,3.3302928764189943,0.5085221353907956,0.45065,19.449062542558323,0.5391900812946281,2167522323.9334316,21.496850565958518,21.488691473451247,-1.3242292105263158,0.33432323361225236,-0.442720591706958,0,0,2016-19
LVA,2018,1448.65,93.6215506880742,34729.7062763057,16.5920580401869,22.9037634935095,10.9412550358406,24.0,86.0,1927174.0,0.66138,1786.2773,128.234095559822,0.597360670566559,0.906003475189209,3.13784122467041,0.606017112731934,1.927588,60522.171875,494157.59375,0.96942412853241,0.164455907,0.661375591,,,66930186963.33315,442662870.5380928,442662870.5380928,10.455350688354406,14.471565239116659,19.908319023704117,4.454347296253507,7.278387367250055,7.487889012542262,110.0,4.700480365792417,751.6965255861693,44.62492748449284,3442.4671693502,8.143943693694647,1.3728505812186622,66801.25797791294,2.224516232725371,0.5152342097051686,0.53004,19.644748641929244,0.5085221353907956,2285056845.88151,21.549656738830617,21.496850565958518,-1.2448392105263157,0.3036552877084199,-0.3780020086230907,0,0,2016-19
LVA,2019,1561.47,97.6626143415894,35208.1934590859,17.1495055610295,22.7240395466554,11.022531503956,5.0,82.0,1913822.0,0.6602,1891.24705,125.29163170793,0.61558610200882,0.924228847026825,3.15032386779785,0.619353294372559,1.914263,60930.92578125,497877.46875,0.954732358455658,0.173504239,0.660195466,,,67382215222.2547,444857384.8973255,444857384.8973255,10.469034103223784,14.464612847715298,19.913264305387944,4.406719247264253,7.353382964242705,7.544991705286412,87.0,4.465908118654584,815.8909240253274,42.84619990782842,3619.5102117251,8.194093995037436,-1.5271164996655668,65926.23242312792,-1.318548598410807,0.48518045360621276,0.66138,19.908319023704117,0.5152342097051686,2387155703.896609,21.59336841212822,21.549656738830617,-1.113499210526316,0.3103673620227929,-0.3455938125855152,0,0,2016-19
LVA,2020,1506.0,100.0,34225.8976044058,20.0336000956914,23.0296116182607,11.4825724036882,1.0,93.0,1900449.0,0.75663,2134.06006,123.88319804656,0.618404924869537,0.917567610740662,3.16514873504639,0.625892877578735,1.901123,58817.09375,500833.5,0.950158536434174,0.264575142,0.756630737,,,65044572876.3954,492146751.75467056,492146751.75467056,10.440737876384128,14.457600732007965,20.01428750590529,4.532599493153256,7.317212408359839,7.665781575795552,94.0,4.543294782270004,792.444311844201,48.93580411786898,4055.6723069669397,8.307871749839242,-0.4802197147910345,64101.100629001885,-2.8074892107394334,0.4806118178506995,0.6602,19.913264305387944,0.48518045360621276,2521229100.0667877,21.648012357685907,21.59336841212822,-1.1146792105263157,0.28031360592383703,-0.31245974895096745,0,0,2020-23
LVA,2021,1786.29,103.29734326527,36912.0130602161,16.9803713630842,22.9289576043746,12.8481117405741,4.0,104.0,1884490.0,0.77085,2395.27344,136.796615414819,0.619988143444061,0.906206965446472,3.18013668060303,0.583043575286865,1.885587,62903.24609375,504702.3125,1.0,0.287409956,0.770844863,,,69560319491.84663,536205722.8028998,536205722.8028998,10.516292334233805,14.449167785227914,20.10002845659784,4.6443908991413725,7.487896122275367,7.78125267451796,108.0,4.68213122712422,947.8904106681383,55.18734511724658,4513.868844945599,8.4149099017816,5.112642785351975,69413.77465881505,7.962379565481825,0.4780549246031769,0.75663,20.01428750590529,0.4806118178506995,2679250457.859669,21.70880291244835,21.648012357685907,-1.018249210526316,0.2757449701683238,-0.28077709818049823,0,0,2020-23
LVA,2022,1655.62,113.309402832947,37718.7097958367,17.5505893709401,23.2880754495724,11.9852535721668,,,1879383.0,0.8122,2270.07923,159.892778190649,0.617434084415436,0.905080258846283,3.19528985023499,0.60222327709198,1.881063,64043.48828125,508123.28125,0.996461510658264,0.293439081,0.812444585,,,70887901972.22897,575751539.8184438,575751539.8184438,10.537911531386063,14.446454089450157,20.17118677111819,,7.411930840014223,7.72757001295005,,,880.9380525417117,,4266.34831351509,8.358513544435933,-0.3544764602816406,70760.01012649092,1.9208682468679683,0.48218296206368594,0.77085,20.10002845659784,0.4780549246031769,2853114428.9991627,21.771677016680208,21.70880291244835,-1.0040292105263158,0.27318807692080116,-0.2742888091959944,0,0,2020-23
LVA,2023,1736.07,125.402319099512,37277.7217221317,18.554389354563,24.0227249766904,10.8817509638317,,,1883710.0,0.8236,2190.86637,135.642989154266,0.626957178115845,0.909331023693085,3.21061062812805,0.622257053852081,1.882396,65136.58203125,513090.71875,1.00154221057892,0.29852608,0.819607301,,,70220417185.1967,578335355.93728,578335355.93728,10.526151154328312,14.44875379445718,20.1756644589689,,7.459379216988007,7.69205234732014,,,921.6227550949986,,4126.956889832701,8.325295583813046,0.5085787196260553,71631.32053573785,1.2238403566652067,0.4668770371474832,0.8122,20.17118677111819,0.48218296206368594,3003482620.5865684,21.823038325850725,21.771677016680208,-0.9626792105263158,0.2773161143813102,-0.2669664580588252,0,0,2020-23
MEX,2000,5026.99,39.3928885321613,20470.4937669158,,21.230361512511,21.0445774194384,12630.0,431.0,98625552.0,0.29205,227.09051,49.9104091872497,0.847648322582245,37.8793334960938,2.41773200035095,0.358220428228378,98.625552,1910395.875,6454623.5,1.26312029361725,0.086893888,0.292045841,5784.271347,,2018913747474.6301,5896237599.499657,5896237599.499657,9.926739799855174,18.406840934072825,22.497580289444087,6.066108090103747,8.52257667443259,5.425348660479683,13061.0,9.47738596957752,50.97046250245575,4.370064260831716,22396.92690271152,10.016679036588235,,50433.72463765774,,0.16528944314387284,,,,26564854621.99951,24.00285492429527,,,,,0,0,other
MEX,2001,5434.53,41.9427938110141,20078.2183931307,,19.6734365305226,20.0260585605165,13031.0,534.0,100099099.0,0.30815,235.3859,44.7401090123173,0.853321194648743,38.7622032165527,2.43708729743958,0.374038606882095,100.099099,1901783.0,6614301.0,1.22626578807831,0.093348118,0.308150709,6075.728799,,2009811570677.6108,6193234355.043057,6193234355.043057,9.907390844427633,18.42167124324594,22.546723300111594,6.280395838960195,8.60052831927506,5.4612262949863375,13565.0,9.515248225093032,54.29149766872527,5.334713352414891,23561.916507304097,10.067386980268003,-2.961147628153424,49062.82002019632,-2.7558572713287433,0.15861925529881943,0.29205,22.497580289444087,0.16528944314387284,28773360783.74264,24.082715823250293,24.00285492429527,-1.4828292105263159,-0.03957740453850292,0.05868653152650891,0,0,2001-05
MEX,2002,5935.23,44.2506222688697,19744.7933675609,,19.3679310017379,19.2312267750835,12536.0,526.0,101548624.0,0.33745,308.76297,45.209829259652,0.840437889099121,39.6087493896484,2.45659756660461,0.366966277360916,101.548624,1897283.75,6760300.0,1.20410788059235,0.114596458,0.337445372,6637.583213,,2005056597640.1355,6766063488.736638,6766063488.736638,9.890645108614631,18.436048295923484,22.635185290757303,6.26530121273771,8.688661059452109,5.732573895157038,13062.0,9.477462530462603,58.44717305081356,5.179784612344919,31354.454745653282,10.353111633116248,-1.8234662210383585,47900.62244418775,-2.397301923410211,0.17383222642604754,0.30815,22.546723300111594,0.15861925529881943,31223420154.91788,24.164434296159012,24.082715823250293,-1.4667292105263159,-0.04624759238355633,0.06783269466547644,0,0,2001-05
MEX,2003,6710.84,46.1444016628856,19701.4633898714,,20.1040413065119,18.8280656054789,11739.0,468.0,102978515.0,0.37454,328.13432,48.7004168690455,0.814957737922669,40.2793235778809,2.47626376152039,0.362846523523331,102.978515,1919776.875,6905019.5,1.18599653244019,0.114882291,0.374541508,7454.610079,,2028827443215.8228,7598770305.820542,7598770305.820542,9.888448195716997,18.450030932202516,22.751252269281643,6.148468295917647,8.811479408419698,5.793423036752031,12207.0,9.4097648366698,65.16737981704242,4.544637296430231,33790.7849941348,10.427943410990272,-1.5155567865771076,47661.59668218042,-0.5002526367972493,0.20461902239541596,0.33745,22.635185290757303,0.17383222642604754,34138677437.50074,24.253696814180383,24.164434296159012,-1.4374292105263158,-0.03103462125632822,0.044610071131467095,0,0,2001-05
MEX,2004,7334.54,49.8901472246571,20127.2242902968,,20.780907227933,18.8456680143057,12633.0,565.0,104394131.0,0.37053,383.11111,52.0406200335632,0.795977234840393,41.6296081542969,2.49608755111694,0.345541328191757,104.394131,1988225.25,7068316.5,1.18501901626587,0.158085908,0.37053412,7637.795782,,2101164089227.626,7785443299.815124,7785443299.815124,9.909828619920921,18.46368401535751,22.775521583426237,6.336825731146441,8.90034997559077,5.948325051547132,13198.0,9.487820581943367,70.25816422572645,5.412181648410867,39994.551404895414,10.59649850894037,-0.0824554887661616,47759.88384591077,0.20600644204264995,0.22818469299346852,0.37454,22.751252269281643,0.20461902239541596,36803319121.69075,24.32885387157831,24.253696814180383,-1.4003392105263157,-0.00024782528695979633,0.0003470394666897388,0,0,2001-05
MEX,2005,8248.11,52.8261737805553,20277.2552852007,,20.710349715794,18.0770795013886,13851.0,584.0,105811504.0,0.38103,417.90546,52.5626446570451,0.79637086391449,42.0791358947754,2.51607012748718,0.343340754508972,105.811504,2030241.5,7243768.0,1.17951595783234,0.178888844,0.38102808,8020.083783,,2145566878719.035,8175253477.983139,8175253477.983139,9.917255107579269,18.477169804936775,22.824377559730156,6.369900982828227,9.017739362174305,6.0352552346951525,14435.0,9.577411092097035,77.95097591656953,5.519248644268396,44219.20525241184,10.696914481667655,-0.4654672846518354,48248.174702942924,1.017196003425802,0.22769029219954318,0.37053,22.775521583426237,0.22818469299346852,39458074731.42027,24.398504545965906,24.32885387157831,-1.4043492105263158,0.023317845311092766,-0.03274639765380788,0,0,2001-05
MEX,2006,9308.28,56.052349760772,20965.8256087044,,21.6799481845682,18.9990298994882,14931.0,574.0,107253666.0,0.35298,340.43454,54.4821160886169,0.81551593542099,43.3784561157227,2.53621244430542,0.333531588315964,107.253666,2127794.75,7449402.5,1.19623112678528,0.172458181,0.352975308,7786.607912,,2248661657250.2285,7937325917.761857,7937325917.761857,9.950649039163578,18.4907072970064,22.794842269304166,6.352629396319567,9.138659605619932,5.830222860411767,15505.0,9.648917831534549,86.78752295515942,5.3517984177808895,36512.852448023645,10.50541959945389,1.4071737585003519,49051.87829469044,1.6520481669326514,0.20393431643633816,0.38103,22.824377559730156,0.22769029219954318,41476689439.469086,24.44839740611662,24.398504545965906,-1.3938492105263158,0.02282344451716742,-0.03181244012174498,0,0,2006-10
MEX,2007,9423.59,59.4871212441576,21102.2688338349,,22.3548818517852,18.2623757830072,15970.0,629.0,108774360.0,0.38039,351.25363,55.2585243990368,0.81684821844101,44.2312469482422,2.55651617050171,0.331955283880234,108.77436,2172007.5,7676115.0,1.18715393543243,0.1657684,0.380389782,8565.730317,,2295385786948.3374,8731417994.972782,8731417994.972782,9.957135841353374,18.504786202848813,22.890193621439884,6.444131256700441,9.150971399002682,5.861508555114128,16599.0,9.71709773156622,86.6342950673302,5.782612740723089,38207.3888009268,10.550784199998667,-0.7617095017525,49105.72615195778,0.1097171492165927,0.20230198052318724,0.35298,22.794842269304166,0.20393431643633816,43986604018.5215,24.507150970384593,24.44839740611662,-1.4218992105263157,-0.0009325312460375934,0.0013259654425319756,0,0,2006-10
MEX,2008,10137.66,63.2409856230449,20992.5602662364,20.6169583313567,23.5591739565606,18.1749137479626,15896.0,685.0,110374288.0,0.42416,343.53328,56.3652818731773,0.80907154083252,44.9435234069824,2.57141518592834,0.32946452498436,110.374288,2192496.75,7925027.0,1.15977847576141,0.14718896,0.424164826,9641.571849,,2317038892682.933,9827952167.203928,9827952167.203928,9.95192338089968,18.519387766131466,23.00849642460163,6.529418838262226,9.224012481283088,5.839283991976632,16581.0,9.716012740501373,91.84802170592484,6.2061555495606004,37917.24118430464,10.543161200143825,-2.332977395090105,48783.37486240287,-0.6586074474405734,0.21186793464368742,0.38039,22.890193621439884,0.20230198052318724,47216565582.9472,24.57801063370426,24.507150970384593,-1.3944892105263158,-0.002564867159188522,0.0035766795799216764,0,0,2006-10
MEX,2009,10375.0,66.5570155850144,19385.5437251877,22.6859342702857,22.77438581235,17.4331987026258,13459.0,822.0,111999721.0,0.45748,386.49816,54.5917421356323,0.740341663360596,45.4353485107422,2.58525681495667,0.358776718378067,111.999721,2054473.375,8104519.0,1.0677661895752,0.167767674,0.457483925,9744.299689,,2171175488654.3232,9932693625.495798,9932693625.495798,9.872282898470386,18.534006938184838,23.01909753959801,6.71174039505618,9.247154345098899,5.957127107343441,14281.0,9.566685261452934,92.63415932973619,7.3393039970162075,43287.68608701335,10.675623487564003,-8.266022475813802,45217.51108642348,-7.590515053625602,0.3006434920938659,0.42416,23.00849642460163,0.21186793464368742,50066774371.000916,24.636623438824415,24.57801063370426,-1.3507192105263157,0.007001086961311659,-0.009456502653208966,0,0,2006-10
MEX,2010,10963.14,69.4675301830527,20058.3854882301,22.1357931748892,22.5530971573063,17.8382139158606,13625.0,951.0,113623895.0,0.47353,341.23898,59.2733845336286,0.719415664672852,46.1216239929199,2.59917283058167,0.350631505250931,113.623895,2156608.25,8304676.5,1.09385406970978,0.16590691,0.47352964,10587.4819,,2279111886584.1807,10792278516.542072,10792278516.542072,9.906402574140818,18.548404385442133,23.10209676320437,6.85751406254539,9.302294015820129,5.832583052937445,14576.0,9.58713161949974,96.48621885387752,8.36971835897722,38772.902033427104,10.565476880415304,2.41385106602042,46759.156839990275,3.3525679560669985,0.3293159733220755,0.45748,23.01909753959801,0.3006434920938659,53349036731.89285,24.700121758896547,24.636623438824415,-1.317399210526316,0.09577664441149017,-0.12617607573455683,0,0,2006-10
MEX,2011,11391.82,73.4060846754198,20457.6001677783,21.1481206882898,23.4720687923852,17.7203860225437,12990.0,1065.0,115243504.0,0.45268,348.02663,62.1623872764498,0.723633646965027,47.1388893127441,2.61836075782776,0.340907216072083,115.243504,2230883.0,8536764.0,1.09738671779633,0.157984864,0.452682928,10469.96245,,2357605526765.7593,10672408698.56324,10672408698.56324,9.926109738773677,18.562557873827334,23.090927621728525,6.970730078143525,9.34065083296513,5.852278999835246,14055.0,9.550733483340633,98.84999678593597,9.241301791726153,40107.80832651152,10.599326315698306,0.3224338618784586,47325.74382903155,1.20443096467735,0.3234700271431841,0.47353,23.10209676320437,0.3293159733220755,56019089920.672165,24.74895836103185,24.700121758896547,-1.3013492105263158,0.12444912563969976,-0.16195177140191358,0,0,2011-15
MEX,2012,12152.39,76.7403468140087,20898.935720908,21.3533236921301,23.6882073382403,18.8000354494769,14020.0,1294.0,116818208.0,0.40284,250.69335,64.2579318938989,0.73526930809021,48.7067375183106,2.63769030570984,0.334162443876267,116.818208,2310150.75,8777368.0,1.09892416000366,0.107857445,0.402843495,9648.302955,,2441376220023.6606,9834839964.743313,9834839964.743313,9.947453514211718,18.57612950661971,23.009197016641146,7.165493475060845,9.405281137243179,5.524230479084473,15314.0,9.63652272167307,104.02821792986244,11.077040318920147,29285.5479045168,10.28484942773991,0.14000226233855384,47429.798580361334,0.21962787718976529,0.30751844131451533,0.45268,23.090927621728525,0.3234700271431841,57451066397.31465,24.774199403250183,24.74895836103185,-1.3221992105263158,0.11860317946080837,-0.15681703024899177,0,0,2011-15
MEX,2013,12677.19,78.0479123947407,20805.3480406564,20.5109447612712,21.9901857822204,18.1028096283966,14234.0,1210.0,118343573.0,0.40806,254.46546,62.6916747661852,0.691956460475922,49.2273101806641,2.6571626663208,0.351232379674912,118.343573,2329835.75,8984429.0,1.08203828334808,0.103871049,0.408060684,9856.53532,,2462179224639.8276,10047168544.06528,10047168544.06528,9.94296534997966,18.589102587422236,23.03055669484727,7.098375638590786,9.447559594599543,5.539165109687842,15444.0,9.644975857384127,107.12191358292013,10.22446736503384,30114.351741488583,10.312757139145802,-1.5485103033761507,47328.11403770608,-0.21461971644818334,0.36823224373130825,0.40284,23.009197016641146,0.30751844131451533,58880574981.78273,24.798777076634956,24.774199403250183,-1.372039210526316,0.10265159363213958,-0.14084201148630898,0,0,2011-15
MEX,2014,13541.76,81.457333128084,21069.7661653886,20.2220997751974,21.6713070677381,18.2289217370442,14889.0,1246.0,119784261.0,0.41962,262.92059,64.0984090315875,0.697380423545837,49.4154167175293,2.67677879333496,0.351327627897263,119.784261,2388169.25,9194518.0,1.08731949329376,0.074949476,0.419620724,10389.53879,,2523826369563.877,10590480211.96394,10590480211.96394,9.95559440874845,18.60120285771938,23.083221341326155,7.1276936993473985,9.513533523247869,5.5718520474214595,16135.0,9.688746104486063,113.05124635698174,10.402034370775974,31493.74857483399,10.357544347176564,0.48689252052023374,48328.42478393664,2.091539635657824,0.3604242157599867,0.40806,23.03055669484727,0.36823224373130825,60638968946.47926,24.828203575274486,24.798777076634956,-1.366819210526316,0.1633653960489325,-0.22329096165492085,0,0,2011-15
MEX,2015,13741.34,84.0846815010146,21408.9283216195,19.5727021142392,23.1641829988633,19.8234213947421,16707.0,1364.0,121072306.0,0.41477,284.58114,70.4129746799259,0.696178138256073,50.6113319396973,2.69653964042664,0.354617178440094,121.072306,2452705.25,9423436.0,1.08345293998718,0.077192162,0.414765608,10546.83974,,2592028320887.1826,10750955866.54377,10750955866.54377,9.971563325292143,18.611898495334945,23.098260505385152,7.218176838403408,9.528164086494112,5.651018415012959,18071.0,9.802063722398165,113.49697097534427,11.265995049272457,34454.89486390884,10.447406352383629,-0.35623793045790053,48461.58273254622,0.2751483051484982,0.36214970562602844,0.41962,23.083221341326155,0.3604242157599867,62294079471.05114,24.85513222565654,24.828203575274486,-1.3552592105263157,0.15555736807761092,-0.21082055585241447,0,0,2011-15
MEX,2016,14497.26,89.1950018810292,21578.263354126,20.6541116351274,23.7277194380681,19.8687757882998,16103.0,1310.0,122251351.0,0.37601,319.5511,75.6903034088551,0.704319059848785,51.5947532653809,2.71644639968872,0.347369760274887,122.251351,2496179.25,9648700.0,1.07127821445465,0.083560721,0.376012524,9730.884842,,2637971847275.695,9919037942.941341,9919037942.941341,9.979441760788221,18.621589737382937,23.017721771981844,7.177782416195197,9.581714945035191,5.766917198431158,17413.0,9.764972332679383,118.58568335985098,10.715628001526134,39065.5536885361,10.57299637784982,-1.130057925756911,48380.48623201555,-0.1674820051951187,0.3505238154802546,0.41477,23.098260505385152,0.36214970562602844,62869005493.33481,24.864319120754917,24.85513222565654,-1.3601092105263157,0.15728285794365268,-0.21392186374706412,0,0,2016-19
MEX,2017,15397.11,95.0529682854956,21777.5225127275,21.1680967750153,23.225539776985,20.1618224119644,15850.0,1334.0,123400057.0,0.31955,330.64996,76.95212604414,0.688627481460571,52.340747833252,2.73650026321411,0.336444705724716,123.400057,2542901.0,9855634.0,1.06555926799774,0.071936382,0.319545899,8424.360562,,2687347519389.357,8587418998.20869,8587418998.20869,9.98863363945339,18.630942131347936,22.873564061927386,7.195937226475569,9.641935108453279,5.801060293146825,17184.0,9.751733997308591,124.77392939940052,10.810367778031091,40802.223911047724,10.616491866530485,-0.5352732866851742,48583.581726826196,0.41890938795727806,0.3730548196951922,0.37601,23.017721771981844,0.3505238154802546,62026073667.543274,24.850820676612962,24.864319120754917,-1.3988692105263159,0.14565696779787882,-0.20375504755107576,0,0,2016-19
MEX,2018,16402.64,99.9999999958638,21997.7730219494,20.8917456407643,23.0474727923304,20.1893656987831,14869.0,1555.0,124573711.0,0.29816,342.55971,80.212661650262,0.68953138589859,53.7211952209473,2.75670194625855,0.338178485631943,124.573711,2593049.0,10053732.0,1.05838358402252,,,,,2740344219079.9214,8170610323.608692,8170610323.608692,9.998696500941701,18.640408154897795,22.823809446040272,7.349230824613334,9.705197576466862,5.836445978273989,16424.0,9.70649895869877,131.6701563141199,12.482569456408022,42673.93431378381,10.661343575207512,-0.6756972081297808,48268.63939521774,-0.6503587383805964,0.37174306298986565,0.31955,22.873564061927386,0.3730548196951922,60892772941.02048,24.832380333701106,24.850820676612962,-1.4553292105263158,0.16818797201281646,-0.24476886852943427,0,0,2016-19
MEX,2019,18006.46,104.319010231962,21704.185952748,20.4068584131191,21.6659739999182,19.8877542722301,14636.0,1305.0,125762982.0,0.27629,355.30353,77.4619722509459,0.678450226783752,55.1892433166504,2.7770528793335,0.347723752260208,125.762982,2582866.5,10215500.0,1.0322597026825,,,,,2729583147300.0996,7541565277.675446,7541565277.675446,9.98526042197383,18.64990959819611,22.743695593929782,7.173958319756794,9.798485861381977,5.8729724382435995,15941.0,9.676649685633647,143.177743670232,10.376662347271633,44684.03144792646,10.707371478475435,-2.499253822852755,46800.17961436261,-3.089502106620401,0.38794416012278027,0.29816,22.823809446040272,0.37174306298986565,59300422277.54285,24.80588226396256,24.832380333701106,-1.4767192105263158,0.1668762153074899,-0.24642931292449596,0,0,2016-19
MEX,2020,19332.61,109.138329565566,19728.4817827455,21.5074249745377,20.1075280652557,20.1842735695707,13180.0,1132.0,126799054.0,0.29185,369.04189,76.8545557151738,0.676690697669983,51.3814849853516,2.79755401611328,0.370297104120255,126.799054,2367093.0,10279037.0,0.977147042751312,,,,,2501552826908.363,7300781925.332057,7300781925.332057,9.889818646372431,18.658114139371747,22.71124729242375,7.0317412587631285,9.86954858636743,5.910910160632506,14312.0,9.568853625188556,152.46651603567958,8.92751139925697,46794.16253837206,10.753513742039978,-5.486841919959678,46068.98770393337,-1.5747035122609887,0.39054098244700924,0.27629,22.743695593929782,0.38794416012278027,57706140861.24347,24.778629432202038,24.80588226396256,-1.4985892105263159,0.1830773124404045,-0.2743576851153455,0,0,2020-23
MEX,2021,20345.96,114.03642804829,20782.5877440905,19.8113406398377,21.3097325562162,20.8358358617373,15044.0,1117.0,127648148.0,0.27305,384.76538,83.0692976264524,0.68701308965683,53.8702697753906,2.81556797027588,0.379223078489304,127.648148,2510266.25,10393107.0,1.0,,,,,2652858836180.65,7243631052.191265,7243631052.191265,9.941870787414398,18.664788193125055,22.703388444167388,7.018401799069201,9.92063764536336,5.952633745929146,16161.0,9.690356211348643,159.39095332585632,8.750616577688223,49114.58817151624,10.801911381089926,2.311813391260385,46598.36047724338,1.142535191353744,0.37540193358346957,0.29185,22.71124729242375,0.39054098244700924,56293850784.248215,24.753851143822217,24.778629432202038,-1.4830292105263159,0.18567413476463349,-0.2753601654951512,0,0,2020-23
MEX,2022,19740.68,121.638836971953,21391.8573698845,20.5343692257849,22.4237578758145,21.48647019504,,,128613117.0,0.25727,401.92849,88.7984855897261,0.685170233249664,57.884391784668,2.83388257026672,0.380911499261856,128.613117,2603422.0,10544608.0,0.994988083839417,,,,,2751273454760.2676,7078201217.06174,7078201217.06174,9.970765631868323,18.672319363011095,22.6802856469852,,9.890436760215842,5.996274187223367,,,153.4888544844147,,51693.27591000333,10.853082992270188,-0.5024517936044618,44976.23486629734,-3.543112143421645,0.3780879559018813,0.27305,22.703388444167388,0.37540193358346957,54927974383.67272,24.729288607299722,24.753851143822217,-1.5018292105263158,0.1705350859010938,-0.2561145734258772,0,0,2020-23
MEX,2023,18981.87,127.327123975879,21864.9236104145,17.9938785812602,23.2773827772419,20.4651290537164,,,129739759.0,0.26746,419.44361,73.7390758255664,0.663546800613403,59.4779663085938,2.85250401496887,0.380911499261856,129.739759,2689214.75,10777758.0,1.0007426738739,,,,,2836749919768.587,7587171335.413061,7587171335.413061,9.992638970148464,18.681041148186182,22.74972467580907,,9.851239592073581,6.038929094940953,,,146.30727038732977,,54418.512875489985,10.90445968516286,0.5766916164171332,45213.62980111583,0.5264349468644625,0.41015589173147643,0.25727,22.6802856469852,0.3780879559018813,54275949561.534874,24.71734704793377,24.729288607299722,-1.5176092105263157,0.17322110821950557,-0.26288194929149733,0,0,2020-23
NLD,2000,18865.25,70.2342353865116,56016.8327946434,,22.5278698603024,12.7112215855689,529.0,2465.0,15925513.0,1.78907,2637.93221,125.667030082421,1.22734069824219,8.28247165679932,3.14256834983826,0.617710709571838,16.05876,891609.1875,3892580.25,1.01082313060761,0.985866592,1.789067009,,,892096798889.9198,15960236199.899887,15960236199.899887,10.933407510169111,16.58343297240444,23.493366228351036,7.80994708647679,9.845076884364671,7.877750635448969,2994.0,8.004365564979574,1184.5929233174465,154.78308296881863,42010.42370347373,10.645673049889137,,107650.13445811822,,-0.20484979486528532,,,,99402655364.9398,25.322444664185124,,,,,0,0,other
NLD,2001,18769.03,73.3069711219569,56887.3976406444,,22.0921396195394,12.5154004319368,543.0,2110.0,16046180.0,1.79214,2828.29837,119.47546387654,1.25030410289764,8.44836902618408,3.15517377853394,0.615560829639435,16.182705,912326.4375,3991816.5,1.01059412956238,0.975688542,1.792144382,,,912825422273.3553,16359109522.729712,16359109522.729712,10.948829112993803,16.59098137298179,23.518050736488643,7.6544432264701125,9.839963450035281,7.947430527108842,2653.0,7.88344635413774,1169.6883619652776,131.49547119625979,45383.3847387266,10.72290134212636,-0.022657474112056444,107988.46909651096,0.31379809593001795,-0.22338680404397743,1.78907,23.493366228351036,-0.20484979486528532,100851366582.92854,25.336913651903593,25.322444664185124,0.014190789473684129,-0.40971664254766105,-0.005814202618258551,0,0,2001-05
NLD,2002,19456.24,76.1495575062341,56664.4027354437,,21.0144740217259,11.908705689589,481.0,2122.0,16148929.0,1.73931,2701.16441,112.750024358671,1.26363253593445,8.50863838195801,3.1678295135498,0.61729109287262,16.288051,914568.8125,4074330.0,1.00476539134979,0.903358713,1.739308532,,,915069416602.086,15915893869.901741,15915893869.901741,10.944901474838733,16.597364289644478,23.490584061349992,7.660114319173928,9.875923120216127,7.90143822198824,2603.0,7.864419904994565,1204.8006403396785,131.4019028754167,43620.912274416885,10.683291953668443,-0.5784332178785185,107487.09387383076,-0.4653670426572276,-0.23399053821706545,1.79214,23.518050736488643,-0.22338680404397743,101639555465.39099,25.344698621770068,25.336913651903593,0.017260789473684257,-0.4282536517263532,-0.007391996123785082,0,0,2001-05
NLD,2003,19997.24,77.8903847914891,56452.8695506734,,20.5161768961412,11.4542407181186,573.0,2288.0,16225302.0,1.77665,2681.97594,111.30450319576,1.19813525676727,8.46136569976807,3.18053650856018,0.618026793003082,16.366912,915463.5625,4149163.75,1.0023717880249,0.932994886,1.776652211,,,915964857226.2803,16273489635.91071,16273489635.91071,10.941161401778716,16.602082433632358,23.51280321802559,7.7354333524996886,9.903349543013253,7.894309092884159,2861.0,7.95892649305011,1232.4725912651736,141.01432441750546,43515.86958323388,10.680880968552243,-0.23850930411613652,108193.35731170363,0.6549188472131817,-0.18076639546325365,1.73931,23.490584061349992,-0.23399053821706545,102667111781.49304,25.3547576667765,25.344698621770068,-0.0355692105263159,-0.43885738589944123,0.015609810750085882,0,0,2001-05
NLD,2004,21434.75,78.8231035786113,57391.3516342059,,20.1789782400536,11.5382082987661,556.0,2187.0,16281779.0,1.78132,2951.21244,116.958160026939,1.16017305850983,8.36612319946289,3.19329428672791,0.605542302131653,16.425566,933922.125,4221381.5,1.01009976863861,0.953961168,1.781316959,,,934433303819.4293,16645247327.59626,16645247327.59626,10.95764890256241,16.605557187752847,23.535390566835446,7.690286020676768,9.972768715796345,7.989971361508062,2743.0,7.916807490937603,1316.4869760239344,134.3219312828162,48050.98873013076,10.780017991296635,0.7680127029782144,111631.40952310603,3.128248584318527,-0.14856918236133812,1.77665,23.51280321802559,-0.18076639546325365,103912292341.86536,25.366813037407447,25.3547576667765,0.0017707894736842533,-0.3856332431456294,-0.0006828752876650008,0,0,2001-05
NLD,2005,24084.4,80.3834366749127,58422.0304069674,,20.3123361573035,11.5918368822791,633.0,2217.0,16319868.0,1.7667,2908.98454,122.255849523252,1.19173014163971,8.42051601409912,3.20610308647156,0.592363595962524,16.46571,952917.75,4298177.5,1.02138364315033,0.934513543,1.766698848,,,953439824533.6943,16844421380.036777,16844421380.036777,10.975448330677859,16.60789381923223,23.547285363558494,7.7039102096163115,10.089319606983207,7.97555934394,2850.0,7.955074273262696,1475.7717403106449,135.84668699526247,47474.243706840716,10.767942605207956,1.1109114151282895,113166.19413875068,1.3655025129514442,-0.17540615177093832,1.78132,23.535390566835446,-0.14856918236133812,105169869870.62233,25.378842688153462,25.366813037407447,0.006440789473684205,-0.3534360300437139,-0.002276407061926287,0,0,2001-05
NLD,2006,24738.7,82.4546764072229,60391.5155033324,,20.9095675502686,11.2448165271924,548.0,2168.0,16346101.0,1.73208,3224.9245,127.195613539333,1.1649295091629,8.60412788391113,3.2189633846283,0.576524674892426,16.493852,986626.0625,4387673.5,1.0325448513031,0.932854876,1.732079994,,,987165811960.5372,17098501595.806074,17098501595.806074,11.008603902256686,16.609499955920807,23.562256670639393,7.681560362559537,10.116124098082436,8.078664818103121,2716.0,7.906915488678587,1513.4312457753686,132.63101702357034,52714.941594374504,10.872654216059654,1.086826347207013,114668.92122150968,1.3191547509977752,-0.152660578030723,1.7667,23.547285363558494,-0.17540615177093832,106492890985.83505,25.39134406856121,25.378842688153462,-0.008179210526315872,-0.38027299945331405,0.003110332920002256,0,0,2006-10
NLD,2007,25566.6,84.1444304495794,62601.6612832425,29.0637289988816,23.1038497049496,11.33989000843,367.0,2079.0,16381696.0,1.66063,3093.10821,129.798241740597,1.15797793865204,8.85702133178711,3.23187518119812,0.569853186607361,16.531357,1024959.5,4509187.0,1.03603947162628,0.882341134,1.660631849,,,1025521384237.0486,17030115763.0557,17030115763.0557,11.044547094807028,16.61167517193275,23.55824912919366,7.639642287858013,10.149042091121908,8.036931757524112,2446.0,7.802209316247118,1560.6808965323246,126.90993655357784,50670.35839132416,10.833096371492587,0.3378758708547508,115722.8216580563,0.9148832978301158,-0.1466753277189288,1.73208,23.562256670639393,-0.152660578030723,107549073101.01549,25.401213074315393,25.39134406856121,-0.042799210526315745,-0.35752742571309876,0.015301891562026626,0,0,2006-10
NLD,2008,26450.2,86.1742778012516,63678.4005491428,26.0445135250103,21.931094627813,10.8008764023897,311.0,2421.0,16445593.0,1.61247,3063.96158,130.152049980117,1.12712407112122,9.00102996826172,3.24483895301819,0.574468851089478,16.597258,1046656.0,4613203.5,1.03426218032837,0.808077396,1.612469849,,,1047229058322.1791,16886254396.727644,16886254396.727644,11.06160070319816,16.615568096547744,23.54976577862137,7.791935956938058,10.18301899869453,8.027463991617376,2732.0,7.912789220690681,1608.3457738495658,147.21269096225353,50388.665112316936,10.827521530200846,-0.17169398795926563,116281.80371475092,0.48187240873414083,-0.11966931872422608,1.66063,23.55824912919366,-0.1466753277189288,108302966532.5908,25.408198382384217,25.401213074315393,-0.11424921052631576,-0.35154217540130456,0.04016341600630267,0,0,2006-10
NLD,2009,28320.87,86.5514204949917,61029.7329801783,28.0439383106726,21.0824646565308,9.83729864656213,279.0,2575.0,16530388.0,1.65161,2822.24977,115.109660363107,1.07738590240479,8.92243671417236,3.25785446166992,0.599534869194031,16.68415,1008293.0,4688251.0,0.995788812637329,0.777564256,1.651609955,,,1008845165698.7435,16662187641.197018,16662187641.197018,11.019116450306592,16.620710941996023,23.536407776060795,7.853604813097837,10.25135426767478,7.945289636646392,2854.0,7.956476798036782,1713.2610559413367,155.77371807606696,46652.883731010756,10.75049002067814,-3.7908382642212244,113006.46138497478,-2.8571589917520512,-0.07453764634927584,1.61247,23.54976577862137,-0.11966931872422608,108719709193.8992,25.412038931968755,25.408198382384217,-0.16240921052631574,-0.3245361664066018,0.05270766257333323,0,0,2006-10
NLD,2010,28946.69,87.1661436906351,61518.5768954231,27.8649964298346,19.4400813658009,9.77213843383275,240.0,2527.0,16615394.0,1.69388,3210.02025,130.081707935343,0.96771764755249,8.86155128479004,3.27092242240906,0.588352978229523,16.771235,1021595.625,4743043.5,1.00543034076691,0.811480789,1.693876726,,,1022155393436.7516,17314085778.346447,17314085778.346447,11.027094471522876,16.625840173001556,23.5747862140044,7.834788107388194,10.27321114140394,8.07403252451538,2767.0,7.925518979786926,1742.160914149854,152.08787706147686,53335.7512017285,10.884362139552662,0.9635729012684922,115284.06169171145,1.9954186867977342,0.03281492066703278,1.65161,23.536407776060795,-0.07453764634927584,109725838593.16077,25.421250715172395,25.412038931968755,-0.12326921052631579,-0.2794044940316516,0.0344419713967864,0,0,2006-10
NLD,2011,29811.51,87.3776934494373,62318.1391154389,25.2390821012445,19.9314647728018,10.1013242115629,310.0,2585.0,16693074.0,1.8651,3648.13368,141.757099325776,0.952150523662567,8.93379592895508,3.28468346595764,0.590582966804504,16.851057,1039712.0625,4807642.0,1.00864255428314,1.055122123,1.865100189,,,1040281307796.316,19402286671.70909,19402286671.70909,11.040007819948597,16.630504460823566,23.688656765745336,7.85748078694253,10.302649839532144,8.201970995259662,2895.0,7.970740390007095,1785.8610103807123,154.8546421108539,60898.56548213232,11.016964898118953,0.31897715794874226,116379.65213982758,0.9458525877439783,0.04903214359839731,1.69388,23.5747862140044,0.03281492066703278,112669249475.89574,25.447722367840832,25.421250715172395,-0.08099921052631576,-0.17205192701534297,0.013936070257774078,0,0,2011-15
NLD,2012,30760.85,88.5390108720727,61480.8416416324,25.4832942720764,18.5904058143633,10.0607384630343,338.0,2375.0,16754962.0,1.90094,4336.14629,149.393223058131,0.954221665859222,8.91139507293701,3.29850268363953,0.596060037612915,16.915194,1029545.0,4852734.5,0.996613681316376,1.075247329,1.90094314,,,1030109165433.5685,19581757169.392876,19581757169.392876,11.026480887240554,16.634205011171268,23.69786421309631,7.772752716468742,10.333998056527776,8.374741281018988,2713.0,7.905810312658931,1835.9247845503917,141.74905320585032,72651.96631539096,11.193435734225982,-1.199748644475165,115531.29353748688,-0.7316277238215818,0.046859280373767465,1.8651,23.688656765745336,0.04903214359839731,115350619223.90424,25.4712421897694,25.447722367840832,0.09022078947368417,-0.15583470408397845,-0.014059530029854491,0,0,2011-15
NLD,2013,31332.15,89.5527258807015,61281.3125686741,24.6659051147577,18.1992196127512,9.64816464758619,449.0,2315.0,16804432.0,2.13953,4887.39056,150.651850226949,0.968288242816925,8.80360794067383,3.31237983703613,0.594405710697174,16.967063,1029233.6875,4891601.5,0.994007349014282,1.397154607,2.139529153,,,1029797649931.0292,22032829659.56935,22032829659.56935,11.023230223386685,16.637153219105684,23.815799435248454,7.747164966520335,10.352400005913433,8.494413812227064,2764.0,7.92443418488756,1864.5170512160128,137.7612763109161,82129.8223229619,11.316056473368473,-0.2618613740851034,116910.44108686446,1.1866747904209163,0.03222546452560784,1.90094,23.69786421309631,0.046859280373767465,120080855999.88795,25.511431152826223,25.4712421897694,0.12606078947368426,-0.1580075673086083,-0.019918558677739465,0,0,2011-15
NLD,2014,31445.39,89.8609024067872,62045.849197561,24.5559687632591,17.3898179706967,9.66230344504418,288.0,2294.0,16865008.0,2.15067,4926.09272,151.715891056501,0.937275111675263,8.79122066497803,3.3263156414032,0.595055520534515,17.030089,1045831.1875,4922743.0,1.00032937526703,1.391633401,2.150665977,,,1046403743083.6599,22504691381.37735,22504691381.37735,11.035628893915943,16.64075150083295,23.836989630261456,7.738052297689316,10.35600766950842,8.502301401077437,2582.0,7.856319571406588,1864.534543950409,136.02128146040607,83078.59313154175,11.327542343946112,0.6340000013269502,118963.13690160497,1.7405490298557424,0.06477843079331083,2.13953,23.815799435248454,0.03222546452560784,124573418981.2821,25.54816108973318,25.511431152826223,0.36465078947368434,-0.1726413831567679,-0.06295381666394426,0,0,2011-15
NLD,2015,31291.69,90.6592253527817,63081.4083495966,24.074012919385,21.8068437801695,10.1488182500805,287.0,2207.0,16939923.0,2.11792,4891.78146,160.325812564809,0.946681141853333,8.86274147033691,3.34031009674072,0.581183791160584,17.107433,1068009.125,5018370.5,1.00062739849091,1.36088962,2.117924697,,,1068594200173.7234,22631970284.31932,22631970284.31932,11.052181367232256,16.645183701723305,23.842629357950795,7.699389406256737,10.351107846070486,8.495311822873793,2494.0,7.821643126239982,1847.2155983235577,130.2839452103767,82866.40126522759,11.324984966632826,0.0297880723853978,120505.50369482914,1.288175451812279,0.05479294592175597,2.15067,23.836989630261456,0.06477843079331083,128519376418.4091,25.579345519162448,25.54816108973318,0.37579078947368405,-0.14008841688906493,-0.052643936778860284,0,0,2011-15
NLD,2016,31097.01,91.1719474622063,64267.7476553623,24.0087404866077,19.2941993265526,10.2669490054501,314.0,2290.0,17030314.0,2.11546,5109.20509,150.96552921165,0.951147556304932,9.00038814544678,3.35436320304871,0.589497625827789,17.204693,1093900.75,5076939.0,1.00203740596771,1.389662235,2.115458048,,,1094499922643.5837,23153708063.555958,23153708063.555958,11.070813192712533,16.650505490519393,23.8654207801835,7.736307096548285,10.344866952066338,8.5387991114102,2604.0,7.86480400332846,1825.9798380699262,134.46610555741955,87011.36697309827,11.373794043965315,0.14081315122182028,121539.28611994308,0.8542127363936558,0.050086069371800226,2.11792,23.842629357950795,0.05479294592175597,132395178019.20369,25.609057059991567,25.579345519162448,0.343040789473684,-0.1500739017606198,-0.05148146973935911,0,0,2016-19
NLD,2017,31234.91,92.4842440337602,65665.9910229578,22.9219025245367,19.7582508613445,10.5500219081827,365.0,2241.0,17131296.0,2.14167,5273.17623,159.646059656847,0.958522796630859,9.21410942077637,3.36847543716431,0.584768772125244,17.31537,1124328.0,5149610.0,1.00662899017334,1.420635777,2.141674691,,,1124943529347.6328,24092578084.979446,24092578084.979446,11.092336430008594,16.656417524181034,23.90516966673373,7.714677473800927,10.349291658540455,8.570388160174346,2606.0,7.8655717576847906,1823.2660272754613,130.81322043586195,90336.34285629407,11.411295126391103,0.45717817671589317,122022.42763308376,0.39673078284554464,0.04236193312682934,2.11546,23.8654207801835,0.050086069371800226,136628479401.30258,25.64053124991703,25.609057059991567,0.3405807894736843,-0.15478077831057552,-0.052715359672367124,0,0,2016-19
NLD,2018,31506.82,94.8272507009577,66758.2454283317,22.5132061163246,19.9510208021868,10.6594535821754,394.0,2111.0,17231624.0,2.1027,5496.79039,163.559146573044,0.958754658699036,9.46382331848145,3.38264727592468,0.588407278060913,17.42128,1149723.75,5229255.0,1.00393080711365,1.396974112,2.10270135,,,1150352984120.731,24188472197.10661,24188472197.10661,11.108833095649867,16.66225685827024,23.90914200112427,7.65491704784832,10.357959309315772,8.611919635425425,2505.0,7.826044013518965,1828.4301003782348,122.50731561923588,94718.62520729336,11.458665935731391,-0.268401336097919,121486.18072304447,-0.44043434892344635,0.04212006717397762,2.14167,23.90516966673373,0.04236193312682934,140322679688.2138,25.667210462367798,25.64053124991703,0.36679078947368415,-0.16250491455554641,-0.05960530590318246,0,0,2016-19
NLD,2019,31471.58,97.698442691884,67847.8818461095,23.0482346929973,20.9075559765573,10.420756670246,449.0,2228.0,17344874.0,2.14036,5592.12175,160.676671884999,0.979265511035919,9.67924690246582,3.39687848091126,0.58988344669342,17.537507,1176168.5,5327220.5,0.999673545360565,1.427629684,2.140359884,,,1176812961787.6567,25188033908.91829,25188033908.91829,11.125023446590154,16.66880757401829,23.94963487380506,7.708859601047175,10.356840195344063,8.62911405585117,2677.0,7.892452043520352,1814.459995500688,128.4529365851836,96994.64714640951,11.48241107190519,-0.42496096145074536,121514.46407471714,0.023278417079097835,0.020952466851743866,2.1027,23.90914200112427,0.04212006717397762,144462311643.90002,25.69628449140633,25.667210462367798,0.3278207894736842,-0.16274678050839814,-0.053351778070563474,0,0,2016-19
NLD,2020,32236.56,100.0,64862.1890353474,23.1639760853804,21.2739585259834,10.4840023369093,825.0,2198.0,17441500.0,2.26514,5799.27532,152.233230409706,0.968112528324127,9.6303300857544,3.41116952896118,0.601096093654633,17.636731,1130674.75,5413105.5,0.976858854293823,1.508212865,2.265136326,,,1131293870060.0117,25625389968.27735,25625389968.27735,11.08002012945132,16.674362981920844,23.966849492563426,7.6953031349635665,10.38085649117588,8.665488243900668,3023.0,8.014004994779459,1848.2676375311755,126.02127110626952,101148.06049378001,11.524340667857238,-2.3086597919825436,117407.68384175563,-3.4380946225285314,0.03240695019314021,2.14036,23.94963487380506,0.020952466851743866,148418354865.59238,25.72330084510944,25.69628449140633,0.365480789473684,-0.18391438083063189,-0.06721717310154311,0,0,2020-23
NLD,2021,34144.24,102.747338205767,68573.5648786447,22.0023211908273,20.6858841343727,10.7549772867478,1390.0,2080.0,17533044.0,2.21542,6003.86605,163.154842689698,0.987884402275085,9.79918766021729,3.42599987983704,0.579149842262268,17.730564,1201645.375,5506097.5,1.0,1.463539117,2.215420448,,,1202303330254.132,26636068439.116093,26636068439.116093,11.135662387823706,16.67959788700253,24.005532090613176,7.640123172695364,10.438349183130198,8.700158882377895,3470.0,8.151909872940905,1947.4222502378934,118.63313637951288,105266.04762475619,11.564246211416151,2.341310585717616,122627.03977784158,4.349519666875068,0.012189589825372826,2.26514,23.966849492563426,0.03240695019314021,152791670074.8696,25.752341196976,25.72330084510944,0.49026078947368434,-0.17245989748923554,-0.08455032549562329,0,0,2020-23
NLD,2022,32878.0,109.072027651979,71324.0360229425,21.9578380124342,20.4686965446459,10.3475478456863,,,17700982.0,2.17529,6319.17518,184.107484252682,1.01960813999176,10.1847143173218,3.44097256660461,0.55827134847641,17.904421,1261814.5,5608713.0,1.01506805419922,1.489791813,2.175289288,,,1262505477809.4568,27463155408.24133,27463155408.24133,11.174988660714414,16.689130676231077,24.03611113994328,,10.400559020069455,8.751343969130128,,,1857.4110747076065,,111855.60611602676,11.624964087396929,1.4955658718240328,123892.96947229543,1.0270491438994611,-0.019418377002823846,2.21542,24.005532090613176,0.012189589825372826,157336074971.8805,25.781649959380765,25.752341196976,0.44054078947368414,-0.19267725785700293,-0.08488219128994869,0,0,2020-23
NLD,2023,32207.08,115.945822181922,70198.9546022361,24.5106465274936,20.3464703994637,10.4715307489623,,,17877117.0,2.26719,6563.33599,165.030429478933,0.986704468727112,10.3563680648804,3.45608949661255,0.558655858039856,18.092524,1262755.375,5709448.5,0.996724307537079,1.591312243,2.304896142,,,1254954924701.8633,28452212557.34817,28452212557.34817,11.159088698196982,16.699032073098078,24.07149176452463,,10.379941583139761,8.789254287738977,,,1801.5813176140205,,117333.52540354081,11.67277580287278,-1.8236728006812863,121930.32992735595,-1.5968228016456365,0.01338470816696102,2.17529,24.03611113994328,-0.019418377002823846,162187876283.4466,25.812021230356006,25.781649959380765,0.40041078947368414,-0.2242852246851996,-0.0898062238834834,0,0,2020-23
NOR,2000,5063.27,57.9452597675027,76775.9420600924,,19.9599671320299,9.01871529918776,5389.0,1311.0,4490967.0,,,74.7840209460062,1.28240537643433,2.31437993049622,3.34155941009522,0.477619081735611,4.490867,382502.25,1233877.125,1.12490797042847,,,,,344798222185.787,,,11.248646615635467,15.317578604013486,,7.1785454837637,8.529767798614383,,6700.0,8.809862805379057,1127.4342474571736,291.9193127003605,,,,165272.02165894548,,-0.24873751478284095,,,,,,,,,,0,0,other
NOR,2001,5159.27,58.9507207173513,78041.0146260585,,19.7037180356184,9.07207353809843,5242.0,1189.0,4513751.0,1.56019,4371.19907,73.553666590214,1.26695072650909,2.31627488136292,3.36419939994812,0.487938463687897,4.513657,390409.0625,1261777.625,1.13673949241638,0.931858394,1.560195008,4357.638094,,352257707809.38617,5495889531.471262,5495889531.471262,11.264989796011559,15.322639073119058,22.42726629185937,7.080867896690782,8.548550375599161,8.38279263718017,6431.0,8.768885326134862,1143.0116548298745,263.4172775591742,19730.50417341157,9.889921152334955,1.046284190280987,168550.40204480363,1.9642094452368752,-0.23661301069254964,,,-0.24873751478284095,32643529114.767727,24.20891248358623,,,-0.45360436246521674,,0,0,2001-05
NOR,2002,5064.81,58.0605762944986,78752.5931631095,,19.6600019875426,9.04479343982715,5109.0,1178.0,4538159.0,1.62644,,67.8482927970815,1.28828465938568,2.31845545768738,3.38699245452881,0.514778137207031,4.538014,395787.1875,1287942.625,1.13937556743622,0.934056625,1.626447676,4454.417574,,357391789436.50385,5812763020.1110735,5812763020.1110735,11.27406648520109,15.328031981169563,22.483321857607898,7.071573364211532,8.530071903639593,,6287.0,8.74623928838306,1116.0494817391811,259.57662567574204,,,0.23162943253000334,170711.5770491407,1.2740621534678809,-0.2533116121031197,1.56019,22.42726629185937,-0.23661301069254964,33559762767.66364,24.23659364961887,24.20891248358623,-0.21468921052631584,-0.4414798583749254,0.09478096225778247,0,0,2001-05
NOR,2003,5207.27,59.7512298840845,79150.3962863661,,19.0231893167687,9.02238819766689,4782.0,1079.0,4564855.0,1.67572,4513.7416,66.5085380808884,1.33232319355011,2.28429388999939,3.40994024276733,0.504969477653503,4.564669,399527.03125,1312979.375,1.14832055568695,0.960467214,1.67572094,4633.794375,,361310082239.79974,6054545310.108772,6054545310.108772,11.279105072073202,15.333897308089432,22.524075117838475,6.983789965258135,8.557811005093003,8.414881711609597,5861.0,8.676075516476429,1140.730647523306,236.37114431893238,20604.575911468,9.933268461734757,0.7820124137708717,174901.76417278193,2.424902019820152,-0.28692418048679,1.62644,22.483321857607898,-0.2533116121031197,34580343662.62286,24.266551255342538,24.23659364961887,-0.1484392105263157,-0.45817845978549543,0.06801164885072222,0,0,2001-05
NOR,2004,5687.47,63.2023468620102,82091.1935035949,,20.0406973270322,8.67710792106908,4348.0,1142.0,4591910.0,1.53976,4514.09712,68.7028173740954,1.32183933258057,2.29132771492004,3.43304324150085,0.479922860860825,4.591743,415566.40625,1344928.625,1.163898229599,0.839299086,1.539754256,4580.464775,,376955372361.09247,5804208041.467157,5804208041.467157,11.315586024201112,15.339806617486335,22.481849015824086,7.040536390215956,8.646020788520019,8.414960472431808,5490.0,8.610683534503575,1238.5848154689443,248.6982541034123,20728.327706299202,9.939256531953868,1.347442525841522,181364.89317701198,3.6286517574774635,-0.2790242004435141,1.67572,22.524075117838475,-0.28692418048679,35197500154.696594,24.28424089869606,24.266551255342538,-0.09915921052631571,-0.49179102816916576,0.048765610097179564,0,0,2001-05
NOR,2005,6672.86,68.7667183892663,83955.3365007578,,20.4354171297898,8.26778168434925,4843.0,1143.0,4623291.0,1.47715,4602.55542,70.2469613309236,1.45883977413178,2.31851053237915,3.45630311965942,0.454549521207809,4.623124,426724.84375,1385369.125,1.16281950473785,0.790295823,1.477153403,4785.123113,,388149951645.925,5733557010.737781,5733557010.737781,11.33804022809414,15.346617347128209,22.46960194483748,7.04141166379481,8.805803832614588,8.43436695431665,5986.0,8.697178688412643,1443.3138645177212,247.22648866359484,21278.95305028722,9.965473743480583,-0.09272503686377498,184051.28542250546,1.4703457595024005,-0.3776414445462801,1.53976,22.481849015824086,-0.2790242004435141,35651432142.22988,24.297055155292394,24.28424089869606,-0.2351192105263158,-0.4838910481258899,0.11377208121611071,0,0,2001-05
NOR,2006,7115.86,74.7578109616847,85653.1367825864,,21.1875351339448,8.35083436571221,4957.0,1119.0,4660677.0,1.44972,4866.24486,71.1687450210659,1.46087002754211,2.39516949653626,3.47972059249878,0.445553749799728,4.660494,437228.5625,1432068.0,1.14748454093933,0.774624686,1.449720006,5042.103868,,399201604580.4544,5787305501.923763,5787305501.923763,11.358061126345941,15.354671274519818,22.478932649215004,7.020190708311925,8.870081374618048,8.490077842669292,6076.0,8.712101863715663,1526.7867736811627,240.0938747739867,22679.995495370218,10.029238559224835,-1.3275472588743038,182545.97978652106,-0.8212358568957967,-0.3790321675122365,1.47715,22.46960194483748,-0.3776414445462801,36091022822.81916,24.309309996092257,24.297055155292394,-0.29772921052631585,-0.5825082922286559,0.1734297339702702,0,0,2006-10
NOR,2007,7668.95,77.0314487287073,87670.8617980792,17.9336632987451,23.9770054742098,8.35082631870895,5431.0,1225.0,4709153.0,1.55795,5202.07257,71.1714206590972,1.4067291021347,2.48941326141357,3.50329637527466,0.467294871807098,4.70901,449969.59375,1489138.25,1.12511253356934,0.818558293,1.557944457,5532.630603,,412855501849.0101,6432082291.056652,6432082291.056652,11.381344874556893,15.3650186196726,22.584564162748798,7.110696122978827,8.944934987988749,8.556812396314982,6656.0,8.803273982501045,1628.5200332204115,260.13170521323053,24497.35564923321,10.106320458023308,-1.9689130420373346,180753.27255808565,-0.9869119011812089,-0.34126722379862295,1.44972,22.478932649215004,-0.3790321675122365,37109451690.45294,24.337137536659235,24.309309996092257,-0.3251592105263159,-0.5838990151946123,0.18986014280777347,0,0,2006-10
NOR,2008,7843.74,85.0942814959755,87297.3980291813,18.648312613033,23.2252987883204,7.79689154979305,4280.0,1150.0,4768212.0,1.54556,5399.5311,73.8668579713193,1.47553420066834,2.56944561004639,3.52703213691711,0.454235196113586,4.768101,452138.0625,1543627.5,1.08414089679718,0.821799793,1.545561155,5820.757089,,416252500851.5187,6433432152.160732,6433432152.160732,11.377075936448596,15.377481949826118,22.584774004510663,7.047517221357296,8.967471040412983,8.5940673954488,5430.0,8.599694412927981,1645.0065559165573,241.1805515358797,25746.108985393203,10.156038787310644,-3.7095187326992725,175967.16612025772,-2.683554481440531,-0.3890200941687167,1.55795,22.584564162748798,-0.34126722379862295,37976466089.04573,24.360232491372845,24.337137536659235,-0.21692921052631586,-0.5461340714809987,0.1184724329678956,0,0,2006-10
NOR,2009,8824.89,80.8253538029802,84812.6851277638,19.9197869658293,23.669232658255,7.4509145087914,2358.0,1246.0,4828726.0,1.71678,5474.54077,66.3869035154741,1.26938724517822,2.5581910610199,3.55092859268188,0.506978869438171,4.828623,443365.0,1587447.25,1.05264973640442,0.885420082,1.716780505,5859.070063,,409537217806.2464,7030853047.854077,7030853047.854077,11.34820039936351,15.390093222719885,22.673573879341127,7.1276936993473985,9.08533141713458,8.607863673541207,3604.0,8.189799618728228,1827.5814365942488,258.03907697392646,26435.057354159017,10.182446338296817,-2.9477329343176004,173311.91823617707,-1.5204454862331573,-0.23853429992595024,1.54556,22.584774004510663,-0.3890200941687167,39310849223.542946,24.394766379391374,24.360232491372845,-0.22931921052631576,-0.5938869418510925,0.13618968464718054,0,0,2006-10
NOR,2010,9027.46,85.5587081443626,84604.5143891947,20.3684826960087,20.9699003695918,7.24621010498332,696.0,1117.0,4889252.0,1.6412,5444.69765,67.1044480331039,1.25432002544403,2.55147910118103,3.57498717308044,0.49056750535965,4.889162,446854.46875,1622022.5,1.04419207572937,0.840969221,1.641203047,5781.327998,,413652791186.3989,6788869608.951179,6788869608.951179,11.345742905745041,15.402549884515507,22.63855028585835,7.018401799069201,9.10802632223623,8.602397505817978,1813.0,7.502738210754851,1846.3887727611502,228.46030435739456,26620.4988746578,10.18943683236921,-0.8067090701194636,175135.46105204616,1.0466771008529108,-0.22659361335517644,1.71678,22.673573879341127,-0.23853429992595024,40203091448.96268,24.41720973133009,24.394766379391374,-0.058099210526315836,-0.443401147608326,0.025761256622506175,0,0,2006-10
NOR,2011,9654.65,91.1847190098853,84670.8344398355,21.5440989109981,21.8472759962246,6.77714201821789,654.0,1122.0,4953088.0,1.61714,5533.91801,68.3082228214528,1.36224663257599,2.58837175369263,3.5846438407898,0.482362419366837,4.952968,451795.125,1662513.125,1.03209042549133,0.843775768,1.617136945,5969.060942,,419382094013.9359,6781995595.136963,6781995595.136963,11.346526481788368,15.415521778422436,22.637537231156426,7.022868086082641,9.17519494355821,8.61865134455226,1776.0,7.4821189235521155,1949.2183462114947,226.52535145751497,27409.982888314884,10.218662565010423,-1.1657168300833902,174548.00468883914,-0.33599353324866854,-0.30913527252058476,1.6412,22.63855028585835,-0.22659361335517644,40954623326.75523,24.43573054262483,24.41720973133009,-0.13367921052631582,-0.4314604610375522,0.05767729380482022,0,0,2011-15
NOR,2012,10258.36,94.2411915292699,85925.8723352057,21.1240532638067,22.7232401536009,6.64241963943732,555.0,1009.0,5018573.0,1.61053,5584.13377,67.2907057063447,1.35577142238617,2.64108848571777,3.59432673454285,0.484118640422821,5.018458,464074.78125,1709731.875,1.03517317771912,0.84192456,1.610532329,6153.891583,,431225262902.9103,6945012226.63024,6945012226.63024,11.361240253952863,15.428656188309334,22.661289573645085,6.9167150203536085,9.235848261893757,8.627684600100828,1564.0,7.355001921105257,2044.0790639092031,201.05316790250933,28024.382966510213,10.240830230445889,0.29824493674569796,175713.45441835062,0.6654766034278836,-0.3043706077472741,1.61714,22.637537231156426,-0.30913527252058476,41756442054.37219,24.45511957704367,24.43573054262483,-0.1577392105263158,-0.5140021202029605,0.08107828864966747,0,0,2011-15
NOR,2013,10322.4,96.6698842691854,85973.7694976801,21.0205001240338,23.7559784412139,6.61997045955963,648.0,1101.0,5079623.0,1.64216,5605.02472,66.6575278489713,1.25380313396454,2.6714289188385,3.60403561592102,0.494594097137451,5.080124,468790.625,1762512.25,1.02669537067413,0.861893613,1.642158536,6327.598092,,436714336937.11426,7171548155.446516,7171548155.446516,11.361797522870974,15.440747604202349,22.69338738951202,7.00397413672268,9.242071570137636,8.631418745844439,1749.0,7.466799475018602,2032.11931279152,216.74836892422923,28471.41248328056,10.256655792082512,-0.8223467813034506,175483.09883679167,-0.13118330032497738,-0.22618143942753738,1.61053,22.661289573645085,-0.3043706077472741,42664523901.66288,24.476633589882024,24.45511957704367,-0.1643492105263158,-0.5092374554296498,0.08369277377029287,0,0,2011-15
NOR,2014,10554.7,96.9927989289089,86790.7924625691,22.3154505616718,24.1699804281443,6.77145597747606,457.0,1106.0,5137232.0,1.70369,5722.57126,67.7741797940433,1.19825983047485,2.69956636428833,3.61377096176147,0.505017340183258,5.137395,478392.0625,1813442.25,1.02618193626404,0.915267242,1.703691217,6541.203692,,445864436344.0687,7596147815.550264,7596147815.550264,11.371255817401641,15.452024970975842,22.750907089363547,7.00850518208228,9.264326537329937,8.652173504348577,1563.0,7.354362330421477,2054.549998909919,215.2910361066037,29398.17619915232,10.288687917360145,-0.05002095537420918,177210.70644103817,0.979672109767904,-0.18087036305053117,1.64216,22.69338738951202,-0.22618143942753738,43860993131.96371,24.504291222907426,24.476633589882024,-0.13271921052631575,-0.43104828710991316,0.057208388363948356,0,0,2011-15
NOR,2015,10602.45,94.4788407274485,87688.1196708993,22.2637499039318,24.1580247738902,6.86959678594939,652.0,1153.0,5188607.0,1.92351,5929.85725,68.8351790107466,1.05882596969605,2.70923852920532,3.62353277206421,0.528698265552521,5.189771,487277.46875,1858623.75,1.02973687648773,1.036527257,1.923504153,7161.919881,,454979191541.26575,8751570247.2154,8751570247.2154,11.381541703629818,15.461975818345426,22.892498978040102,7.050122520269059,9.268840385468728,8.687755419189376,1805.0,7.498315870766981,2043.4097244212176,222.21763953215188,30767.69883635075,10.334220679570528,0.3458253063872214,179857.72145833515,1.4826645546193618,-0.0571607185502289,1.70369,22.750907089363547,-0.18087036305053117,46033414409.38455,24.552633369938583,24.504291222907426,-0.07118921052631588,-0.3857372107329069,0.027460327502698785,0,0,2011-15
NOR,2016,11289.44,92.9428066464015,88041.6414808956,20.9563395259628,25.7894648566617,6.53860465289637,833.0,1227.0,5234519.0,2.03286,6120.84923,67.3341230829057,1.00762760639191,2.71634793281555,3.63332056999207,0.544545829296112,5.235983,492952.875,1907371.25,1.02429831027985,1.08289862,2.032865485,7398.254472,,460855645122.93616,9368550067.44612,9368550067.44612,11.385565180183711,15.470785516499024,22.960624179221483,7.112327444710911,9.331623054496333,8.719456128951563,2060.0,7.630461261783627,2156.7292047273113,234.40549169847316,32039.701590570367,10.374731087486312,-0.5295507060552855,181476.33778602298,0.895917289290793,-0.0075986632868447965,1.92351,22.892498978040102,-0.0571607185502289,48496952315.42299,24.604766794058147,24.552633369938583,0.14863078947368424,-0.26202756623260465,-0.03894536403302012,0,0,2016-19
NOR,2017,11939.18,96.6760113021208,89664.9086415829,21.5970984465797,25.034333727907,6.36964089916267,908.0,1152.0,5276968.0,2.08168,6396.1696,67.1957153368952,1.04057419300079,2.7472460269928,3.6431348323822,0.526189684867859,5.276802,505098.0,1957219.5,1.03251612186432,1.095136082,2.081674868,7901.514127,,473158853624.5564,9849653224.131666,9849653224.131666,11.403834763495961,15.478862248317874,23.010702085838762,7.049254841255837,9.387580707871322,8.763454590175145,2060.0,7.630461261783627,2262.5075611601205,218.30717942576115,33752.3823017728,10.426806280528744,0.799085730263472,183856.12174417888,1.3028229805412295,-0.03977266945197916,2.03286,22.960624179221483,-0.0075986632868447965,51072062692.24121,24.656503466299654,24.604766794058147,0.2579807894736841,-0.21246551096922056,-0.05481202025576921,0,0,2016-19
NOR,2018,12225.59,102.806547495637,90064.0687974358,21.1178200437435,24.4480305895897,6.01150571931844,592.0,1082.0,5311916.0,2.03482,6484.23611,68.1761206012317,1.09137499332428,2.79120755195618,3.6529757976532,0.511711835861206,5.311752,509284.78125,2007468.75,1.01751840114594,1.048294447,2.034823201,8070.65551,,478412768070.2,9734838687.246042,9734838687.246042,11.408276571576272,15.485463156760364,22.998976905242532,6.9865664594064265,9.411286574937202,8.777129296443047,1674.0,7.422971251049421,2301.540536409085,203.69298008477543,34443.71754048676,10.447081895239137,-1.463193729218127,182460.37665421,-0.7620469460091428,-0.08743836303203704,2.08168,23.010702085838762,-0.03977266945197916,53146091975.65107,24.696310410821273,24.656503466299654,0.30680078947368417,-0.24463951713435492,-0.07505559699328097,0,0,2016-19
NOR,2019,12508.85,102.315346925374,90772.9017041865,22.4920145628444,27.4902065300514,6.14479469538793,582.0,957.0,5347896.0,2.13599,6737.55318,68.880243105732,1.09686577320099,2.8351833820343,3.66284322738647,0.538693726062775,5.34773,515008.0,2067917.5,1.00314593315125,1.131935311,2.135995154,8299.068034,,485444037932.21216,10369036105.828259,10369036105.828259,11.416116080666285,15.492213770492821,23.062089904610062,6.863803391452954,9.434191672776628,8.815452108321537,1539.0,7.338888133838879,2339.022673589763,178.94888008293353,36031.73370110928,10.492155320850085,-1.4225727777949837,181648.92022979888,-0.4457220811312723,-0.09245681574018014,2.03482,22.998976905242532,-0.08743836303203704,55543214285.13167,24.740427190487374,24.696310410821273,0.25994078947368404,-0.2923052107144128,-0.07598204724037602,0,0,2016-19
NOR,2020,13284.78,100.0,89012.2723804504,22.0688842926826,28.3841303658064,6.43763409132964,564.0,880.0,5379475.0,2.24436,6766.01432,63.3673184179043,1.07818686962128,2.79147791862488,3.67273736000061,0.561712980270386,5.379274,508425.28125,2123379.0,0.987697005271912,1.219260019,2.244362754,8102.594599,,478839293963.8234,10746877578.006466,10746877578.006466,11.396529531123234,15.498101343733252,23.097881091469166,6.779921907472252,9.494374298026687,8.819667465803091,1444.0,7.275172319452771,2469.5309486520523,163.5847364287407,36397.604884082,10.502258251572067,-1.5520298152062182,182134.80316564968,0.26712752304707266,-0.07528080590644604,2.13599,23.062089904610062,-0.09245681574018014,57958609720.36838,24.78299496723005,24.740427190487374,0.36111078947368425,-0.2973236634225559,-0.10736678282772713,0,0,2020-23
NOR,2021,13802.78,119.532069390306,92205.7698636049,20.5863715899543,23.9952353287384,5.51381024832847,634.0,946.0,5408320.0,1.88764,7228.72168,69.1060572345311,1.16277384757996,2.82337927818298,3.69953942298889,0.484145492315292,5.408091,528298.0625,2174866.0,1.0,1.016735188,1.887638193,8278.654674,,498678309268.7317,9413251237.080288,9413251237.080288,11.43177798745221,15.503449066552001,22.965384239591973,6.852242569051878,9.532625300132478,8.885817491774974,1580.0,7.365180126021013,2552.1381870895216,174.91568546239867,39095.240036377596,10.5737560003627,1.2379303094610146,187115.51316619164,2.697905396645872,-0.15080839854835254,2.24436,23.097881091469166,-0.07528080590644604,58678069499.3934,24.795331890896673,24.78299496723005,0.4694807894736841,-0.28014765358882177,-0.13152394157608022,0,0,2020-23
NOR,2022,13494.16,152.129881629496,95109.8201605729,23.8849460450338,19.4013346172348,4.77970222585039,,,5457127.0,1.55081,7394.77328,79.9216011363033,1.18848633766174,2.9282009601593,3.72675514221191,0.384227871894836,5.456801,544176.75,2232055.25,0.998436391353607,0.85720039,1.550807819,8549.150329,,519026367563.4067,8049112810.810067,8049112810.810067,11.462787504617456,15.512433018758106,22.808827712466073,,9.51001227823876,8.908528716121841,,,2472.759017702905,,40354.21692516656,10.605451176915674,-0.15648323581631357,185839.9602363342,-0.6840269117027731,-0.17268051230545872,1.88764,22.965384239591973,-0.15080839854835254,57925471885.29446,24.782423053719274,24.795331890896673,0.11276078947368418,-0.3556752462307283,-0.04010622156122394,0,0,2020-23
NOR,2023,13756.15,135.499548007812,94364.9641754336,25.6746143774999,22.5789042204717,5.64095594227279,,,5519601.0,1.85142,7450.59492,77.401189583706,1.07658386230469,2.96684813499451,3.75439190864563,0.384227871894836,5.519167,546786.875,2290751.75,0.980952680110931,1.051640155,1.851424201,8684.891954,,520856950627.6875,9643249755.311132,9643249755.311132,11.454925141033886,15.523816133032069,22.989524000306332,,9.52924127582536,8.916049163218918,,,2492.236304761884,,41124.311171026915,10.624354738286714,-1.7666224602317082,184298.90918599776,-0.8326928523596067,-0.07379293753273838,1.55081,22.808827712466073,-0.17268051230545872,58879900857.811424,24.79876562756486,24.782423053719274,-0.2240692105263158,-0.3775473599878345,0.08459673888876883,0,0,2020-23
NZL,2000,4324.72,61.6688700881202,35984.6288016116,,20.8504743864685,15.5041347140747,5585.0,1463.0,3857700.0,,,68.5169268768932,0.888034999370575,1.77863597869873,3.27040553092957,0.539823532104492,3.857574,127648.5390625,363208.125,0.976820290088654,,,,,138817902527.97708,,,10.490847148524288,15.16558170892664,,7.288244401020124,8.37210267738587,,7048.0,8.860499167616016,1121.0617725587786,379.2415169660679,,,,71767.65824555574,,0.11874412306106426,,,,,,,,,,0,0,other
NZL,2001,4412.78,64.0473114930336,36995.0603198774,,21.4867300640189,15.189725899683,5507.0,1768.0,3880500.0,1.10029,2669.46316,67.2338243520418,0.896288394927979,1.82897984981537,3.27239608764648,0.54116415977478,3.891762,132600.875,374910.53125,0.985389590263367,0.407110448,1.10028591,,,143559331571.28424,1579568969.3456833,1579568969.3456833,10.518539677845615,15.17147456927633,21.180417842555855,7.477604243197589,8.39226015531895,7.889632667507874,7275.0,8.892199092039693,1137.1678907357298,455.61139028475714,10358.85179238,9.24559667881993,0.8734391503668316,72499.91027150226,1.0151391913279184,0.1094930484567676,,,0.11874412306106426,5352707878.822563,22.40086841538017,,,-0.0861227246213115,,0,0,2001-05
NZL,2002,4407.95,64.2374093684479,38072.2713835052,,21.9372544958241,15.5517417388538,5109.0,1839.0,3948500.0,,,62.6559945554479,0.884870409965515,1.88450598716736,3.2743878364563,0.527591943740845,3.951119,139297.671875,387885.53125,0.998131930828095,,,,,150328363557.77026,,,10.547241510940733,15.188846317919772,,7.516977224604321,8.391165007755713,,6948.0,8.846209127360996,1116.360643282259,465.7464860073446,,,1.2848376709518363,73917.34110878641,1.9362132612418037,0.1223140741135385,1.10029,21.180417842555855,0.1094930484567676,,,22.40086841538017,-0.6745892105263158,-0.09537379922560815,0.06433813592449836,0,0,2001-05
NZL,2003,4512.04,65.5680434001623,39092.3455202712,,23.257117548546,14.7181353891296,5028.0,1845.0,4027200.0,1.14891,3100.17298,57.914769345753,0.876842319965363,1.92874574661255,3.27638077735901,0.52950119972229,4.022586,145805.46875,403946.3125,1.00820207595825,0.468581315,1.148927336,,,157432693879.23618,1808759963.2479324,1808759963.2479324,10.573681960063665,15.20858190336319,21.31590734425578,7.520234556474628,8.414504658386825,8.039213188916476,6873.0,8.835355971121606,1120.3913388955107,458.13468414779504,12485.016625055998,9.43228453431539,1.0038437927276849,75596.00274223686,2.245595116985477,0.13142809756931662,,,0.1223140741135385,5352707878.822563,22.40086841538017,,,-0.08255277356883725,,0,0,2001-05
NZL,2004,4899.55,67.3754100577203,40091.1399487332,,24.2179361926513,14.5562535989493,4900.0,1631.0,4087500.0,,,58.7995522745359,0.840389549732208,1.99816763401032,3.27837491035461,0.531800091266632,4.08391,150531.359375,421278.96875,0.99058872461319,,,,,163872534540.44696,,,10.598910639972457,15.223444094187647,,7.396948602621014,8.496898643146773,,6531.0,8.784315349902657,1198.6666666666665,399.0214067278287,,,-1.762446301209066,75334.70005861507,-0.346255519708194,0.17388974496222742,1.14891,21.31590734425578,0.13142809756931662,,,22.40086841538017,-0.6259692105263157,-0.07343875011305914,0.04597039643031101,0,0,2001-05
NZL,2005,5428.53,68.7232899668624,40970.295838255,,24.7457606314097,14.5252459539577,5112.0,1893.0,4133900.0,1.12043,3159.23406,58.0187434407163,0.834811925888062,2.05929923057556,3.28037047386169,0.535917639732361,4.135007,155325.375,439062.96875,0.985882937908173,0.466432223,1.120419298,,,169367105965.76233,1897639865.372191,1897639865.372191,10.620602591365591,15.234731829284446,21.36387677485866,7.545918151209323,8.599423658045142,8.058084891124755,7005.0,8.854379458771108,1313.1740003386633,457.92109146326715,13059.957680634,9.477306162444927,-0.4761814384870139,75426.32595292506,0.12155118337311421,0.18054881795868333,,,0.17388974496222742,6430559257.4113035,22.584327347682976,,,-0.030977102720148336,,0,0,2001-05
NZL,2006,5731.31,70.5890995318041,41596.8311289998,,23.913397362852,13.3101555777773,5212.0,2153.0,4184600.0,,,59.6032650403479,0.834976196289063,2.10610342025757,3.26478576660156,0.547533452510834,4.18194,158875.53125,455095.0,0.983065843582153,,,,,174066099542.41257,,,10.63577926856425,15.246921677887288,,7.674617497364363,8.65369940487037,,7365.0,8.90449432889673,1369.6195574248436,514.5055680351767,,,-0.2861523138411691,75435.76907090821,0.01251887426576559,0.18035206197587414,1.12043,21.36387677485866,0.18054881795868333,,,22.584327347682976,-0.6544492105263158,-0.02431802972369243,0.01591491535422599,0,0,2006-10
NZL,2007,6102.53,74.3322548620008,42473.1182614499,10.1031516801271,23.9129386681523,12.3263674982456,5952.0,1892.0,4223800.0,1.15764,3472.58808,58.4251605749091,0.876548945903778,2.14300775527954,3.24927496910095,0.556947708129883,4.223266,164930.390625,472601.375,0.998040020465851,0.494444861,1.157633093,,,179397956912.71207,2076782508.40432,2076782508.40432,10.656626643297425,15.25624575476241,21.45408566206007,7.545389749611823,8.716458718273056,8.152655439317611,7844.0,8.967504187316237,1444.7961551209812,447.93787584639426,14667.517532303998,9.593390636115748,1.511727598975662,76962.10628201203,2.0031621125211174,0.1317627337341401,,,0.18035206197587414,7037622485.038766,22.674536234884386,,,-0.02451478570650162,,0,0,2006-10
NZL,2008,6384.18,76.3770684949797,41682.2459069155,9.33209646762995,22.8770392064939,12.3829941898747,4468.0,1256.0,4259800.0,,,64.2611448527979,0.874757468700409,2.16062164306641,3.23383808135986,0.563100755214691,4.261824,162118.359375,486612.09375,0.969582676887512,,,,,177558031114.27866,,,10.637830559498454,15.264732768786637,,7.135687347028144,8.76157833422088,,5724.0,8.652423140676342,1498.704164514766,294.8495234518052,,,-2.8927627265570317,75033.20162289843,-2.538247062813781,0.13380860967372235,1.15764,21.45408566206007,0.1317627337341401,,,22.674536234884386,-0.6172392105263158,-0.07310411394823566,0.04512272557963481,0,0,2006-10
NZL,2009,6639.58,78.3920728179207,41250.9985717425,9.91231926776552,20.3634011223437,10.7438992457809,4803.0,1555.0,4302600.0,1.24916,3760.38719,55.0143501856026,0.900281488895416,2.12187838554382,3.21847438812256,0.56267124414444,4.304304,165424.1875,496847.5,0.998831212520599,0.521638232,1.249159269,,,177486546454.7793,2217090943.694521,2217090943.694521,10.62743059926964,15.274730049098721,21.519461787801276,7.349230824613334,8.800803987457876,8.2322772071461,6358.0,8.757469141470748,1543.1553014456374,361.4093803746572,16179.441923694,9.691496698280547,2.9720059028901393,77961.20108815902,3.828057710351196,0.1050477991193891,,,0.13380860967372235,7513087679.41659,22.739912360625592,,,-0.07105823800865341,,0,0,2006-10
NZL,2010,6905.71,80.8585373035842,41395.370375582,9.71533990710258,19.9528098265442,10.8169492190566,5051.0,1585.0,4350700.0,,,58.1047406012087,0.894581139087677,2.12953305244446,3.20318388938904,0.568903565406799,4.34777,166943.015625,507669.9375,0.990898430347443,,,,,180098837893.04462,,,10.630924326883573,15.285847309658937,,7.368339686311381,8.840103884597914,,6636.0,8.800264651310336,1587.264118417726,364.30919162433634,,,-0.7973770941943131,78394.1885444645,0.5538517912979657,0.111399671273294,1.24916,21.519461787801276,0.1050477991193891,,,22.739912360625592,-0.5257192105263158,-0.09981904856298666,0.05247679140602132,0,0,2006-10
NZL,2011,7614.89,82.8037408712193,41961.9202263641,9.97378060511744,20.0739083742502,10.9338435637342,4708.0,1501.0,4384000.0,1.23083,3731.3373,59.1815679267669,0.909525990486145,2.16234827041626,3.22521996498108,0.565270304679871,4.3827,171298.5625,519665.3125,0.995582640171051,0.559382194,1.230828383,,,183961058272.38022,2264247893.5339375,2264247893.5339375,10.64451782472252,15.293472107609988,21.540508484903757,7.313886831633462,8.93786082005093,8.224521973852132,6209.0,8.733755131364893,1736.9730839416059,342.38138686131384,16358.182723200001,9.702483523497847,0.47160967956235034,79218.76639558362,1.0463421290927144,0.09483170475700986,,,0.111399671273294,7672889107.42973,22.760959057728073,,,-0.09346717640908175,,0,0,2011-15
NZL,2012,7698.06,82.695212338892,42693.4234516571,10.0832140526896,20.9523503518298,10.5897797219328,5674.0,1425.0,4408100.0,,,56.9257462326897,0.898932099342346,2.15902996063232,3.24740767478943,0.562921822071075,4.411676,175731.578125,532750.0625,1.01177513599396,,,,,188196879917.24966,,,10.661800169829204,15.298954315582971,,7.261927092702751,8.948723628045585,,7099.0,8.867709208039386,1746.344229940337,323.2685283909167,,,1.6133493731781607,81393.76540820817,2.7085457846936833,0.10654777645937197,1.23083,21.540508484903757,0.09483170475700986,,,22.760959057728073,-0.5440492105263157,-0.1100351429253659,0.05986453263869563,0,0,2011-15
NZL,2013,7748.63,86.1700299475254,43453.2814172317,10.7264399315762,21.4415172781075,10.2341542188131,5167.0,1614.0,4442100.0,1.15275,4043.95577,56.0063219921147,0.834184288978577,2.20480275154114,3.2697479724884,0.563517093658447,4.453851,179275.796875,547969.875,0.990889966487885,0.534943028,1.152746413,,,193023821383.48495,2225082100.9981227,2225082100.9981227,10.679441649527345,15.306637795564919,21.52305965120885,7.3864708488298945,8.955271332527445,8.304978642889651,6781.0,8.821879862683842,1744.3619009027263,363.34166272708853,17963.655925917,9.796105880490297,-2.085813216542415,81311.48999595888,-0.10113431069900258,0.1813009310353707,,,0.10654777645937197,7540167428.063221,22.743510224033166,,,-0.09831907122300379,,0,0,2011-15
NZL,2014,7916.65,86.5572051577225,44369.7664241859,9.91429177740434,22.6149734161941,11.0659467829682,6092.0,1636.0,4516500.0,,,55.1213465284556,0.826346337795258,2.283935546875,3.29224228858948,0.546429812908173,4.522983,185796.359375,565233.1875,0.98473048210144,,,,,200396050054.83563,,,10.700313580085623,15.323247915572034,,7.400009517162692,8.976723415529303,,7728.0,8.952605375892354,1752.8285176574782,362.227388464519,,,-0.6235513859352741,81349.21304115446,0.046382494563879106,0.19074129818916286,1.15275,21.52305965120885,0.1813009310353707,,,22.743510224033166,-0.6221292105263159,-0.023565916647005053,0.014661045118930219,0,0,2011-15
NZL,2015,7818.58,87.7894427987821,45097.016468387,10.1125452318052,22.9997768722182,11.2800879984655,5317.0,1184.0,4609400.0,1.22707,5476.90357,54.8749505791536,0.850055575370789,2.34109854698181,3.31489086151123,0.544618427753449,4.614029,193688.453125,582916.6875,0.993432343006134,0.626836588,1.22706588,,,207870187709.38306,2550712712.3255267,2550712712.3255267,10.716571369608216,15.343608254658527,21.659638652094905,7.076653815443951,8.964258231372932,8.608295178274885,6501.0,8.77971129020447,1696.2251052197682,256.8664034364559,25245.239315558003,10.136392874969138,0.8797978532794419,82734.00253684618,1.6879512873270386,0.16245354884597277,,,0.19074129818916286,8643636521.635008,22.88008922491922,,,-0.014125549493212902,,0,0,2011-15
NZL,2016,8115.78,89.926963107675,45746.135981069,10.8777020288641,22.744635785984,10.0904318998066,5311.0,1075.0,4714100.0,,,52.4796021733125,0.878154993057251,2.4279670715332,3.33769536018372,0.552447855472565,4.71477,201116.546875,600555.375,0.995882749557495,,,,,215651859628.35736,,,10.730862607706584,15.366068575660085,,6.980075940561763,9.001565593629069,,6386.0,8.761863373274727,1721.596911393479,228.03928639613073,,,0.24635692956328867,82833.30908108238,0.11995913344780007,0.12993217124858814,1.22707,21.659638652094905,0.16245354884597277,,,22.88008922491922,-0.5478092105263157,-0.04241329883640299,0.023234395751386628,0,0,2016-19
NZL,2017,8183.78,93.210373713716,46285.9810980642,9.2522910740142,23.1159512515608,10.1999539070643,5146.0,1014.0,4813600.0,1.34788,5035.55839,54.2775276299632,0.891391456127167,2.54534101486206,3.36065697669983,0.550411283969879,4.812752,209798.71875,619907.75,0.992282271385193,0.733393819,1.347877488,,,222802198613.64185,3003106274.6735554,3003106274.6735554,10.74259441016689,15.386955802888279,21.822913014823094,6.921658184151129,9.009909425549713,8.524279700691707,6160.0,8.725832056527565,1700.1371115173674,210.65314941000497,24239.163866104,10.095724945615713,-0.3621914750916066,82424.60146793716,-0.4946310225916406,0.11497160329554974,,,0.12993217124858814,10176669033.986773,23.04336358764741,,,-0.07493467643378762,,0,0,2016-19
NZL,2018,8256.6,94.9555158020955,46974.6818400482,9.81175442917481,23.6866787146363,9.95918287314664,5221.0,1017.0,4900600.0,,,55.9063918509538,0.872705638408661,2.60500574111938,3.38377642631531,0.552992343902588,4.900847,217913.03125,640527.8125,0.995964467525482,0.792169048,,,,230204125825.3402,,,10.757364051295413,15.404868204564183,,6.92461239604856,9.018768159499292,,6238.0,8.738414897167749,1684.8141043953804,207.5256091090887,,,0.3703967196838571,83651.65105408253,1.4777211025084114,0.13615696395524962,1.34788,21.822913014823094,0.11497160329554974,,,23.04336358764741,-0.42699921052631584,-0.08989524438682601,0.03838519838324493,0,0,2016-19
NZL,2019,8678.86,98.0886941468928,47392.1933135172,9.86594609152879,23.673560247464,9.67100645867407,5690.0,324.0,4970300.0,1.4642,5665.38305,54.4612464097007,0.887366354465485,2.63707518577576,3.40705513954163,0.552218377590179,4.989403,223309.78125,661301.5625,0.984908521175385,0.844681845,1.464197676,,,235553418426.17453,3448973152.5960474,3448973152.5960474,10.766212796091896,15.418990758424128,21.961342386758336,5.780743515792329,9.068645462623484,8.642129788122345,6014.0,8.701845363548474,1746.1440959298234,65.18721203951472,28158.653373415,10.245609988582197,-1.1162816816940935,84680.8549314486,1.2228377357324405,0.11949735548961767,,,0.13615696395524962,11687584477.805828,23.18179295958265,,,-0.06870988372712614,,0,0,2016-19
NZL,2020,8679.94,100.0,46326.3804672976,9.60874974217951,23.3802200341086,9.3832174592414,5417.0,348.0,5072400.0,,,43.8262466218168,0.905764997005463,2.66865992546082,3.43049359321594,0.548028647899628,5.069895,223460.484375,680507.25,0.975765228271484,0.872746976,,,,234985932282.32034,,,10.743466850327426,15.439324636342882,,5.8522024797744745,9.068769895188108,,5765.0,8.65956043270316,1711.209683778882,68.60657676839367,,,-0.9326752282320635,83735.09199993446,-1.1231393352007402,0.09897539178900125,1.4642,21.961342386758336,0.11949735548961767,,,23.18179295958265,-0.31067921052631586,-0.08536949219275809,0.02652252643747857,0,0,2020-23
NZL,2021,8960.04,104.557378070178,48202.0913368233,9.76110781430146,24.7318991879619,8.69296149997073,6522.0,330.0,5084600.0,1.48604,5094.76159,48.4315370741539,0.898066580295563,2.7111439704895,3.41306686401367,0.554435253143311,5.107697,233868.359375,703719.4375,1.0,0.886170779,1.486048798,,,245088353611.21176,3642110970.0040517,3642110970.0040517,10.783157687828202,15.441726921637192,22.015829287310993,5.799092654460526,9.100529970244725,8.535968151627753,6852.0,8.832295859444011,1762.1917161625302,64.90186052000158,25904.824780514,10.162184515300671,2.4533266308393507,86261.87392504087,2.97295662428283,0.10751107056027384,,,0.09897539178900125,12342073352.303446,23.23627986013531,,,-0.10589145589337451,,0,0,2020-23
NZL,2022,8700.7,111.081313050337,49842.9845334162,12.0543415422888,25.5413739434671,8.91308818638142,,,5081700.0,,,53.2091433736439,0.899524629116058,2.78850507736206,3.39583373069763,0.554435253143311,5.131734,240093.46875,727229.3125,0.99078357219696,0.945560996,,,,253287094503.46112,,,10.81663303396012,15.441156409242582,,,9.071158761176076,,,,1712.1632524548875,,,,-0.9259161846576078,86101.1409658718,-0.18650521501051287,0.10588884507028129,1.48604,22.015829287310993,0.10751107056027384,,,23.23627986013531,-0.2888392105263158,-0.09735577712210192,0.028120165804123874,0,0,2020-23
NZL,2023,8096.23,115.646916276231,49592.5875512098,12.6494857356401,24.8475993149454,8.26688384013797,,,5200000.0,1.54848,5435.46099,49.8655041498497,0.879313111305237,2.88284850120544,3.37879180908203,0.554435253143311,5.172836,241854.109375,748664.75,0.967833995819092,0.973847842,1.54848304,,,257881455266.29095,3993242758.507462,3993242758.507462,10.81159665701301,15.464169183551656,22.107869459199392,,8.999153800214625,8.60069961472565,,,1556.9673076923075,,28264.397148,10.249358240313033,-2.343553648783067,83894.1447231343,-2.5966840703041782,0.12861423163677324,,,0.10588884507028129,13531958648.42054,23.328320032023708,,,-0.09897800261209447,,0,0,2020-23
POL,2000,12984.35,70.4188987124249,18566.3546288772,,23.8127420447032,15.9250946892848,4899.0,2404.0,38258629.0,0.63806,1441.97757,60.6107209423297,0.815411984920502,14.483736038208,3.01870203018188,0.635995924472809,38.258071,682025.3125,1508784.125,0.830339431762695,0.230247622,0.638060104,,,710323273628.6455,4532288679.714935,4532288679.714935,9.8291063307619,17.459879687565387,22.23449287616715,7.784889295655098,9.471500065084964,7.273770762938897,7303.0,8.89604050162011,339.3835675606672,62.835497842852654,55168.08487695153,10.91813989254001,,47089.04599620027,,0.2040617904949182,,,,28326804248.218346,24.067074339915457,,,,,0,0,other
POL,2001,14359.62,72.673428624098,18800.6018648402,,20.5657674406759,14.4024296292523,4328.0,2202.0,38248076.0,0.61861,1467.79064,57.8785312712895,0.821889281272888,14.1606073379517,3.03832674026489,0.660335123538971,38.247357,690439.75,1573777.875,0.834072768688202,0.221659101,0.61861315,,,719086848972.1497,4448343156.426615,4448343156.426615,9.841644162392845,17.459603816318104,22.215797539396107,7.697121317282625,9.572175379856537,7.291513583200046,6530.0,8.784162222270476,375.43378652562814,57.57152333623265,56140.16795080863,10.935606841553875,0.44860800534675394,48757.778075630944,3.482433009522623,0.1961495873132725,0.63806,22.23449287616715,0.2040617904949182,28526126767.41221,24.074086232963037,24.067074339915457,-1.136819210526316,-0.0008050571874575474,0.0009152044762740254,0,0,2001-05
POL,2002,15398.65,73.9925019429888,19166.9137058143,,18.5432520005891,14.1375374343365,4292.0,2313.0,38230364.0,0.55501,1483.34389,60.7967990573911,0.859933376312256,13.7333316802979,3.05807900428772,0.635908722877502,38.229408,703566.375,1626506.375,0.854105532169342,0.112904414,0.555010064,,,732758087729.8695,4066880662.7095485,4066880662.7095485,9.860940827033277,17.459140626945604,22.126142120610783,7.746300662231439,9.642035122221492,7.302054203320784,6605.0,8.795582216956426,402.78585890524084,60.50164732933225,56708.77685187597,10.945684272302115,2.3734108946519115,51230.56745285995,4.947163947683819,0.15090036213984645,0.61861,22.215797539396107,0.1961495873132725,28314088415.009926,24.06662534157436,24.074086232963037,-1.156269210526316,-0.008717260369103252,0.010079499764935359,0,0,2001-05
POL,2003,16433.78,74.5656904537957,19855.6317989181,,18.2509197048003,15.3918642448656,3973.0,2268.0,38204570.0,0.53626,1533.19754,69.2134479841788,0.839790284633637,13.5775098800659,3.07795977592468,0.612605273723602,38.203524,728355.625,1678723.125,0.874338507652283,0.147023356,0.536258193,,,758575874955.9926,4067938987.0390053,4067938987.0390053,9.89624296370467,17.45846569992914,22.126402316750585,7.7266536648476425,9.70709425152067,7.335110729017766,6241.0,8.738895704934043,430.15220430435414,59.36462575027019,58575.15274075779,10.97806587098263,2.3412849074867985,53644.27140423961,4.603831173136541,0.17460307946574302,0.55501,22.126142120610783,0.15090036213984645,28134914139.797443,24.06027713810485,24.06662534157436,-1.2198692105263158,-0.05396648554252931,0.06583205411364507,0,0,2001-05
POL,2004,18533.61,78.2441027620446,20878.6545002534,,18.5995674990585,16.5919693942106,5359.0,2381.0,38182222.0,0.54999,1595.82994,70.9815765694162,0.832389652729034,13.7238264083862,3.09796977043152,0.580995261669159,38.167572,765434.75,1739104.125,0.895606637001038,0.157744423,0.549993119,,,797193421189.9744,4384484097.20274,4384484097.20274,9.946482600277216,17.457880572577867,22.201337804127895,7.7752758464868625,9.827341119516696,7.375149218447774,7740.0,8.954156966583772,485.3989377569487,62.35886429029719,60932.33304332669,11.017519233061366,2.4033686175119584,55774.14980506215,3.893581070993868,0.18345461518740325,0.53626,22.126402316750585,0.17460307946574302,28299161116.030567,24.066097998613166,24.06027713810485,-1.2386192105263159,-0.030263768216632736,0.03748528469603705,0,0,2001-05
POL,2005,20000.44,80.2965196027392,21568.9476594356,,19.1151050092974,16.3645570843648,4555.0,2028.0,38165445.0,0.56121,1629.60294,70.3114790902584,0.820978701114655,14.0108270645142,3.11810970306397,0.578975558280945,38.124379,790394.25,1807825.625,0.895684123039246,0.178205222,0.561214063,,,823188485604.0681,4619816100.058591,4619816100.058591,9.97900995096245,17.457441083044543,22.253620736065688,7.614805364711073,9.903509552294132,7.39609166903468,6583.0,8.792245847467877,524.0457696746363,53.13707202942348,62194.521378408295,11.03802219411495,0.008651419410503347,56413.10440565384,1.139098222889956,0.19725811247931196,0.54999,22.201337804127895,0.18345461518740325,28674103048.68457,24.07926021956624,24.066097998613166,-1.2248892105263158,-0.02141223249497251,0.026227612556372803,0,0,2001-05
POL,2006,21704.7,81.7029408567758,22921.1975887696,,20.6873646209386,16.532432747176,655.0,2157.0,38141267.0,0.54899,1563.45879,77.7008035402352,0.839933753013611,14.4470682144165,3.14025592803955,0.576782464981079,38.071167,839415.25,1896526.875,0.908764183521271,0.17312682,0.548997322,,,874243517193.0175,4799509485.037947,4799509485.037947,10.039817420282567,17.45680737730162,22.291779559021347,7.676473646389156,9.985284105938105,7.35465581901935,2812.0,7.941651252930556,569.0608023063314,56.552919440248274,59632.299152886924,10.995952638356693,1.4497826885412124,58102.80934109253,2.951253710261348,0.1744322557148086,0.56121,22.253620736065688,0.19725811247931196,29172497076.41983,24.09649222142754,24.07926021956624,-1.2136692105263158,-0.007608735203063793,0.00923448764700622,0,0,2006-10
POL,2007,21623.06,84.8036830706629,24484.0656663756,3.88296143291345,22.6927183608956,16.6327568667345,361.0,2392.0,38120560.0,0.56103,1614.00137,80.745399056691,0.893776655197144,15.0828437805176,3.16255927085876,0.581963241100311,38.020421,896163.5625,2010788.125,0.915701687335968,0.170308467,0.561025029,,,933346294279.0111,5236352714.793536,5236352714.793536,10.10577780397911,17.456264327093578,22.378891046131198,7.779885115070522,9.98151561679315,7.386471697652334,2753.0,7.920446505142607,567.2282883567293,62.748291210832164,61526.63606516719,11.027225466781639,0.7605006333093189,59416.08728040849,2.2351003101306333,0.11229936142184171,0.54899,22.291779559021347,0.1744322557148086,30032975229.750393,24.125561789283786,24.09649222142754,-1.225889210526316,-0.03043459196756715,0.03730943791981145,0,0,2006-10
POL,2008,23322.01,88.1401112062654,25553.9058406534,5.29132736892917,23.2187374798418,16.5077389592063,290.0,2488.0,38125759.0,0.59719,1626.3818,80.5746815569207,0.869003772735596,15.64599609375,3.18502116203308,0.594759464263916,37.995902,935449.3125,2133195.25,0.907574355602264,0.184722947,0.597185875,,,974262055589.4438,5818195569.774599,5818195569.774599,10.14854545442402,17.456400700890406,22.48425601105993,7.81923445385907,10.057152828859879,7.394113071892449,2778.0,7.9294865233142895,611.7126743627582,65.25771722997042,62007.04054878621,11.03500321481858,-0.8915145454815074,59788.41531691789,0.6246899054966448,0.14040781225827959,0.56103,22.378891046131198,0.11229936142184171,31346224515.06243,24.1683596666315,24.125561789283786,-1.2138492105263157,-0.09256748626053404,0.11236297011775483,0,0,2006-10
POL,2009,23151.69,91.5666888165411,26204.410367111,7.06915176344878,21.6390287021933,16.6765529453841,241.0,2899.0,38151603.0,0.65932,1608.44328,74.9685965264269,0.903124690055847,15.5557479858398,3.20764255523682,0.569524228572846,38.002155,959912.5,2243498.5,0.914896786212921,0.187890181,0.659320289,,,999740261175.103,6591487489.97969,6591487489.97969,10.173683010205062,17.457078333160617,22.609044879258608,7.972121128921655,10.049823059009679,7.383022083390258,3140.0,8.0519780789023,606.8340038031953,75.98632225230483,61364.68946657784,11.024589858586602,0.8035759629307373,61707.8973556139,3.1600000367323133,0.10189465087215667,0.59719,22.48425601105993,0.14040781225827959,33235778327.782757,24.22689279308503,24.1683596666315,-1.177689210526316,-0.06445903542409617,0.07591271053989165,0,0,2006-10
POL,2010,24154.46,93.0127258364339,27112.1333797381,7.71908956828028,19.610376998578,16.1698747962404,227.0,3203.0,38042794.0,0.72252,1697.02812,82.2258523219922,0.888048231601715,15.3559951782227,3.23042464256287,0.58503657579422,38.095351,990331.4375,2338872.75,0.93221777677536,0.192383727,0.722519335,,,1031421305065.9004,7452225213.3621435,7452225213.3621435,10.207736632857927,17.45422224194527,22.731778511097325,8.071843149609158,10.092224321118662,7.436633835515324,3430.0,8.140315540159985,634.9286542938986,84.19465720630298,64559.69118136728,11.075345519496318,1.8755196498099562,64491.5178733874,4.412179055545096,0.11872922259816981,0.65932,22.609044879258608,0.10189465087215667,35702636791.977486,24.298490382723767,24.22689279308503,-1.1155592105263157,-0.10297219681021909,0.11487158257976841,0,0,2006-10
POL,2011,25005.19,95.8642305024953,28521.6612623568,6.61892041429249,20.3980983864419,16.1389060287032,244.0,3879.0,38063255.0,0.74726,1679.90071,86.9236892837618,0.943652868270874,15.4853258132935,3.27970886230469,0.569330334663391,38.208643,1042377.875,2452926.75,0.949664831161499,0.225175599,0.747262514,,,1085627265652.7087,8112458305.316432,8112458305.316432,10.258419121862566,17.45475993903405,22.816666779403032,8.263332667439967,10.12683868230444,7.426489969460285,4123.0,8.3243363327069,656.9377737137825,101.90930859696577,63942.48909941104,11.06573935053006,1.8542659581146135,67313.91302759433,4.2833237434553695,0.057996904753120485,0.72252,22.731778511097325,0.11872922259816981,38459699578.49729,24.372876765805014,24.298490382723767,-1.0523592105263158,-0.08613762508420594,0.09064772313022675,0,0,2011-15
POL,2012,27193.06,97.9573622966911,28952.9157305301,7.81151383868806,19.4237357928102,16.5564693800308,247.0,4410.0,38063164.0,0.88476,1752.07893,88.8299033066583,0.929445266723633,15.515570640564,3.32764506340027,0.57293051481247,38.247868,1058136.375,2556356.5,0.939667046070099,0.329241876,0.884757021,,,1102039579729.3472,9750405385.613373,9750405385.613373,10.273426194010105,17.454757548274017,23.000574699103453,8.391629968440892,10.210717072669716,7.468558321851417,4657.0,8.446126742982377,714.4193267800858,115.86004778793482,66689.66765353452,11.10780531216116,-1.0583506829283746,68198.35373850846,1.3053479076850394,0.07316735819815848,0.74726,22.816666779403032,0.057996904753120485,42441150027.336075,24.471384248047396,24.372876765805014,-1.0276192105263158,-0.14686994292925526,0.15092637480300633,0,0,2011-15
POL,2013,28952.29,98.2228030329837,29168.624211075,8.74501767247922,18.8010145515116,15.5581865074907,174.0,4237.0,38040196.0,0.8807,1868.31303,90.4175072415629,0.897220611572266,15.5202770233154,3.32764506340027,0.571743190288544,38.259262,1065376.5,2655219.5,0.931506931781769,0.384132551,0.880698609,,,1109580182039.6384,9772072663.223097,9772072663.223097,10.280848897233717,17.454153948099272,23.002794426174177,8.351610750626559,10.273404581772578,7.532791179696142,4411.0,8.39185670010494,761.097287721651,111.38218110127508,71070.99385055389,11.17143456983114,-0.8721974669495494,68644.16778125377,0.6515746933692057,0.10845350338076447,0.88476,23.000574699103453,0.07316735819815848,45847050186.45876,24.548576697406023,24.471384248047396,-0.8901192105263158,-0.13169948948421728,0.11722824560641032,0,0,2011-15
POL,2014,30165.6,98.6965044902629,30334.8786569618,10.0686277870269,19.9847969664101,16.9081122802504,155.0,3941.0,38011735.0,0.9454,2054.74753,92.0340197113178,0.890875935554504,15.8014535903931,3.34026527404785,0.575035214424133,38.265113,1107144.75,2776308.25,0.935447514057159,0.440426036,0.945406491,,,1153081368765.588,10901231260.309868,10901231260.309868,10.320053440268243,17.453405485806353,23.112141579463504,8.279189777195004,10.314457481278737,7.627908262935175,4096.0,8.317766166719343,793.5865069037233,103.67850875525676,78104.51860226455,11.265803190777254,0.42214079042251773,70066.00650164977,2.0501575014614914,0.11555010300827095,0.8807,23.002794426174177,0.10845350338076447,49871223918.79981,24.632709998388968,24.548576697406023,-0.8941792105263158,-0.09641334430161129,0.08621080809181665,0,0,2011-15
POL,2015,31619.76,100.0,31700.3682364154,10.7755213322015,20.2410635932191,17.6693391336256,139.0,4676.0,37986412.0,0.99807,2158.37831,92.2554272741942,0.902128159999847,16.0523986816406,3.3571662902832,0.563421607017517,38.266314,1156210.875,2907773.5,0.942964136600494,0.464830202,0.998069148,,,1204183248380.1887,12018591747.10815,12018591747.10815,10.36408357608861,17.452739074796696,23.209720600047387,8.450198322591959,10.36153752060183,7.677112436292546,4815.0,8.479491324232226,832.3965948666064,123.09664834888854,81989.04773552372,11.314340953124967,0.8003211289181112,72027.29622722228,2.7607413662543934,0.10299868475548887,0.9454,23.112141579463504,0.11555010300827095,54409132078.088,24.719797845802372,24.632709998388968,-0.8294792105263158,-0.0893167446741048,0.07408638285905697,0,0,2011-15
POL,2016,33120.9,100.082862448389,32675.3052259954,10.7154228014203,18.3470170850393,18.2752041844413,135.0,4261.0,37970087.0,0.9616,2304.00747,96.8659028060623,0.903346717357636,16.1920566558838,3.37415289878845,0.58200067281723,38.263265,1191257.75,3011843.75,0.948253870010376,0.631444404,0.961596176,,,1240684182182.5999,11930419095.86788,11930419095.86788,10.394374879718736,17.45230922348795,23.202357202017403,8.357259153499912,10.407919782043036,7.742405263998026,4396.0,8.388450315523512,872.2892839302687,112.21991669389644,87483.36408454989,11.379203929521703,0.5594011040153536,73570.50282844248,2.1199007177507667,0.10164883762319415,0.99807,23.209720600047387,0.10299868475548887,58178181362.242676,24.78677623071161,24.719797845802372,-0.7768092105263158,-0.10186816292688688,0.07913212722100112,0,0,2016-19
POL,2017,32725.15,101.854532131266,34354.5987616319,10.6673187252222,17.4740439375091,16.8858634359557,117.0,3924.0,37974826.0,1.03055,2994.85672,100.56589524628,0.912999272346497,16.4026355743408,3.38267827033997,0.588657975196838,38.254959,1252636.625,3114414.0,0.979740023612976,0.664646471,1.030555339,,,1304609910272.787,13444657430.316208,13444657430.316208,10.444491168212922,17.452434024473796,23.321847647005796,8.274866820685254,10.395899174419238,8.004651669672306,4041.0,8.304247465078474,861.7590505878816,103.33161236867814,113729.16283693073,11.641575136181828,3.266499266970367,76368.0092338052,3.731971256061861,0.09102019537927476,0.9616,23.202357202017403,0.10164883762319415,62896111588.22248,24.864750179794758,24.78677623071161,-0.8132792105263158,-0.1032180100591816,0.08394506173302854,0,0,2016-19
POL,2018,33795.97,103.104285459836,36500.4114282584,10.3950333891095,18.7557477298941,16.4851063076839,115.0,4207.0,37974750.0,1.19426,3079.49249,102.442462168005,0.938317537307739,16.4884510040283,3.39122533798218,0.595241248607636,38.241071,1330874.75,3245288.5,1.02473855018616,0.789297095,1.194260889,,,1386093998885.2556,16553566191.087055,16553566191.087055,10.505078811514133,17.452432023145967,23.529867395381032,8.344505083590521,10.428096843593327,8.032520086416541,4322.0,8.371473537066832,889.9589859051081,110.78413946108928,116942.9574346275,11.669441551598236,4.490553160320773,80715.57174623945,5.536763392794342,0.06366686134844743,1.03055,23.321847647005796,0.09102019537927476,70015261041.07616,24.9719790701065,24.864750179794758,-0.7443292105263157,-0.113846652303101,0.08473938882983113,0,0,2016-19
POL,2019,34149.03,106.224681919848,38181.6230334689,9.8529348361967,19.1456176918134,16.6614878848919,112.0,3887.0,37965475.0,1.3088,3159.06604,101.581033817373,0.970129013061523,16.882604598999,3.39979410171509,0.588259398937225,38.225885,1391834.75,3387183.25,1.03156626224518,0.822449306,1.308805153,,,1449583454736.588,18972148255.59246,18972148255.59246,10.550109606419923,17.452187752074973,23.66623785937315,8.265392930852224,10.43848946049597,8.058031705933365,3999.0,8.293799608846818,899.4759054114297,102.38249356816951,119935.442764969,11.694708900044066,0.6640783126671559,82441.94441908119,2.1162826510165544,0.030326213172634866,1.19426,23.529867395381032,0.06366686134844743,78485120140.5072,25.08617489141723,24.9719790701065,-0.5806192105263157,-0.14119998633392833,0.08198342459153203,0,0,2016-19
POL,2020,34204.93,110.727115284487,37852.8021313639,9.86616548997166,18.3974922436708,16.2083685829628,88.0,4010.0,37515748.0,1.37128,3260.15498,99.2590912303436,0.942002832889557,17.2470245361328,3.40838432312012,0.586686670780182,38.171012,1363503.0,3510477.25,0.98677521944046,0.861609855,1.371279601,,,1420076185854.1108,19473220721.380253,19473220721.380253,10.541460288658055,17.440271349454385,23.69230606234101,8.296546520300614,10.440125064708573,8.08953001310807,4098.0,8.318254328798846,911.7485808892841,106.888445886778,122307.15267062504,11.714290804598178,-4.43912968719784,79057.28881775746,-4.192157705054278,0.05974699709654118,1.3088,23.66623785937315,0.030326213172634866,86185572840.81137,25.179768632172337,25.08617489141723,-0.46607921052631585,-0.1745406345097409,0.08134976113706227,0,0,2020-23
POL,2021,34667.25,116.640204587683,41059.5847829682,9.44556514280936,16.9279336078133,17.3006156636927,111.0,3377.0,36981559.0,1.41558,3558.20467,110.874283021945,0.956001460552216,17.7762126922607,3.4350049495697,0.569613397121429,38.040302,1457955.25,3630236.0,1.0,0.893064011,1.415577471,,,1518447457166.8408,21494838514.16237,21494838514.16237,10.622779578075816,17.425929940957836,23.7910786741501,8.124743020385568,10.453550716236906,8.177011390461171,3488.0,8.15708378502887,937.4199178568973,91.31578254989196,131587.95593768053,11.78743077345473,1.3313006680695458,82017.20328395687,3.6756256842865653,0.04499583815761827,1.37128,23.69230606234101,0.05974699709654118,94752575428.85204,25.274534861846686,25.179768632172337,-0.40359921052631575,-0.14511985058583457,0.058570257128139736,0,0,2020-23
POL,2022,31398.78,129.108549568694,43405.0215797441,11.6325877772755,16.4361707273812,17.6513214118709,,,36821749.0,1.44162,3721.07204,123.021332860345,1.00562870502472,17.7518787384033,3.46208596229553,0.541407823562622,38.385739,1534577.625,3749911.5,1.03677296638489,0.949904004,1.441617273,,,1598248809948.9207,23040674493.985626,23040674493.985626,10.678330417997634,17.42159923399901,23.86052694725817,,10.354524317638344,8.221767088546205,,,852.723753018902,,137016.38066779796,11.82785576458094,3.6112972187290393,86445.92764596747,5.259008314727964,-0.0056129230582530115,1.41558,23.7910786741501,0.04499583815761827,103580363608.50986,25.36361360834833,25.274534861846686,-0.35929921052631575,-0.1598710095247575,0.05744152750829047,0,0,2020-23
POL,2023,31218.47,141.846002321602,43672.7668014946,12.1223189735947,17.9012869831235,17.4578672165103,,,36687353.0,1.55525,3675.06022,110.024935041815,0.965797245502472,18.0145092010498,3.48963713645935,0.547969162464142,38.762844,1536708.0,3905615.5,1.01266515254974,1.003980632,1.555246812,,,1602238212133.1135,24918809794.20025,24918809794.20025,10.684480001502509,17.417942648730254,23.938888768657662,,10.348765185821774,8.20932479790724,,,850.9327451342701,,134828.23158739766,11.811756888673218,-2.3527351860941916,85303.90602650712,-1.329885946849707,0.034801357583962814,1.44162,23.86052694725817,-0.0056129230582530115,112962118861.43362,25.450318368141428,25.36361360834833,-0.3332592105263159,-0.21047977074062876,0.0701443222287819,0,0,2020-23
PRT,2000,3328.54,67.1707735178362,35069.8275705133,,28.0030505913879,15.0493373233829,65.0,81.0,10289898.0,0.72156,1633.81566,67.4529979863247,0.863511621952057,5.0693154335022,2.24437212944031,0.650235891342163,10.283204,313022.875,2031080.375,1.07244884967804,0.200564614,,,1402.03188,360864948578.1696,2603857122.960641,2603857122.960641,10.465096426398821,16.14667319522466,21.68025969149273,4.394449154672439,8.110289048393817,7.3986734538783585,146.0,4.983606621708336,323.47648149670675,7.871798146104071,16811.79649220268,9.729836091138745,,61748.549504591436,,0.14674792236373374,,,,16116833665.154179,23.50313013197423,,,,,0,0,other
PRT,2001,3822.28,69.6668280313293,35500.2266804093,,27.3815897887365,14.6778646135093,56.0,107.0,10362722.0,0.76482,1717.30179,65.0919551771122,0.892496466636658,5.15720272064209,2.24157786369324,0.652611017227173,10.354325,319107.0,2115784.0,1.06887924671173,0.243278004,,,1547.757648,367878980026.06445,2813612015.0353465,2813612015.0353465,10.477294360806763,16.153725501597897,21.75773490945732,4.672828834461906,8.248602382190091,7.4485096113231695,163.0,5.093750200806762,368.84903406653194,10.325472400012275,17795.92103987238,9.786724554956793,-0.3334011521971422,61875.985352049545,0.20616602156540154,0.11373272428670277,0.72156,21.68025969149273,0.14674792236373374,16512920630.416399,23.52740897992485,23.50313013197423,-1.0533192105263158,-0.05811892531864202,0.06121778053326992,0,0,2001-05
PRT,2002,4060.77,72.5857154891238,35578.5200309,,25.8571046731868,14.1946649466386,49.0,130.0,10419631.0,0.72184,1827.5988,62.3082594169772,0.882618248462677,5.17807197570801,2.23878693580627,0.652115106582642,10.413044,321567.09375,2190800.25,1.06271433830261,0.234419092,,,1531.076,370715050248.0866,2675969518.7107887,2675969518.7107887,10.4794973648207,16.159202180994505,21.707577588531223,4.867534450455582,8.309127889785923,7.510758253090083,179.0,5.187385805840755,389.72301418351566,12.476449501906545,19042.9051120428,9.854449876120315,-0.5784334914043704,62101.70412048616,0.36412844729802885,0.12486250655862223,0.76482,21.75773490945732,0.11373272428670277,16711952054.564728,23.539389992273914,23.52740897992485,-1.0100592105263158,-0.09113412339567299,0.0920508607290413,0,0,2001-05
PRT,2003,4647.61,75.0733394328639,35115.379514413,,23.7604429031882,13.4763371418783,40.0,125.0,10458821.0,0.69802,1939.08763,61.1389474883653,0.838607907295227,5.1290602684021,2.235999584198,0.64331042766571,10.454245,318574.84375,2251682.0,1.05151319503784,0.231425374,,,1522.114246,367265468688.31244,2563586424.5381584,2563586424.5381584,10.466394476292455,16.162956295143065,21.664673062112296,4.8283137373023015,8.444108387954554,7.56997284762012,165.0,5.10594547390058,444.3722671991422,11.951633936559388,20280.57042548423,9.91741858479891,-1.0596066781038873,62111.737253820254,0.016154666105272497,0.17601201512796022,0.72184,21.707577588531223,0.12486250655862223,16768745670.918177,23.542782613974516,23.539389992273914,-1.0530392105263158,-0.08000434112375353,0.08424770821563547,0,0,2001-05
PRT,2004,5204.05,76.8748104113297,35658.1298257507,,23.4240673865132,13.0527122559748,64.0,123.0,10483861.0,0.7293,1975.6442,63.2045936670279,0.804102182388306,5.09386968612671,2.23321557044983,0.644141435623169,10.481381,324273.3125,2310761.25,1.06249141693115,0.262745949,,,1641.994111,373834876613.1246,2726377755.1395173,2726377755.1395173,10.4817324454471,16.165347585039182,21.726239735506244,4.812184355372417,8.557192447580091,7.588649801366189,187.0,5.231108616854587,496.3867796415844,11.732318847035458,20712.379178256197,9.938486828441098,1.0386278743594712,63659.522618563846,2.461394612516621,0.21802892535597249,0.69802,21.664673062112296,0.17601201512796022,16979811575.419966,23.555290920914093,23.542782613974516,-1.0768592105263157,-0.028854832554415538,0.03107259220441695,0,0,2001-05
PRT,2005,5939.35,79.436973958529,35870.3092741502,,23.1265756274961,12.5667765338143,47.0,158.0,10503330.0,0.75755,2013.3272,62.944504560452,0.845166504383087,5.07155132293701,2.23043513298035,0.650777578353882,10.502994,326808.65625,2367710.0,1.06319749355316,0.29139513,,,1808.19846,376757695508.45996,2854127922.3243384,2854127922.3243384,10.487665192573077,16.16720290770573,21.772032177114422,5.062595033026967,8.689354978759626,7.607543955898495,205.0,5.3230099791384085,565.4730452151841,15.042848315724632,21146.639979576,9.95923630563995,0.0664327357117439,64439.58375654183,1.2179175989361468,0.1682216244288924,0.7293,21.726239735506244,0.21802892535597249,17286967761.43131,23.57321874598287,23.555290920914093,-1.045579210526316,0.013162077673596728,-0.013761994782845316,0,0,2001-05
PRT,2006,7192.66,81.966677351326,36387.5367379523,,22.5328535552248,12.3431980695303,36.0,184.0,10522288.0,0.95448,2344.86601,68.5470531182009,0.832382619380951,5.09261846542358,2.25600552558899,0.639593720436096,10.52412,332119.375,2421008.75,1.06351256370544,0.442920921,,,2478.416938,382880141167.31464,3654514371.4137845,3654514371.4137845,10.501981597684487,16.169006232120505,22.01922905440231,5.214935757608986,8.880816340572785,7.759983540655158,220.0,5.393627546352362,683.5642590280745,17.48669110748537,24673.35547863088,10.11347921481139,0.029629817521156093,65215.83685385625,1.1974237077334138,0.1834630648092534,0.75755,21.772032177114422,0.1682216244288924,18348436968.630398,23.632810228997837,23.57321874598287,-1.0173292105263159,-0.03664522325348335,0.03728025604202681,0,0,2006-10
PRT,2007,7602.06,84.3980924111479,37226.4702626704,8.60304968297568,22.5096224343179,12.2436332311567,31.0,250.0,10542964.0,1.12417,2674.3872,69.9461175817991,0.818822503089905,5.09432601928711,2.28186869621277,0.621549248695374,10.546825,340444.25,2475889.75,1.06416463851929,0.576003197,,,3050.492352,392477335826.4046,4412112466.159692,4412112466.159692,10.524775353418857,16.17096927596538,22.207619428982788,5.521460917862246,8.936174542177874,7.891475548974184,281.0,5.638354669333745,721.0552933691133,23.712496789327936,28195.9679716608,10.24693426697529,0.06129452659301565,66828.1238207132,2.4421671251115384,0.19988794256104517,0.95448,22.01922905440231,0.1834630648092534,20008283889.49553,23.719412219220327,23.632810228997837,-0.8203992105263158,-0.021403782873122362,0.017559646571386266,0,0,2006-10
PRT,2008,8625.13,85.864699058659,37291.5048969664,8.23640610235864,22.8522358901842,11.9016527163808,24.0,381.0,10558177.0,1.44335,3827.16557,72.0757429221604,0.776921927928925,5.11397838592529,2.30802869796753,0.626192092895508,10.564081,341531.09375,2527901.5,1.0502507686615,0.723103791,,,4063.636387,393730309298.538,5682906419.2604475,5682906419.2604475,10.526520828941194,16.172411188763913,22.460728632340746,5.942799375126701,9.06243531424974,8.249879748142849,405.0,6.003887067106539,816.9147003313166,36.08577503483792,40407.89149636589,10.606780378942489,-1.3161151448218416,66783.83598373491,-0.06629322504529966,0.2524154125187804,1.12417,22.207619428982788,0.19988794256104517,22689947725.331646,23.845187831871762,23.719412219220327,-0.6507092105263159,-0.00497890512133059,0.0032398194207864596,0,0,2006-10
PRT,2009,9383.38,86.80760908743,36092.8109314688,4.7945586664894,21.2015952644164,11.1331653600968,46.0,571.0,10568247.0,1.58002,3768.61566,61.4926935267759,0.777002155780792,4.97560787200928,2.33448839187622,0.622717261314392,10.576267,330868.21875,2566296.25,1.02061522006989,0.747404076,,,4420.265999,381437740848.0623,6026792592.947555,6026792592.947555,10.493848981316729,16.173364497356285,22.51948079787153,6.3473892096560105,9.146695318244376,8.234463014069025,617.0,6.424869023905388,887.8842441892208,54.0297742851771,39827.66114294802,10.592316953461037,-2.8623360549987855,66498.04953708837,-0.4288458007900786,0.2523121541256847,1.44335,22.460728632340746,0.2524154125187804,25313248159.479454,23.95459373829408,23.845187831871762,-0.3315292105263159,0.047548564836404655,-0.01576373816187258,0,0,2006-10
PRT,2010,10420.59,87.4865625138886,36703.1141882825,4.07310618132986,20.648039322463,11.5851680952185,46.0,499.0,10573100.0,1.53317,3923.75527,67.6892401927983,0.738620102405548,4.90362453460693,2.36125135421753,0.617859661579132,10.57866,336617.46875,2601381.25,1.0325939655304,0.70404405,,,4424.126038,388065696624.12976,5949706840.93217,5949706840.93217,10.51061688570921,16.17382359772347,22.506607784858552,6.212606095751519,9.251538935585398,8.274804451258161,545.0,6.300785794663244,985.5756589836471,47.19524075247562,41486.256845237,10.633117491017355,1.1668447088309393,68646.66459969553,3.1799928487883378,0.3029715600297041,1.58002,22.51948079787153,0.2523121541256847,27465967776.489708,24.036213539839284,23.95459373829408,-0.19485921052631583,0.04744530644330894,-0.009245154956722306,0,0,2006-10
PRT,2011,11710.58,87.2587165453281,36127.2949766157,4.12398979203448,18.4841132585209,11.328789395701,75.0,571.0,10557560.0,1.45558,4166.14892,73.0075756700531,0.734908521175385,4.80032348632813,2.37762331962585,0.608696281909943,10.557052,330849.4375,2619705.25,1.03093028068542,0.689859001,,,4118.956145,381416084353.3189,5551816240.630039,5551816240.630039,10.494803952161316,16.172352748937715,22.43739096173394,6.3473892096560105,9.368247985681146,8.33474736770147,646.0,6.470799503782602,1109.2127347606834,54.08446648657455,43984.3671918352,10.69158955867491,-0.1612469742969226,68922.3212648683,0.4007546212115187,0.3080092485010824,1.53317,22.506607784858552,0.3029715600297041,28897888850.64629,24.087034379245857,24.036213539839284,-0.2417092105263159,0.09810471234732834,-0.02371281257038405,0,0,2011-15
PRT,2012,12733.76,86.9302728368678,34804.6333340484,4.49299865197501,15.8781657037328,11.3753199190097,26.0,621.0,10514844.0,1.37661,4032.33558,75.9411067187813,0.722943544387817,4.60529041290283,2.39410853385925,0.590348720550537,10.51315,317447.03125,2620083.0,1.01859593391418,0.684312777,,,3832.411055,365965289984.7188,5037914778.458637,5037914778.458637,10.457505798682986,16.168298531060238,22.340258098985174,6.431331081933479,9.452012013218585,8.302101035454516,647.0,6.472346294500901,1211.0270014467167,59.05936407615748,42399.37957934952,10.65488900855048,-1.2036436123992256,68930.94740791932,0.012514963403198465,0.32442414508958545,1.45558,22.43739096173394,0.3080092485010824,29601120301.507984,24.111078045584126,24.087034379245857,-0.3192992105263157,0.10314240081870665,-0.03293328715320185,0,0,2011-15
PRT,2013,13594.38,88.9074034021545,34651.7719455059,4.70027794789762,14.8309176782448,11.5651993214334,22.0,647.0,10457295.0,1.32325,3605.75824,78.0305056874282,0.686546146869659,4.47300148010254,2.41070818901062,0.586519181728363,10.458298,314323.03125,2616442.0,1.01946425437927,0.628624356,,,3869.846324,362363801506.8791,4794979003.439778,4794979003.439778,10.453104141708964,16.162810378950716,22.29083516642755,6.472346294500901,9.517411751024792,8.190287357699862,669.0,6.505784060128229,1299.9901026030152,61.87068453170729,37706.4776143608,10.537587178686305,0.08521048815114396,70271.16638530475,1.9256322393948366,0.3760818355385384,1.37661,22.340258098985174,0.32442414508958545,29955931259.72156,24.12299318062271,24.111078045584126,-0.3982692105263159,0.11955729740720969,-0.047615990451029364,0,0,2011-15
PRT,2014,14102.86,89.5514991025804,35097.4098263232,4.88070967963708,15.1107479627964,11.8414875390346,18.0,722.0,10401062.0,1.28892,3658.36239,80.220669072079,0.670670509338379,4.54320859909058,2.42742276191711,0.58274906873703,10.406199,316653.40625,2615452.25,1.01067495346069,0.598178975,,,3856.228315,365050335642.9968,4705206786.169715,4705206786.169715,10.46588261260919,16.157418474282796,22.271935559319715,6.582025138892826,9.554132892677075,8.20477089184053,740.0,6.606650186198215,1355.905771929828,69.41598848271455,38050.854036858174,10.546678808159053,-0.8658870091414229,69698.18782113261,-0.8187245958623635,0.3994773068172414,1.32325,22.29083516642755,0.3760818355385384,30167748356.93304,24.130039255477232,24.12299318062271,-0.45162921052631577,0.17121498785616265,-0.07732568979575148,0,0,2011-15
PRT,2015,14401.12,91.3088998024482,35803.3575649772,5.07995277461314,15.6540732098538,12.2513540948869,20.0,925.0,10358076.0,1.24552,3724.60014,80.6346756266443,0.691330075263977,4.61364698410034,2.44425344467163,0.581575036048889,10.370267,321687.53125,2620029.75,1.00976061820984,0.577800517,,,3819.784353,370853898713.2088,4619059479.252758,4619059479.252758,10.485796954722298,16.153277063262863,22.25345694539635,6.829793737512425,9.575061260317336,8.222714780085333,945.0,6.851184927493743,1390.327701785544,89.30229899838541,38579.69131973064,10.560481285383924,-0.09050873248201541,69725.2157259988,0.038770973189627966,0.3691378916047956,1.28892,22.271935559319715,0.3994773068172414,30261645582.645844,24.133146925276975,24.130039255477232,-0.48595921052631574,0.19461045913486566,-0.09457274508134315,0,0,2011-15
PRT,2016,14038.15,93.0018462723383,36636.2978441636,5.80540001054449,15.7267272276065,12.2435166305722,27.0,724.0,10325452.0,1.2815,3992.10969,79.5223464844001,0.687259018421173,4.69533443450928,2.46120071411133,0.577427625656128,10.346372,328134.625,2626618.5,1.0108437538147,0.620485756,,,4179.909588,378286334847.61475,4847739381.072183,4847739381.072183,10.508794772311962,16.150122473092885,22.301778326238743,6.584791392385716,9.549533902516083,8.292075114508766,751.0,6.621405651764134,1359.5676005273183,70.11799580299245,41220.33698282988,10.626687029637377,0.10720908294572523,69885.25089678603,0.22925966047377955,0.37504402954754734,1.24552,22.25345694539635,0.3691378916047956,30570138126.321148,24.143289491200775,24.133146925276975,-0.5293592105263158,0.16427104392241984,-0.08695839012310592,0,0,2016-19
PRT,2017,14109.14,94.4268213966762,37943.1150505677,5.98812595371655,17.085659362742,12.4309295704729,36.0,644.0,10300300.0,1.32224,4348.10903,84.8077923069539,0.686787843704224,4.85127735137939,2.47826552391052,0.583992302417755,10.330844,339011.375,2643834.0,1.01820242404938,0.666712567,,,4490.450091,390825467955.3625,5167650667.492985,5167650667.492985,10.543843344772469,16.147683578989298,22.365684005842702,6.467698726104354,9.554578093308274,8.377496323823669,680.0,6.522092798170152,1369.7795209848257,62.52245080240381,44786.827441709,10.709669344848692,0.7253361286041735,69880.8479592714,-0.006300437018857963,0.37572985002194986,1.2815,22.301778326238743,0.37504402954754734,31152268074.86596,24.16215289092142,24.143289491200775,-0.4933792105263157,0.17017718186517158,-0.08396188363823161,0,0,2016-19
PRT,2018,14381.18,96.1759568812994,39123.6151282575,5.28353269409281,17.8287896047353,12.322133201471,29.0,661.0,10283822.0,1.35078,4614.40041,86.7356954918399,0.686461865901947,4.96800518035889,2.49544858932495,0.595328569412231,10.325353,348999.59375,2665070.75,1.01892864704132,0.694923871,,,4847.586613,402340293975.5073,5434732222.9623575,5434732222.9623575,10.574481531133124,16.14608253877783,22.41607608730166,6.493753839851686,9.573675686322895,8.43693721650286,690.0,6.536691597591305,1398.4275496016946,64.275713834798,47453.672453167026,10.767509197316414,0.07129860547613644,70249.44239788175,0.5260751087533322,0.37620460389390686,1.32224,22.365684005842702,0.37572985002194986,31914160086.598423,24.18631563810927,24.16215289092142,-0.4526392105263157,0.1708630023395741,-0.07733929448714086,0,0,2016-19
PRT,2019,15862.54,97.9401780971481,40188.2868799223,6.94181475443009,18.4328254718014,11.9377600515866,104.0,703.0,10286263.0,1.39487,4859.21726,86.7709889083586,0.721282958984375,5.00822687149048,2.51275086402893,0.601710617542267,10.343213,358582.03125,2689925.0,1.0285906791687,0.732207019,,,5432.964222,413387288366.3302,5766215269.235431,5766215269.235431,10.601330861004081,16.146319873724327,22.47528176970703,6.555356891810665,9.67171563369007,8.4886326463102,807.0,6.693323668269949,1542.1091216508853,68.34357628227083,49983.18671049938,10.819441962070252,0.9437863391718017,71598.5997541848,1.902314648391723,0.32672376517184293,1.35078,22.41607608730166,0.37620460389390686,32893251342.84409,24.216533347319125,24.18631563810927,-0.4240992105263157,0.1713377562115311,-0.07266420714266068,0,0,2016-19
PRT,2020,16428.64,100.0,36852.2287338103,7.1147115711238,19.4962993707914,12.0900462439681,263.0,695.0,10297081.0,1.60979,5131.43982,76.5086407209215,0.697086870670319,4.907386302948,2.5301730632782,0.622707962989807,10.370519,329161.6875,2710022.5,0.987152874469757,0.917044403,,,5961.909927,379470384302.5721,6108676299.4643755,6108676299.4643755,10.514671377031721,16.147371014976795,22.532975941726832,6.543911845564792,9.706781432194406,8.543141565451961,958.0,6.86484777797086,1595.4657441269035,67.49485606649107,52838.85147316542,10.87500202246448,-4.11199561786425,67074.74553251771,-6.526791474044025,0.3608452408798612,1.39487,22.47528176970703,0.32672376517184293,34067939940.88185,24.251622601304877,24.216533347319125,-0.38000921052631575,0.12185691748946717,-0.04630675101234282,0,0,2020-23
PRT,2021,18387.68,102.019777102825,38657.6677223429,6.250331404512,20.5029780421601,12.4429299331489,42.0,711.0,10361831.0,1.66711,5430.93667,85.8735452148975,0.691764056682587,4.97512483596802,2.56238317489624,0.624677002429962,10.390956,347459.0,2738337.75,1.0,0.994745408,,,6677.85035,400564219793.072,6677846164.592283,6677846164.592283,10.562500423015537,16.153639516631124,22.622061342052834,6.566672429803241,9.819436154120787,8.599866897130916,753.0,6.6240652277998935,1774.558955844773,68.61721639737223,56274.44794624277,10.937995855797766,1.2930363528627276,69839.25257272348,4.038860695072621,0.368510340055225,1.60979,22.532975941726832,0.3608452408798612,35635595114.34186,24.296610838036983,24.251622601304877,-0.16508921052631575,0.15597839319748544,-0.02575034979213613,0,0,2020-23
PRT,2022,18212.56,107.454881096292,41070.8611529744,6.99049160072585,20.5732413117937,12.4622635474503,,,10434332.0,1.69051,5686.65428,101.364146479435,0.707265019416809,5.14366865158081,2.58546710014343,0.612409949302673,10.417073,371731.875,2769931.25,1.02108681201935,1.05198379,,,7981.813872,428547000796.0377,7244629903.157097,7244629903.157097,10.623054174662954,16.160612081111356,22.703526328344168,,9.809866744938665,8.64587735418058,,,1745.4457074971356,,59336.438726740955,10.990978877327661,2.0867562031597657,72269.79422279762,3.4210048471800647,0.34634983266425357,1.66711,22.622061342052834,0.368510340055225,37534885750.34767,24.348536624150245,24.296610838036983,-0.10776921052631572,0.16364349237284923,-0.017635729980791128,0,0,2020-23
PRT,2023,18225.29,115.500715065765,41768.2583096874,6.71084167998399,20.4859520223246,12.0809802413045,,,10578174.0,1.69491,5983.27041,93.1358537072038,0.712884366512299,5.15065050125122,2.60914421081543,0.617257416248322,10.430738,381122.90625,2804013.0,1.02879595756531,1.051857507,,,8848.476414,441831904076.8192,7488653125.388415,7488653125.388415,10.639891959463322,16.174303379707034,22.73665479525983,,9.810565468958766,8.696722588758476,,,1722.9145597340334,,63292.07548603135,11.055515410501238,0.7521583190234663,73995.10142600743,2.359263611555207,0.3384360505248752,1.69051,22.703526328344168,0.34634983266425357,39393306013.18394,24.396861740673437,24.348536624150245,-0.08436921052631585,0.1414829849818778,-0.011936807745827633,0,0,2020-23
SVK,2000,2108.08,67.0754189698915,18335.6834506937,,26.9076819797917,19.6322681308794,1804.0,236.0,5388720.0,0.63865,1850.51312,108.939262958746,0.653596639633179,2.03044271469116,3.25247144699097,0.517202377319336,5.379999,82659.5078125,537356.3125,0.678016602993012,0.420275613,,,,98805864124.42216,631023651.2306222,631023651.2306222,9.816604355550746,15.499818437874191,20.262853901943497,5.4638318050256105,7.653532859605281,7.5232182417767595,2040.0,7.620705086838262,391.20236345551444,43.795186983179676,9971.8970600064,9.207526121686676,,40710.09106261484,,0.42526487676966607,,,,3943897820.1913886,22.095435365691806,,,,,0,0,other
SVK,2001,2093.67,70.6808766535971,18906.6014279038,,29.7492996540798,20.9734263218137,1696.0,246.0,5378867.0,0.62571,1781.46308,121.931131222912,0.696056187152863,2.04996085166931,3.29945015907288,0.508910238742828,5.379437,85077.4375,549154.5,0.683473169803619,0.421269491,,,,101696094502.70462,636322632.912873,636322632.912873,9.847266421962683,15.49798831516423,20.271216277133338,5.5053315359323625,7.646673785888172,7.485190260722247,1942.0,7.571473648851271,389.2399644757902,45.73453851898551,9582.252972730359,9.167668017922203,0.801562543484946,41501.981577219056,1.9265175571892001,0.36232489323819433,0.63865,20.262853901943497,0.42526487676966607,3988635780.075553,22.106715099628214,22.095435365691806,-1.1362292105263156,0.2203980290872903,-0.2504226785914078,0,0,2001-05
SVK,2002,2060.15,73.540792148156,19748.9318737056,,28.4571029898706,19.036925274805,1599.0,259.0,5376912.0,0.564,1706.99261,120.599168045888,0.722501933574677,2.05153632164001,3.34710764884949,0.513437747955322,5.377688,88835.5234375,560221.5625,0.708880364894867,0.362822295,,,,106188268778.91011,598901835.9130529,598901835.9130529,9.890854686522745,15.497624789654543,20.21060826270512,5.556828061699537,7.630534074666685,7.442488393552498,1858.0,7.527255919373784,383.14742737095196,48.16891182150647,9178.349048620319,9.124602625242767,3.6499373221647033,43301.95010463396,4.245649610746405,0.32503518277120436,0.62571,20.271216277133338,0.36232489323819433,3989242248.977273,22.10686713727549,22.106715099628214,-1.1491692105263158,0.15745804555581858,-0.18094593790239671,0,0,2001-05
SVK,2003,2107.26,77.545882260628,20721.7128107535,,25.3106835058969,19.4176639147255,1437.0,210.0,5373374.0,0.56511,1790.43354,125.998506220804,0.693464517593384,2.07290291786194,3.39545345306397,0.507202208042145,5.376196,93149.9921875,569038.0625,0.739092767238617,0.311956343,,,,111345512852.76978,629224627.6822873,629224627.6822873,9.938937357568545,15.49696657458422,20.259998869644775,5.3471075307174685,7.653143804387746,7.490213070626163,1647.0,7.4067107301776405,392.16700717277456,39.08159007729594,9620.66903256396,9.17166908724611,4.173666935197079,44936.97769675483,3.706334147921808,0.3660552047850911,0.564,20.21060826270512,0.32503518277120436,4020080539.312969,22.114567774031617,22.10686713727549,-1.2108792105263158,0.1201683350888286,-0.14550933872262253,0,0,2001-05
SVK,2004,2250.91,82.12519815216,21842.9563752621,,24.721622234297,20.0456319107179,238.0,215.0,5372280.0,0.50263,1993.83051,140.222460021585,0.659667551517487,2.06690955162048,3.44449758529663,0.480022728443146,5.376038,98170.3046875,579586.3125,0.755794584751129,0.247239955,,,,117346477675.69307,589818600.7413361,589818600.7413361,9.991633785865483,15.496762957381623,20.19532559121902,5.3706380281276624,7.719089857877302,7.5978129469090785,453.0,6.115892125483034,418.98597988191233,40.02025210897422,10711.4157722628,9.279065346326428,2.234618212731576,47496.17834536272,5.538823938470117,0.4160192806880647,0.56511,20.259998869644775,0.3660552047850911,4006887059.15736,22.111280482317827,22.114567774031617,-1.2097692105263158,0.16118835710271537,-0.19500071151818585,0,0,2001-05
SVK,2005,2470.43,84.2986964727908,23257.1758521642,,27.0979138790485,20.2598119782888,95.0,155.0,5372807.0,0.49537,2031.13681,148.705461161746,0.67998069524765,2.0986819267273,3.49424982070923,0.497822284698486,5.376695,104536.5859375,596002.9375,0.772972047328949,0.246927984,,,,124956317218.73878,618996108.6064663,618996108.6064663,10.054369002199106,15.496861048723355,20.24360954404828,5.043425116919247,7.812147503539105,7.616350920217698,250.0,5.521460917862246,459.8024831340489,28.848979686037485,10912.90607072567,9.29770141097678,2.247326068487193,49810.59045022374,4.757836914805047,0.3856908705566608,0.50263,20.19532559121902,0.4160192806880647,4024850108.890222,22.115753507096237,22.111280482317827,-1.272249210526316,0.21115243300568895,-0.2686385161921986,0,0,2001-05
SVK,2006,2548.88,86.7395985171853,25331.8740217421,,26.3756839954384,20.2270685615696,90.0,193.0,5373054.0,0.47498,2190.13371,164.992205726236,0.701435923576355,2.14090514183044,3.5176374912262,0.483178824186325,5.376846,113867.1953125,614551.6875,0.815564036369324,0.204527458,,,,136109527040.01747,646493031.534675,646493031.534675,10.139818724536244,15.496907019911712,20.287072977362758,5.262690188904886,7.843409325982735,7.691717875741299,283.0,5.645446897643238,474.3819808995034,35.91998144816709,11767.70669105034,9.373114337688737,5.363705638474375,53186.47383654997,6.557649176281721,0.354625725626732,0.49537,20.24360954404828,0.3856908705566608,4067615624.091364,22.126322822981994,22.115753507096237,-1.279509210526316,0.18082402287428503,-0.23136600275206895,0,0,2006-10
SVK,2007,2769.93,87.7611546430199,28064.2457264668,5.39522983956304,26.2297796014925,19.8863051371186,106.0,239.0,5374622.0,0.44734,2297.64491,166.580025216882,0.731066346168518,2.18343830108643,3.54118132591248,0.47765839099884,5.376999,126186.0625,636975.9375,0.868517458438873,0.176932538,,,,150834712494.87445,674744002.8745713,674744002.8745713,10.242251651065262,15.497198803923645,20.329843921900803,5.476463551931511,7.92657732810395,7.739639925146162,345.0,5.84354441703136,515.3720577930876,44.46824353414994,12348.97288147402,9.421328171105534,6.290774427231885,57792.36465587906,8.305255474557072,0.3132510625184278,0.47498,20.287072977362758,0.354625725626732,4132217283.3522305,22.142079972337264,22.126322822981994,-1.2998992105263159,0.14975887794435624,-0.1946714472091756,0,0,2006-10
SVK,2008,3243.86,90.381143250589,29544.090596762,5.08514306780719,25.6301340300419,18.5258978177826,75.0,167.0,5379233.0,0.4616,2340.90823,162.464472991641,0.728902101516724,2.25083041191101,3.56488275527954,0.478230476379395,5.37912,132953.890625,659601.375,0.878756165504456,0.197951927,,,,158924547093.09183,733595709.381712,733595709.381712,10.293639023030607,15.498056356918841,20.41346863017311,5.117993812416755,8.084519257707237,7.7582942655264535,242.0,5.488937726156687,603.0339269557575,31.045318170824725,12592.29080078759,9.440840064481021,1.1719772012982603,59068.81741131217,2.184649342217604,0.31621584746364395,0.44734,20.329843921900803,0.3132510625184278,4245980400.2311077,22.16923858416197,22.142079972337264,-1.3275392105263157,0.10838421483605207,-0.14388429499696717,0,0,2006-10
SVK,2009,3036.69,89.3665494438129,27880.4111227638,6.34058376905376,21.699930377173,14.6849665040937,63.0,176.0,5386406.0,0.47302,2469.7369,136.714352092364,0.712712705135346,2.20436882972717,3.58874297142029,0.507399797439575,5.385073,125634.34375,670628.9375,0.833388566970825,0.194170676,,,,150175213754.12167,710358796.0997463,710358796.0997463,10.235679610919387,15.499388930129118,20.381280746974394,5.170483995038151,8.01852338542026,7.811866905729931,239.0,5.476463551931511,563.769236852922,32.67484849823797,13303.0056565814,9.495745277894775,-5.300745896482209,56993.34070403703,-3.576872973967582,0.3386768778683044,0.4616,20.41346863017311,0.31621584746364395,4319442136.296188,22.18639209574715,22.16923858416197,-1.3132792105263158,0.1113489997812682,-0.1462323265256388,0,0,2006-10
SVK,2010,3473.56,89.7870445760179,29745.9196662166,7.36428920468002,21.8497529970948,17.1362690628545,48.0,234.0,5391428.0,0.60583,2817.3661,155.108497681586,0.728349566459656,2.16885495185852,3.61276292800903,0.485073804855347,5.391851,134165.640625,684703.0625,0.875120103359222,0.254987863,,,,160372984174.19083,971587650.0225003,971587650.0225003,10.300447247490542,15.500320842861019,20.694442044042486,5.455321115357702,8.152935283627047,7.943557720383547,282.0,5.641907070938114,644.2745780895153,43.402230355297334,15189.626477790802,9.62836800528029,4.886113756342969,61860.12601259098,8.194137306012372,0.3169741723236367,0.47302,20.381280746974394,0.3386768778683044,4643113465.87426,22.25865098373734,22.18639209574715,-1.3018592105263158,0.13381003018592866,-0.17420182025835557,0,0,2006-10
SVK,2011,3745.76,91.2413886477063,30468.8257049455,7.52466327622856,23.9414977059811,17.408841685454,33.0,224.0,5398384.0,0.65398,2840.91952,169.178076311066,0.723349630832672,2.22293257713318,3.67181015014648,0.484423816204071,5.398109,137603.53125,703732.5,0.868736565113068,0.243119273,,,,164482421184.36652,1075682138.06152,1075682138.06152,10.324459331852305,15.501610207488255,20.796220844320167,5.4116460518550396,8.228379812612008,7.951883053399439,257.0,5.54907608489522,693.8669053553805,41.49389891493454,15336.37448205568,9.63798270292342,-0.7321205778783563,61901.801550572134,0.0673479160788304,0.32386259026448655,0.60583,20.694442044042486,0.3169741723236367,5022328584.054641,22.33715952446509,22.25865098373734,-1.1690492105263157,0.11210732464126097,-0.13105897936608352,0,0,2011-15
SVK,2012,4097.25,92.4630035338618,30894.3118010926,9.56862397042366,21.0504458662276,17.2745943049528,35.0,168.0,5407579.0,0.79377,2827.14865,176.968958181431,0.710465252399445,2.22349572181702,3.64005875587463,0.478628754615784,5.404871,139762.765625,716385.0,0.878893494606018,0.328206198,,,,167063431715.04053,1326099401.924477,1326099401.924477,10.338327361833242,15.503312046041517,21.00550768964439,5.123963979403259,8.318071295943938,7.947023938553853,203.0,5.313205979041787,757.6865728637529,31.06750728930636,15288.02966961835,9.634825426631096,1.162379165649119,62857.22263984712,1.531656364988443,0.3418352384826496,0.65398,20.796220844320167,0.32386259026448655,5595078698.370922,22.445153244450683,22.33715952446509,-1.1208992105263158,0.11899574258211079,-0.13338223391628068,0,0,2011-15
SVK,2013,4247.53,92.9568131798679,31078.1848215695,11.0149736185922,21.1910610755073,16.6679619490037,26.0,184.0,5413393.0,0.8184,2723.15005,180.903136491458,0.673788607120514,2.20571660995483,3.6558997631073,0.486126244068146,5.410422,140745.75,729137.25,0.882112920284271,0.378615679,,,,168238428165.7906,1376863296.1088302,1376863296.1088302,10.344261399351632,15.50438662613644,21.04307377515526,5.214935757608986,8.354092916499367,7.909544595819527,210.0,5.3471075307174685,784.6335930164316,33.989773142278786,14741.48141861965,9.598420663991693,0.36563515472898267,63809.53444553436,1.50367747787854,0.394838856551989,0.79377,21.00550768964439,0.3418352384826496,6132680189.724114,22.536897716416842,22.445153244450683,-0.9811092105263158,0.13696839080027381,-0.13438094976511655,0,0,2011-15
SVK,2014,4798.34,92.8335501041545,31888.805351531,11.14773596298,21.1761310723424,18.5341754362134,23.0,211.0,5418649.0,0.87462,2723.67121,176.756316098132,0.674319863319397,2.23649406433105,3.6558997631073,0.491581588983536,5.41523,144557.078125,742469.5625,0.892937481403351,0.322192752,,,,172794243229.2681,1511293010.1318245,1511293010.1318245,10.370010297763708,15.505357080352276,21.13623141945973,5.351858133476067,8.47602530374851,7.909735958809687,234.0,5.455321115357702,885.5233103306747,38.93959546004917,14758.61827839529,9.599582481197688,1.2196493453850987,64635.57423669621,1.2862322090647638,0.39405070598690856,0.8184,21.04307377515526,0.394838856551989,6724071171.397322,22.6289596371181,22.536897716416842,-0.9564792105263158,0.18997200886961327,-0.18170427706570597,0,0,2011-15
SVK,2015,4905.86,92.6611648599253,33507.7913603774,11.1586996928016,24.3202564656274,18.8287638047366,28.0,228.0,5423801.0,1.15366,2658.90096,179.42602289503,0.6792351603508,2.28124475479126,3.70920395851135,0.493380486965179,5.420278,152040.625,764748.625,0.907572150230408,0.322469406,,,,181739592288.2063,2096656980.3921206,2096656980.3921206,10.419533268692819,15.506307419138757,21.463609999135205,5.429345628954441,8.498185687925325,7.88566814346396,256.0,5.545177444479562,904.5058990917992,42.03694051459484,14421.34968574896,9.576465004638443,1.6256498565820023,66648.09844742509,3.0661571800573384,0.38678787802393766,0.87462,21.13623141945973,0.39405070598690856,7812117476.0798435,22.77894188774842,22.6289596371181,-0.9002592105263159,0.1891838583045328,-0.1703145109215611,0,0,2011-15
SVK,2016,5291.75,92.2989437097209,34116.4502039273,10.7371880441488,21.6601191942233,17.7674522396181,15.0,220.0,5430798.0,0.78513,2609.14992,182.757379596201,0.641463041305542,2.33489394187927,3.7280433177948,0.510851144790649,5.427259,155002.109375,779870.4375,0.905021131038666,0.395385666,,,,185279549534.58798,1454685327.2609107,1454685327.2609107,10.437534957621343,15.507596642438328,21.09805544425638,5.393627546352362,8.57390428300028,7.866779746115174,235.0,5.459585514144159,974.3963962570509,40.50970041603462,14169.76616723616,9.558865830589228,-0.2814774723491176,66385.07496843499,-0.39542591514525327,0.444003709515921,1.15366,21.463609999135205,0.38678787802393766,8094985181.928778,22.814510593552875,22.77894188774842,-0.6212192105263159,0.1819210303415619,-0.11301283884691904,0,0,2016-19
SVK,2017,5464.05,93.3897996205045,35042.7858925618,11.7654202302728,21.2735243502353,17.1198654148987,23.0,183.0,5439232.0,0.88153,2803.05136,186.644687399549,0.610222458839417,2.38678526878357,3.74426746368408,0.529194593429565,5.4357,159458.0,793949.3125,0.916928231716156,0.477070662,,,,190605842395.9707,1680247682.4732006,1680247682.4732006,10.46432504795615,15.509148432395202,21.24220704953841,5.209486152841421,8.60594555201403,7.938463874222036,206.0,5.327876168789581,1004.562776509625,33.64445568786182,15246.446654955518,9.632101748652962,1.307091233875811,66808.6912071768,0.6360923326134582,0.49393170167478834,0.78513,21.09805544425638,0.444003709515921,8560985087.112661,22.870481100749007,22.814510593552875,-0.9897492105263158,0.23913686183354524,-0.23668552020749206,0,0,2016-19
SVK,2018,4974.73,95.3590621189007,36415.7920529507,10.6364834767426,21.3447569716069,18.107047254531,14.0,217.0,5446771.0,0.83184,3003.38839,188.732964699496,0.588746607303619,2.43467926979065,3.77146458625793,0.543653905391693,5.443232,165935.375,808975.875,0.934177398681641,0.44981797,,,,198348480096.04236,1649941996.8309188,1649941996.8309188,10.502757807148706,15.510533513991314,21.224005970805198,5.37989735354046,8.512126376763165,8.007496393619745,231.0,5.442417710521793,913.3356258230793,39.84011811768844,16358.76878438869,9.702519349646783,1.86371495621587,68154.92170115214,1.9950194215999417,0.5297593962097368,0.88153,21.24220704953841,0.49393170167478834,8926779320.87668,22.912321508425478,22.870481100749007,-0.8933492105263158,0.28906485399241255,-0.2582358591050265,0,0,2016-19
SVK,2019,5499.66,97.6488313912404,37194.2104548698,9.91238882702626,21.6812781607176,18.7020217269875,28.0,206.0,5454147.0,0.82138,3116.82472,183.722608631236,0.575226426124573,2.460200548172,3.78239893913269,0.55804705619812,5.450626,169711.890625,825639.5,0.941270709037781,0.450380088,,,,202862691369.79675,1666273574.3732367,1666273574.3732367,10.52390839521557,15.511886794719723,21.233855577518092,5.327876168789581,8.61244155112792,8.044570044628262,234.0,5.455321115357702,1008.3446595773821,37.76942572321575,16999.62019611384,9.740946281383712,0.7564425963585752,68982.9496831471,1.2075993833015275,0.5529915311331053,0.83184,21.224005970805198,0.5297593962097368,9254035997.118416,22.948325617321906,22.912321508425478,-0.9430392105263158,0.32489254852736105,-0.3063864124691253,0,0,2016-19
SVK,2020,5161.36,100.0,36201.4863805533,9.99741446798114,19.7809655184171,17.5406369148503,15.0,206.0,5458827.0,0.88944,3167.43232,167.534173320366,0.668186545372009,2.41252970695496,3.80964589118958,0.561634063720703,5.455024,165323.96875,835838.75,0.957293748855591,0.480982917,,,,197617651294.29663,1757690437.671992,1757690437.671992,10.496855457207193,15.512744489475873,21.287266532917997,5.327876168789581,8.548955389639694,8.060676544958334,221.0,5.3981627015177525,945.5071574900614,37.73704497321494,17290.46506908864,9.757910476469933,1.6879511450839455,68527.2261201161,-0.6628240111412609,0.4031878848922427,0.82138,21.233855577518092,0.5529915311331053,9623621035.222645,22.98748643778849,22.948325617321906,-0.9534992105263158,0.34812468345072956,-0.3319366108349942,0,0,2020-23
SVK,2021,5150.0,102.244084108307,38330.302743447,9.00138940151075,19.5981995330742,16.6273511795662,13.0,146.0,5447247.0,0.90093,3211.13115,181.97948448512,0.675051987171173,2.40183997154236,3.8373007774353,0.554380178451538,5.442759,174792.0625,848270.75,1.0,0.505105579,,,,208794626628.33344,1881093429.6826444,1881093429.6826444,10.55399605668536,15.510620901399763,21.355119056251155,4.983606621708336,8.546751993657782,8.074378537229261,159.0,5.0689042022202315,945.4317015549323,26.80252979165439,17491.82452344405,9.769488880664749,4.3644987025462,72774.23332569319,6.013082680920334,0.39296557304397617,0.88944,21.287266532917997,0.4031878848922427,10061171309.621893,23.031949427208264,22.98748643778849,-0.8854392105263158,0.19832103720986696,-0.1756012226178647,0,0,2020-23
SVK,2022,5067.03,109.74253701194,38648.9855746919,8.49041601420597,20.9401153914882,17.3506431084601,,,5431752.0,0.97686,3387.47411,204.056318531151,0.655240833759308,2.45054960250855,3.8653712272644,0.567500948905945,5.473197,175578.0625,859444.5,0.974882125854492,0.559338268,,,,209931704693.30386,2050738850.4670079,2050738850.4670079,10.56227580722072,15.507772291802878,21.441465980024848,,8.530510126121497,8.127839822354321,,,932.8537090795013,,18399.919271940722,9.820101556192926,-2.5438711852363403,71648.44258621262,-1.5590537090186984,0.42275242579778277,0.90093,21.355119056251155,0.39296557304397617,10602734463.645617,23.084377773064794,23.031949427208264,-0.8739492105263158,0.1880987253616004,-0.164388732530777,0,0,2020-23
SVK,2023,5332.18,120.743776601369,39501.9474231962,9.7184584659913,21.1360451605213,16.8469462095189,,,5426740.0,1.03359,3506.62001,181.39087235645,0.648106038570404,2.47736859321594,3.89386487007141,0.531750798225403,5.518055,177998.109375,878879.125,0.964181065559387,0.577737516,,,,214366798159.35574,2215673789.095285,2215673789.095285,10.584105251526985,15.506849143292765,21.518822387908457,,8.581515439168406,8.162407892401998,,,982.5751740455597,,19029.5150730674,9.853746477730489,-1.1037462812812648,71849.6673698183,0.28045653780850444,0.43370095624824684,0.97686,21.441465980024848,0.42275242579778277,11227998083.19406,23.141676324729435,23.084377773064794,-0.7980192105263159,0.217885578115407,-0.17387687703272703,0,0,2020-23
SVN,2000,1717.04,59.854660428318,30061.2061910089,,27.5926973849984,21.6596643590193,124.0,307.0,1988925.0,1.36862,2183.7261,104.620348581459,0.731401920318604,0.9071044921875,3.26419067382813,0.666948437690735,1.986816,52686.77734375,397689.09375,0.82544356584549,0.770764923,,804.7183701,,59789484523.45238,818290843.0848739,818290843.0848739,10.31099078861667,14.50310484973452,20.522728385266202,5.726847747587197,7.448357157073409,7.68878791691213,431.0,6.066108090103747,863.3005266664152,154.35473936925726,4343.2674334425,8.376382208682376,,58082.36845646615,,0.31279214773215147,,,,4378907034.777856,22.200064994756772,,,,,0,0,other
SVN,2001,1679.44,65.0620207351987,30862.8959874504,,26.6156129719771,21.9778432677268,107.0,301.0,1992060.0,1.4824,2262.53562,105.583223530684,0.749733328819275,0.912435054779053,3.27085399627686,0.666999995708466,1.989679,54177.125,410828.0625,0.833746731281281,0.856549859,,896.2771549,,61480740580.760445,911390498.3691927,911390498.3691927,10.337309964270204,14.504679837154995,20.63048201142612,5.707110264748875,7.426215683496067,7.72424141909656,408.0,6.0112671744041615,843.0669758943004,151.09986646988546,4507.1067071772,8.413410698287281,1.0008779299934405,59376.41776939296,2.203499139686116,0.2880376972530853,1.36862,20.522728385266202,0.31279214773215147,4633461477.93037,22.25657004513977,22.200064994756772,-0.40625921052631586,0.10792530004977571,-0.04384564719403764,0,0,2001-05
SVN,2002,1822.49,70.0196228351541,31836.5215656188,,24.8641515806336,21.6091778196104,101.0,300.0,1994530.0,1.46036,2331.11354,104.880458289416,0.766539633274078,0.924452722072601,3.27753090858459,0.666325449943543,1.991572,55955.53515625,422620.65625,0.832443654537201,0.871551671,,911.9366739,,63498897358.27367,927312497.4612854,927312497.4612854,10.36836938667943,14.505918991578229,20.647801172937573,5.703782474656201,7.50795897689931,7.754101346558235,401.0,5.993961427306569,913.7440900863863,150.4113751109284,4649.475888936199,8.44450978017219,-0.15641393934799908,60528.282107060084,1.9213588358294231,0.2658688751915231,1.4824,20.63048201142612,0.2880376972530853,4865754753.7021,22.305487680058604,22.25657004513977,-0.29247921052631587,0.08317084957070955,-0.02432574442124411,0,0,2001-05
SVN,2003,2148.58,73.9851545977449,32833.9045969454,,25.2648362086817,21.7454444286598,60.0,310.0,1995733.0,1.25957,1895.25158,103.280027127626,0.74632465839386,0.920939564704895,3.2842218875885,0.653432548046112,1.99249,57743.328125,435205.375,0.847212910652161,0.805143769,,811.6792479,,65527706922.97564,825367338.0897243,825367338.0897243,10.399216937232449,14.5065219593708,20.531339103491472,5.736572297479192,7.672562437802262,7.547106868599171,370.0,5.91350300563827,1076.586898147197,155.33139954092056,3782.4161215081403,8.238118270005698,1.7586496046892135,62700.45325232956,3.525794786814984,0.29259457453057625,1.46036,20.647801172937573,0.2658688751915231,4961258878.736509,22.32492535167678,22.305487680058604,-0.3145192105263157,0.06100202750914732,-0.01918630953268161,0,0,2001-05
SVN,2004,1918.44,76.4697035485878,34304.5565023331,,26.2122139693469,21.4741823940668,42.0,342.0,1997012.0,1.38062,2021.91495,112.399933466762,0.720123827457428,0.926043450832367,3.29092597961426,0.654143929481506,1.993545,60368.3515625,448566.875,0.863581538200378,0.924676693,,930.1339958,,68506610989.83723,945815972.6478907,945815972.6478907,10.443033466964849,14.507162621393418,20.66755857600765,5.834810737062605,7.559267634764801,7.611800336381233,384.0,5.950642552587727,960.6552188970322,171.25585624923636,4037.7884181294003,8.303452399810377,1.9136287318067353,65189.54538066046,3.893043263575535,0.32833209917958345,1.25957,20.531339103491472,0.29259457453057625,5162886019.573924,22.36476156620549,22.32492535167678,-0.5153092105263157,0.08772772684820049,-0.04520690566341447,0,0,2001-05
SVN,2005,2331.3,77.6190408931432,35565.0427189638,,26.7841476169297,20.6496350758894,29.0,344.0,2000474.0,1.42797,2634.49569,121.127284217914,0.715383887290955,0.921480298042297,3.2976438999176,0.658162772655487,1.996914,62695.02734375,462033.34375,0.899119555950165,0.840107515,,999.1089335,,71146943268.17639,1015957005.7865784,1015957005.7865784,10.479118488318695,14.508894710444157,20.73909686806811,5.840641657373398,7.7541813308833065,7.876447053663945,373.0,5.921578419643816,1165.3738064078814,171.95924565877885,5270.2401309570605,8.569831206143826,4.032769264687144,68037.29550913548,4.275690904140461,0.3349359750681761,1.38062,20.66755857600765,0.32833209917958345,5404410122.424414,22.41048114654522,22.36476156620549,-0.39425921052631585,0.12346525149720769,-0.04867731258272214,0,0,2001-05
SVN,2006,2355.5,79.3449798145244,37546.4956078863,,27.9014994356825,20.4730009548022,12.0,287.0,2006868.0,1.54569,2928.65083,130.517913086158,0.712044477462769,0.935582935810089,3.31612467765808,0.644705593585968,2.003114,66399.5390625,477740.375,0.93250036239624,0.930970473,,1145.378176,,75350860547.60757,1164690716.3983157,1164690716.3983157,10.533335326815466,14.512085855809866,20.875721409231733,5.659482215759621,7.764508298140096,7.982297128386571,299.0,5.700443573390687,1173.719447417568,143.00890741194738,5877.415633900439,8.678872426232163,3.6453526808283234,70971.30197763487,4.22195796387026,0.33961490117464155,1.42797,20.73909686806811,0.3349359750681761,5758439320.459067,22.473932323631082,22.41048114654522,-0.34690921052631585,0.13006912738580031,-0.0451221782952548,0,0,2006-10
SVN,2007,2696.54,82.6776687075391,40002.7018991991,5.68650889024498,28.7632142843547,20.3508272583588,15.0,331.0,2018122.0,1.43261,3115.13903,137.66309435102,0.7226522564888,0.966958701610565,3.33470916748047,0.63299697637558,2.014158,71139.953125,496078.96875,0.96098256111145,0.857116458,,1137.372718,,80730332762.21548,1156550820.184775,1156550820.184775,10.596702278294822,14.517677933965235,20.86870798176133,5.802118375377063,7.89972474871139,8.044029062649312,346.0,5.846438775057725,1336.163026814038,164.01387032102122,6286.730609501659,8.746196438650273,3.0086722052878634,73570.82883323703,3.59730019605653,0.3248271455725458,1.54569,20.875721409231733,0.33961490117464155,6051224242.574983,22.52352644266295,22.473932323631082,-0.2291892105263158,0.1347480534922658,-0.030882799999850167,0,0,2006-10
SVN,2008,2984.34,86.4023099799195,41286.3462491223,6.48513705089615,29.5862302565727,19.1934360541162,6.0,301.0,2021316.0,1.63465,3477.77233,135.387093664802,0.728359699249268,0.994990050792694,3.35339760780334,0.637328386306763,2.025085,73538.9609375,515649.96875,0.948714017868042,1.055251271,,1341.536426,,83452752254.8909,1364160414.734574,1364160414.734574,10.628287124994271,14.519259342401579,21.033804995563017,5.707110264748875,8.001133895851634,8.154147232737124,307.0,5.726847747587197,1476.434164672916,148.91288645615035,7029.67685498628,8.85789601717443,-1.2848860039597947,73909.24248831693,0.45892878408224647,0.3169602604335284,1.43261,20.86870798176133,0.3248271455725458,6507701020.923309,22.59625208500872,22.52352644266295,-0.34226921052631587,0.11996029789017001,-0.04105871645337016,0,0,2006-10
SVN,2009,3153.62,88.7635462492342,37809.1735513927,6.84793570752288,24.4165581529781,17.1576001115702,12.0,373.0,2039669.0,1.83331,3671.25911,114.482301023638,0.691383063793182,0.974278688430786,3.37219095230103,0.656608164310455,2.035608,67956.921875,525001.625,0.87955504655838,1.184467943,,1390.371272,,77118199208.3956,1413815657.9074376,1413815657.9074376,10.540307038708843,14.528298097753687,21.069558026691038,5.921578419643816,8.056306278336743,8.208289963953401,385.0,5.953243334287785,1546.1430261478702,182.8728092646405,7488.15339763459,8.921077503742815,-7.569125147193496,69751.00931793373,-5.7905996529985515,0.36906124732083795,1.63465,21.033804995563017,0.3169602604335284,6945361525.69225,22.661339867333115,22.59625208500872,-0.14022921052631587,0.11209341275115262,-0.0157187707752946,0,0,2006-10
SVN,2010,3143.3,88.3273005414751,38063.314683572,6.07894837150916,21.2216002661579,17.4961882930793,11.0,442.0,2048583.0,2.06914,3770.38211,128.606575425363,0.655501663684845,0.954647064208984,3.39108943939209,0.660062432289124,2.044612,68712.6953125,529697.0,0.895888328552246,1.403068175,,1586.676424,,77975859384.41599,1613429696.8667047,1613429696.8667047,10.547006228060882,14.532658892600047,21.201627996685943,6.091309882077698,8.053028482449296,8.234931630743606,453.0,6.115892125483034,1534.377664951823,215.75889285423145,7723.940694050129,8.95207996537938,1.8399621207411925,71977.06659207611,3.1415657618639514,0.42235443774217546,1.83331,21.069558026691038,0.36906124732083795,7516986993.705117,22.7404312288895,22.661339867333115,0.058430789473684186,0.1641943996384622,0.009594008398032951,0,0,2006-10
SVN,2011,3554.32,89.5325445823582,38233.2905622851,6.21454157819942,20.08483828855,18.196846937948,11.0,470.0,2052843.0,2.4311,4287.95887,140.332355750319,0.668169617652893,0.938706040382385,3.42607164382935,0.650430500507355,2.048804,69163.0625,532820.9375,0.909242987632752,1.795660028,,1876.454898,,78486942897.75304,1908096068.7872741,1908096068.7872741,10.551461895763943,14.534736219623344,21.3693717592224,6.152732694704104,8.175919044053527,8.363566110820308,481.0,6.175867270105761,1731.4134592854884,228.9507770443234,8802.506350567412,9.082791772479377,1.4796599687702194,73679.14930197551,2.3372297309730783,0.4032132190353183,2.06914,21.201627996685943,0.42235443774217546,8297535013.436624,22.83922432130685,22.7404312288895,0.29426078947368417,0.2174875900597997,0.06399806995172565,0,0,2011-15
SVN,2012,3445.48,90.0935721515477,37040.7082746106,6.66177191299701,19.1676737562844,18.7169143022718,,,2057159.0,2.58339,4330.67354,143.656448572975,0.644616425037384,0.930392682552338,3.44251990318298,0.651441931724548,2.053321,67146.59375,533795.125,0.891952753067017,1.956660131,,1935.867457,,76198626393.48967,1968507694.3867729,1968507694.3867729,10.51977281046203,14.536836462682349,21.400541577096725,,8.144818506107654,8.373478360862633,,,1674.8729680107372,,8908.88404887286,9.094804265580706,-1.9199207819502184,72170.16536049847,-2.069310768793997,0.43909982894903943,2.4311,21.3693717592224,0.4032132190353183,9021412455.807903,22.92286675031475,22.83922432130685,0.656220789473684,0.19834637135294256,0.13015901239846847,0,0,2011-15
SVN,2013,3472.87,91.1141496033147,36685.7496645094,6.73818283854427,19.8337339250587,19.1692650538617,,,2059953.0,2.59426,4236.51087,145.168789432403,0.604209065437317,0.920078873634338,3.4661545753479,0.639955818653107,2.056441,66593.453125,535610.4375,0.879253566265106,1.985329495,,1927.998342,,75570920078.65514,1960506151.2325184,1960506151.2325184,10.510143666117422,14.538193724971505,21.396468517275274,,8.152736620428175,8.351495301432465,,,1685.8976879569582,,8727.013276189111,9.074178468439696,-1.433983638683367,72377.98305481566,0.287541334540542,0.5038350061081676,2.58339,21.400541577096725,0.43909982894903943,9628706738.669237,22.988014758688134,22.92286675031475,0.8085107894736843,0.23423298126666367,0.18937989260468494,0,0,2011-15
SVN,2014,3375.52,91.6895823369998,37662.2559898098,6.41719007974407,19.4365582725521,19.6425391528278,,,2061980.0,2.38854,4166.88131,146.471705096746,0.613590896129608,0.923785328865051,3.47803258895874,0.633083283901215,2.058401,68433.3203125,537585.9375,0.891449153423309,1.847331175,,1824.152872,,77658818605.86801,1854911945.9285996,1854911945.9285996,10.536413704554239,14.539177244190956,21.34110306337704,,8.124304665512513,8.334923147695461,,,1637.0284871822228,,8592.0259235938,9.058589833922143,1.3775073441071566,74079.24565827016,2.3233255796725416,0.48842686585531103,2.59426,21.396468517275274,0.5038350061081676,10039312673.797451,23.029774490081472,22.988014758688134,0.819380789473684,0.29896815842579183,0.24496876567841874,0,0,2011-15
SVN,2015,3503.69,92.4847128540228,38534.6437425951,7.00769445649105,18.9176485172673,19.9837917138592,,,2063531.0,2.21611,3836.54008,147.218367714503,0.612139403820038,0.935901582241058,3.51150822639465,0.63247948884964,2.059947,70071.140625,539521.6875,0.895748555660248,1.690083778,,1732.971672,,79517431936.80101,1762193760.894641,1762193760.894641,10.559312953134846,14.539929151081072,21.28982532487006,,8.161571977822918,8.252326218585175,,,1697.9100386667321,,7916.819387822479,8.976744811701973,0.481134292976812,74870.20211805982,1.0620568338348235,0.49079523838898204,2.38854,21.34110306337704,0.48842686585531103,10295609533.622475,23.05498338243626,23.029774490081472,0.6136607894736841,0.2835600181729353,0.17400966461517567,0,0,2011-15
SVN,2016,3360.12,93.3036487431222,39674.8931561968,7.14418674805758,17.7799826082197,20.2309490466323,,,2065042.0,2.02922,3939.83347,148.238448080388,0.628061950206757,0.95329487323761,3.53561639785767,0.639409363269806,2.061373,72197.390625,540476.625,0.91829240322113,1.536169779,,1634.972803,,81930320713.05894,1662546453.9735346,1662546453.9735346,10.588473852415477,14.540661123153487,21.231616272343626,,8.119731966605224,8.278893734901263,,,1627.1436610005994,,8135.9215885557405,9.004044300090477,2.4856118182959337,75734.58396959689,1.147893589989657,0.46511647055317035,2.21611,21.28982532487006,0.49079523838898204,10413814557.552639,23.066399084495025,23.05498338243626,0.4412307894736842,0.28592839070660625,0.1261604095644159,0,0,2016-19
SVN,2017,3373.97,94.5050554704644,41700.651085028,6.50844824804584,18.4937257477793,20.6408219046834,,,2066388.0,1.88219,4510.81305,158.70213584467,0.624081432819367,0.980925977230072,3.54288125038147,0.635349690914154,2.06241,75933.171875,543443.5,0.954258441925049,1.407553171,,1594.979384,,86169724994.28885,1621877946.8700051,1621877946.8700051,10.638272021214835,14.541312713545977,21.206850541269482,,8.12384537154297,8.41423269341061,,,1632.7862918290273,,9321.089956763399,9.140034848992315,3.841867631544571,77409.68598815097,2.1877003006258278,0.4714744178141768,2.02922,21.231616272343626,0.46511647055317035,10473620320.789747,23.072125582460757,23.066399084495025,0.2543407894736842,0.26024962287079456,0.06619209454118648,0,0,2016-19
SVN,2018,3237.85,96.566166977325,43369.221946981,6.83053982321457,19.5302803292433,20.4061968964047,23.0,255.0,2073894.0,1.96365,4880.49036,162.613493975851,0.645146250724793,1.01246070861816,3.55502223968506,0.640905737876892,2.069481,79258.3515625,548618.625,0.974443793296814,1.457118347,,1736.882471,,89943169180.51222,1766169041.613128,1766169041.613128,10.677505296778728,14.544938557497325,21.29207865460004,5.541263545158426,8.082664808272641,8.493000977405611,278.0,5.627621113690637,1561.2417992433557,122.95710388284068,10121.61967466184,9.22242897693866,2.0932301559368387,78282.89126466392,1.1217162022784777,0.4382782425794404,1.88219,21.206850541269482,0.4714744178141768,10668746314.284414,23.090584399038605,23.072125582460757,0.10731078947368422,0.26660757013180103,0.0286098688305042,0,0,2016-19
SVN,2019,3531.2,98.824450370107,44577.9418583069,7.35392450360767,19.7583962473649,20.5744094031508,,,2088385.0,2.05725,5060.56961,160.044275685249,0.672536253929138,1.03555989265442,3.56720495223999,0.649041712284088,2.083439,82036.5546875,554750.875,0.985247015953064,1.518499779,,1883.454781,,93095905107.76025,1915215507.8293974,1915215507.8293974,10.70499443849652,14.551901597960658,21.37309598997277,,8.169393035502472,8.5292343270921,,,1690.8759639625832,,10568.41766497985,9.265625367088484,1.1025547544654304,79219.51716111574,1.1893620509118463,0.3966992597708817,1.96365,21.29207865460004,0.4382782425794404,10983649874.97115,23.11967362899099,23.090584399038605,0.1887707894736841,0.23341139489706467,0.044061253286872736,0,0,2016-19
SVN,2020,3692.85,100.0,42471.5228031277,7.79985278570807,19.0238928131055,20.5177897656073,12.0,232.0,2102419.0,2.15559,5187.16109,147.549008584942,0.669036984443665,1.03092241287231,3.58887028694153,0.650995433330536,2.102419,78685.3671875,558192.875,0.967166125774384,1.580239416,,1892.867884,,89292936500.22894,1924789609.9052854,1924789609.9052854,10.656589078636433,14.558599144522308,21.378082505157487,5.44673737166631,8.214153796643414,8.55394183035653,244.0,5.497168225293202,1756.476706118048,110.34907884679505,10905.586031676708,9.297030416914563,-1.8522111642036376,76325.20760536221,-3.721943862866617,0.40191593720757984,2.05725,21.37309598997277,0.3966992597708817,11260892003.630762,23.14460167531523,23.11967362899099,0.282370789473684,0.19183241208850596,0.054167869648072506,0,0,2020-23
SVN,2021,4058.0,102.683430771861,45922.6632600134,6.20930603257085,20.2003570967526,19.9228972672545,17.0,222.0,2108079.0,2.13847,5235.17998,161.788727511439,0.667319893836975,1.0473530292511,3.6108181476593,0.653136432170868,2.113494,85286.7890625,564807.5,1.0,1.567813415,,2035.51342,,96808602042.5058,2070222912.0983737,2070222912.0983737,10.734714027134231,14.561287664222007,21.450922125429905,5.402677381872279,8.30844552038576,8.56315650284737,239.0,5.476463551931511,1924.9752974153246,105.30914638398276,11036.17297705842,9.308933609105102,3.3385003274211305,81430.79427906322,6.475025092953857,0.4044857470833074,2.15559,21.378082505157487,0.40191593720757984,11641981115.18452,23.17788346366653,23.14460167531523,0.3807107894736843,0.19704908952520409,0.07501871443821115,0,0,2020-23
SVN,2022,3741.92,109.335524261356,47058.8865960028,8.56978643924213,21.988357400127,19.934678378123,,,2112076.0,2.1,5370.37458,186.647076274632,0.661682546138763,1.07777678966522,3.63305330276489,0.656928718090057,2.115228,87588.8828125,572421.9375,0.989465951919556,1.476557673,,2053.596191,,99391944966.1392,2087230844.2889235,2087230844.2889235,10.75915500275801,14.563181908009335,21.45910406950863,,8.22735412766376,8.588652939260145,,,1771.678670653897,,11342.63926142808,9.336324289305205,-1.0589923910455585,81268.11010627437,-0.19998195761896653,0.41296937561477154,2.13847,21.450922125429905,0.4044857470833074,11982914792.195766,23.20674770489763,23.17788346366653,0.36359078947368406,0.19961889940093167,0.07257959322705267,0,0,2020-23
SVN,2023,3567.56,120.25718624843,47986.4195855821,8.20345582131026,21.5950558507346,19.5198398726195,,,2120461.0,2.13385,5616.34857,160.1596693009,0.664669573307037,1.09132182598114,3.65558075904846,0.632693946361542,2.118396,89439.265625,580556.0,1.0012069940567,1.465215637,,2131.968858,,101753331260.863,2171263459.109925,2171263459.109925,10.778673324558742,14.567144075838945,21.498575074284453,,8.179637167709913,8.633437011087244,,,1682.445468226013,,11909.248105090772,9.385070528961913,1.1796190135429412,81954.98660039232,0.8416462653295653,0.4084652440582301,2.1,21.45910406950863,0.41296937561477154,12356741032.476326,23.23746758369715,23.20674770489763,0.3251207894736843,0.20810252793239578,0.06765845817284995,0,0,2020-23
SWE,2000,14569.85,69.6516542584153,47868.5077292571,,21.7434172971739,19.858143662235,844.0,4224.0,8872109.0,,,81.4721590850121,1.00376188755035,4.34921598434448,3.18183207511902,0.594372391700745,8.872101,406705.09375,2162552.5,0.905714631080627,,,,,424694618241.31146,,,10.776213108498881,15.998423093779971,,8.348537825386098,9.586709604009283,,5068.0,8.53070154144103,1642.208182969799,476.0987494630645,,,,93512.27789421895,,-0.003754829347285296,,,,,,,,,,0,0,other
SWE,2001,14742.17,71.455460723494,48389.8185132591,,22.1805552893982,18.9690208816409,574.0,3926.0,8895960.0,3.87215,5177.98913,80.5691828117714,1.01817679405212,4.43845891952515,3.19793128967285,0.614933967590332,8.896022,412239.40625,2193544.0,0.900787055492401,2.999667077,,16090.62648,,430473889901.21246,16668594727.809797,16668594727.809797,10.787044709279382,16.001107799059515,23.536792230684195,8.275376374836407,9.598467373360943,8.552172061043153,4500.0,8.411832675758411,1657.1758416179928,441.3239268162177,46063.1841809148,10.737769302138394,-0.5455392425889869,92878.95049259656,-0.6795704330521346,-0.018013571077407656,,,-0.003754829347285296,104178717048.81123,25.369373694432507,,,-0.20862167702966106,,0,0,2001-05
SWE,2002,14561.38,72.6155235618669,49331.2032555738,,21.6669413046726,18.6122752817728,597.0,3358.0,8924958.0,,,77.0853186972402,1.04130029678345,4.44307661056519,3.21411204338074,0.613138556480408,8.925047,421628.875,2220544.5,0.918620765209198,,,,,440278917145.4594,,,10.806312085894096,16.00436217973655,,8.119100837637486,9.586128097479095,,3955.0,8.282735880201754,1631.5348486793998,376.24826917953004,,,1.960448964579811,94895.70222521234,2.1481379465001282,-0.04047021756610891,3.87215,23.536792230684195,-0.018013571077407656,,,25.369373694432507,2.097270789473684,-0.22288041875978343,-0.4674405918105563,0,0,2001-05
SWE,2003,14685.93,73.9573352022909,50072.4736462925,,21.0990556783309,17.8650778667437,703.0,3025.0,8958229.0,3.5823,5389.38189,75.3282174864238,1.01683878898621,4.42325448989868,3.23037457466126,0.609748065471649,8.958431,429559.46875,2245608.0,0.932791829109192,2.663534969,,15511.5842,,448560685519.9532,16068789437.381283,16068789437.381283,10.82122670786425,16.00808310916454,23.50014468326601,8.014666370464942,9.594645171555964,8.59218598014715,3728.0,8.223627175805483,1639.378720950313,337.67835137949703,48279.3171390728,10.784758531347418,1.530867911145274,97113.89424483229,2.3106039995559158,-0.016698588263647996,,,-0.04047021756610891,104178717048.81123,25.369373694432507,,,-0.24533706524848467,,0,0,2001-05
SWE,2004,15154.19,74.2639658205368,51960.5321902953,,21.3471687403972,17.1592852901607,462.0,2768.0,8993531.0,3.36628,5434.9691,78.7358819187356,1.0427770614624,4.40406322479248,3.24671912193298,0.599854171276093,8.993808,447513.0625,2274282.5,0.955006241798401,2.475525356,,15185.43121,,467308657029.9187,15730917859.866747,15730917859.866747,10.858239713039538,16.012016099078117,23.478893903227583,7.92588031673756,9.626032340356497,8.600609114166563,3230.0,8.080237416216702,1685.0100366585714,307.77677866457566,48879.56308489211,10.797114655280408,2.353582034737642,101613.67801914037,4.529369507535819,-0.041887405771979434,3.5823,23.50014468326601,-0.016698588263647996,104282827351.3563,25.370372538718154,25.369373694432507,1.8074207894736842,-0.22156543594602376,-0.4004619751576433,0,0,2001-05
SWE,2005,16312.47,74.8316935157712,53198.67120001,,21.5097260897802,16.9320292559906,438.0,2522.0,9029572.0,3.3641,6103.30894,84.167923018031,1.03871643543243,4.4035849571228,3.26314687728882,0.600912928581238,9.029771,460012.90625,2304675.75,0.969826817512512,2.449534988,,15599.48961,,480361231904.8167,16159832202.509941,16159832202.509941,10.881788697574374,16.01601552670619,23.505794506477404,7.8328075165248645,9.699685124982897,8.716586352269358,2960.0,7.992944547318106,1806.560709632749,279.3044897366121,55110.26751197368,10.917091321011275,1.539964053668488,104463.27497461562,2.7657421731539955,-0.03798575420570769,3.36628,23.478893903227583,-0.041887405771979434,104800235451.16278,25.37532185550223,25.370372538718154,1.5914007894736844,-0.2467542534543552,-0.3926849137532505,0,0,2001-05
SWE,2006,16547.35,76.1382519677501,55373.9338115393,,22.5576014619411,16.8396846318154,413.0,2446.0,9080505.0,3.47963,6159.34885,88.3302608918239,1.01747369766235,4.4847412109375,3.2796573638916,0.589859127998352,9.080623,481523.03125,2345192.5,0.990380346775055,2.598589446,,16889.67488,,502823282845.3516,17496389796.871708,17496389796.871708,10.92186425319439,16.02164036577101,23.585260399272045,7.802209316247118,9.713981247138577,8.725726344771443,2859.0,7.958227192322312,1822.29402439622,269.36827852635946,55929.998029169255,10.93185615257818,2.097154109812811,107369.19001605923,2.7437695573178544,-0.017322788037204523,3.3641,23.505794506477404,-0.03798575420570769,106576589930.36006,25.392129717904048,25.37532185550223,1.5892207894736843,-0.24285260188808344,-0.38594640369831834,0,0,2006-10
SWE,2007,16444.85,78.3646633307836,56737.3689179302,16.8057230661083,23.5097905127659,16.8640469063006,398.0,2527.0,9148092.0,3.24176,5026.89783,89.5469236610223,1.01490879058838,4.59051084518433,3.29625153541565,0.602666318416596,9.148274,497051.75,2393282.5,0.987991094589233,2.365604059,,16242.54113,,519038670699.16595,16825988011.257284,16825988011.257284,10.946188336436963,16.029055890917263,23.54619043356184,7.834788107388194,9.70776763726809,8.52255833923698,2925.0,7.981049759665957,1797.6262153900504,276.23246464945913,45986.52382344036,10.736103672189971,-0.24153738751457876,108278.09077532876,0.842956273733364,-0.014798746966684359,3.47963,23.585260399272045,-0.017322788037204523,107416089452.06332,25.399975816479405,25.392129717904048,1.704750789473684,-0.22218963571958028,-0.3787779569058247,0,0,2006-10
SWE,2008,16376.65,80.9989657439396,55777.3973050094,17.2485871067251,23.9954149226696,15.5566555705358,306.0,2549.0,9219637.0,3.49083,5468.69683,92.8083687095596,0.982469081878662,4.61337661743164,3.31292939186096,0.616986036300659,9.2199,492463.34375,2437540.0,0.957204818725586,2.585031928,,17329.01083,,514247355956.96497,17951500975.95252,17951500975.95252,10.929124000089452,16.036846223824966,23.61093956821498,7.8434564043761155,9.703611818785944,8.606795627544376,2855.0,7.956827122090111,1776.2792613201582,276.4750933252578,50419.39963565071,10.828131293405066,-3.1656293923178014,106746.8330873373,-1.4242847258273628,0.017686404559663953,3.24176,23.54619043356184,-0.014798746966684359,109255177010.20634,25.416952056620502,25.399975816479405,1.4668807894736844,-0.2196655946490601,-0.3222232408990196,0,0,2006-10
SWE,2009,17476.17,82.9096772664862,52950.7103332467,18.7732990037937,22.0664924860152,13.7785619416781,463.0,2186.0,9298515.0,3.41266,5110.718,81.958313967393,0.942094922065735,4.51983547210693,3.32969212532043,0.626255750656128,9.29874,471506.21875,2460205.25,0.927059650421143,2.420599645,,16220.03752,,492362974294.3494,16802674278.553545,16802674278.553545,10.877116766109479,16.045365267954335,23.54480389393455,7.689828668736484,9.768593517650473,8.539095182133575,2649.0,7.88193748927207,1879.4581715467468,235.0913022133104,47522.08798377,10.768949892123633,-3.1999478903419627,104319.33234291081,-2.3003286968778625,0.059649242958244364,3.49083,23.61093956821498,0.017686404559663953,109669574737.22893,25.420737816052846,25.416952056620502,1.715950789473684,-0.18718044312271181,-0.3211924291504514,0,0,2006-10
SWE,2010,17767.95,83.7638413807076,55520.4324178534,19.4114842380157,22.0467665339345,14.9200876020762,353.0,2196.0,9378126.0,3.18756,5279.17412,85.0914849272733,0.907614648342133,4.54955577850342,3.34653925895691,0.605837225914002,9.378232,498621.28125,2490140.25,0.957240760326386,2.191347127,,16021.37923,,520677610789.11383,16596911250.469475,16596911250.469475,10.924506383656361,16.053890514241985,23.53248244574705,7.694392802629421,9.785151551522578,8.571524947799277,2549.0,7.8434564043761155,1894.6162591545476,234.16192104904542,49508.76007329912,10.80990490407699,3.203702669396275,109597.79493329389,4.936055701901587,0.09693538656132836,3.41266,23.54480389393455,0.059649242958244364,109816049777.11407,25.422072528173096,25.420737816052846,1.637780789473684,-0.1452176047241314,-0.2378346033105653,0,0,2006-10
SWE,2011,18275.09,84.6997491346139,56846.1368290625,18.6981620670435,22.4066937719191,14.7658035471118,337.0,2004.0,9449213.0,3.20686,5172.47477,86.3907448060188,0.941523551940918,4.65381479263306,3.35636186599731,0.610658884048462,9.449259,514397.1875,2524929.25,0.964203953742981,2.215116158,,16628.39839,,537151255124.9562,17225688740.100166,17225688740.100166,10.948103543115323,16.06144201557864,23.569667637958233,7.602900462204755,9.813294209366454,8.551106531889097,2341.0,7.75833346749091,1934.0330247608981,212.08115427178961,48875.81583885601,10.797037989503462,0.7247904504553968,110532.37191868601,0.8491181504229672,0.06025591585960547,3.18756,23.53248244574705,0.09693538656132836,110569331050.64713,25.428908591474706,25.422072528173096,1.4126807894736841,-0.1079314611210474,-0.15247270170552948,0,0,2011-15
SWE,2012,19205.78,85.5039551802105,56193.3287488246,17.9838317924104,22.2577020508821,14.075787455749,148.0,2288.0,9519374.0,3.24636,5196.71759,85.2980605424359,0.927443861961365,4.69070148468018,3.36621308326721,0.632141053676605,9.519487,512265.21875,2555987.5,0.9529909491539,2.200647336,,16763.42721,,534925312665.0134,17365601380.23193,17365601380.23193,10.936553323298794,16.068839648302987,23.577757154286633,7.7354333524996886,9.86296655437859,8.555782472565976,2436.0,7.798112628829788,2017.5465319463235,240.35193910860107,49469.49831158866,10.809111562904688,-1.1697436111625332,109208.65896562742,-1.2048081869794558,0.07532301251953802,3.20686,23.569667637958233,0.06025591585960547,111349532773.28198,25.435940034621964,25.428908591474706,1.431980789473684,-0.1446109318227703,-0.2070800763180957,0,0,2011-15
SWE,2013,19860.59,86.3689819677225,56353.0856347897,18.0253832958642,21.96568388342,13.3620553717027,163.0,2332.0,9600379.0,3.27557,6717.6193,81.6402521329964,0.891635119915009,4.73823595046997,3.37609314918518,0.637575209140778,9.60062,518093.34375,2585211.25,0.954110205173492,2.258463654,,17106.66781,,541010979913.4367,17721193354.750557,17721193354.750557,10.939392276350098,16.07731313482545,23.598027124931985,7.754481547470383,9.89649264511358,8.812489099915124,2495.0,7.822044008185619,2068.7297866052995,242.90707689769332,64491.6912577147,11.074291676776301,0.11737774323686556,109343.08657605201,0.12301675014683155,0.11469828848057967,3.24636,23.577757154286633,0.07532301251953802,112368296212.04025,25.445047672448524,25.435940034621964,1.4714807894736843,-0.12954383516283774,-0.19062126483686131,0,0,2011-15
SWE,2014,20762.61,87.9519037400239,57077.6693544196,17.8774672401497,22.6931835326185,13.0439345797552,441.0,1984.0,9696110.0,3.12457,6909.46438,83.8229810483527,0.895229518413544,4.80643653869629,3.38600254058838,0.632192313671112,9.696433,529987.5625,2621339.25,0.958519577980042,2.094803144,,16692.7142,,553431360604.0814,17292350264.026947,17292350264.026947,10.952168239545166,16.08723533211137,23.57353005938906,7.592870287844818,9.94090905192076,8.840647400009178,2425.0,7.793586803371584,2141.3339988923394,204.6181406770344,66994.9266695618,11.112372174156272,0.4610804095121247,110266.21452985109,0.8407051853030367,0.11067514842892204,3.27557,23.598027124931985,0.11469828848057967,112805402044.26115,25.448930065326966,25.445047672448524,1.5006907894736843,-0.09016855920179609,-0.13531512629424802,0,0,2011-15
SWE,2015,20900.35,89.9358918083127,58955.6412361461,18.1290954128906,23.2410511527473,13.7574995225643,390.0,2038.0,9799186.0,3.24088,6846.13413,84.1730765958171,0.917837500572205,4.87929916381836,3.39594054222107,0.617376029491425,9.799481,553360.75,2666097.75,0.979555487632752,2.258980046,,18077.28914,,577717294222.2655,18723124244.99056,18723124244.99056,10.98454059665667,16.097809878966537,23.65302518749968,7.61972421378267,9.947521184224167,8.831439411360952,2428.0,7.794823152179389,2132.865933966352,207.9764584527735,67086.54172081819,11.113738732363215,2.170889679466572,113409.88355527686,2.811096998916085,0.08573491865781246,3.12457,23.57353005938906,0.11067514842892204,114607715982.61253,25.464780968651716,25.448930065326966,1.349690789473684,-0.09419169925345372,-0.12712966892726177,0,0,2011-15
SWE,2016,20912.37,91.4281165121289,59460.2872722689,17.8376016375053,23.8714205355535,13.5121304151952,352.0,2032.0,9923085.0,3.25643,7143.443,83.4519478574149,0.921299993991852,4.98052072525024,3.40590810775757,0.627260029315949,9.92328,566363.3125,2715474.75,0.974296569824219,2.271011138,,18589.50283,,590029484727.1425,19213897149.500084,19213897149.500084,10.993063927893745,16.110374418817567,23.678899664025913,7.616775808698373,9.948096128897992,8.873950151991513,2384.0,7.776535028185241,2107.446424171515,204.77502712110194,70884.992081655,11.168814012844805,-0.5383140947602918,113715.6823037904,0.26927742118036946,0.08196956938863133,3.24088,23.65302518749968,0.08573491865781246,116630455734.72073,25.482276275167422,25.464780968651716,1.4660007894736844,-0.1191319290245633,-0.17464750200153273,0,0,2016-19
SWE,2017,21054.18,93.4628883950176,59769.0136237,15.1103424459526,24.5812672645971,13.3499842845446,305.0,1992.0,10057698.0,3.39374,7316.6476,86.0693088740521,0.910719335079193,5.10150384902954,3.41590476036072,0.632584929466248,10.057862,576700.25,2769029.0,0.970472931861877,2.424704608,,19727.12347,,601138688785.0602,20401084136.7741,20401084136.7741,10.998242638816139,16.12384886941319,23.738853880344006,7.596894438144544,9.95485439421901,8.89790752390926,2297.0,7.739359202689098,2093.3398477464725,198.05724928308643,73588.63193322481,11.20624583535818,-0.3932232468605912,113045.14650316411,-0.59140527801258,0.09352051362551109,3.25643,23.678899664025913,0.08196956938863133,119536971511.28671,25.506891545499986,25.482276275167422,1.4815507894736841,-0.12289727829374443,-0.18207855968026412,0,0,2016-19
SWE,2018,20850.05,95.9064340397959,60124.5711994179,14.1643140590828,24.6138158333991,13.4279172772114,442.0,1838.0,10175214.0,3.34602,7425.66896,90.4087142361701,0.878116309642792,5.18774890899658,3.42593097686768,0.639049768447876,10.175405,587674.6875,2821568.0,0.967173635959625,2.381223972,,19820.15898,,611780378612.3138,20470293824.443745,20470293824.443745,11.004173875564218,16.135465321012795,23.742240590422004,7.516433302915632,9.945111625305607,8.91269805523543,2280.0,7.731930721948486,2049.101866555337,180.63502153369944,75557.77076115744,11.232652818283952,-0.3405470477021326,113281.25123420221,0.20864098845532197,0.12997622300119127,3.39374,23.738853880344006,0.09352051362551109,122076719609.03745,25.527915533291235,25.506891545499986,1.6188607894736844,-0.11134633405686467,-0.18025421425629654,0,0,2016-19
SWE,2019,20887.94,98.2330161854019,61070.5243445838,14.5057835745267,23.8411457244241,13.1846571322397,388.0,1802.0,10278887.0,3.39847,7685.83827,92.7511390290561,0.914546012878418,5.21844816207886,3.43598628044128,0.62572169303894,10.279125,602658.3125,2870844.75,0.983202815055847,2.442574574,,20643.06562,,627737018768.726,21333454261.74952,21333454261.74952,11.019784612140429,16.145602543647346,23.783542300141416,7.496652438168283,9.946927237912181,8.947134728748834,2190.0,7.691656822810547,2032.120792844595,175.31080942907536,79001.86307760549,11.277226714431906,1.6437380581795138,115486.11652011132,1.9276644063699777,0.08932749762372343,3.34602,23.742240590422004,0.12997622300119127,125098665929.43134,25.552368590329092,25.527915533291235,1.5711407894736844,-0.07489062468118449,-0.11766371518577359,0,0,2016-19
SWE,2020,21153.6,100.0,59458.2805291969,15.1359508380239,24.5326066682559,12.6551436257382,432.0,1764.0,10353442.0,3.50181,7754.64384,84.4745958141618,0.898388922214508,5.15436029434204,3.44607138633728,0.618475437164307,10.353686,590573.0,2920411.5,0.9732905626297,2.53761579,,20843.17287,,615597858878.7694,21557067382.002632,21557067382.002632,10.993030178024247,16.152829582776178,23.79396955249256,7.475339236566737,9.959565382755832,8.956047148056951,2196.0,7.694392802629421,2043.1466173278413,170.3781215947315,80287.25522809727,11.293366172868856,-1.013275827962401,114577.36096723276,-0.7900082961313615,0.10715220620548858,3.39847,23.783542300141416,0.08932749762372343,127890933422.01926,25.57444365499679,25.552368590329092,1.6235907894736843,-0.11553935005865233,-0.1875886245770037,0,0,2020-23
SWE,2021,22021.79,102.709855502178,62190.8526983825,13.9348317468926,25.1158043176516,12.8992240335489,425.0,1771.0,10415811.0,3.41565,8159.79705,91.1102374413042,0.906465291976929,5.2196192741394,3.46478605270386,0.608293950557709,10.416131,625638.3125,2981869.75,1.0,2.496043402,,21543.95217,,647768167635.1921,22125493417.83144,22125493417.83144,11.037963205185518,16.158835498104573,23.819996328962645,7.479299637782834,9.999787696709442,9.006974576325327,2196.0,7.694392802629421,2114.2655142264007,170.02996694160444,84990.90387115756,11.350299516465624,2.707261585715225,119862.82516805864,4.509772883194607,0.09820253746625765,3.50181,23.79396955249256,0.10715220620548858,130832786826.5478,25.59718590837011,25.57444365499679,1.726930789473684,-0.09771464147688717,-0.16874642294881875,0,0,2020-23
SWE,2022,21514.5,108.900379364177,62544.5002248644,17.2566541363702,25.590797768041,13.686213930746,,,10486941.0,3.47239,8639.24439,107.111751826512,0.893977463245392,5.38126707077026,3.48372411727905,0.607598006725311,10.487338,634768.1875,3042710.5,0.983941912651062,2.57770699,,22170.0089,,655900483732.6398,22775422807.083813,22775422807.083813,11.043633585968013,16.165641326787558,23.848947844446297,,9.976482405402377,9.064070403112591,,,2051.5515439631063,,90599.24620251099,11.414201171935874,-1.6188415531009188,117958.87086666022,-1.6011953588558114,0.11207471302414437,3.41565,23.819996328962645,0.09820253746625765,133983291609.64944,25.620980939642713,25.59718590837011,1.640770789473684,-0.10666431021611811,-0.17501168448196605,0,0,2020-23
SWE,2023,21243.62,115.253699572413,62122.5116950792,17.6238520277113,25.4119400890775,13.3941389054248,,,10536632.0,3.59978,8910.73864,107.619709443974,0.875620484352112,5.44012498855591,3.50288844108582,0.610155045986176,10.551494,632796.125,3097544.0,0.966022253036499,2.704106077,,23000.95185,,654562044646.7457,23562793570.784622,23562793570.784622,11.036863709398858,16.170368505420207,23.88293476131457,,9.963811893978805,9.095012417141064,,,2016.1679747380374,,93889.17389786048,11.449870364596999,-1.8379993234272929,116320.14454285117,-1.398975531429869,0.13282251896099462,3.47239,23.848947844446297,0.11207471302414437,137448591438.98663,25.646515803698584,25.620980939642713,1.697510789473684,-0.09279213465823138,-0.15751564976064275,0,0,2020-23
TUR,2000,6815.4,23.3790582611154,14856.914625257,,22.3110247868039,18.7151922238983,3156.0,277.0,65425961.0,0.46558,355.04829,42.3746746988077,0.98952454328537,19.4090595245361,1.99650061130524,0.435904085636139,65.425961,957261.625,2384086.25,1.0177309513092,0.155431793,,,,972027916852.3942,4525567575.281377,4525567575.281377,9.606220667188655,17.99642969484731,22.2330088372339,5.6240175061873385,8.82694003646543,5.872253808393437,3433.0,8.141189793457691,104.16965827983788,4.233793371411083,23229.37557465669,10.053172945276474,,49320.35082842993,,0.01053071052264693,,,,21833082674.424656,23.8066922102929,,,,,0,0,other
TUR,2001,8591.94,35.6743724771031,13872.1287284566,,18.0765435272869,17.7333900105769,2875.0,337.0,66245128.0,0.52247,344.81485,49.9447830679013,1.0215163230896,19.2610321044922,2.01745104789734,0.424495428800583,66.245128,902219.125,2438819.0,0.948145031929016,0.175884912,,,,918960943249.0847,4801295240.193493,4801295240.193493,9.537636978710298,18.008872480503793,22.29215156016651,5.820082930352362,9.058579833484039,5.843007606307594,3212.0,8.074649075066652,129.6991984074663,5.0871665611394095,22842.303874550795,10.036369528847114,-7.0823392913977905,46841.68117811183,-5.156336156267471,-0.02128811467757963,0.46558,22.2330088372339,0.01053071052264693,23359415513.45445,23.87426597376526,23.8066922102929,-1.3092992105263157,-0.19433613715972883,0.25444415095996675,0,0,2001-05
TUR,2002,10753.14,49.0851262830098,14587.894621656,,19.6716408524051,16.968714485741,1424.0,414.0,67048795.0,0.50904,360.00407,48.1026101234402,1.10586047172546,19.2046203613281,2.03862142562866,0.400415420532227,67.048795,960391.625,2528489.25,0.986356317996979,0.145757288,,,,978100755969.0157,4978924088.184678,4978924088.184678,9.587947328270454,18.020931195867533,22.328479658092295,6.025865973825314,9.282953083928202,5.8861153369418036,1838.0,7.516433302915632,160.37782632782586,6.1746076122620845,24137.83908859565,10.091535974845062,3.9510188779919004,50008.36293197019,6.5416820063605385,-0.10062373937823692,0.52247,22.29215156016651,-0.02128811467757963,24834427274.620956,23.935496724020602,23.87426597376526,-1.2524092105263158,-0.22615496235995539,0.2832385578658404,0,0,2001-05
TUR,2003,13328.67,60.5162629970376,15255.7177960689,,20.9444240457006,17.160796039884,348.0,489.0,67831730.0,0.46532,484.24236,46.3681553387846,1.01533591747284,19.042516708374,2.06001400947571,0.398849934339523,67.83173,1015740.9375,2658071.25,1.01079487800598,0.107812819,,,,1034821730499.1407,4815232476.358602,4815232476.358602,9.632709649211218,18.032540637535835,22.29505016272539,6.192362489474872,9.497672633251167,6.182585525187944,837.0,6.729824070489475,196.49609408458255,7.209015603759481,32846.997018082795,10.399615604759505,2.4474641633192906,53340.687738681365,6.450916207795387,-0.01521951091604051,0.50904,22.328479658092295,-0.10062373937823692,25924495659.78641,23.978454137055472,23.935496724020602,-1.2658392105263157,-0.30549058706061266,0.3867019635480266,0,0,2001-05
TUR,2004,15815.19,67.9990881989993,16583.8837094062,,25.6417207426795,17.0049348136258,235.0,682.0,68592617.0,0.49713,496.59332,48.9934575435266,1.04006099700928,19.5711135864258,2.08163118362427,0.400944322347641,68.592617,1115242.375,2863557.5,1.04439854621887,0.119822701,,,,1137531983651.8389,5655012750.328387,5655012750.328387,9.71618664187481,18.04369546299754,22.455808201211934,6.525029657843462,9.668726149578427,6.207771421513598,917.0,6.821107472256465,230.56694279502412,9.942761040885784,34062.63540351844,10.435956326546865,3.270413661299904,56984.10415304695,6.607294227453764,-0.03927936240384192,0.46532,22.29505016272539,-0.01521951091604051,27690834061.146835,24.044367295060503,23.978454137055472,-1.3095592105263159,-0.22008635859841627,0.2882161180137537,0,0,2001-05
TUR,2005,17567.87,72.7948427268321,17902.5966004487,,26.8770342277655,16.9654070152769,218.0,928.0,69329557.0,0.56381,567.50023,46.3088308846211,1.06312823295593,20.0669860839844,2.10347485542297,0.404191553592682,69.329557,1215528.25,3113557.0,1.05564272403717,0.189994582,,,,1241179091458.8145,6997891835.553942,6997891835.553942,9.792701042786028,18.054381881167984,22.668874774292593,6.833031732786201,9.773826944464028,6.3412411546418195,1146.0,7.044032897274685,253.39654196838444,13.385344435418794,39344.5395432981,10.580112477845528,1.0708632662941087,60573.53331052148,6.108569919013185,-0.06121572515659752,0.49713,22.455808201211934,-0.03927936240384192,30535100787.528748,24.142142704337488,24.044367295060503,-1.2777492105263157,-0.24414621008621767,0.31195762719065667,0,0,2001-05
TUR,2006,19233.96,79.587013998625,18972.0089563632,,29.0425348290191,17.128017347193,160.0,1072.0,70045349.0,0.55292,612.17385,48.9456766641314,1.00003898143768,20.4468612670898,2.12519979476929,0.399617701768875,70.045349,1299983.25,3403840.25,1.04974389076233,0.203773604,,,,1328900988579.586,7347759346.054246,7347759346.054246,9.8507199590806,18.064653433111182,22.71766125281771,6.977281341630747,9.864432745619645,6.417016310799924,1232.0,7.116394144093465,274.59296405247403,15.304370886923556,42879.930971923655,10.666159185946832,-0.5603577669476834,63578.621335509575,4.841921769007307,-3.898067792349925e-05,0.56381,22.668874774292593,-0.06121572515659752,33302595015.45368,24.22890115928855,24.142142704337488,-1.2110692105263157,-0.2660825728389733,0.3222444114229063,0,0,2006-10
TUR,2007,21310.74,84.5601944812786,19909.083519675,2.16875430678889,28.5042444802335,16.8723813093296,211.0,1810.0,70158112.0,0.68616,705.52013,48.027468179713,0.941763520240784,20.7662334442139,2.14714884757996,0.39965894818306,70.750586,1365547.875,3695331.0,1.04232728481293,0.281526861,,,,1396783711390.713,9584171114.078516,9584171114.078516,9.898931364842321,18.06626199574594,22.9833787323002,7.501082124259871,9.966966449970743,6.558935303841163,2021.0,7.611347717403621,303.7530428412897,25.798869844160002,49497.96029879456,10.80968674162283,-0.7090233932991331,65758.09131051076,3.3705453929135487,0.060001076005703896,0.55292,22.71766125281771,-3.898067792349925e-05,37891376877.21414,24.35798940011885,24.22890115928855,-1.221959210526316,-0.20490582836029925,0.2503865642553921,0,0,2006-10
TUR,2008,21554.79,94.7147549450347,19839.5845462269,1.88829521498176,27.3051055897033,16.3362608475528,176.0,2221.0,71051678.0,0.68741,742.74528,50.7612500066681,0.964239120483398,21.2253513336182,2.16932463645935,0.399790555238724,71.562338,1376677.25,3953534.0,0.997232019901276,0.302064986,,,,1409635772832.2898,9689977266.026442,9689977266.026442,9.895434440409277,18.07891802939951,22.994357916719032,7.7057128238944275,9.97835334461464,6.6103531595598195,2397.0,7.781973234434385,303.3677825314696,31.258938036621743,52773.29847057984,10.873760630995054,-4.422780496450732,64860.04534678877,-1.3750925215525456,0.03641596483699781,0.68616,22.9833787323002,0.060001076005703896,41897647611.65846,24.458495519378584,24.35798940011885,-1.0887192105263157,-0.14486577167667186,0.1577181485721117,0,0,2006-10
TUR,2009,24237.19,100.0,18612.1925231905,2.02927695856422,22.9623515725507,15.2130500089068,177.0,2555.0,72039206.0,0.80363,801.95239,47.0391385732199,0.965764224529266,21.260082244873,2.19172954559326,0.399978071451187,72.464848,1310277.5,4110565.75,0.928386390209198,0.319214535,,,,1340807571289.7803,10775131885.156061,10775131885.156061,9.831572156946635,18.092721056556655,23.10050671278299,7.845807502637805,10.095643509371124,6.687049242014622,2732.0,7.912789220690681,336.44443554805423,35.46679845416398,57772.013425402336,10.964259740607002,-7.153544605394084,61630.87634884298,-5.106881563746768,0.03483554854678905,0.68741,22.994357916719032,0.03641596483699781,46388132355.06575,24.560309495254565,24.458495519378584,-1.087469210526316,-0.16845088284537796,0.18318514858032411,0,0,2006-10
TUR,2010,25490.49,106.905064723667,19897.4464836887,2.19482435202622,24.87828284324,15.1158365547928,177.0,3180.0,73142150.0,0.79369,882.50416,46.9433366709891,0.935847222805023,22.5815200805664,2.2143657207489,0.415703028440475,73.346769,1420697.25,4345502.0,0.946067273616791,0.335267617,,,,1455342015326.9314,11550904041.448322,11550904041.448322,9.898346685076623,18.107915365932982,23.17002954283799,8.064636475774222,10.146060720410192,6.782763502677361,3357.0,8.118802996980035,348.5061623154365,43.47698283411138,64548.251646344,11.07516831064607,1.8865665394542528,62914.154801414305,2.060819058769958,0.06630303932585709,0.80363,23.10050671278299,0.03483554854678905,50980816543.25421,24.654715252699305,24.560309495254565,-0.9712492105263159,-0.1700312991355867,0.16514276505020245,0,0,2006-10
TUR,2011,26110.64,115.817265701763,21760.4291923634,2.11064560791653,27.9887488412804,16.5303098311021,228.0,3885.0,74223629.0,0.79393,977.26304,53.651583897618,1.01802337169647,24.0761661529541,2.24584078788757,0.405392915010452,74.215203,1579816.25,4674676.5,0.975809693336487,0.340687832,,,,1615138023254.7507,12823065308.026442,12823065308.026442,9.987848424689124,18.1225931075779,23.274511363448433,8.264878262801748,10.170098173074116,6.884755848150169,4113.0,8.321907968230423,351.7833923210626,52.34182230567034,72536.00931637216,11.191838397763792,3.0953900781982853,65617.4342693743,4.207025196395087,-0.017862876309259444,0.79369,23.17002954283799,0.06630303932585709,56156759369.79252,24.75141289146972,24.654715252699305,-0.9811892105263158,-0.13856380835651866,0.13595731372885225,0,0,2011-15
TUR,2012,27089.09,124.264298226205,22517.7148287875,2.15485262575385,27.3995231020684,15.9402307745547,232.0,4434.0,75175827.0,0.82595,1100.18611,53.3277612968607,0.981511056423187,24.798152923584,2.27776288986206,0.424687027931213,75.197198,1655465.25,5001464.5,0.965871214866638,0.37050518,,,,1692787834404.2637,13981581118.262014,13981581118.262014,10.022057604138089,18.135340287776028,23.361006665945037,8.397057390176256,10.20688634278366,7.003234635384385,4666.0,8.448057452581375,360.3430927337853,58.98172560176824,82707.40067316298,11.32306436519614,-1.0237073683766849,66757.60308041285,1.722676767834841,0.01866200050666747,0.79393,23.274511363448433,-0.017862876309259444,61714826582.585655,24.845790040166477,24.75141289146972,-0.9809492105263158,-0.2227297239916352,0.21848654691033878,0,0,2011-15
TUR,2013,29125.39,131.952560547135,24117.3121099839,3.13055257636753,28.7953288884594,16.4008846890319,269.0,4392.0,76147624.0,0.81206,1175.90164,53.0683530043043,0.945083796977997,25.5230007171631,2.31013917922974,0.418932437896729,76.403031,1795945.25,5395631.0,0.989881992340088,0.383870187,,,,1836476014441.7007,14913287122.875275,14913287122.875275,10.090685206405215,18.14818443524283,23.425518405735257,8.387539983189367,10.27936558133629,7.069790485504815,4661.0,8.446985296372741,382.4858671887123,57.67743981086003,89542.11594370335,11.40246436278337,2.4555228985863105,70365.75635843263,5.263853484227354,0.05648168136891501,0.82595,23.361006665945037,0.01866200050666747,67370889718.07308,24.933478858274896,24.845790040166477,-0.9489292105263158,-0.1862048471757083,0.17669521862661816,0,0,2011-15
TUR,2014,29587.09,142.030678509985,24888.8521742576,3.37973172045524,29.0843333155967,16.9058575089632,331.0,4766.0,77181884.0,0.8564,1163.53689,54.30677404128,0.931332767009735,25.9309997558594,2.3429753780365,0.42489692568779,78.036154,1884659.5,5806579.5,0.983691155910492,0.424757449,,,,1920968501406.698,16451174246.046963,16451174246.046963,10.122175278358434,18.16167532424485,23.523662694348584,8.469262657658687,10.295093396523017,7.059219688299024,5097.0,8.536407410340042,383.34241750305034,61.75024180544751,89803.96927370076,11.405384454579599,-0.627375452590819,72679.78549782447,3.2356562737847483,0.07113863591183338,0.81206,23.425518405735257,0.05648168136891501,73716430506.40909,25.023491548966557,24.933478858274896,-0.9628192105263158,-0.14838516631346074,0.14286808868374234,0,0,2011-15
TUR,2015,31418.18,153.224032628886,25984.8027306177,3.43610443571744,30.0119130355216,16.7689719715354,489.0,5352.0,78218479.0,0.96732,1136.18026,51.8749252596832,0.928683698177338,26.6200008392334,2.37627840042114,0.427387535572052,80.014226,1999331.625,6265647.0,0.984923899173737,0.476071451,,,,2032491746703.9631,19660699164.216778,19660699164.216778,10.165267135749986,18.175016481947893,23.701887513811158,8.585225601808064,10.355141985243295,7.035427266270289,5841.0,8.67265729404031,401.67209081117517,68.42372887358242,88870.29180702455,11.394933190253905,0.12523966239014211,75106.36972081992,3.2842079495264187,0.0739870737327896,0.8564,23.523662694348584,0.07113863591183338,82319665094.6645,25.13387586012895,25.023491548966557,-0.9184792105263158,-0.1337282117705424,0.12282658237210374,0,0,2011-15
TUR,2016,33734.0,165.677480117358,26489.6436816046,3.03814599740941,30.0433084585307,16.8380121277676,618.0,6230.0,79277962.0,1.11979,1263.789,48.870183807987,0.929467499256134,27.2049999237061,2.4100546836853,0.458956331014633,81.652088,2065771.75,6718667.5,0.967962980270386,0.554411225,,,,2100044965183.7896,23516093515.631557,23516093515.631557,10.184509131122596,18.188470741298378,23.88095085415956,8.737131611781498,10.42626150981796,7.1418696303926295,6848.0,8.831711917821577,425.5154793207222,78.58426027651922,100190.616318018,11.514829813726733,-1.7370535442362105,75933.53265183845,1.0953015560385637,0.0731434382672086,0.96732,23.701887513811158,0.0739870737327896,93487808846.09639,25.261096878067207,25.13387586012895,-0.8075592105263159,-0.13087977394958616,0.10569316692459048,0,0,2016-19
TUR,2017,32262.33,184.123036004355,28194.688309381,3.23291293505096,30.2598822010726,17.5741769956451,380.0,8175.0,80312698.0,1.17632,1420.59574,56.1356585158689,0.940499842166901,28.1889991760254,2.44431138038635,0.434718281030655,83.083662,2220745.25,7218943.0,0.981149435043335,0.584337169,,,,2264391487395.447,26636489944.530117,26636489944.530117,10.246888881361274,18.201438298420424,24.00554791509868,9.008835995765454,10.381655574737511,7.258831597826283,8555.0,9.054271186326293,401.70895516422576,101.7896323194123,114091.87664670651,11.644759338282434,1.3530934241522672,78780.56386935271,3.6807927780227345,0.06134379805935317,1.11979,23.88095085415956,0.0731434382672086,106101127463.71205,25.387658508935072,25.261096878067207,-0.6550892105263157,-0.13172340941516716,0.08629058428161653,0,0,2016-19
TUR,2018,32298.1,214.933229774473,28780.3036458151,2.67353129854845,30.2954032645887,18.9095014162052,310.0,7156.0,81407204.0,1.27093,1585.08328,62.8251323851165,0.946618616580963,28.7409992218018,2.47905468940735,0.427304685115814,84.415969,2287660.5,7702868.5,0.967422425746918,0.665362033,,,,2342924050076.8135,29776924629.641247,29776924629.641247,10.267446530969965,18.21497432828527,24.116999589213492,8.87570644462861,10.382763683951165,7.368392227517819,7466.0,8.91811465947453,396.7474426464764,87.9037683200617,129037.19793194911,11.767855997838812,-1.4089535681673455,79595.71907523209,1.0293995905987785,0.054858994915967414,1.17632,24.00554791509868,0.06134379805935317,119962882973.7965,25.510448223331004,25.387658508935072,-0.5985592105263158,-0.1435230496230226,0.08590704327468565,0,0,2016-19
TUR,2019,37204.76,245.368437391499,28741.0535082701,3.02817669225913,26.4629293789655,18.2598551795211,217.0,7871.0,82579440.0,1.3196,1737.57621,62.5784589326239,0.978684425354004,28.0819530487061,2.51429200172424,0.436635941267014,85.357672,2306385.5,8060471.5,0.957107365131378,0.725586585,,,,2373420103722.98,31319651688.728447,31319651688.728447,10.266081815477191,18.229271297096247,24.167511586957634,8.97094039814245,10.524191989064688,7.460246438347547,8088.0,8.998136760700307,450.5329655904666,95.31428161779735,143488.0703791224,11.87400717747952,-1.0719667152599366,82130.52332933334,3.1349418752741443,0.02154603228278551,1.27093,24.116999589213492,0.054858994915967414,133288102216.45547,25.61577880445704,25.510448223331004,-0.5039492105263159,-0.15000785276640835,0.07559633897437933,0,0,2016-19
TUR,2020,40758.58,281.52079580504,28976.7179161611,3.15277011329118,27.9506064917081,19.0347706467316,238.0,7920.0,83384680.0,1.36748,1964.65668,60.389853117297,1.0272923707962,26.8138656616211,2.55002999305725,0.410553187131882,86.091692,2349280.75,8455769.0,0.99845027923584,0.748885264,,,,2416214350889.36,33041248005.54182,33041248005.54182,10.27424795605043,18.23897515740978,24.22102255745065,8.977146484808472,10.615421648653255,7.58307279148122,8158.0,9.006754319877503,488.8017798952997,94.98147621361622,163822.2685716624,12.006537390926724,4.228878172849273,87614.39993945163,6.463563760846647,-0.02692657475110102,1.3196,24.167511586957634,0.02154603228278551,146336134889.52896,25.70917210620116,25.61577880445704,-0.4552792105263157,-0.18332081539959025,0.0834621561081659,0,0,2020-23
TUR,2021,46843.54,364.022997339074,32105.5474400506,3.28362739970141,28.3920963280631,22.1239158921094,242.0,8234.0,84147318.0,1.40209,2209.69913,69.6088976086437,1.01638174057007,28.7990016937256,2.57585644721985,0.390675991773605,86.686253,2618024.0,8893598.0,1.0,0.839411482,,,,2701595710002.024,37878803290.36738,37878803290.36738,10.37678411163395,18.24807960643542,24.357657512641893,9.01602720232985,10.7545683912863,7.700611644972377,8476.0,9.04499391938819,556.6848844784334,97.85219773730638,185940.25537643334,12.133180693443526,0.1550922823448155,90906.76224969233,3.688902329889032,-0.01624900749540914,1.36748,24.22102255745065,-0.02692657475110102,162264517946.46698,25.812493667396442,25.70917210620116,-0.4073992105263158,-0.23179342243347678,0.09443245730459125,0,0,2020-23
TUR,2022,49827.29,711.757895853495,33520.8111384208,3.66403554879462,30.5449887042516,21.8019507331825,,,84979913.0,1.32342,2478.67633,79.8982722314341,1.06359887123108,30.7261581420898,2.59900760650635,0.350151389837265,87.058473,2762891.75,9321762.0,0.985584616661072,0.796222517,,,,2848595614232.4307,37698884077.87483,37698884077.87483,10.419921752943475,18.257925468880117,24.352896330905914,,10.816318104887849,7.815479958767024,,,586.3419747205437,,210637.69887855925,12.257894869682866,-1.4520294420192559,89919.85712054548,-1.0915593420092407,-0.06165831911414498,1.40209,24.357657512641893,-0.01624900749540914,175623724332.37177,25.891609613420123,25.812493667396442,-0.37278921052631575,-0.2211158551777849,0.0824296050865776,0,0,2020-23
TUR,2023,50180.49,1197.74445703307,35069.1701714685,4.51829098986852,32.8740322550634,19.4686514459728,,,85325965.0,1.42224,2644.6573,65.6832084738667,1.09245085716248,31.6075744628906,2.62274813652039,0.425564736127853,87.270501,2904107.0,9800645.0,0.990219354629517,0.907910016,,,,2992310786629.765,42557840931.76317,42557840931.76317,10.465077680791783,18.261989362391304,24.474129950706224,,10.82338158471929,7.880296770680711,,,588.1033985375964,,225657.93621679448,12.32677557510774,0.4691504356455699,91880.09676002235,2.1565633751128743,-0.08842366497358095,1.32342,24.352896330905914,-0.06165831911414498,191838006614.27917,25.97991713729527,25.891609613420123,-0.45145921052631577,-0.2665251667965207,0.12032524138735187,0,0,2020-23
USA,2000,306472.5,69.0112297721562,55045.6745311559,,23.1462794870174,15.1150690882174,131100.0,164795.0,282162411.0,2.61982,3556.3917,25.1029855568536,1.0,138.807235717773,3.5785825252533,0.637149453163147,281.484131,15529851.0,51804608.0,0.879349946975708,1.950657851,2.619834724,,,15531820240832.242,406905733033.3712,406905733033.3712,10.91591856560611,19.45799338865284,26.73184738139368,12.012457556191421,12.632883307657716,8.176501742423543,295895.0,12.597759940644995,1086.1563697086497,584.0430673099117,1003480.0565323888,13.818984573112111,,111880.7021816626,,-0.0,,,,2543160831458.57,28.56442884514199,,,,,0,1,other
USA,2001,306733.89,70.5651486799977,55024.3542766281,,22.5385088106337,13.9193104206237,148958.0,177513.0,284968955.0,2.63715,3598.59475,22.9671830154975,1.0,138.769241333008,3.58833718299866,0.640334188938141,284.279639,15678245.0,53377052.0,0.880455791950226,1.909075368,2.637146781,,,15680232737760.492,413511257643.8508,413511257643.8508,10.915531171234994,19.46789080247508,26.747950576296752,12.08679912465235,12.633735842856613,8.18829870101667,326471.0,12.696096402926868,1076.3765126625813,622.9204861982247,1025487.7853759862,13.840678945527475,0.12567808998618923,112980.69261888176,0.9783797816297124,-0.0,2.61982,26.73184738139368,-0.0,2575197964383.635,28.576947526461467,28.56442884514199,0.844940789473684,-0.20486684768237576,-0.17310035601773155,0,1,2001-05
USA,2002,321622.14,71.6617273169935,55443.2199435683,,21.5399006030501,13.4528837394598,150200.0,184245.0,287625193.0,2.54746,3645.74808,22.2863842136065,1.0,138.339965820313,3.59811854362488,0.630113065242767,287.084338,15944844.0,54757692.0,0.891868591308594,1.773868462,2.54745401,,,15946866836810.281,406240053921.0072,406240053921.0072,10.923114711967413,19.47716877733218,26.73021008763467,12.124021672641305,12.68113265720094,8.201316857952927,334445.0,12.720227720517027,1118.1987803133782,640.5732337917979,1048608.9951393795,13.862975077320835,1.2879083783890217,115258.40638641213,1.9959677328829528,-0.0,2.63715,26.747950576296752,-0.0,2595158323647.0967,28.584668641724647,28.576947526461467,0.8622707894736843,-0.20486684768237576,-0.17665069848806716,0,1,2001-05
USA,2003,332537.09,73.0765553385887,56505.4468784112,,21.6226056064488,13.3165025029569,153500.0,188941.0,290107933.0,2.55014,3851.4654,22.6272972866813,1.0,139.01806640625,3.6079261302948,0.621593117713928,289.9081,16390599.0,56217084.0,0.907184302806854,1.752061066,2.550152971,,,16392678397137.176,418036248876.7539,418036248876.7539,10.942092317415508,19.485763594460593,26.75883398551207,12.149190075994628,12.714506681729114,8.256208978239751,342441.0,12.743854659071758,1146.2530050841458,651.2782951026713,1117340.6662150181,13.92646201473607,1.7026827354586063,117902.65412052306,2.268269925157007,-0.0,2.54746,26.73021008763467,-0.0,2623920823976.786,28.595690812765817,28.584668641724647,0.7725807894736842,-0.20486684768237576,-0.15827619091943487,0,1,2001-05
USA,2004,356185.76,75.0416479286116,58139.0820195229,,22.1277370028278,13.1741780601703,167407.0,189536.0,292805298.0,2.48685,3710.14634,24.4480566571904,1.0,140.763900756836,3.61776089668274,0.616968631744385,292.786253,17021272.0,57823104.0,0.921984732151032,1.70498206,2.486855413,,,17023431236172.846,423347199696.76447,423347199696.76447,10.970593384850325,19.495018434150026,26.771458482383707,12.152334259076692,12.783207671497868,8.218826599567493,356943.0,12.785331384148598,1216.4594098293946,647.3106917621416,1086350.5047073092,13.898334475753245,1.6183034009071813,120920.7183694317,2.527579184451234,-0.0,2.55014,26.75883398551207,-0.0,2653679900077.0327,28.606968434194176,28.595690812765817,0.775260789473684,-0.20486684768237576,-0.15882523407122362,0,1,2001-05
USA,2005,385012.19,77.3945446986751,59612.3907215559,,22.934640837162,12.9833217030159,182866.0,207867.0,295516599.0,2.50192,3635.29099,25.6385573436769,1.0,143.133728027344,3.62762236595154,0.605560302734375,295.716664,17614216.0,59564856.0,0.93043327331543,1.734454967,2.50192554,,,17616450964293.355,440749509965.8483,440749509965.8483,10.995618729458327,19.504235565821638,26.811742546404936,12.244653731088409,12.861030275106343,8.198444439033208,390733.0,12.875779741259251,1302.8445485053787,703.4021124478359,1074288.829740143,13.887169446890573,0.9121699011490819,123061.2535756423,1.7547117204317786,-0.0,2.48685,26.771458482383707,-0.0,2696377425031.3257,28.622930293628123,28.606968434194176,0.7119707894736842,-0.20486684768237576,-0.14585921128140608,0,1,2001-05
USA,2006,387807.75,79.7812660998886,60684.3399832539,,23.038173633353,12.9907263775984,204182.0,221784.0,298379912.0,2.54545,3674.19384,26.9752858058903,1.0,145.8642578125,3.64232897758484,0.60552328824997,298.730209,18104692.0,61276848.0,0.928767085075378,1.792678601,2.545451755,,,18106988023981.38,460904326656.434,460904326656.434,11.01344095337114,19.513878104993,26.856456324037,12.309459214235986,12.868265006119108,8.20908902431799,425966.0,12.962114809859772,1299.7113223895583,743.2940056634912,1096305.634650142,13.907456571346716,-0.1792371304790194,124120.13930974458,0.8567733995832327,-0.0,2.50192,26.811742546404936,-0.0,2752825137933.061,28.643648823156756,28.622930293628123,0.7270407894736843,-0.20486684768237576,-0.1489465546759795,0,1,2006-10
USA,2007,390236.82,81.9427468178344,61314.4520816367,29.8991351588255,22.3230143949646,12.7697556443079,214807.0,241347.0,301231207.0,2.61516,3624.05411,28.0120155631098,1.0,147.297500610352,3.65709471702576,0.603033602237701,301.844226,18467484.0,62818256.0,0.927742302417755,1.860320288,2.615158473,,,18469826407095.086,483015512267.78784,483015512267.78784,11.0237708540335,19.523388657420725,26.903314606579716,12.39399101093059,12.874509064585057,8.195348598066856,456154.0,13.030585750780443,1295.4727496079117,801.2018489173335,1091678.1937886106,13.903226697523305,-0.11039887744276333,125375.40639506353,1.0062525753987472,-0.0,2.54545,26.856456324037,-0.0,2822916879510.8896,28.668791820739102,28.643648823156756,0.7705707894736844,-0.20486684768237576,-0.15786440855559333,0,1,2006-10
USA,2008,392570.88,83.5215456690289,60806.2238713713,28.4192806106129,21.235472613082,12.2167268184361,224733.0,231588.0,304093966.0,2.74481,3751.46069,29.8677875257061,1.0,147.243347167969,3.67192077636719,0.601492047309876,304.970333,18488460.0,64052376.0,0.923284351825714,1.968061719,2.744812375,,,18490805774529.17,507537485979.85425,507537485979.85425,11.015447429020634,19.53284731029355,26.952836409134257,12.35271520986711,12.880472385888174,8.229900560455608,456321.0,13.030951788210212,1290.9525472136463,761.5672321495521,1140796.5595151966,13.947237312784884,-0.4816742320696732,125563.97525321905,0.15029039476441852,-0.0,2.61516,26.903314606579716,-0.0,2907016833564.1104,28.69814852818825,28.668791820739102,0.8402807894736841,-0.20486684768237576,-0.1721456765075317,0,1,2006-10
USA,2009,397790.4,84.0366904577565,58722.496767251,24.3626446890131,18.8101353585392,11.6987879252113,231194.0,224912.0,306771529.0,2.7918,3877.89208,24.759527635837,1.0,142.301330566406,3.68680667877197,0.589809656143189,308.023454,18012106.0,64686820.0,0.925018608570099,1.95048828,2.791816062,,,18014390119987.15,502925743369.8012,502925743369.8012,10.980578182262706,19.54161382328158,26.943708368652715,12.323464493571548,12.893680512380795,8.263047006637649,456106.0,13.03048051762313,1296.6992122662075,733.1579978531842,1189626.8826785902,13.989150271954953,0.18765941412125509,126577.2141996558,0.8037119225418721,-0.0,2.74481,26.952836409134257,-0.0,2973890051899.295,28.720891993511525,28.69814852818825,0.9699307894736844,-0.20486684768237576,-0.19870666330955178,0,1,2006-10
USA,2010,407405.92,85.0579771623642,59797.0736545937,22.6194775165319,18.3139365475553,11.9060799107128,248249.0,241977.0,309378227.0,2.71443,3643.92768,28.2198829408336,1.0,141.964340209961,3.70175337791443,0.58552098274231,311.06279,18497566.0,65349080.0,0.940475642681122,1.853794522,2.714464663,,,18499912627046.61,502167178322.34125,502167178322.34125,10.99871200319943,19.5500751219399,26.94219892574427,12.396597959299797,12.91756531384256,8.200817411860186,490226.0,13.102621788245283,1316.8538844848963,782.1397205175657,1127351.8849546232,13.935381975835812,1.6571895456879377,130297.27023450153,2.896602317490604,-0.0,2.7918,26.943708368652715,-0.0,3029973722436.7417,28.739575062949097,28.720891993511525,1.016920789473684,-0.20486684768237576,-0.20833335648214654,0,1,2006-10
USA,2011,420413.97,86.8128163508019,60253.2035796719,20.624916162211,18.7369821481549,11.9472438629074,255832.0,247750.0,311839461.0,2.73803,3754.88228,30.842478575914,1.0,143.617950439453,3.70701098442078,0.590189278125763,314.105078,18786944.0,66106652.0,0.938276469707489,1.885237516,2.738014986,,,18789326527808.156,514457397129.3457,514457397129.3457,11.006311021386187,19.557999065271545,26.96637858437872,12.420175452192234,12.948995147689718,8.230812213507074,503582.0,13.129501837860646,1348.17437360822,794.4793106219486,1170920.4663136508,13.973300720814343,-0.2341100737620859,130811.9489417186,0.39422535551061344,-0.0,2.71443,26.94219892574427,-0.0,3089935061200.576,28.759171190824674,28.739575062949097,0.9395507894736843,-0.20486684768237576,-0.19248280847696117,0,1,2011-15
USA,2012,425174.02,88.4294141679155,61142.3637034265,20.174250704896,19.5126052281381,11.8575622570978,274033.0,268782.0,314339099.0,2.67272,3734.6577,30.681839575193,1.0,146.331634521484,3.71227598190308,0.590813398361206,317.115355,19216998.0,67036032.0,0.939691066741943,1.859551851,2.672743951,,,19219435517265.387,513681696957.0554,513681696957.0554,11.020960255204994,19.56598289428526,26.96486964395629,12.50165592110321,12.960253822924695,8.225411446780768,542815.0,13.204523841048866,1352.5966745867654,855.0702119305878,1173948.9364914123,13.975883783101754,0.15065194414127583,131324.97332406012,0.39141760947014603,-0.0,2.73803,26.96637858437872,-0.0,3140126498977.545,28.775284201335822,28.759171190824674,0.9631507894736844,-0.20486684768237576,-0.19731766608226525,0,1,2011-15
USA,2013,427372.54,89.9343770048922,61966.6621370894,20.188635370966,19.7544258132209,11.7719128367022,283781.0,287831.0,316726282.0,2.69591,3815.20951,29.9413062848227,1.0,148.027877807617,3.71754860877991,0.587222754955292,320.110759,19623982.0,68023432.0,0.941933810710907,1.910633592,2.695933571,,,19626470506630.5,529111981035.3023,529111981035.3023,11.034351811944425,19.573548495119628,26.994465930779487,12.570128781324764,12.96541137085601,8.246750859641843,571612.0,13.256215718519375,1349.3434687557756,908.76891612045,1208377.123153342,14.004788796797197,0.23838386257599292,132569.5017090235,0.9432085391985368,-0.0,2.67272,26.96486964395629,-0.0,3198219505166.2153,28.79361536624817,28.775284201335822,0.8978407894736842,-0.20486684768237576,-0.18393781226012926,0,1,2011-15
USA,2014,428017.63,91.5006903474734,63026.8779187814,20.4843982208576,20.4196434625853,11.6174420373125,293706.0,285096.0,319257560.0,2.70882,3915.0339,29.906569337428,1.0,150.637252807617,3.72282862663269,0.588285446166992,323.115377,20119256.0,69139896.0,0.943991184234619,1.9350598,2.708804304,,,20121807258768.027,545063539386.96,545063539386.96,11.05131654802287,19.581508733097717,27.02416821084515,12.560581244637484,12.966919665304369,8.272579267391245,578802.0,13.268715729158513,1340.665605538049,892.9968643498997,1249904.170231284,14.03857744252469,0.21818198977959502,133560.95935774173,0.7450948918860334,-0.0,2.69591,26.994465930779487,-0.0,3263550118778.243,28.813836712274142,28.79361536624817,0.9210307894736842,-0.20486684768237576,-0.18868867445788357,0,1,2011-15
USA,2015,429258.44,92.3498559134411,64367.7188912582,21.3904480368657,20.6492816432713,11.6055807430427,301075.0,288335.0,321815121.0,2.77328,3949.66371,27.6882139340768,1.0,153.071655273438,3.72811627388001,0.59088522195816,326.126497,20711878.0,70325160.0,0.948801636695862,2.007715871,2.773279437,,,20714505243484.242,574471231016.4999,574471231016.4999,11.072367526967415,19.589487780231543,27.076715856421732,12.57187827757602,12.969814440767937,8.281385717561971,589410.0,13.286877315548319,1333.8665960323226,895.9647362250577,1271061.5047429588,14.055362939829243,0.5082925891310472,135308.3819666126,1.2998486208939397,-0.0,2.70882,27.02416821084515,-0.0,3348488831978.007,28.839530265059658,28.813836712274142,0.933940789473684,-0.20486684768237576,-0.19133350546146297,0,1,2011-15
USA,2016,431807.73,93.2274773497258,65025.9855980616,22.4192942002286,20.6802020301822,11.1581029329942,310244.0,295327.0,324353340.0,2.83677,3897.11007,26.4525977865465,1.0,155.681167602539,3.73341131210327,0.589166939258575,329.179427,21088720.0,71524240.0,0.948409736156464,2.075712874,2.836779941,,,21091395615523.176,598314383402.4768,598314383402.4768,11.082542247419385,19.597344035088433,27.117382177505505,12.595838495993908,12.975735698709,8.267990549743528,605571.0,13.313927093565127,1331.2880638133709,910.5101245450409,1264040.6675521338,14.049824026867686,-0.041313324448713495,135460.9573191309,0.11269767032651146,-0.0,2.77328,27.076715856421732,-0.0,3444529890583.782,28.867808549713466,28.839530265059658,0.9984007894736844,-0.20486684768237576,-0.204539222463069,0,1,2016-19
USA,2017,435377.24,94.8969980783401,66164.0320014289,19.2659699620243,20.9891678107732,11.1814907295506,313052.0,293904.0,326608609.0,2.88315,4020.59227,27.1253382222874,1.0,158.468490600586,3.73871397972107,0.591320931911469,332.20466,21607002.0,72799488.0,0.953378140926361,2.124203719,2.883153473,,,21609742457818.18,623041289672.5848,623041289672.5848,11.099892271030287,19.60427309761435,27.15787862909566,12.591008462385846,12.983968152645017,8.299184501606716,606956.0,13.316211579770128,1333.0243845470711,899.8660534389037,1313160.0486608525,14.08794704125679,0.5224994998780805,136348.88499354522,0.6533470792534857,-0.0,2.83677,27.117382177505505,-0.0,3550891696668.8,28.898219870035142,28.867808549713466,1.0618907894736842,-0.20486684768237576,-0.21754621862242302,0,1,2016-19
USA,2018,441099.68,97.0709841824513,67728.4424921024,18.4842699258676,21.2959968660736,11.2802494089516,312046.0,285095.0,328529577.0,2.98956,4322.78826,27.4453591302618,1.0,161.065612792969,3.74402379989624,0.59057229757309,335.056497,22247976.0,74181696.0,0.958201229572296,2.216545133,2.989555451,,,22250796562799.23,665200913722.8207,665200913722.8207,11.123261496109643,19.610137428365576,27.223354957870406,12.560577737040909,12.997026160633688,8.371655903592991,597141.0,13.299908545392942,1342.6483059088466,867.790969091346,1420163.7985183662,14.166282773994292,0.5046192645708312,138129.8938625538,1.2977570597081822,-0.0,2.88315,27.15787862909566,-0.0,3683458855891.301,28.934873333166067,28.898219870035142,1.1082707894736843,-0.20486684768237576,-0.2270479430179316,0,1,2016-19
USA,2019,442656.75,98.6731074507531,69121.4580016741,18.6853939276571,21.331113461469,10.9764075104612,336340.0,285113.0,330226227.0,3.14297,4367.20971,26.2584806245428,1.0,163.923538208008,3.74934148788452,0.591832935810089,337.790067,22822856.0,75565584.0,0.96426647901535,2.360354804,3.142978485,,,22825718280631.797,717405477844.7732,717405477844.7732,11.143620497029687,19.61528851391572,27.29890703770651,12.56064087189698,13.000549917991043,8.381879573857638,621453.0,13.33981556358175,1340.4651533023148,863.3869047596877,1442167.1850510642,14.181657529809085,0.6309879265826108,139228.66874090603,0.7923177969763273,-0.0,2.98956,27.223354957870406,-0.0,3848345505352.379,28.978664432994517,28.934873333166067,1.2146807894736842,-0.20486684768237576,-0.2488478242798132,0,1,2016-19
USA,2020,453889.89,100.0,67406.8311325507,19.4939761609452,21.5802777048872,10.4725237062381,327586.0,269586.0,331578104.0,3.41788,4567.79267,23.1399437509149,1.0,154.939697265625,3.75466680526733,0.605639159679413,339.436159,22329176.0,76785096.0,0.973077535629273,2.595250093,3.414514176,,,22350629263579.332,763917687474.0251,763917687474.0251,11.118501643879615,19.61937394768216,27.361725881400336,12.50464272788856,13.025609914567944,8.426785362827696,597172.0,13.29996045808251,1368.8777531582725,813.0392108159228,1514580.0329836977,14.23064875254558,0.909607926985084,144115.26803049952,3.4495771509581274,-0.0,3.14297,27.29890703770651,-0.0,4035011367023.547,29.0260302347527,28.978664432994517,1.3680907894736842,-0.20486684768237576,-0.28027644738276647,0,1,2020-23
USA,2021,471378.18,104.562972826319,71441.231980595,19.9014614131792,21.2931408187217,10.5250313827085,329229.0,262244.0,332100166.0,3.4689,4900.77179,25.2327260228331,1.0,160.861312866211,3.72817277908325,0.593877077102661,340.161441,23681202.0,78158760.0,1.0,2.698721152,3.462447491,,,23725645000000.105,823018899405.0037,823018899405.0037,11.176630460370824,19.620947186196293,27.436245001399914,12.4770306470645,13.063415980759064,8.497147979858875,591473.0,13.290371314697706,1419.3855597169438,789.6533240516356,1627547.124987117,14.302584608090894,2.729151278776696,147215.0237869546,2.1280813053863312,-0.0,3.41788,27.361725881400336,-0.0,4252778561375.0186,29.07859366439145,29.0260302347527,1.643000789473684,-0.20486684768237576,-0.3365963924791283,0,1,2020-23
USA,2022,447538.91,112.000017338401,72828.7430907189,20.5789833007379,21.3312121991138,,,,333996304.0,3.48736,4937.49441,26.9078981557739,1.0,165.578491210938,3.81364345550537,0.576183140277863,341.534046,24276130.0,79490152.0,0.984038174152374,2.729052136,3.484327191,,,24324531017265.65,848283964883.7152,848283964883.7152,11.195865978937524,19.626640485011485,27.466481280933458,,13.01151876263781,8.504613277056837,,,1339.9516840162398,,1649104.8839606608,14.315743204104047,-1.609058781208632,146614.03073828912,-0.4090772355661798,-0.0,3.4689,27.436245001399914,-0.0,4463145742052.48,29.126874956667073,29.07859366439145,1.6940207894736843,-0.20486684768237576,-0.3470486990478832,0,1,2020-23
USA,2023,430843.27,116.144257693854,74351.6718197429,21.8459878355521,21.3770252086573,,,,336755052.0,3.44716,,24.9292981752847,1.0,167.539749145508,3.82982563972473,0.568302690982819,343.477335,24977152.0,80822920.0,0.992998480796814,2.65784495,3.423455829,,,25038301109944.453,863110300541.5612,863110300541.5612,11.216561437442397,19.634866375369388,27.48380833045553,,12.973499660260433,,,,1279.3966042712852,,,,0.906444296137749,149081.94698505476,1.66926420264506,-0.0,3.48736,27.466481280933458,-0.0,4656784181286.17,29.169346235991746,29.126874956667073,1.712480789473684,-0.20486684768237576,-0.3508305410560998,0,1,2020-23
